phase,scenario,repeat,policy,selected_policy,n_cores,cpus,loads,status,decode_tok_s,generation_decode_ms,speedup,baseline_tok_s,selected_tok_s,selected_speedup,elapsed_s,output_tail
candidate,4c_front_hot,0,baseline_no_svd,,4,"60,61,62,63","90,70,20,0",ok,16.952,58.9901,1.0,,,,1.1788256168365479,"llama_context: graph splits = 1
attach_threadpool: call
threads: decode=4 batch=4
prompt tokens: 4
running one forward pass (llama_decode) ...
Top-5 next-token candidates:
  id=11 logit=20.2053 piece="",""
  id=304 logit=18.9277 piece="" in""
  id=3837 logit=18.7558 piece=""，""
  id=1052 logit=18.5616 piece="" there""
  id=358 logit=17.8374 piece="" I""
Autoregressive generation:
Generated text: ,
Decode-only throughput: 16.952 tokens/s (1 tokens in 0.0589901 s of llama_decode)
End-to-end throughput: 16.8632 tokens/s (1 tokens in 0.0593007 s)
[decode-stage-profile] model_load=574.015 ms context_create=58.3546 ms tokenize=0.465285 ms prefill_decode=309.792 ms generation_decode=58.9901 ms generation_total=59.3007 ms program_total=1022.88 ms
[svd-local-op-profile] up_ops=56 gate_ops=56 down_ops=56 up_total=45.608 ms gate_total=46.349 ms down_total=40.389 ms up_v=7.261 ms gate_v=7.164 ms down_v=33.172 ms up_u=38.345 ms gate_u=39.175 ms down_u=7.215 ms
[svd-local-stage-profile] attention_total=50.400 ms ffn_total=133.591 ms ffn_svd_total=132.346 ms ffn_svd_v=47.597 ms ffn_svd_u=84.735 ms
[svd-offload-zero-profile] up_finish=0 up_cache=0 up_no_request=27 gate_finish=0 gate_cache=0 gate_no_request=27 down_finish=0 down_cache=0 down_no_request=27 other_finish=0 other_cache=0 other_no_request=0
[svd-local-timeout-profile] up_keep=0 up_drop=0 up_wait=0.000 ms gate_keep=0 gate_drop=0 gate_wait=0.000 ms down_keep=0 down_drop=0 down_wait=0.000 ms other_keep=0 other_drop=0 other_wait=0.000 ms
[svd-offload-client] up_gate_req=0 down_req=0 other_mat_req=0 ffn_req=0 gate_cache_hits=0 gate_cache_checks=0 miss_invalid=0 miss_layer=0 miss_rank=0 miss_hash=0 miss_output=0 miss_data=0 send_up_gate=0.000 ms send_down=0.000 ms send_other=0.000 ms send_ffn=0.000 ms wait_up_gate=0.000 ms wait_down=0.000 ms wait_other=0.000 ms wait_ffn=0.000 ms
[svd-offload-client-stage-profile] rpc_send_total=0.000 ms rpc_wait_total=0.000 ms
[svd-offload-client-debug] finish_fail_up_gate=0 finish_fail_down=0 finish_fail_other=0 finish_fail_ffn=0 cache_take_fail_up=0 cache_take_fail_gate=0 recv_up_sum_abs=0.000000e+00 recv_up_max_abs=0.000000e+00 recv_up_zero=0 recv_gate_sum_abs=0.000000e+00 recv_gate_max_abs=0.000000e+00 recv_gate_zero=0 recv_down_sum_abs=0.000000e+00 recv_down_max_abs=0.000000e+00 recv_down_zero=0 recv_other_sum_abs=0.000000e+00 recv_other_max_abs=0.000000e+00 recv_other_zero=0 recv_ffn_sum_abs=0.000000e+00 recv_ffn_max_abs=0.000000e+00 recv_ffn_zero=0
SUCCEED (one forward pass done)"
candidate,4c_front_hot,0,all_0.05,,4,"60,61,62,63","90,70,20,0",ok,10.4307,95.8708,0.6153079282680509,,,,0.9406588077545166,"llama_context: graph splits = 1
attach_threadpool: call
threads: decode=4 batch=4
prompt tokens: 4
running one forward pass (llama_decode) ...
Top-5 next-token candidates:
  id=3 logit=0 piece=""$""
  id=4 logit=0 piece=""%""
  id=1 logit=0 piece=""""""
  id=0 logit=0 piece=""!""
  id=2 logit=0 piece=""#""
Autoregressive generation:
Generated text: !
Decode-only throughput: 10.4307 tokens/s (1 tokens in 0.0958708 s of llama_decode)
End-to-end throughput: 10.396 tokens/s (1 tokens in 0.0961912 s)
[decode-stage-profile] model_load=383.926 ms context_create=57.2755 ms tokenize=0.460154 ms prefill_decode=228.575 ms generation_decode=95.8708 ms generation_total=96.1912 ms program_total=783.309 ms
[svd-local-op-profile] up_ops=56 gate_ops=56 down_ops=56 up_total=45.634 ms gate_total=50.872 ms down_total=42.469 ms up_v=5.941 ms gate_v=12.889 ms down_v=29.940 ms up_u=39.689 ms gate_u=37.977 ms down_u=12.521 ms
[svd-local-stage-profile] attention_total=29.480 ms ffn_total=176.489 ms ffn_svd_total=138.975 ms ffn_svd_v=48.770 ms ffn_svd_u=90.187 ms
[svd-offload-zero-profile] up_finish=0 up_cache=0 up_no_request=27 gate_finish=0 gate_cache=0 gate_no_request=27 down_finish=0 down_cache=0 down_no_request=27 other_finish=0 other_cache=0 other_no_request=0
[svd-local-timeout-profile] up_keep=0 up_drop=0 up_wait=0.000 ms gate_keep=0 gate_drop=0 gate_wait=0.000 ms down_keep=0 down_drop=0 down_wait=0.000 ms other_keep=0 other_drop=0 other_wait=0.000 ms
[svd-offload-client] up_gate_req=0 down_req=0 other_mat_req=0 ffn_req=0 gate_cache_hits=0 gate_cache_checks=0 miss_invalid=0 miss_layer=0 miss_rank=0 miss_hash=0 miss_output=0 miss_data=0 send_up_gate=0.000 ms send_down=0.000 ms send_other=0.000 ms send_ffn=0.000 ms wait_up_gate=0.000 ms wait_down=0.000 ms wait_other=0.000 ms wait_ffn=0.000 ms
[svd-offload-client-stage-profile] rpc_send_total=0.000 ms rpc_wait_total=0.000 ms
[svd-offload-client-debug] finish_fail_up_gate=0 finish_fail_down=0 finish_fail_other=0 finish_fail_ffn=0 cache_take_fail_up=0 cache_take_fail_gate=0 recv_up_sum_abs=0.000000e+00 recv_up_max_abs=0.000000e+00 recv_up_zero=0 recv_gate_sum_abs=0.000000e+00 recv_gate_max_abs=0.000000e+00 recv_gate_zero=0 recv_down_sum_abs=0.000000e+00 recv_down_max_abs=0.000000e+00 recv_down_zero=0 recv_other_sum_abs=0.000000e+00 recv_other_max_abs=0.000000e+00 recv_other_zero=0 recv_ffn_sum_abs=0.000000e+00 recv_ffn_max_abs=0.000000e+00 recv_ffn_zero=0
SUCCEED (one forward pass done)"
candidate,4c_front_hot,0,all_0.1,,4,"60,61,62,63","90,70,20,0",ok,18.6453,53.6328,1.0998879188296364,,,,2.137695074081421,"llama_context: graph splits = 1
attach_threadpool: call
threads: decode=4 batch=4
prompt tokens: 4
running one forward pass (llama_decode) ...
Top-5 next-token candidates:
  id=3 logit=0 piece=""$""
  id=4 logit=0 piece=""%""
  id=1 logit=0 piece=""""""
  id=0 logit=0 piece=""!""
  id=2 logit=0 piece=""#""
Autoregressive generation:
Generated text: !
Decode-only throughput: 18.6453 tokens/s (1 tokens in 0.0536328 s of llama_decode)
End-to-end throughput: 18.5332 tokens/s (1 tokens in 0.0539572 s)
[decode-stage-profile] model_load=388.654 ms context_create=58.3357 ms tokenize=0.463783 ms prefill_decode=1451.77 ms generation_decode=53.6328 ms generation_total=53.9572 ms program_total=1970.6 ms
[svd-local-op-profile] up_ops=56 gate_ops=56 down_ops=56 up_total=96.225 ms gate_total=85.540 ms down_total=122.385 ms up_v=20.494 ms gate_v=19.836 ms down_v=49.361 ms up_u=75.726 ms gate_u=65.701 ms down_u=73.021 ms
[svd-local-stage-profile] attention_total=308.447 ms ffn_total=392.621 ms ffn_svd_total=304.150 ms ffn_svd_v=89.691 ms ffn_svd_u=214.448 ms
[svd-offload-zero-profile] up_finish=0 up_cache=0 up_no_request=27 gate_finish=0 gate_cache=0 gate_no_request=27 down_finish=0 down_cache=0 down_no_request=27 other_finish=0 other_cache=0 other_no_request=0
[svd-local-timeout-profile] up_keep=0 up_drop=0 up_wait=0.000 ms gate_keep=0 gate_drop=0 gate_wait=0.000 ms down_keep=0 down_drop=0 down_wait=0.000 ms other_keep=0 other_drop=0 other_wait=0.000 ms
[svd-offload-client] up_gate_req=0 down_req=0 other_mat_req=0 ffn_req=0 gate_cache_hits=0 gate_cache_checks=0 miss_invalid=0 miss_layer=0 miss_rank=0 miss_hash=0 miss_output=0 miss_data=0 send_up_gate=0.000 ms send_down=0.000 ms send_other=0.000 ms send_ffn=0.000 ms wait_up_gate=0.000 ms wait_down=0.000 ms wait_other=0.000 ms wait_ffn=0.000 ms
[svd-offload-client-stage-profile] rpc_send_total=0.000 ms rpc_wait_total=0.000 ms
[svd-offload-client-debug] finish_fail_up_gate=0 finish_fail_down=0 finish_fail_other=0 finish_fail_ffn=0 cache_take_fail_up=0 cache_take_fail_gate=0 recv_up_sum_abs=0.000000e+00 recv_up_max_abs=0.000000e+00 recv_up_zero=0 recv_gate_sum_abs=0.000000e+00 recv_gate_max_abs=0.000000e+00 recv_gate_zero=0 recv_down_sum_abs=0.000000e+00 recv_down_max_abs=0.000000e+00 recv_down_zero=0 recv_other_sum_abs=0.000000e+00 recv_other_max_abs=0.000000e+00 recv_other_zero=0 recv_ffn_sum_abs=0.000000e+00 recv_ffn_max_abs=0.000000e+00 recv_ffn_zero=0
SUCCEED (one forward pass done)"
candidate,4c_front_hot,0,all_0.15,,4,"60,61,62,63","90,70,20,0",ok,19.3535,51.6703,1.1416647003303444,,,,0.9356589317321777,"llama_context: graph splits = 1
attach_threadpool: call
threads: decode=4 batch=4
prompt tokens: 4
running one forward pass (llama_decode) ...
Top-5 next-token candidates:
  id=3 logit=0 piece=""$""
  id=4 logit=0 piece=""%""
  id=1 logit=0 piece=""""""
  id=0 logit=0 piece=""!""
  id=2 logit=0 piece=""#""
Autoregressive generation:
Generated text: !
Decode-only throughput: 19.3535 tokens/s (1 tokens in 0.0516703 s of llama_decode)
End-to-end throughput: 19.2409 tokens/s (1 tokens in 0.0519725 s)
[decode-stage-profile] model_load=474.73 ms context_create=58.2138 ms tokenize=0.438649 ms prefill_decode=194.73 ms generation_decode=51.6703 ms generation_total=51.9725 ms program_total=796.525 ms
[svd-local-op-profile] up_ops=56 gate_ops=56 down_ops=56 up_total=42.147 ms gate_total=42.577 ms down_total=35.778 ms up_v=6.322 ms gate_v=6.256 ms down_v=25.460 ms up_u=35.821 ms gate_u=36.317 ms down_u=10.315 ms
[svd-local-stage-profile] attention_total=57.808 ms ffn_total=121.836 ms ffn_svd_total=120.502 ms ffn_svd_v=38.038 ms ffn_svd_u=82.453 ms
[svd-offload-zero-profile] up_finish=0 up_cache=0 up_no_request=27 gate_finish=0 gate_cache=0 gate_no_request=27 down_finish=0 down_cache=0 down_no_request=27 other_finish=0 other_cache=0 other_no_request=0
[svd-local-timeout-profile] up_keep=0 up_drop=0 up_wait=0.000 ms gate_keep=0 gate_drop=0 gate_wait=0.000 ms down_keep=0 down_drop=0 down_wait=0.000 ms other_keep=0 other_drop=0 other_wait=0.000 ms
[svd-offload-client] up_gate_req=0 down_req=0 other_mat_req=0 ffn_req=0 gate_cache_hits=0 gate_cache_checks=0 miss_invalid=0 miss_layer=0 miss_rank=0 miss_hash=0 miss_output=0 miss_data=0 send_up_gate=0.000 ms send_down=0.000 ms send_other=0.000 ms send_ffn=0.000 ms wait_up_gate=0.000 ms wait_down=0.000 ms wait_other=0.000 ms wait_ffn=0.000 ms
[svd-offload-client-stage-profile] rpc_send_total=0.000 ms rpc_wait_total=0.000 ms
[svd-offload-client-debug] finish_fail_up_gate=0 finish_fail_down=0 finish_fail_other=0 finish_fail_ffn=0 cache_take_fail_up=0 cache_take_fail_gate=0 recv_up_sum_abs=0.000000e+00 recv_up_max_abs=0.000000e+00 recv_up_zero=0 recv_gate_sum_abs=0.000000e+00 recv_gate_max_abs=0.000000e+00 recv_gate_zero=0 recv_down_sum_abs=0.000000e+00 recv_down_max_abs=0.000000e+00 recv_down_zero=0 recv_other_sum_abs=0.000000e+00 recv_other_max_abs=0.000000e+00 recv_other_zero=0 recv_ffn_sum_abs=0.000000e+00 recv_ffn_max_abs=0.000000e+00 recv_ffn_zero=0
SUCCEED (one forward pass done)"
candidate,4c_front_hot,0,all_0.2,,4,"60,61,62,63","90,70,20,0",ok,18.0825,55.3019,1.0666882963662103,,,,1.5340962409973145,"llama_context: graph splits = 1
attach_threadpool: call
threads: decode=4 batch=4
prompt tokens: 4
running one forward pass (llama_decode) ...
Top-5 next-token candidates:
  id=3 logit=0 piece=""$""
  id=4 logit=0 piece=""%""
  id=1 logit=0 piece=""""""
  id=0 logit=0 piece=""!""
  id=2 logit=0 piece=""#""
Autoregressive generation:
Generated text: !
Decode-only throughput: 18.0825 tokens/s (1 tokens in 0.0553019 s of llama_decode)
End-to-end throughput: 17.9834 tokens/s (1 tokens in 0.0556069 s)
[decode-stage-profile] model_load=485.102 ms context_create=55.7803 ms tokenize=0.452836 ms prefill_decode=766.757 ms generation_decode=55.3019 ms generation_total=55.6069 ms program_total=1380.2 ms
[svd-local-op-profile] up_ops=56 gate_ops=56 down_ops=56 up_total=72.286 ms gate_total=44.915 ms down_total=73.105 ms up_v=16.805 ms gate_v=9.823 ms down_v=37.009 ms up_u=55.479 ms gate_u=35.083 ms down_u=36.092 ms
[svd-local-stage-profile] attention_total=139.520 ms ffn_total=217.154 ms ffn_svd_total=190.306 ms ffn_svd_v=63.637 ms ffn_svd_u=126.654 ms
[svd-offload-zero-profile] up_finish=0 up_cache=0 up_no_request=27 gate_finish=0 gate_cache=0 gate_no_request=27 down_finish=0 down_cache=0 down_no_request=27 other_finish=0 other_cache=0 other_no_request=0
[svd-local-timeout-profile] up_keep=0 up_drop=0 up_wait=0.000 ms gate_keep=0 gate_drop=0 gate_wait=0.000 ms down_keep=0 down_drop=0 down_wait=0.000 ms other_keep=0 other_drop=0 other_wait=0.000 ms
[svd-offload-client] up_gate_req=0 down_req=0 other_mat_req=0 ffn_req=0 gate_cache_hits=0 gate_cache_checks=0 miss_invalid=0 miss_layer=0 miss_rank=0 miss_hash=0 miss_output=0 miss_data=0 send_up_gate=0.000 ms send_down=0.000 ms send_other=0.000 ms send_ffn=0.000 ms wait_up_gate=0.000 ms wait_down=0.000 ms wait_other=0.000 ms wait_ffn=0.000 ms
[svd-offload-client-stage-profile] rpc_send_total=0.000 ms rpc_wait_total=0.000 ms
[svd-offload-client-debug] finish_fail_up_gate=0 finish_fail_down=0 finish_fail_other=0 finish_fail_ffn=0 cache_take_fail_up=0 cache_take_fail_gate=0 recv_up_sum_abs=0.000000e+00 recv_up_max_abs=0.000000e+00 recv_up_zero=0 recv_gate_sum_abs=0.000000e+00 recv_gate_max_abs=0.000000e+00 recv_gate_zero=0 recv_down_sum_abs=0.000000e+00 recv_down_max_abs=0.000000e+00 recv_down_zero=0 recv_other_sum_abs=0.000000e+00 recv_other_max_abs=0.000000e+00 recv_other_zero=0 recv_ffn_sum_abs=0.000000e+00 recv_ffn_max_abs=0.000000e+00 recv_ffn_zero=0
SUCCEED (one forward pass done)"
candidate,4c_front_hot,0,all_0.25,,4,"60,61,62,63","90,70,20,0",ok,20.3068,49.2446,1.1978999528079282,,,,1.09698486328125,"llama_context: graph splits = 1
attach_threadpool: call
threads: decode=4 batch=4
prompt tokens: 4
running one forward pass (llama_decode) ...
Top-5 next-token candidates:
  id=264 logit=16.5721 piece="" a""
  id=472 logit=16.4602 piece="" H""
  id=279 logit=16.2173 piece="" the""
  id=39 logit=15.9334 piece=""H""
  id=8 logit=15.4472 piece="")""
Autoregressive generation:
Generated text:  a
Decode-only throughput: 20.3068 tokens/s (1 tokens in 0.0492446 s of llama_decode)
End-to-end throughput: 20.1575 tokens/s (1 tokens in 0.0496093 s)
[decode-stage-profile] model_load=393.65 ms context_create=58.4582 ms tokenize=0.462003 ms prefill_decode=423.857 ms generation_decode=49.2446 ms generation_total=49.6093 ms program_total=942.385 ms
[svd-local-op-profile] up_ops=56 gate_ops=56 down_ops=56 up_total=61.921 ms gate_total=57.242 ms down_total=48.136 ms up_v=16.354 ms gate_v=9.271 ms down_v=28.831 ms up_u=45.558 ms gate_u=47.966 ms down_u=19.300 ms
[svd-local-stage-profile] attention_total=59.292 ms ffn_total=190.409 ms ffn_svd_total=167.299 ms ffn_svd_v=54.456 ms ffn_svd_u=112.824 ms
[svd-offload-zero-profile] up_finish=0 up_cache=0 up_no_request=27 gate_finish=0 gate_cache=0 gate_no_request=27 down_finish=0 down_cache=0 down_no_request=27 other_finish=0 other_cache=0 other_no_request=0
[svd-local-timeout-profile] up_keep=0 up_drop=0 up_wait=0.000 ms gate_keep=0 gate_drop=0 gate_wait=0.000 ms down_keep=0 down_drop=0 down_wait=0.000 ms other_keep=0 other_drop=0 other_wait=0.000 ms
[svd-offload-client] up_gate_req=0 down_req=0 other_mat_req=0 ffn_req=0 gate_cache_hits=0 gate_cache_checks=0 miss_invalid=0 miss_layer=0 miss_rank=0 miss_hash=0 miss_output=0 miss_data=0 send_up_gate=0.000 ms send_down=0.000 ms send_other=0.000 ms send_ffn=0.000 ms wait_up_gate=0.000 ms wait_down=0.000 ms wait_other=0.000 ms wait_ffn=0.000 ms
[svd-offload-client-stage-profile] rpc_send_total=0.000 ms rpc_wait_total=0.000 ms
[svd-offload-client-debug] finish_fail_up_gate=0 finish_fail_down=0 finish_fail_other=0 finish_fail_ffn=0 cache_take_fail_up=0 cache_take_fail_gate=0 recv_up_sum_abs=0.000000e+00 recv_up_max_abs=0.000000e+00 recv_up_zero=0 recv_gate_sum_abs=0.000000e+00 recv_gate_max_abs=0.000000e+00 recv_gate_zero=0 recv_down_sum_abs=0.000000e+00 recv_down_max_abs=0.000000e+00 recv_down_zero=0 recv_other_sum_abs=0.000000e+00 recv_other_max_abs=0.000000e+00 recv_other_zero=0 recv_ffn_sum_abs=0.000000e+00 recv_ffn_max_abs=0.000000e+00 recv_ffn_zero=0
SUCCEED (one forward pass done)"
candidate,4c_front_hot,0,all_0.3,,4,"60,61,62,63","90,70,20,0",ok,23.5566,42.4509,1.3896059462010382,,,,0.901512622833252,"llama_context: graph splits = 1
attach_threadpool: call
threads: decode=4 batch=4
prompt tokens: 4
running one forward pass (llama_decode) ...
Top-5 next-token candidates:
  id=3 logit=0 piece=""$""
  id=4 logit=0 piece=""%""
  id=1 logit=0 piece=""""""
  id=0 logit=0 piece=""!""
  id=2 logit=0 piece=""#""
Autoregressive generation:
Generated text: !
Decode-only throughput: 23.5566 tokens/s (1 tokens in 0.0424509 s of llama_decode)
End-to-end throughput: 23.3927 tokens/s (1 tokens in 0.0427483 s)
[decode-stage-profile] model_load=384.379 ms context_create=57.361 ms tokenize=0.44136 ms prefill_decode=254.018 ms generation_decode=42.4509 ms generation_total=42.7483 ms program_total=755.428 ms
[svd-local-op-profile] up_ops=56 gate_ops=56 down_ops=56 up_total=57.820 ms gate_total=29.258 ms down_total=42.236 ms up_v=11.261 ms gate_v=4.455 ms down_v=23.071 ms up_u=46.555 ms gate_u=24.800 ms down_u=19.157 ms
[svd-local-stage-profile] attention_total=43.715 ms ffn_total=144.507 ms ffn_svd_total=129.314 ms ffn_svd_v=38.787 ms ffn_svd_u=90.512 ms
[svd-offload-zero-profile] up_finish=0 up_cache=0 up_no_request=27 gate_finish=0 gate_cache=0 gate_no_request=27 down_finish=0 down_cache=0 down_no_request=27 other_finish=0 other_cache=0 other_no_request=0
[svd-local-timeout-profile] up_keep=0 up_drop=0 up_wait=0.000 ms gate_keep=0 gate_drop=0 gate_wait=0.000 ms down_keep=0 down_drop=0 down_wait=0.000 ms other_keep=0 other_drop=0 other_wait=0.000 ms
[svd-offload-client] up_gate_req=0 down_req=0 other_mat_req=0 ffn_req=0 gate_cache_hits=0 gate_cache_checks=0 miss_invalid=0 miss_layer=0 miss_rank=0 miss_hash=0 miss_output=0 miss_data=0 send_up_gate=0.000 ms send_down=0.000 ms send_other=0.000 ms send_ffn=0.000 ms wait_up_gate=0.000 ms wait_down=0.000 ms wait_other=0.000 ms wait_ffn=0.000 ms
[svd-offload-client-stage-profile] rpc_send_total=0.000 ms rpc_wait_total=0.000 ms
[svd-offload-client-debug] finish_fail_up_gate=0 finish_fail_down=0 finish_fail_other=0 finish_fail_ffn=0 cache_take_fail_up=0 cache_take_fail_gate=0 recv_up_sum_abs=0.000000e+00 recv_up_max_abs=0.000000e+00 recv_up_zero=0 recv_gate_sum_abs=0.000000e+00 recv_gate_max_abs=0.000000e+00 recv_gate_zero=0 recv_down_sum_abs=0.000000e+00 recv_down_max_abs=0.000000e+00 recv_down_zero=0 recv_other_sum_abs=0.000000e+00 recv_other_max_abs=0.000000e+00 recv_other_zero=0 recv_ffn_sum_abs=0.000000e+00 recv_ffn_max_abs=0.000000e+00 recv_ffn_zero=0
SUCCEED (one forward pass done)"
candidate,4c_front_hot,0,all_0.35,,4,"60,61,62,63","90,70,20,0",ok,4.79324,208.627,0.2827536573855592,,,,1.779097080230713,"llama_context: graph splits = 1
attach_threadpool: call
threads: decode=4 batch=4
prompt tokens: 4
running one forward pass (llama_decode) ...
Top-5 next-token candidates:
  id=3 logit=0 piece=""$""
  id=4 logit=0 piece=""%""
  id=1 logit=0 piece=""""""
  id=0 logit=0 piece=""!""
  id=2 logit=0 piece=""#""
Autoregressive generation:
Generated text: !
Decode-only throughput: 4.79324 tokens/s (1 tokens in 0.208627 s of llama_decode)
End-to-end throughput: 4.78525 tokens/s (1 tokens in 0.208975 s)
[decode-stage-profile] model_load=385.536 ms context_create=54.9353 ms tokenize=0.447976 ms prefill_decode=950.677 ms generation_decode=208.627 ms generation_total=208.975 ms program_total=1616.91 ms
[svd-local-op-profile] up_ops=56 gate_ops=56 down_ops=56 up_total=76.555 ms gate_total=67.355 ms down_total=78.031 ms up_v=21.337 ms gate_v=15.546 ms down_v=37.425 ms up_u=55.211 ms gate_u=51.807 ms down_u=40.604 ms
[svd-local-stage-profile] attention_total=230.070 ms ffn_total=302.060 ms ffn_svd_total=221.941 ms ffn_svd_v=74.308 ms ffn_svd_u=147.622 ms
[svd-offload-zero-profile] up_finish=0 up_cache=0 up_no_request=27 gate_finish=0 gate_cache=0 gate_no_request=27 down_finish=0 down_cache=0 down_no_request=27 other_finish=0 other_cache=0 other_no_request=0
[svd-local-timeout-profile] up_keep=0 up_drop=0 up_wait=0.000 ms gate_keep=0 gate_drop=0 gate_wait=0.000 ms down_keep=0 down_drop=0 down_wait=0.000 ms other_keep=0 other_drop=0 other_wait=0.000 ms
[svd-offload-client] up_gate_req=0 down_req=0 other_mat_req=0 ffn_req=0 gate_cache_hits=0 gate_cache_checks=0 miss_invalid=0 miss_layer=0 miss_rank=0 miss_hash=0 miss_output=0 miss_data=0 send_up_gate=0.000 ms send_down=0.000 ms send_other=0.000 ms send_ffn=0.000 ms wait_up_gate=0.000 ms wait_down=0.000 ms wait_other=0.000 ms wait_ffn=0.000 ms
[svd-offload-client-stage-profile] rpc_send_total=0.000 ms rpc_wait_total=0.000 ms
[svd-offload-client-debug] finish_fail_up_gate=0 finish_fail_down=0 finish_fail_other=0 finish_fail_ffn=0 cache_take_fail_up=0 cache_take_fail_gate=0 recv_up_sum_abs=0.000000e+00 recv_up_max_abs=0.000000e+00 recv_up_zero=0 recv_gate_sum_abs=0.000000e+00 recv_gate_max_abs=0.000000e+00 recv_gate_zero=0 recv_down_sum_abs=0.000000e+00 recv_down_max_abs=0.000000e+00 recv_down_zero=0 recv_other_sum_abs=0.000000e+00 recv_other_max_abs=0.000000e+00 recv_other_zero=0 recv_ffn_sum_abs=0.000000e+00 recv_ffn_max_abs=0.000000e+00 recv_ffn_zero=0
SUCCEED (one forward pass done)"
candidate,4c_front_hot,0,all_0.4,,4,"60,61,62,63","90,70,20,0",ok,22.4151,44.6127,1.3222687588485134,,,,0.7248575687408447,"llama_context: graph splits = 1
attach_threadpool: call
threads: decode=4 batch=4
prompt tokens: 4
running one forward pass (llama_decode) ...
Top-5 next-token candidates:
  id=3 logit=0 piece=""$""
  id=4 logit=0 piece=""%""
  id=1 logit=0 piece=""""""
  id=0 logit=0 piece=""!""
  id=2 logit=0 piece=""#""
Autoregressive generation:
Generated text: !
Decode-only throughput: 22.4151 tokens/s (1 tokens in 0.0446127 s of llama_decode)
End-to-end throughput: 22.261 tokens/s (1 tokens in 0.0449216 s)
[decode-stage-profile] model_load=385.595 ms context_create=57.6225 ms tokenize=0.45279 ms prefill_decode=69.7135 ms generation_decode=44.6127 ms generation_total=44.9216 ms program_total=575.067 ms
[svd-local-op-profile] up_ops=56 gate_ops=56 down_ops=56 up_total=30.490 ms gate_total=26.769 ms down_total=18.763 ms up_v=3.940 ms gate_v=3.784 ms down_v=14.348 ms up_u=26.547 ms gate_u=22.980 ms down_u=4.410 ms
[svd-local-stage-profile] attention_total=1.283 ms ffn_total=77.229 ms ffn_svd_total=76.022 ms ffn_svd_v=22.072 ms ffn_svd_u=53.937 ms
[svd-offload-zero-profile] up_finish=0 up_cache=0 up_no_request=27 gate_finish=0 gate_cache=0 gate_no_request=27 down_finish=0 down_cache=0 down_no_request=27 other_finish=0 other_cache=0 other_no_request=0
[svd-local-timeout-profile] up_keep=0 up_drop=0 up_wait=0.000 ms gate_keep=0 gate_drop=0 gate_wait=0.000 ms down_keep=0 down_drop=0 down_wait=0.000 ms other_keep=0 other_drop=0 other_wait=0.000 ms
[svd-offload-client] up_gate_req=0 down_req=0 other_mat_req=0 ffn_req=0 gate_cache_hits=0 gate_cache_checks=0 miss_invalid=0 miss_layer=0 miss_rank=0 miss_hash=0 miss_output=0 miss_data=0 send_up_gate=0.000 ms send_down=0.000 ms send_other=0.000 ms send_ffn=0.000 ms wait_up_gate=0.000 ms wait_down=0.000 ms wait_other=0.000 ms wait_ffn=0.000 ms
[svd-offload-client-stage-profile] rpc_send_total=0.000 ms rpc_wait_total=0.000 ms
[svd-offload-client-debug] finish_fail_up_gate=0 finish_fail_down=0 finish_fail_other=0 finish_fail_ffn=0 cache_take_fail_up=0 cache_take_fail_gate=0 recv_up_sum_abs=0.000000e+00 recv_up_max_abs=0.000000e+00 recv_up_zero=0 recv_gate_sum_abs=0.000000e+00 recv_gate_max_abs=0.000000e+00 recv_gate_zero=0 recv_down_sum_abs=0.000000e+00 recv_down_max_abs=0.000000e+00 recv_down_zero=0 recv_other_sum_abs=0.000000e+00 recv_other_max_abs=0.000000e+00 recv_other_zero=0 recv_ffn_sum_abs=0.000000e+00 recv_ffn_max_abs=0.000000e+00 recv_ffn_zero=0
SUCCEED (one forward pass done)"
candidate,4c_front_hot,0,all_0.45,,4,"60,61,62,63","90,70,20,0",ok,4.71946,211.889,0.2784013685700802,,,,0.9448270797729492,"llama_context: graph splits = 1
attach_threadpool: call
threads: decode=4 batch=4
prompt tokens: 4
running one forward pass (llama_decode) ...
Top-5 next-token candidates:
  id=3 logit=0 piece=""$""
  id=4 logit=0 piece=""%""
  id=1 logit=0 piece=""""""
  id=0 logit=0 piece=""!""
  id=2 logit=0 piece=""#""
Autoregressive generation:
Generated text: !
Decode-only throughput: 4.71946 tokens/s (1 tokens in 0.211889 s of llama_decode)
End-to-end throughput: 4.71259 tokens/s (1 tokens in 0.212198 s)
[decode-stage-profile] model_load=376.93 ms context_create=55.2379 ms tokenize=0.449155 ms prefill_decode=140.925 ms generation_decode=211.889 ms generation_total=212.198 ms program_total=802.284 ms
[svd-local-op-profile] up_ops=56 gate_ops=56 down_ops=56 up_total=36.277 ms gate_total=29.658 ms down_total=28.200 ms up_v=6.685 ms gate_v=3.293 ms down_v=17.105 ms up_u=29.586 ms gate_u=26.363 ms down_u=11.091 ms
[svd-local-stage-profile] attention_total=102.161 ms ffn_total=127.258 ms ffn_svd_total=94.135 ms ffn_svd_v=27.083 ms ffn_svd_u=67.040 ms
[svd-offload-zero-profile] up_finish=0 up_cache=0 up_no_request=27 gate_finish=0 gate_cache=0 gate_no_request=27 down_finish=0 down_cache=0 down_no_request=27 other_finish=0 other_cache=0 other_no_request=0
[svd-local-timeout-profile] up_keep=0 up_drop=0 up_wait=0.000 ms gate_keep=0 gate_drop=0 gate_wait=0.000 ms down_keep=0 down_drop=0 down_wait=0.000 ms other_keep=0 other_drop=0 other_wait=0.000 ms
[svd-offload-client] up_gate_req=0 down_req=0 other_mat_req=0 ffn_req=0 gate_cache_hits=0 gate_cache_checks=0 miss_invalid=0 miss_layer=0 miss_rank=0 miss_hash=0 miss_output=0 miss_data=0 send_up_gate=0.000 ms send_down=0.000 ms send_other=0.000 ms send_ffn=0.000 ms wait_up_gate=0.000 ms wait_down=0.000 ms wait_other=0.000 ms wait_ffn=0.000 ms
[svd-offload-client-stage-profile] rpc_send_total=0.000 ms rpc_wait_total=0.000 ms
[svd-offload-client-debug] finish_fail_up_gate=0 finish_fail_down=0 finish_fail_other=0 finish_fail_ffn=0 cache_take_fail_up=0 cache_take_fail_gate=0 recv_up_sum_abs=0.000000e+00 recv_up_max_abs=0.000000e+00 recv_up_zero=0 recv_gate_sum_abs=0.000000e+00 recv_gate_max_abs=0.000000e+00 recv_gate_zero=0 recv_down_sum_abs=0.000000e+00 recv_down_max_abs=0.000000e+00 recv_down_zero=0 recv_other_sum_abs=0.000000e+00 recv_other_max_abs=0.000000e+00 recv_other_zero=0 recv_ffn_sum_abs=0.000000e+00 recv_ffn_max_abs=0.000000e+00 recv_ffn_zero=0
SUCCEED (one forward pass done)"
candidate,4c_front_hot,0,all_0.5,,4,"60,61,62,63","90,70,20,0",ok,22.9556,43.5624,1.3541529023124115,,,,0.7221012115478516,"llama_context: graph splits = 1
attach_threadpool: call
threads: decode=4 batch=4
prompt tokens: 4
running one forward pass (llama_decode) ...
Top-5 next-token candidates:
  id=11 logit=15.272 piece="",""
  id=12 logit=14.9123 piece=""-""
  id=51730 logit=14.8613 piece="" Ri""
  id=6216 logit=14.8165 piece="" ir""
  id=472 logit=14.5534 piece="" H""
Autoregressive generation:
Generated text: ,
Decode-only throughput: 22.9556 tokens/s (1 tokens in 0.0435624 s of llama_decode)
End-to-end throughput: 22.7954 tokens/s (1 tokens in 0.0438684 s)
[decode-stage-profile] model_load=387.382 ms context_create=56.7358 ms tokenize=0.457082 ms prefill_decode=63.2639 ms generation_decode=43.5624 ms generation_total=43.8684 ms program_total=568.671 ms
[svd-local-op-profile] up_ops=56 gate_ops=56 down_ops=56 up_total=25.697 ms gate_total=25.024 ms down_total=19.150 ms up_v=3.261 ms gate_v=3.166 ms down_v=14.869 ms up_u=22.431 ms gate_u=21.852 ms down_u=4.275 ms
[svd-local-stage-profile] attention_total=1.381 ms ffn_total=70.958 ms ffn_svd_total=69.871 ms ffn_svd_v=21.296 ms ffn_svd_u=48.558 ms
[svd-offload-zero-profile] up_finish=0 up_cache=0 up_no_request=27 gate_finish=0 gate_cache=0 gate_no_request=27 down_finish=0 down_cache=0 down_no_request=27 other_finish=0 other_cache=0 other_no_request=0
[svd-local-timeout-profile] up_keep=0 up_drop=0 up_wait=0.000 ms gate_keep=0 gate_drop=0 gate_wait=0.000 ms down_keep=0 down_drop=0 down_wait=0.000 ms other_keep=0 other_drop=0 other_wait=0.000 ms
[svd-offload-client] up_gate_req=0 down_req=0 other_mat_req=0 ffn_req=0 gate_cache_hits=0 gate_cache_checks=0 miss_invalid=0 miss_layer=0 miss_rank=0 miss_hash=0 miss_output=0 miss_data=0 send_up_gate=0.000 ms send_down=0.000 ms send_other=0.000 ms send_ffn=0.000 ms wait_up_gate=0.000 ms wait_down=0.000 ms wait_other=0.000 ms wait_ffn=0.000 ms
[svd-offload-client-stage-profile] rpc_send_total=0.000 ms rpc_wait_total=0.000 ms
[svd-offload-client-debug] finish_fail_up_gate=0 finish_fail_down=0 finish_fail_other=0 finish_fail_ffn=0 cache_take_fail_up=0 cache_take_fail_gate=0 recv_up_sum_abs=0.000000e+00 recv_up_max_abs=0.000000e+00 recv_up_zero=0 recv_gate_sum_abs=0.000000e+00 recv_gate_max_abs=0.000000e+00 recv_gate_zero=0 recv_down_sum_abs=0.000000e+00 recv_down_max_abs=0.000000e+00 recv_down_zero=0 recv_other_sum_abs=0.000000e+00 recv_other_max_abs=0.000000e+00 recv_other_zero=0 recv_ffn_sum_abs=0.000000e+00 recv_ffn_max_abs=0.000000e+00 recv_ffn_zero=0
SUCCEED (one forward pass done)"
candidate,4c_front_hot,0,all_0.55,,4,"60,61,62,63","90,70,20,0",ok,24.902,40.1573,1.4689712128362433,,,,0.9403445720672607,"llama_context: graph splits = 1
attach_threadpool: call
threads: decode=4 batch=4
prompt tokens: 4
running one forward pass (llama_decode) ...
Top-5 next-token candidates:
  id=3 logit=0 piece=""$""
  id=4 logit=0 piece=""%""
  id=1 logit=0 piece=""""""
  id=0 logit=0 piece=""!""
  id=2 logit=0 piece=""#""
Autoregressive generation:
Generated text: !
Decode-only throughput: 24.902 tokens/s (1 tokens in 0.0401573 s of llama_decode)
End-to-end throughput: 24.7103 tokens/s (1 tokens in 0.0404689 s)
[decode-stage-profile] model_load=380.758 ms context_create=55.6079 ms tokenize=0.465525 ms prefill_decode=293.443 ms generation_decode=40.1573 ms generation_total=40.4689 ms program_total=787.759 ms
[svd-local-op-profile] up_ops=56 gate_ops=56 down_ops=56 up_total=24.840 ms gate_total=24.475 ms down_total=14.848 ms up_v=3.203 ms gate_v=3.421 ms down_v=10.723 ms up_u=21.630 ms gate_u=21.051 ms down_u=4.119 ms
[svd-local-stage-profile] attention_total=46.105 ms ffn_total=65.261 ms ffn_svd_total=64.163 ms ffn_svd_v=17.347 ms ffn_svd_u=46.800 ms
[svd-offload-zero-profile] up_finish=0 up_cache=0 up_no_request=27 gate_finish=0 gate_cache=0 gate_no_request=27 down_finish=0 down_cache=0 down_no_request=27 other_finish=0 other_cache=0 other_no_request=0
[svd-local-timeout-profile] up_keep=0 up_drop=0 up_wait=0.000 ms gate_keep=0 gate_drop=0 gate_wait=0.000 ms down_keep=0 down_drop=0 down_wait=0.000 ms other_keep=0 other_drop=0 other_wait=0.000 ms
[svd-offload-client] up_gate_req=0 down_req=0 other_mat_req=0 ffn_req=0 gate_cache_hits=0 gate_cache_checks=0 miss_invalid=0 miss_layer=0 miss_rank=0 miss_hash=0 miss_output=0 miss_data=0 send_up_gate=0.000 ms send_down=0.000 ms send_other=0.000 ms send_ffn=0.000 ms wait_up_gate=0.000 ms wait_down=0.000 ms wait_other=0.000 ms wait_ffn=0.000 ms
[svd-offload-client-stage-profile] rpc_send_total=0.000 ms rpc_wait_total=0.000 ms
[svd-offload-client-debug] finish_fail_up_gate=0 finish_fail_down=0 finish_fail_other=0 finish_fail_ffn=0 cache_take_fail_up=0 cache_take_fail_gate=0 recv_up_sum_abs=0.000000e+00 recv_up_max_abs=0.000000e+00 recv_up_zero=0 recv_gate_sum_abs=0.000000e+00 recv_gate_max_abs=0.000000e+00 recv_gate_zero=0 recv_down_sum_abs=0.000000e+00 recv_down_max_abs=0.000000e+00 recv_down_zero=0 recv_other_sum_abs=0.000000e+00 recv_other_max_abs=0.000000e+00 recv_other_zero=0 recv_ffn_sum_abs=0.000000e+00 recv_ffn_max_abs=0.000000e+00 recv_ffn_zero=0
SUCCEED (one forward pass done)"
candidate,4c_front_hot,0,all_0.6,,4,"60,61,62,63","90,70,20,0",ok,4.91048,203.646,0.2896696554978763,,,,1.555640459060669,"llama_context: graph splits = 1
attach_threadpool: call
threads: decode=4 batch=4
prompt tokens: 4
running one forward pass (llama_decode) ...
Top-5 next-token candidates:
  id=548 logit=12.2312 piece="" pr""
  id=62 logit=11.7936 piece=""_""
  id=512 logit=11.5545 piece="" le""
  id=9985 logit=11.4281 piece=""CM""
  id=1315 logit=11.3357 piece=""ait""
Autoregressive generation:
Generated text:  pr
Decode-only throughput: 4.91048 tokens/s (1 tokens in 0.203646 s of llama_decode)
End-to-end throughput: 4.90306 tokens/s (1 tokens in 0.203954 s)
[decode-stage-profile] model_load=384.999 ms context_create=57.1083 ms tokenize=0.446169 ms prefill_decode=745.028 ms generation_decode=203.646 ms generation_total=203.954 ms program_total=1408.48 ms
[svd-local-op-profile] up_ops=56 gate_ops=56 down_ops=56 up_total=76.747 ms gate_total=79.468 ms down_total=73.561 ms up_v=16.804 ms gate_v=20.503 ms down_v=33.332 ms up_u=59.926 ms gate_u=58.959 ms down_u=40.225 ms
[svd-local-stage-profile] attention_total=210.531 ms ffn_total=314.782 ms ffn_svd_total=229.776 ms ffn_svd_v=70.639 ms ffn_svd_u=159.110 ms
[svd-offload-zero-profile] up_finish=0 up_cache=0 up_no_request=27 gate_finish=0 gate_cache=0 gate_no_request=27 down_finish=0 down_cache=0 down_no_request=27 other_finish=0 other_cache=0 other_no_request=0
[svd-local-timeout-profile] up_keep=0 up_drop=0 up_wait=0.000 ms gate_keep=0 gate_drop=0 gate_wait=0.000 ms down_keep=0 down_drop=0 down_wait=0.000 ms other_keep=0 other_drop=0 other_wait=0.000 ms
[svd-offload-client] up_gate_req=0 down_req=0 other_mat_req=0 ffn_req=0 gate_cache_hits=0 gate_cache_checks=0 miss_invalid=0 miss_layer=0 miss_rank=0 miss_hash=0 miss_output=0 miss_data=0 send_up_gate=0.000 ms send_down=0.000 ms send_other=0.000 ms send_ffn=0.000 ms wait_up_gate=0.000 ms wait_down=0.000 ms wait_other=0.000 ms wait_ffn=0.000 ms
[svd-offload-client-stage-profile] rpc_send_total=0.000 ms rpc_wait_total=0.000 ms
[svd-offload-client-debug] finish_fail_up_gate=0 finish_fail_down=0 finish_fail_other=0 finish_fail_ffn=0 cache_take_fail_up=0 cache_take_fail_gate=0 recv_up_sum_abs=0.000000e+00 recv_up_max_abs=0.000000e+00 recv_up_zero=0 recv_gate_sum_abs=0.000000e+00 recv_gate_max_abs=0.000000e+00 recv_gate_zero=0 recv_down_sum_abs=0.000000e+00 recv_down_max_abs=0.000000e+00 recv_down_zero=0 recv_other_sum_abs=0.000000e+00 recv_other_max_abs=0.000000e+00 recv_other_zero=0 recv_ffn_sum_abs=0.000000e+00 recv_ffn_max_abs=0.000000e+00 recv_ffn_zero=0
SUCCEED (one forward pass done)"
candidate,4c_front_hot,0,trunc_even_0.8,,4,"60,61,62,63","90,70,20,0",ok,4.67682,213.821,0.27588603114676735,,,,0.9640212059020996,"llama_context: graph splits = 1
attach_threadpool: call
threads: decode=4 batch=4
prompt tokens: 4
running one forward pass (llama_decode) ...
Top-5 next-token candidates:
  id=3 logit=0 piece=""$""
  id=4 logit=0 piece=""%""
  id=1 logit=0 piece=""""""
  id=0 logit=0 piece=""!""
  id=2 logit=0 piece=""#""
Autoregressive generation:
Generated text: !
Decode-only throughput: 4.67682 tokens/s (1 tokens in 0.213821 s of llama_decode)
End-to-end throughput: 4.66997 tokens/s (1 tokens in 0.214134 s)
[decode-stage-profile] model_load=380.4 ms context_create=56.1253 ms tokenize=0.442801 ms prefill_decode=137.752 ms generation_decode=213.821 ms generation_total=214.134 ms program_total=805.887 ms
[svd-local-op-profile] up_ops=56 gate_ops=56 down_ops=56 up_total=27.751 ms gate_total=38.501 ms down_total=33.146 ms up_v=3.687 ms gate_v=3.773 ms down_v=21.608 ms up_u=24.059 ms gate_u=34.722 ms down_u=11.535 ms
[svd-local-stage-profile] attention_total=101.570 ms ffn_total=116.392 ms ffn_svd_total=99.398 ms ffn_svd_v=29.068 ms ffn_svd_u=70.316 ms
[svd-offload-zero-profile] up_finish=0 up_cache=0 up_no_request=27 gate_finish=0 gate_cache=0 gate_no_request=27 down_finish=0 down_cache=0 down_no_request=27 other_finish=0 other_cache=0 other_no_request=0
[svd-local-timeout-profile] up_keep=0 up_drop=0 up_wait=0.000 ms gate_keep=0 gate_drop=0 gate_wait=0.000 ms down_keep=0 down_drop=0 down_wait=0.000 ms other_keep=0 other_drop=0 other_wait=0.000 ms
[svd-offload-client] up_gate_req=0 down_req=0 other_mat_req=0 ffn_req=0 gate_cache_hits=0 gate_cache_checks=0 miss_invalid=0 miss_layer=0 miss_rank=0 miss_hash=0 miss_output=0 miss_data=0 send_up_gate=0.000 ms send_down=0.000 ms send_other=0.000 ms send_ffn=0.000 ms wait_up_gate=0.000 ms wait_down=0.000 ms wait_other=0.000 ms wait_ffn=0.000 ms
[svd-offload-client-stage-profile] rpc_send_total=0.000 ms rpc_wait_total=0.000 ms
[svd-offload-client-debug] finish_fail_up_gate=0 finish_fail_down=0 finish_fail_other=0 finish_fail_ffn=0 cache_take_fail_up=0 cache_take_fail_gate=0 recv_up_sum_abs=0.000000e+00 recv_up_max_abs=0.000000e+00 recv_up_zero=0 recv_gate_sum_abs=0.000000e+00 recv_gate_max_abs=0.000000e+00 recv_gate_zero=0 recv_down_sum_abs=0.000000e+00 recv_down_max_abs=0.000000e+00 recv_down_zero=0 recv_other_sum_abs=0.000000e+00 recv_other_max_abs=0.000000e+00 recv_other_zero=0 recv_ffn_sum_abs=0.000000e+00 recv_ffn_max_abs=0.000000e+00 recv_ffn_zero=0
SUCCEED (one forward pass done)"
candidate,4c_front_hot,0,trunc_even_0.85,,4,"60,61,62,63","90,70,20,0",ok,4.71033,212.299,0.27786278905143935,,,,2.1977827548980713,"llama_context: graph splits = 1
attach_threadpool: call
threads: decode=4 batch=4
prompt tokens: 4
running one forward pass (llama_decode) ...
Top-5 next-token candidates:
  id=3 logit=0 piece=""$""
  id=4 logit=0 piece=""%""
  id=1 logit=0 piece=""""""
  id=0 logit=0 piece=""!""
  id=2 logit=0 piece=""#""
Autoregressive generation:
Generated text: !
Decode-only throughput: 4.71033 tokens/s (1 tokens in 0.212299 s of llama_decode)
End-to-end throughput: 4.70275 tokens/s (1 tokens in 0.212641 s)
[decode-stage-profile] model_load=386.311 ms context_create=57.9781 ms tokenize=0.478056 ms prefill_decode=1359.12 ms generation_decode=212.299 ms generation_total=212.641 ms program_total=2033.89 ms
[svd-local-op-profile] up_ops=56 gate_ops=56 down_ops=56 up_total=94.428 ms gate_total=62.894 ms down_total=96.300 ms up_v=24.637 ms gate_v=14.580 ms down_v=39.326 ms up_u=69.787 ms gate_u=48.308 ms down_u=56.972 ms
[svd-local-stage-profile] attention_total=273.089 ms ffn_total=352.298 ms ffn_svd_total=253.622 ms ffn_svd_v=78.543 ms ffn_svd_u=175.067 ms
[svd-offload-zero-profile] up_finish=0 up_cache=0 up_no_request=27 gate_finish=0 gate_cache=0 gate_no_request=27 down_finish=0 down_cache=0 down_no_request=27 other_finish=0 other_cache=0 other_no_request=0
[svd-local-timeout-profile] up_keep=0 up_drop=0 up_wait=0.000 ms gate_keep=0 gate_drop=0 gate_wait=0.000 ms down_keep=0 down_drop=0 down_wait=0.000 ms other_keep=0 other_drop=0 other_wait=0.000 ms
[svd-offload-client] up_gate_req=0 down_req=0 other_mat_req=0 ffn_req=0 gate_cache_hits=0 gate_cache_checks=0 miss_invalid=0 miss_layer=0 miss_rank=0 miss_hash=0 miss_output=0 miss_data=0 send_up_gate=0.000 ms send_down=0.000 ms send_other=0.000 ms send_ffn=0.000 ms wait_up_gate=0.000 ms wait_down=0.000 ms wait_other=0.000 ms wait_ffn=0.000 ms
[svd-offload-client-stage-profile] rpc_send_total=0.000 ms rpc_wait_total=0.000 ms
[svd-offload-client-debug] finish_fail_up_gate=0 finish_fail_down=0 finish_fail_other=0 finish_fail_ffn=0 cache_take_fail_up=0 cache_take_fail_gate=0 recv_up_sum_abs=0.000000e+00 recv_up_max_abs=0.000000e+00 recv_up_zero=0 recv_gate_sum_abs=0.000000e+00 recv_gate_max_abs=0.000000e+00 recv_gate_zero=0 recv_down_sum_abs=0.000000e+00 recv_down_max_abs=0.000000e+00 recv_down_zero=0 recv_other_sum_abs=0.000000e+00 recv_other_max_abs=0.000000e+00 recv_other_zero=0 recv_ffn_sum_abs=0.000000e+00 recv_ffn_max_abs=0.000000e+00 recv_ffn_zero=0
SUCCEED (one forward pass done)"
selected,4c_front_hot,0,all_0.15,all_0.15,4,"60,61,62,63","90,70,20,0",ok,,,,16.952,19.3535,1.1416647003303444,,
candidate,4c_front_hot,1,baseline_no_svd,,4,"60,61,62,63","90,70,20,0",ok,20.9767,47.672,1.0,,,,1.6782090663909912,"llama_context: graph splits = 1
attach_threadpool: call
threads: decode=4 batch=4
prompt tokens: 4
running one forward pass (llama_decode) ...
Top-5 next-token candidates:
  id=11 logit=20.2053 piece="",""
  id=304 logit=18.9277 piece="" in""
  id=3837 logit=18.7558 piece=""，""
  id=1052 logit=18.5616 piece="" there""
  id=358 logit=17.8374 piece="" I""
Autoregressive generation:
Generated text: ,
Decode-only throughput: 20.9767 tokens/s (1 tokens in 0.047672 s of llama_decode)
End-to-end throughput: 20.8281 tokens/s (1 tokens in 0.048012 s)
[decode-stage-profile] model_load=388.37 ms context_create=58.4801 ms tokenize=0.439552 ms prefill_decode=1014.56 ms generation_decode=47.672 ms generation_total=48.012 ms program_total=1526.71 ms
[svd-local-op-profile] up_ops=56 gate_ops=56 down_ops=56 up_total=70.803 ms gate_total=54.290 ms down_total=70.234 ms up_v=15.524 ms gate_v=5.605 ms down_v=36.162 ms up_u=55.275 ms gate_u=48.679 ms down_u=34.066 ms
[svd-local-stage-profile] attention_total=153.573 ms ffn_total=242.865 ms ffn_svd_total=195.327 ms ffn_svd_v=57.291 ms ffn_svd_u=138.020 ms
[svd-offload-zero-profile] up_finish=0 up_cache=0 up_no_request=27 gate_finish=0 gate_cache=0 gate_no_request=27 down_finish=0 down_cache=0 down_no_request=27 other_finish=0 other_cache=0 other_no_request=0
[svd-local-timeout-profile] up_keep=0 up_drop=0 up_wait=0.000 ms gate_keep=0 gate_drop=0 gate_wait=0.000 ms down_keep=0 down_drop=0 down_wait=0.000 ms other_keep=0 other_drop=0 other_wait=0.000 ms
[svd-offload-client] up_gate_req=0 down_req=0 other_mat_req=0 ffn_req=0 gate_cache_hits=0 gate_cache_checks=0 miss_invalid=0 miss_layer=0 miss_rank=0 miss_hash=0 miss_output=0 miss_data=0 send_up_gate=0.000 ms send_down=0.000 ms send_other=0.000 ms send_ffn=0.000 ms wait_up_gate=0.000 ms wait_down=0.000 ms wait_other=0.000 ms wait_ffn=0.000 ms
[svd-offload-client-stage-profile] rpc_send_total=0.000 ms rpc_wait_total=0.000 ms
[svd-offload-client-debug] finish_fail_up_gate=0 finish_fail_down=0 finish_fail_other=0 finish_fail_ffn=0 cache_take_fail_up=0 cache_take_fail_gate=0 recv_up_sum_abs=0.000000e+00 recv_up_max_abs=0.000000e+00 recv_up_zero=0 recv_gate_sum_abs=0.000000e+00 recv_gate_max_abs=0.000000e+00 recv_gate_zero=0 recv_down_sum_abs=0.000000e+00 recv_down_max_abs=0.000000e+00 recv_down_zero=0 recv_other_sum_abs=0.000000e+00 recv_other_max_abs=0.000000e+00 recv_other_zero=0 recv_ffn_sum_abs=0.000000e+00 recv_ffn_max_abs=0.000000e+00 recv_ffn_zero=0
SUCCEED (one forward pass done)"
candidate,4c_front_hot,1,all_0.05,,4,"60,61,62,63","90,70,20,0",ok,20.4784,48.8319,0.9762450719131226,,,,1.3935720920562744,"llama_context: graph splits = 1
attach_threadpool: call
threads: decode=4 batch=4
prompt tokens: 4
running one forward pass (llama_decode) ...
Top-5 next-token candidates:
  id=3 logit=0 piece=""$""
  id=4 logit=0 piece=""%""
  id=1 logit=0 piece=""""""
  id=0 logit=0 piece=""!""
  id=2 logit=0 piece=""#""
Autoregressive generation:
Generated text: !
Decode-only throughput: 20.4784 tokens/s (1 tokens in 0.0488319 s of llama_decode)
End-to-end throughput: 20.3472 tokens/s (1 tokens in 0.0491467 s)
[decode-stage-profile] model_load=379.14 ms context_create=55.7332 ms tokenize=0.441321 ms prefill_decode=743.622 ms generation_decode=48.8319 ms generation_total=49.1467 ms program_total=1244.53 ms
[svd-local-op-profile] up_ops=56 gate_ops=56 down_ops=56 up_total=54.283 ms gate_total=58.773 ms down_total=50.490 ms up_v=12.534 ms gate_v=12.719 ms down_v=28.115 ms up_u=41.742 ms gate_u=46.052 ms down_u=22.370 ms
[svd-local-stage-profile] attention_total=110.132 ms ffn_total=189.118 ms ffn_svd_total=163.546 ms ffn_svd_v=53.368 ms ffn_svd_u=110.164 ms
[svd-offload-zero-profile] up_finish=0 up_cache=0 up_no_request=27 gate_finish=0 gate_cache=0 gate_no_request=27 down_finish=0 down_cache=0 down_no_request=27 other_finish=0 other_cache=0 other_no_request=0
[svd-local-timeout-profile] up_keep=0 up_drop=0 up_wait=0.000 ms gate_keep=0 gate_drop=0 gate_wait=0.000 ms down_keep=0 down_drop=0 down_wait=0.000 ms other_keep=0 other_drop=0 other_wait=0.000 ms
[svd-offload-client] up_gate_req=0 down_req=0 other_mat_req=0 ffn_req=0 gate_cache_hits=0 gate_cache_checks=0 miss_invalid=0 miss_layer=0 miss_rank=0 miss_hash=0 miss_output=0 miss_data=0 send_up_gate=0.000 ms send_down=0.000 ms send_other=0.000 ms send_ffn=0.000 ms wait_up_gate=0.000 ms wait_down=0.000 ms wait_other=0.000 ms wait_ffn=0.000 ms
[svd-offload-client-stage-profile] rpc_send_total=0.000 ms rpc_wait_total=0.000 ms
[svd-offload-client-debug] finish_fail_up_gate=0 finish_fail_down=0 finish_fail_other=0 finish_fail_ffn=0 cache_take_fail_up=0 cache_take_fail_gate=0 recv_up_sum_abs=0.000000e+00 recv_up_max_abs=0.000000e+00 recv_up_zero=0 recv_gate_sum_abs=0.000000e+00 recv_gate_max_abs=0.000000e+00 recv_gate_zero=0 recv_down_sum_abs=0.000000e+00 recv_down_max_abs=0.000000e+00 recv_down_zero=0 recv_other_sum_abs=0.000000e+00 recv_other_max_abs=0.000000e+00 recv_other_zero=0 recv_ffn_sum_abs=0.000000e+00 recv_ffn_max_abs=0.000000e+00 recv_ffn_zero=0
SUCCEED (one forward pass done)"
candidate,4c_front_hot,1,all_0.1,,4,"60,61,62,63","90,70,20,0",ok,21.9186,45.6234,1.0449022010135054,,,,1.6258888244628906,"llama_context: graph splits = 1
attach_threadpool: call
threads: decode=4 batch=4
prompt tokens: 4
running one forward pass (llama_decode) ...
Top-5 next-token candidates:
  id=3 logit=0 piece=""$""
  id=4 logit=0 piece=""%""
  id=1 logit=0 piece=""""""
  id=0 logit=0 piece=""!""
  id=2 logit=0 piece=""#""
Autoregressive generation:
Generated text: !
Decode-only throughput: 21.9186 tokens/s (1 tokens in 0.0456234 s of llama_decode)
End-to-end throughput: 21.7693 tokens/s (1 tokens in 0.0459363 s)
[decode-stage-profile] model_load=386.589 ms context_create=57.6433 ms tokenize=0.446501 ms prefill_decode=942.582 ms generation_decode=45.6234 ms generation_total=45.9363 ms program_total=1449.51 ms
[svd-local-op-profile] up_ops=56 gate_ops=56 down_ops=56 up_total=75.042 ms gate_total=75.959 ms down_total=71.402 ms up_v=19.141 ms gate_v=18.975 ms down_v=38.144 ms up_u=55.894 ms gate_u=56.981 ms down_u=33.252 ms
[svd-local-stage-profile] attention_total=165.704 ms ffn_total=286.702 ms ffn_svd_total=222.403 ms ffn_svd_v=76.260 ms ffn_svd_u=146.127 ms
[svd-offload-zero-profile] up_finish=0 up_cache=0 up_no_request=27 gate_finish=0 gate_cache=0 gate_no_request=27 down_finish=0 down_cache=0 down_no_request=27 other_finish=0 other_cache=0 other_no_request=0
[svd-local-timeout-profile] up_keep=0 up_drop=0 up_wait=0.000 ms gate_keep=0 gate_drop=0 gate_wait=0.000 ms down_keep=0 down_drop=0 down_wait=0.000 ms other_keep=0 other_drop=0 other_wait=0.000 ms
[svd-offload-client] up_gate_req=0 down_req=0 other_mat_req=0 ffn_req=0 gate_cache_hits=0 gate_cache_checks=0 miss_invalid=0 miss_layer=0 miss_rank=0 miss_hash=0 miss_output=0 miss_data=0 send_up_gate=0.000 ms send_down=0.000 ms send_other=0.000 ms send_ffn=0.000 ms wait_up_gate=0.000 ms wait_down=0.000 ms wait_other=0.000 ms wait_ffn=0.000 ms
[svd-offload-client-stage-profile] rpc_send_total=0.000 ms rpc_wait_total=0.000 ms
[svd-offload-client-debug] finish_fail_up_gate=0 finish_fail_down=0 finish_fail_other=0 finish_fail_ffn=0 cache_take_fail_up=0 cache_take_fail_gate=0 recv_up_sum_abs=0.000000e+00 recv_up_max_abs=0.000000e+00 recv_up_zero=0 recv_gate_sum_abs=0.000000e+00 recv_gate_max_abs=0.000000e+00 recv_gate_zero=0 recv_down_sum_abs=0.000000e+00 recv_down_max_abs=0.000000e+00 recv_down_zero=0 recv_other_sum_abs=0.000000e+00 recv_other_max_abs=0.000000e+00 recv_other_zero=0 recv_ffn_sum_abs=0.000000e+00 recv_ffn_max_abs=0.000000e+00 recv_ffn_zero=0
SUCCEED (one forward pass done)"
candidate,4c_front_hot,1,all_0.15,,4,"60,61,62,63","90,70,20,0",ok,20.1583,49.6074,0.9609852836718835,,,,0.7536513805389404,"llama_context: graph splits = 1
attach_threadpool: call
threads: decode=4 batch=4
prompt tokens: 4
running one forward pass (llama_decode) ...
Top-5 next-token candidates:
  id=3 logit=0 piece=""$""
  id=4 logit=0 piece=""%""
  id=1 logit=0 piece=""""""
  id=0 logit=0 piece=""!""
  id=2 logit=0 piece=""#""
Autoregressive generation:
Generated text: !
Decode-only throughput: 20.1583 tokens/s (1 tokens in 0.0496074 s of llama_decode)
End-to-end throughput: 20.0324 tokens/s (1 tokens in 0.0499191 s)
[decode-stage-profile] model_load=390.707 ms context_create=56.8096 ms tokenize=0.45157 ms prefill_decode=79.5542 ms generation_decode=49.6074 ms generation_total=49.9191 ms program_total=593.75 ms
[svd-local-op-profile] up_ops=56 gate_ops=56 down_ops=56 up_total=32.301 ms gate_total=35.391 ms down_total=24.497 ms up_v=5.115 ms gate_v=5.172 ms down_v=19.347 ms up_u=27.179 ms gate_u=30.211 ms down_u=5.144 ms
[svd-local-stage-profile] attention_total=1.292 ms ffn_total=95.419 ms ffn_svd_total=92.189 ms ffn_svd_v=29.634 ms ffn_svd_u=62.534 ms
[svd-offload-zero-profile] up_finish=0 up_cache=0 up_no_request=27 gate_finish=0 gate_cache=0 gate_no_request=27 down_finish=0 down_cache=0 down_no_request=27 other_finish=0 other_cache=0 other_no_request=0
[svd-local-timeout-profile] up_keep=0 up_drop=0 up_wait=0.000 ms gate_keep=0 gate_drop=0 gate_wait=0.000 ms down_keep=0 down_drop=0 down_wait=0.000 ms other_keep=0 other_drop=0 other_wait=0.000 ms
[svd-offload-client] up_gate_req=0 down_req=0 other_mat_req=0 ffn_req=0 gate_cache_hits=0 gate_cache_checks=0 miss_invalid=0 miss_layer=0 miss_rank=0 miss_hash=0 miss_output=0 miss_data=0 send_up_gate=0.000 ms send_down=0.000 ms send_other=0.000 ms send_ffn=0.000 ms wait_up_gate=0.000 ms wait_down=0.000 ms wait_other=0.000 ms wait_ffn=0.000 ms
[svd-offload-client-stage-profile] rpc_send_total=0.000 ms rpc_wait_total=0.000 ms
[svd-offload-client-debug] finish_fail_up_gate=0 finish_fail_down=0 finish_fail_other=0 finish_fail_ffn=0 cache_take_fail_up=0 cache_take_fail_gate=0 recv_up_sum_abs=0.000000e+00 recv_up_max_abs=0.000000e+00 recv_up_zero=0 recv_gate_sum_abs=0.000000e+00 recv_gate_max_abs=0.000000e+00 recv_gate_zero=0 recv_down_sum_abs=0.000000e+00 recv_down_max_abs=0.000000e+00 recv_down_zero=0 recv_other_sum_abs=0.000000e+00 recv_other_max_abs=0.000000e+00 recv_other_zero=0 recv_ffn_sum_abs=0.000000e+00 recv_ffn_max_abs=0.000000e+00 recv_ffn_zero=0
SUCCEED (one forward pass done)"
candidate,4c_front_hot,1,all_0.2,,4,"60,61,62,63","90,70,20,0",ok,22.5635,44.3194,1.0756458356176137,,,,1.0398032665252686,"llama_context: graph splits = 1
attach_threadpool: call
threads: decode=4 batch=4
prompt tokens: 4
running one forward pass (llama_decode) ...
Top-5 next-token candidates:
  id=3 logit=0 piece=""$""
  id=4 logit=0 piece=""%""
  id=1 logit=0 piece=""""""
  id=0 logit=0 piece=""!""
  id=2 logit=0 piece=""#""
Autoregressive generation:
Generated text: !
Decode-only throughput: 22.5635 tokens/s (1 tokens in 0.0443194 s of llama_decode)
End-to-end throughput: 22.4088 tokens/s (1 tokens in 0.0446253 s)
[decode-stage-profile] model_load=383.065 ms context_create=55.5243 ms tokenize=0.450177 ms prefill_decode=377.54 ms generation_decode=44.3194 ms generation_total=44.6253 ms program_total=877.571 ms
[svd-local-op-profile] up_ops=56 gate_ops=56 down_ops=56 up_total=46.207 ms gate_total=31.551 ms down_total=43.494 ms up_v=4.852 ms gate_v=5.067 ms down_v=24.896 ms up_u=41.346 ms gate_u=26.476 ms down_u=18.595 ms
[svd-local-stage-profile] attention_total=87.098 ms ffn_total=137.037 ms ffn_svd_total=121.252 ms ffn_svd_v=34.815 ms ffn_svd_u=86.417 ms
[svd-offload-zero-profile] up_finish=0 up_cache=0 up_no_request=27 gate_finish=0 gate_cache=0 gate_no_request=27 down_finish=0 down_cache=0 down_no_request=27 other_finish=0 other_cache=0 other_no_request=0
[svd-local-timeout-profile] up_keep=0 up_drop=0 up_wait=0.000 ms gate_keep=0 gate_drop=0 gate_wait=0.000 ms down_keep=0 down_drop=0 down_wait=0.000 ms other_keep=0 other_drop=0 other_wait=0.000 ms
[svd-offload-client] up_gate_req=0 down_req=0 other_mat_req=0 ffn_req=0 gate_cache_hits=0 gate_cache_checks=0 miss_invalid=0 miss_layer=0 miss_rank=0 miss_hash=0 miss_output=0 miss_data=0 send_up_gate=0.000 ms send_down=0.000 ms send_other=0.000 ms send_ffn=0.000 ms wait_up_gate=0.000 ms wait_down=0.000 ms wait_other=0.000 ms wait_ffn=0.000 ms
[svd-offload-client-stage-profile] rpc_send_total=0.000 ms rpc_wait_total=0.000 ms
[svd-offload-client-debug] finish_fail_up_gate=0 finish_fail_down=0 finish_fail_other=0 finish_fail_ffn=0 cache_take_fail_up=0 cache_take_fail_gate=0 recv_up_sum_abs=0.000000e+00 recv_up_max_abs=0.000000e+00 recv_up_zero=0 recv_gate_sum_abs=0.000000e+00 recv_gate_max_abs=0.000000e+00 recv_gate_zero=0 recv_down_sum_abs=0.000000e+00 recv_down_max_abs=0.000000e+00 recv_down_zero=0 recv_other_sum_abs=0.000000e+00 recv_other_max_abs=0.000000e+00 recv_other_zero=0 recv_ffn_sum_abs=0.000000e+00 recv_ffn_max_abs=0.000000e+00 recv_ffn_zero=0
SUCCEED (one forward pass done)"
candidate,4c_front_hot,1,all_0.25,,4,"60,61,62,63","90,70,20,0",ok,1.24459,803.48,0.0593320207658974,,,,1.542412519454956,"llama_context: graph splits = 1
attach_threadpool: call
threads: decode=4 batch=4
prompt tokens: 4
running one forward pass (llama_decode) ...
Top-5 next-token candidates:
  id=264 logit=16.5721 piece="" a""
  id=472 logit=16.4602 piece="" H""
  id=279 logit=16.2173 piece="" the""
  id=39 logit=15.9334 piece=""H""
  id=8 logit=15.4472 piece="")""
Autoregressive generation:
Generated text:  a
Decode-only throughput: 1.24459 tokens/s (1 tokens in 0.80348 s of llama_decode)
End-to-end throughput: 1.2441 tokens/s (1 tokens in 0.803794 s)
[decode-stage-profile] model_load=391.755 ms context_create=57.4619 ms tokenize=0.485895 ms prefill_decode=105.614 ms generation_decode=803.48 ms generation_total=803.794 ms program_total=1376.16 ms
[svd-local-op-profile] up_ops=56 gate_ops=56 down_ops=56 up_total=53.428 ms gate_total=69.418 ms down_total=69.849 ms up_v=5.476 ms gate_v=16.088 ms down_v=34.296 ms up_u=47.949 ms gate_u=53.326 ms down_u=35.550 ms
[svd-local-stage-profile] attention_total=250.977 ms ffn_total=341.879 ms ffn_svd_total=192.695 ms ffn_svd_v=55.860 ms ffn_svd_u=136.825 ms
[svd-offload-zero-profile] up_finish=0 up_cache=0 up_no_request=27 gate_finish=0 gate_cache=0 gate_no_request=27 down_finish=0 down_cache=0 down_no_request=27 other_finish=0 other_cache=0 other_no_request=0
[svd-local-timeout-profile] up_keep=0 up_drop=0 up_wait=0.000 ms gate_keep=0 gate_drop=0 gate_wait=0.000 ms down_keep=0 down_drop=0 down_wait=0.000 ms other_keep=0 other_drop=0 other_wait=0.000 ms
[svd-offload-client] up_gate_req=0 down_req=0 other_mat_req=0 ffn_req=0 gate_cache_hits=0 gate_cache_checks=0 miss_invalid=0 miss_layer=0 miss_rank=0 miss_hash=0 miss_output=0 miss_data=0 send_up_gate=0.000 ms send_down=0.000 ms send_other=0.000 ms send_ffn=0.000 ms wait_up_gate=0.000 ms wait_down=0.000 ms wait_other=0.000 ms wait_ffn=0.000 ms
[svd-offload-client-stage-profile] rpc_send_total=0.000 ms rpc_wait_total=0.000 ms
[svd-offload-client-debug] finish_fail_up_gate=0 finish_fail_down=0 finish_fail_other=0 finish_fail_ffn=0 cache_take_fail_up=0 cache_take_fail_gate=0 recv_up_sum_abs=0.000000e+00 recv_up_max_abs=0.000000e+00 recv_up_zero=0 recv_gate_sum_abs=0.000000e+00 recv_gate_max_abs=0.000000e+00 recv_gate_zero=0 recv_down_sum_abs=0.000000e+00 recv_down_max_abs=0.000000e+00 recv_down_zero=0 recv_other_sum_abs=0.000000e+00 recv_other_max_abs=0.000000e+00 recv_other_zero=0 recv_ffn_sum_abs=0.000000e+00 recv_ffn_max_abs=0.000000e+00 recv_ffn_zero=0
SUCCEED (one forward pass done)"
candidate,4c_front_hot,1,all_0.3,,4,"60,61,62,63","90,70,20,0",ok,21.6288,46.2346,1.0310868725776694,,,,0.7472755908966064,"llama_context: graph splits = 1
attach_threadpool: call
threads: decode=4 batch=4
prompt tokens: 4
running one forward pass (llama_decode) ...
Top-5 next-token candidates:
  id=3 logit=0 piece=""$""
  id=4 logit=0 piece=""%""
  id=1 logit=0 piece=""""""
  id=0 logit=0 piece=""!""
  id=2 logit=0 piece=""#""
Autoregressive generation:
Generated text: !
Decode-only throughput: 21.6288 tokens/s (1 tokens in 0.0462346 s of llama_decode)
End-to-end throughput: 21.4849 tokens/s (1 tokens in 0.0465444 s)
[decode-stage-profile] model_load=395.276 ms context_create=57.5875 ms tokenize=0.725902 ms prefill_decode=74.1453 ms generation_decode=46.2346 ms generation_total=46.5444 ms program_total=590.818 ms
[svd-local-op-profile] up_ops=56 gate_ops=56 down_ops=56 up_total=29.566 ms gate_total=32.331 ms down_total=20.555 ms up_v=4.337 ms gate_v=4.404 ms down_v=15.886 ms up_u=25.221 ms gate_u=27.922 ms down_u=4.667 ms
[svd-local-stage-profile] attention_total=1.324 ms ffn_total=83.663 ms ffn_svd_total=82.452 ms ffn_svd_v=24.627 ms ffn_svd_u=57.810 ms
[svd-offload-zero-profile] up_finish=0 up_cache=0 up_no_request=27 gate_finish=0 gate_cache=0 gate_no_request=27 down_finish=0 down_cache=0 down_no_request=27 other_finish=0 other_cache=0 other_no_request=0
[svd-local-timeout-profile] up_keep=0 up_drop=0 up_wait=0.000 ms gate_keep=0 gate_drop=0 gate_wait=0.000 ms down_keep=0 down_drop=0 down_wait=0.000 ms other_keep=0 other_drop=0 other_wait=0.000 ms
[svd-offload-client] up_gate_req=0 down_req=0 other_mat_req=0 ffn_req=0 gate_cache_hits=0 gate_cache_checks=0 miss_invalid=0 miss_layer=0 miss_rank=0 miss_hash=0 miss_output=0 miss_data=0 send_up_gate=0.000 ms send_down=0.000 ms send_other=0.000 ms send_ffn=0.000 ms wait_up_gate=0.000 ms wait_down=0.000 ms wait_other=0.000 ms wait_ffn=0.000 ms
[svd-offload-client-stage-profile] rpc_send_total=0.000 ms rpc_wait_total=0.000 ms
[svd-offload-client-debug] finish_fail_up_gate=0 finish_fail_down=0 finish_fail_other=0 finish_fail_ffn=0 cache_take_fail_up=0 cache_take_fail_gate=0 recv_up_sum_abs=0.000000e+00 recv_up_max_abs=0.000000e+00 recv_up_zero=0 recv_gate_sum_abs=0.000000e+00 recv_gate_max_abs=0.000000e+00 recv_gate_zero=0 recv_down_sum_abs=0.000000e+00 recv_down_max_abs=0.000000e+00 recv_down_zero=0 recv_other_sum_abs=0.000000e+00 recv_other_max_abs=0.000000e+00 recv_other_zero=0 recv_ffn_sum_abs=0.000000e+00 recv_ffn_max_abs=0.000000e+00 recv_ffn_zero=0
SUCCEED (one forward pass done)"
candidate,4c_front_hot,1,all_0.35,,4,"60,61,62,63","90,70,20,0",ok,23.8021,42.0131,1.1346923014582846,,,,1.093325138092041,"llama_context: graph splits = 1
attach_threadpool: call
threads: decode=4 batch=4
prompt tokens: 4
running one forward pass (llama_decode) ...
Top-5 next-token candidates:
  id=3 logit=0 piece=""$""
  id=4 logit=0 piece=""%""
  id=1 logit=0 piece=""""""
  id=0 logit=0 piece=""!""
  id=2 logit=0 piece=""#""
Autoregressive generation:
Generated text: !
Decode-only throughput: 23.8021 tokens/s (1 tokens in 0.0420131 s of llama_decode)
End-to-end throughput: 23.6293 tokens/s (1 tokens in 0.0423204 s)
[decode-stage-profile] model_load=380.556 ms context_create=55.8878 ms tokenize=0.439231 ms prefill_decode=442.853 ms generation_decode=42.0131 ms generation_total=42.3204 ms program_total=938.551 ms
[svd-local-op-profile] up_ops=56 gate_ops=56 down_ops=56 up_total=49.093 ms gate_total=49.854 ms down_total=19.746 ms up_v=11.298 ms gate_v=11.673 ms down_v=15.099 ms up_u=37.794 ms gate_u=38.177 ms down_u=4.643 ms
[svd-local-stage-profile] attention_total=53.921 ms ffn_total=153.902 ms ffn_svd_total=118.693 ms ffn_svd_v=38.070 ms ffn_svd_u=80.614 ms
[svd-offload-zero-profile] up_finish=0 up_cache=0 up_no_request=27 gate_finish=0 gate_cache=0 gate_no_request=27 down_finish=0 down_cache=0 down_no_request=27 other_finish=0 other_cache=0 other_no_request=0
[svd-local-timeout-profile] up_keep=0 up_drop=0 up_wait=0.000 ms gate_keep=0 gate_drop=0 gate_wait=0.000 ms down_keep=0 down_drop=0 down_wait=0.000 ms other_keep=0 other_drop=0 other_wait=0.000 ms
[svd-offload-client] up_gate_req=0 down_req=0 other_mat_req=0 ffn_req=0 gate_cache_hits=0 gate_cache_checks=0 miss_invalid=0 miss_layer=0 miss_rank=0 miss_hash=0 miss_output=0 miss_data=0 send_up_gate=0.000 ms send_down=0.000 ms send_other=0.000 ms send_ffn=0.000 ms wait_up_gate=0.000 ms wait_down=0.000 ms wait_other=0.000 ms wait_ffn=0.000 ms
[svd-offload-client-stage-profile] rpc_send_total=0.000 ms rpc_wait_total=0.000 ms
[svd-offload-client-debug] finish_fail_up_gate=0 finish_fail_down=0 finish_fail_other=0 finish_fail_ffn=0 cache_take_fail_up=0 cache_take_fail_gate=0 recv_up_sum_abs=0.000000e+00 recv_up_max_abs=0.000000e+00 recv_up_zero=0 recv_gate_sum_abs=0.000000e+00 recv_gate_max_abs=0.000000e+00 recv_gate_zero=0 recv_down_sum_abs=0.000000e+00 recv_down_max_abs=0.000000e+00 recv_down_zero=0 recv_other_sum_abs=0.000000e+00 recv_other_max_abs=0.000000e+00 recv_other_zero=0 recv_ffn_sum_abs=0.000000e+00 recv_ffn_max_abs=0.000000e+00 recv_ffn_zero=0
SUCCEED (one forward pass done)"
candidate,4c_front_hot,1,all_0.4,,4,"60,61,62,63","90,70,20,0",ok,4.79011,208.764,0.2283538402131889,,,,1.2897565364837646,"llama_context: graph splits = 1
attach_threadpool: call
threads: decode=4 batch=4
prompt tokens: 4
running one forward pass (llama_decode) ...
Top-5 next-token candidates:
  id=3 logit=0 piece=""$""
  id=4 logit=0 piece=""%""
  id=1 logit=0 piece=""""""
  id=0 logit=0 piece=""!""
  id=2 logit=0 piece=""#""
Autoregressive generation:
Generated text: !
Decode-only throughput: 4.79011 tokens/s (1 tokens in 0.208764 s of llama_decode)
End-to-end throughput: 4.78283 tokens/s (1 tokens in 0.209081 s)
[decode-stage-profile] model_load=392.892 ms context_create=58.2489 ms tokenize=0.437467 ms prefill_decode=461.594 ms generation_decode=208.764 ms generation_total=209.081 ms program_total=1139.23 ms
[svd-local-op-profile] up_ops=56 gate_ops=56 down_ops=56 up_total=51.402 ms gate_total=41.136 ms down_total=53.878 ms up_v=11.047 ms gate_v=3.837 ms down_v=27.443 ms up_u=40.345 ms gate_u=37.295 ms down_u=26.433 ms
[svd-local-stage-profile] attention_total=134.261 ms ffn_total=194.682 ms ffn_svd_total=146.416 ms ffn_svd_v=42.327 ms ffn_svd_u=104.073 ms
[svd-offload-zero-profile] up_finish=0 up_cache=0 up_no_request=27 gate_finish=0 gate_cache=0 gate_no_request=27 down_finish=0 down_cache=0 down_no_request=27 other_finish=0 other_cache=0 other_no_request=0
[svd-local-timeout-profile] up_keep=0 up_drop=0 up_wait=0.000 ms gate_keep=0 gate_drop=0 gate_wait=0.000 ms down_keep=0 down_drop=0 down_wait=0.000 ms other_keep=0 other_drop=0 other_wait=0.000 ms
[svd-offload-client] up_gate_req=0 down_req=0 other_mat_req=0 ffn_req=0 gate_cache_hits=0 gate_cache_checks=0 miss_invalid=0 miss_layer=0 miss_rank=0 miss_hash=0 miss_output=0 miss_data=0 send_up_gate=0.000 ms send_down=0.000 ms send_other=0.000 ms send_ffn=0.000 ms wait_up_gate=0.000 ms wait_down=0.000 ms wait_other=0.000 ms wait_ffn=0.000 ms
[svd-offload-client-stage-profile] rpc_send_total=0.000 ms rpc_wait_total=0.000 ms
[svd-offload-client-debug] finish_fail_up_gate=0 finish_fail_down=0 finish_fail_other=0 finish_fail_ffn=0 cache_take_fail_up=0 cache_take_fail_gate=0 recv_up_sum_abs=0.000000e+00 recv_up_max_abs=0.000000e+00 recv_up_zero=0 recv_gate_sum_abs=0.000000e+00 recv_gate_max_abs=0.000000e+00 recv_gate_zero=0 recv_down_sum_abs=0.000000e+00 recv_down_max_abs=0.000000e+00 recv_down_zero=0 recv_other_sum_abs=0.000000e+00 recv_other_max_abs=0.000000e+00 recv_other_zero=0 recv_ffn_sum_abs=0.000000e+00 recv_ffn_max_abs=0.000000e+00 recv_ffn_zero=0
SUCCEED (one forward pass done)"
candidate,4c_front_hot,1,all_0.45,,4,"60,61,62,63","90,70,20,0",ok,22.7838,43.8907,1.0861479641697693,,,,0.8006026744842529,"llama_context: graph splits = 1
attach_threadpool: call
threads: decode=4 batch=4
prompt tokens: 4
running one forward pass (llama_decode) ...
Top-5 next-token candidates:
  id=3 logit=0 piece=""$""
  id=4 logit=0 piece=""%""
  id=1 logit=0 piece=""""""
  id=0 logit=0 piece=""!""
  id=2 logit=0 piece=""#""
Autoregressive generation:
Generated text: !
Decode-only throughput: 22.7838 tokens/s (1 tokens in 0.0438907 s of llama_decode)
End-to-end throughput: 22.6247 tokens/s (1 tokens in 0.0441995 s)
[decode-stage-profile] model_load=402.141 ms context_create=57.2581 ms tokenize=0.472166 ms prefill_decode=126.584 ms generation_decode=43.8907 ms generation_total=44.1995 ms program_total=647.621 ms
[svd-local-op-profile] up_ops=56 gate_ops=56 down_ops=56 up_total=29.783 ms gate_total=24.890 ms down_total=16.653 ms up_v=3.336 ms gate_v=3.160 ms down_v=12.472 ms up_u=26.442 ms gate_u=21.726 ms down_u=4.176 ms
[svd-local-stage-profile] attention_total=23.613 ms ffn_total=72.453 ms ffn_svd_total=71.326 ms ffn_svd_v=18.968 ms ffn_svd_u=52.344 ms
[svd-offload-zero-profile] up_finish=0 up_cache=0 up_no_request=27 gate_finish=0 gate_cache=0 gate_no_request=27 down_finish=0 down_cache=0 down_no_request=27 other_finish=0 other_cache=0 other_no_request=0
[svd-local-timeout-profile] up_keep=0 up_drop=0 up_wait=0.000 ms gate_keep=0 gate_drop=0 gate_wait=0.000 ms down_keep=0 down_drop=0 down_wait=0.000 ms other_keep=0 other_drop=0 other_wait=0.000 ms
[svd-offload-client] up_gate_req=0 down_req=0 other_mat_req=0 ffn_req=0 gate_cache_hits=0 gate_cache_checks=0 miss_invalid=0 miss_layer=0 miss_rank=0 miss_hash=0 miss_output=0 miss_data=0 send_up_gate=0.000 ms send_down=0.000 ms send_other=0.000 ms send_ffn=0.000 ms wait_up_gate=0.000 ms wait_down=0.000 ms wait_other=0.000 ms wait_ffn=0.000 ms
[svd-offload-client-stage-profile] rpc_send_total=0.000 ms rpc_wait_total=0.000 ms
[svd-offload-client-debug] finish_fail_up_gate=0 finish_fail_down=0 finish_fail_other=0 finish_fail_ffn=0 cache_take_fail_up=0 cache_take_fail_gate=0 recv_up_sum_abs=0.000000e+00 recv_up_max_abs=0.000000e+00 recv_up_zero=0 recv_gate_sum_abs=0.000000e+00 recv_gate_max_abs=0.000000e+00 recv_gate_zero=0 recv_down_sum_abs=0.000000e+00 recv_down_max_abs=0.000000e+00 recv_down_zero=0 recv_other_sum_abs=0.000000e+00 recv_other_max_abs=0.000000e+00 recv_other_zero=0 recv_ffn_sum_abs=0.000000e+00 recv_ffn_max_abs=0.000000e+00 recv_ffn_zero=0
SUCCEED (one forward pass done)"
candidate,4c_front_hot,1,all_0.5,,4,"60,61,62,63","90,70,20,0",ok,25.0232,39.9629,1.1929045083354388,,,,0.9253427982330322,"llama_context: graph splits = 1
attach_threadpool: call
threads: decode=4 batch=4
prompt tokens: 4
running one forward pass (llama_decode) ...
Top-5 next-token candidates:
  id=11 logit=15.272 piece="",""
  id=12 logit=14.9123 piece=""-""
  id=51730 logit=14.8613 piece="" Ri""
  id=6216 logit=14.8165 piece="" ir""
  id=472 logit=14.5534 piece="" H""
Autoregressive generation:
Generated text: ,
Decode-only throughput: 25.0232 tokens/s (1 tokens in 0.0399629 s of llama_decode)
End-to-end throughput: 24.8268 tokens/s (1 tokens in 0.0402791 s)
[decode-stage-profile] model_load=387.401 ms context_create=56.9235 ms tokenize=0.455299 ms prefill_decode=268.949 ms generation_decode=39.9629 ms generation_total=40.2791 ms program_total=771.058 ms
[svd-local-op-profile] up_ops=56 gate_ops=56 down_ops=56 up_total=25.401 ms gate_total=24.861 ms down_total=16.177 ms up_v=3.287 ms gate_v=3.283 ms down_v=11.977 ms up_u=22.108 ms gate_u=21.575 ms down_u=4.195 ms
[svd-local-stage-profile] attention_total=55.139 ms ffn_total=67.553 ms ffn_svd_total=66.439 ms ffn_svd_v=18.547 ms ffn_svd_u=47.878 ms
[svd-offload-zero-profile] up_finish=0 up_cache=0 up_no_request=27 gate_finish=0 gate_cache=0 gate_no_request=27 down_finish=0 down_cache=0 down_no_request=27 other_finish=0 other_cache=0 other_no_request=0
[svd-local-timeout-profile] up_keep=0 up_drop=0 up_wait=0.000 ms gate_keep=0 gate_drop=0 gate_wait=0.000 ms down_keep=0 down_drop=0 down_wait=0.000 ms other_keep=0 other_drop=0 other_wait=0.000 ms
[svd-offload-client] up_gate_req=0 down_req=0 other_mat_req=0 ffn_req=0 gate_cache_hits=0 gate_cache_checks=0 miss_invalid=0 miss_layer=0 miss_rank=0 miss_hash=0 miss_output=0 miss_data=0 send_up_gate=0.000 ms send_down=0.000 ms send_other=0.000 ms send_ffn=0.000 ms wait_up_gate=0.000 ms wait_down=0.000 ms wait_other=0.000 ms wait_ffn=0.000 ms
[svd-offload-client-stage-profile] rpc_send_total=0.000 ms rpc_wait_total=0.000 ms
[svd-offload-client-debug] finish_fail_up_gate=0 finish_fail_down=0 finish_fail_other=0 finish_fail_ffn=0 cache_take_fail_up=0 cache_take_fail_gate=0 recv_up_sum_abs=0.000000e+00 recv_up_max_abs=0.000000e+00 recv_up_zero=0 recv_gate_sum_abs=0.000000e+00 recv_gate_max_abs=0.000000e+00 recv_gate_zero=0 recv_down_sum_abs=0.000000e+00 recv_down_max_abs=0.000000e+00 recv_down_zero=0 recv_other_sum_abs=0.000000e+00 recv_other_max_abs=0.000000e+00 recv_other_zero=0 recv_ffn_sum_abs=0.000000e+00 recv_ffn_max_abs=0.000000e+00 recv_ffn_zero=0
SUCCEED (one forward pass done)"
candidate,4c_front_hot,1,all_0.55,,4,"60,61,62,63","90,70,20,0",ok,21.537,46.4316,1.026710588414765,,,,3.6465611457824707,"llama_context: graph splits = 1
attach_threadpool: call
threads: decode=4 batch=4
prompt tokens: 4
running one forward pass (llama_decode) ...
Top-5 next-token candidates:
  id=3 logit=0 piece=""$""
  id=4 logit=0 piece=""%""
  id=1 logit=0 piece=""""""
  id=0 logit=0 piece=""!""
  id=2 logit=0 piece=""#""
Autoregressive generation:
Generated text: !
Decode-only throughput: 21.537 tokens/s (1 tokens in 0.0464316 s of llama_decode)
End-to-end throughput: 21.3894 tokens/s (1 tokens in 0.0467522 s)
[decode-stage-profile] model_load=393.414 ms context_create=57.931 ms tokenize=0.440763 ms prefill_decode=2963.94 ms generation_decode=46.4316 ms generation_total=46.7522 ms program_total=3479.92 ms
[svd-local-op-profile] up_ops=56 gate_ops=56 down_ops=56 up_total=176.046 ms gate_total=163.699 ms down_total=188.481 ms up_v=47.821 ms gate_v=46.140 ms down_v=69.746 ms up_u=128.219 ms gate_u=117.554 ms down_u=118.727 ms
[svd-local-stage-profile] attention_total=432.539 ms ffn_total=803.439 ms ffn_svd_total=528.226 ms ffn_svd_v=163.707 ms ffn_svd_u=364.500 ms
[svd-offload-zero-profile] up_finish=0 up_cache=0 up_no_request=27 gate_finish=0 gate_cache=0 gate_no_request=27 down_finish=0 down_cache=0 down_no_request=27 other_finish=0 other_cache=0 other_no_request=0
[svd-local-timeout-profile] up_keep=0 up_drop=0 up_wait=0.000 ms gate_keep=0 gate_drop=0 gate_wait=0.000 ms down_keep=0 down_drop=0 down_wait=0.000 ms other_keep=0 other_drop=0 other_wait=0.000 ms
[svd-offload-client] up_gate_req=0 down_req=0 other_mat_req=0 ffn_req=0 gate_cache_hits=0 gate_cache_checks=0 miss_invalid=0 miss_layer=0 miss_rank=0 miss_hash=0 miss_output=0 miss_data=0 send_up_gate=0.000 ms send_down=0.000 ms send_other=0.000 ms send_ffn=0.000 ms wait_up_gate=0.000 ms wait_down=0.000 ms wait_other=0.000 ms wait_ffn=0.000 ms
[svd-offload-client-stage-profile] rpc_send_total=0.000 ms rpc_wait_total=0.000 ms
[svd-offload-client-debug] finish_fail_up_gate=0 finish_fail_down=0 finish_fail_other=0 finish_fail_ffn=0 cache_take_fail_up=0 cache_take_fail_gate=0 recv_up_sum_abs=0.000000e+00 recv_up_max_abs=0.000000e+00 recv_up_zero=0 recv_gate_sum_abs=0.000000e+00 recv_gate_max_abs=0.000000e+00 recv_gate_zero=0 recv_down_sum_abs=0.000000e+00 recv_down_max_abs=0.000000e+00 recv_down_zero=0 recv_other_sum_abs=0.000000e+00 recv_other_max_abs=0.000000e+00 recv_other_zero=0 recv_ffn_sum_abs=0.000000e+00 recv_ffn_max_abs=0.000000e+00 recv_ffn_zero=0
SUCCEED (one forward pass done)"
candidate,4c_front_hot,1,all_0.6,,4,"60,61,62,63","90,70,20,0",ok,1.23894,807.144,0.05906267430053344,,,,1.734438180923462,"llama_context: graph splits = 1
attach_threadpool: call
threads: decode=4 batch=4
prompt tokens: 4
running one forward pass (llama_decode) ...
Top-5 next-token candidates:
  id=548 logit=12.2312 piece="" pr""
  id=62 logit=11.7936 piece=""_""
  id=512 logit=11.5545 piece="" le""
  id=9985 logit=11.4281 piece=""CM""
  id=1315 logit=11.3357 piece=""ait""
Autoregressive generation:
Generated text:  pr
Decode-only throughput: 1.23894 tokens/s (1 tokens in 0.807144 s of llama_decode)
End-to-end throughput: 1.23846 tokens/s (1 tokens in 0.807452 s)
[decode-stage-profile] model_load=386.769 ms context_create=58.3752 ms tokenize=0.483504 ms prefill_decode=296.125 ms generation_decode=807.144 ms generation_total=807.452 ms program_total=1566.22 ms
[svd-local-op-profile] up_ops=56 gate_ops=56 down_ops=56 up_total=79.407 ms gate_total=84.120 ms down_total=70.364 ms up_v=17.352 ms gate_v=19.741 ms down_v=34.196 ms up_u=62.048 ms gate_u=64.370 ms down_u=36.164 ms
[svd-local-stage-profile] attention_total=307.006 ms ffn_total=408.320 ms ffn_svd_total=233.891 ms ffn_svd_v=71.289 ms ffn_svd_u=162.582 ms
[svd-offload-zero-profile] up_finish=0 up_cache=0 up_no_request=27 gate_finish=0 gate_cache=0 gate_no_request=27 down_finish=0 down_cache=0 down_no_request=27 other_finish=0 other_cache=0 other_no_request=0
[svd-local-timeout-profile] up_keep=0 up_drop=0 up_wait=0.000 ms gate_keep=0 gate_drop=0 gate_wait=0.000 ms down_keep=0 down_drop=0 down_wait=0.000 ms other_keep=0 other_drop=0 other_wait=0.000 ms
[svd-offload-client] up_gate_req=0 down_req=0 other_mat_req=0 ffn_req=0 gate_cache_hits=0 gate_cache_checks=0 miss_invalid=0 miss_layer=0 miss_rank=0 miss_hash=0 miss_output=0 miss_data=0 send_up_gate=0.000 ms send_down=0.000 ms send_other=0.000 ms send_ffn=0.000 ms wait_up_gate=0.000 ms wait_down=0.000 ms wait_other=0.000 ms wait_ffn=0.000 ms
[svd-offload-client-stage-profile] rpc_send_total=0.000 ms rpc_wait_total=0.000 ms
[svd-offload-client-debug] finish_fail_up_gate=0 finish_fail_down=0 finish_fail_other=0 finish_fail_ffn=0 cache_take_fail_up=0 cache_take_fail_gate=0 recv_up_sum_abs=0.000000e+00 recv_up_max_abs=0.000000e+00 recv_up_zero=0 recv_gate_sum_abs=0.000000e+00 recv_gate_max_abs=0.000000e+00 recv_gate_zero=0 recv_down_sum_abs=0.000000e+00 recv_down_max_abs=0.000000e+00 recv_down_zero=0 recv_other_sum_abs=0.000000e+00 recv_other_max_abs=0.000000e+00 recv_other_zero=0 recv_ffn_sum_abs=0.000000e+00 recv_ffn_max_abs=0.000000e+00 recv_ffn_zero=0
SUCCEED (one forward pass done)"
candidate,4c_front_hot,1,trunc_even_0.8,,4,"60,61,62,63","90,70,20,0",ok,23.7653,42.0781,1.132937974037861,,,,1.621889591217041,"llama_context: graph splits = 1
attach_threadpool: call
threads: decode=4 batch=4
prompt tokens: 4
running one forward pass (llama_decode) ...
Top-5 next-token candidates:
  id=3 logit=0 piece=""$""
  id=4 logit=0 piece=""%""
  id=1 logit=0 piece=""""""
  id=0 logit=0 piece=""!""
  id=2 logit=0 piece=""#""
Autoregressive generation:
Generated text: !
Decode-only throughput: 23.7653 tokens/s (1 tokens in 0.0420781 s of llama_decode)
End-to-end throughput: 23.5873 tokens/s (1 tokens in 0.0423957 s)
[decode-stage-profile] model_load=383.478 ms context_create=56.1595 ms tokenize=0.451001 ms prefill_decode=953.346 ms generation_decode=42.0781 ms generation_total=42.3957 ms program_total=1452.88 ms
[svd-local-op-profile] up_ops=56 gate_ops=56 down_ops=56 up_total=62.670 ms gate_total=49.872 ms down_total=67.254 ms up_v=11.081 ms gate_v=14.627 ms down_v=27.641 ms up_u=51.586 ms gate_u=35.241 ms down_u=39.610 ms
[svd-local-stage-profile] attention_total=167.718 ms ffn_total=244.286 ms ffn_svd_total=179.796 ms ffn_svd_v=53.349 ms ffn_svd_u=126.437 ms
[svd-offload-zero-profile] up_finish=0 up_cache=0 up_no_request=27 gate_finish=0 gate_cache=0 gate_no_request=27 down_finish=0 down_cache=0 down_no_request=27 other_finish=0 other_cache=0 other_no_request=0
[svd-local-timeout-profile] up_keep=0 up_drop=0 up_wait=0.000 ms gate_keep=0 gate_drop=0 gate_wait=0.000 ms down_keep=0 down_drop=0 down_wait=0.000 ms other_keep=0 other_drop=0 other_wait=0.000 ms
[svd-offload-client] up_gate_req=0 down_req=0 other_mat_req=0 ffn_req=0 gate_cache_hits=0 gate_cache_checks=0 miss_invalid=0 miss_layer=0 miss_rank=0 miss_hash=0 miss_output=0 miss_data=0 send_up_gate=0.000 ms send_down=0.000 ms send_other=0.000 ms send_ffn=0.000 ms wait_up_gate=0.000 ms wait_down=0.000 ms wait_other=0.000 ms wait_ffn=0.000 ms
[svd-offload-client-stage-profile] rpc_send_total=0.000 ms rpc_wait_total=0.000 ms
[svd-offload-client-debug] finish_fail_up_gate=0 finish_fail_down=0 finish_fail_other=0 finish_fail_ffn=0 cache_take_fail_up=0 cache_take_fail_gate=0 recv_up_sum_abs=0.000000e+00 recv_up_max_abs=0.000000e+00 recv_up_zero=0 recv_gate_sum_abs=0.000000e+00 recv_gate_max_abs=0.000000e+00 recv_gate_zero=0 recv_down_sum_abs=0.000000e+00 recv_down_max_abs=0.000000e+00 recv_down_zero=0 recv_other_sum_abs=0.000000e+00 recv_other_max_abs=0.000000e+00 recv_other_zero=0 recv_ffn_sum_abs=0.000000e+00 recv_ffn_max_abs=0.000000e+00 recv_ffn_zero=0
SUCCEED (one forward pass done)"
candidate,4c_front_hot,1,trunc_even_0.85,,4,"60,61,62,63","90,70,20,0",ok,3.11234,321.302,0.1483712881435116,,,,1.3045220375061035,"llama_context: graph splits = 1
attach_threadpool: call
threads: decode=4 batch=4
prompt tokens: 4
running one forward pass (llama_decode) ...
Top-5 next-token candidates:
  id=3 logit=0 piece=""$""
  id=4 logit=0 piece=""%""
  id=1 logit=0 piece=""""""
  id=0 logit=0 piece=""!""
  id=2 logit=0 piece=""#""
Autoregressive generation:
Generated text: !
Decode-only throughput: 3.11234 tokens/s (1 tokens in 0.321302 s of llama_decode)
End-to-end throughput: 3.10934 tokens/s (1 tokens in 0.321612 s)
[decode-stage-profile] model_load=386.624 ms context_create=59.1531 ms tokenize=0.460685 ms prefill_decode=368.028 ms generation_decode=321.302 ms generation_total=321.612 ms program_total=1153.08 ms
[svd-local-op-profile] up_ops=56 gate_ops=56 down_ops=56 up_total=44.751 ms gate_total=40.757 ms down_total=41.967 ms up_v=3.753 ms gate_v=10.819 ms down_v=23.237 ms up_u=40.993 ms gate_u=29.935 ms down_u=18.723 ms
[svd-local-stage-profile] attention_total=154.939 ms ffn_total=180.940 ms ffn_svd_total=127.475 ms ffn_svd_v=37.809 ms ffn_svd_u=89.651 ms
[svd-offload-zero-profile] up_finish=0 up_cache=0 up_no_request=27 gate_finish=0 gate_cache=0 gate_no_request=27 down_finish=0 down_cache=0 down_no_request=27 other_finish=0 other_cache=0 other_no_request=0
[svd-local-timeout-profile] up_keep=0 up_drop=0 up_wait=0.000 ms gate_keep=0 gate_drop=0 gate_wait=0.000 ms down_keep=0 down_drop=0 down_wait=0.000 ms other_keep=0 other_drop=0 other_wait=0.000 ms
[svd-offload-client] up_gate_req=0 down_req=0 other_mat_req=0 ffn_req=0 gate_cache_hits=0 gate_cache_checks=0 miss_invalid=0 miss_layer=0 miss_rank=0 miss_hash=0 miss_output=0 miss_data=0 send_up_gate=0.000 ms send_down=0.000 ms send_other=0.000 ms send_ffn=0.000 ms wait_up_gate=0.000 ms wait_down=0.000 ms wait_other=0.000 ms wait_ffn=0.000 ms
[svd-offload-client-stage-profile] rpc_send_total=0.000 ms rpc_wait_total=0.000 ms
[svd-offload-client-debug] finish_fail_up_gate=0 finish_fail_down=0 finish_fail_other=0 finish_fail_ffn=0 cache_take_fail_up=0 cache_take_fail_gate=0 recv_up_sum_abs=0.000000e+00 recv_up_max_abs=0.000000e+00 recv_up_zero=0 recv_gate_sum_abs=0.000000e+00 recv_gate_max_abs=0.000000e+00 recv_gate_zero=0 recv_down_sum_abs=0.000000e+00 recv_down_max_abs=0.000000e+00 recv_down_zero=0 recv_other_sum_abs=0.000000e+00 recv_other_max_abs=0.000000e+00 recv_other_zero=0 recv_ffn_sum_abs=0.000000e+00 recv_ffn_max_abs=0.000000e+00 recv_ffn_zero=0
SUCCEED (one forward pass done)"
selected,4c_front_hot,1,all_0.35,all_0.35,4,"60,61,62,63","90,70,20,0",ok,,,,20.9767,23.8021,1.1346923014582846,,
candidate,4c_front_hot,2,baseline_no_svd,,4,"60,61,62,63","90,70,20,0",ok,18.7585,53.3091,1.0,,,,0.967031717300415,"llama_context: graph splits = 1
attach_threadpool: call
threads: decode=4 batch=4
prompt tokens: 4
running one forward pass (llama_decode) ...
Top-5 next-token candidates:
  id=11 logit=20.2053 piece="",""
  id=304 logit=18.9277 piece="" in""
  id=3837 logit=18.7558 piece=""，""
  id=1052 logit=18.5616 piece="" there""
  id=358 logit=17.8374 piece="" I""
Autoregressive generation:
Generated text: ,
Decode-only throughput: 18.7585 tokens/s (1 tokens in 0.0533091 s of llama_decode)
End-to-end throughput: 18.6507 tokens/s (1 tokens in 0.0536172 s)
[decode-stage-profile] model_load=382.729 ms context_create=55.6113 ms tokenize=0.45176 ms prefill_decode=295.751 ms generation_decode=53.3091 ms generation_total=53.6172 ms program_total=805.277 ms
[svd-local-op-profile] up_ops=56 gate_ops=56 down_ops=56 up_total=43.318 ms gate_total=50.399 ms down_total=39.177 ms up_v=6.877 ms gate_v=6.732 ms down_v=32.577 ms up_u=36.435 ms gate_u=43.661 ms down_u=6.595 ms
[svd-local-stage-profile] attention_total=47.078 ms ffn_total=134.197 ms ffn_svd_total=132.894 ms ffn_svd_v=46.186 ms ffn_svd_u=86.691 ms
[svd-offload-zero-profile] up_finish=0 up_cache=0 up_no_request=27 gate_finish=0 gate_cache=0 gate_no_request=27 down_finish=0 down_cache=0 down_no_request=27 other_finish=0 other_cache=0 other_no_request=0
[svd-local-timeout-profile] up_keep=0 up_drop=0 up_wait=0.000 ms gate_keep=0 gate_drop=0 gate_wait=0.000 ms down_keep=0 down_drop=0 down_wait=0.000 ms other_keep=0 other_drop=0 other_wait=0.000 ms
[svd-offload-client] up_gate_req=0 down_req=0 other_mat_req=0 ffn_req=0 gate_cache_hits=0 gate_cache_checks=0 miss_invalid=0 miss_layer=0 miss_rank=0 miss_hash=0 miss_output=0 miss_data=0 send_up_gate=0.000 ms send_down=0.000 ms send_other=0.000 ms send_ffn=0.000 ms wait_up_gate=0.000 ms wait_down=0.000 ms wait_other=0.000 ms wait_ffn=0.000 ms
[svd-offload-client-stage-profile] rpc_send_total=0.000 ms rpc_wait_total=0.000 ms
[svd-offload-client-debug] finish_fail_up_gate=0 finish_fail_down=0 finish_fail_other=0 finish_fail_ffn=0 cache_take_fail_up=0 cache_take_fail_gate=0 recv_up_sum_abs=0.000000e+00 recv_up_max_abs=0.000000e+00 recv_up_zero=0 recv_gate_sum_abs=0.000000e+00 recv_gate_max_abs=0.000000e+00 recv_gate_zero=0 recv_down_sum_abs=0.000000e+00 recv_down_max_abs=0.000000e+00 recv_down_zero=0 recv_other_sum_abs=0.000000e+00 recv_other_max_abs=0.000000e+00 recv_other_zero=0 recv_ffn_sum_abs=0.000000e+00 recv_ffn_max_abs=0.000000e+00 recv_ffn_zero=0
SUCCEED (one forward pass done)"
candidate,4c_front_hot,2,all_0.05,,4,"60,61,62,63","90,70,20,0",ok,22.2927,44.8578,1.1884052562838179,,,,1.1228516101837158,"llama_context: graph splits = 1
attach_threadpool: call
threads: decode=4 batch=4
prompt tokens: 4
running one forward pass (llama_decode) ...
Top-5 next-token candidates:
  id=3 logit=0 piece=""$""
  id=4 logit=0 piece=""%""
  id=1 logit=0 piece=""""""
  id=0 logit=0 piece=""!""
  id=2 logit=0 piece=""#""
Autoregressive generation:
Generated text: !
Decode-only throughput: 22.2927 tokens/s (1 tokens in 0.0448578 s of llama_decode)
End-to-end throughput: 22.1379 tokens/s (1 tokens in 0.0451713 s)
[decode-stage-profile] model_load=385.201 ms context_create=55.718 ms tokenize=0.456328 ms prefill_decode=477.535 ms generation_decode=44.8578 ms generation_total=45.1713 ms program_total=980.98 ms
[svd-local-op-profile] up_ops=56 gate_ops=56 down_ops=56 up_total=53.321 ms gate_total=55.948 ms down_total=43.836 ms up_v=12.645 ms gate_v=12.331 ms down_v=27.688 ms up_u=40.668 ms gate_u=43.612 ms down_u=16.143 ms
[svd-local-stage-profile] attention_total=52.021 ms ffn_total=188.373 ms ffn_svd_total=153.105 ms ffn_svd_v=52.664 ms ffn_svd_u=100.423 ms
[svd-offload-zero-profile] up_finish=0 up_cache=0 up_no_request=27 gate_finish=0 gate_cache=0 gate_no_request=27 down_finish=0 down_cache=0 down_no_request=27 other_finish=0 other_cache=0 other_no_request=0
[svd-local-timeout-profile] up_keep=0 up_drop=0 up_wait=0.000 ms gate_keep=0 gate_drop=0 gate_wait=0.000 ms down_keep=0 down_drop=0 down_wait=0.000 ms other_keep=0 other_drop=0 other_wait=0.000 ms
[svd-offload-client] up_gate_req=0 down_req=0 other_mat_req=0 ffn_req=0 gate_cache_hits=0 gate_cache_checks=0 miss_invalid=0 miss_layer=0 miss_rank=0 miss_hash=0 miss_output=0 miss_data=0 send_up_gate=0.000 ms send_down=0.000 ms send_other=0.000 ms send_ffn=0.000 ms wait_up_gate=0.000 ms wait_down=0.000 ms wait_other=0.000 ms wait_ffn=0.000 ms
[svd-offload-client-stage-profile] rpc_send_total=0.000 ms rpc_wait_total=0.000 ms
[svd-offload-client-debug] finish_fail_up_gate=0 finish_fail_down=0 finish_fail_other=0 finish_fail_ffn=0 cache_take_fail_up=0 cache_take_fail_gate=0 recv_up_sum_abs=0.000000e+00 recv_up_max_abs=0.000000e+00 recv_up_zero=0 recv_gate_sum_abs=0.000000e+00 recv_gate_max_abs=0.000000e+00 recv_gate_zero=0 recv_down_sum_abs=0.000000e+00 recv_down_max_abs=0.000000e+00 recv_down_zero=0 recv_other_sum_abs=0.000000e+00 recv_other_max_abs=0.000000e+00 recv_other_zero=0 recv_ffn_sum_abs=0.000000e+00 recv_ffn_max_abs=0.000000e+00 recv_ffn_zero=0
SUCCEED (one forward pass done)"
candidate,4c_front_hot,2,all_0.1,,4,"60,61,62,63","90,70,20,0",ok,22.5644,44.3176,1.202889356824906,,,,0.8360569477081299,"llama_context: graph splits = 1
attach_threadpool: call
threads: decode=4 batch=4
prompt tokens: 4
running one forward pass (llama_decode) ...
Top-5 next-token candidates:
  id=3 logit=0 piece=""$""
  id=4 logit=0 piece=""%""
  id=1 logit=0 piece=""""""
  id=0 logit=0 piece=""!""
  id=2 logit=0 piece=""#""
Autoregressive generation:
Generated text: !
Decode-only throughput: 22.5644 tokens/s (1 tokens in 0.0443176 s of llama_decode)
End-to-end throughput: 22.4119 tokens/s (1 tokens in 0.0446192 s)
[decode-stage-profile] model_load=388.687 ms context_create=55.6624 ms tokenize=0.453671 ms prefill_decode=171.303 ms generation_decode=44.3176 ms generation_total=44.6192 ms program_total=677.789 ms
[svd-local-op-profile] up_ops=56 gate_ops=56 down_ops=56 up_total=32.509 ms gate_total=31.894 ms down_total=24.991 ms up_v=5.224 ms gate_v=4.823 ms down_v=19.911 ms up_u=27.279 ms gate_u=27.065 ms down_u=5.076 ms
[svd-local-stage-profile] attention_total=46.655 ms ffn_total=90.708 ms ffn_svd_total=89.394 ms ffn_svd_v=29.958 ms ffn_svd_u=59.420 ms
[svd-offload-zero-profile] up_finish=0 up_cache=0 up_no_request=27 gate_finish=0 gate_cache=0 gate_no_request=27 down_finish=0 down_cache=0 down_no_request=27 other_finish=0 other_cache=0 other_no_request=0
[svd-local-timeout-profile] up_keep=0 up_drop=0 up_wait=0.000 ms gate_keep=0 gate_drop=0 gate_wait=0.000 ms down_keep=0 down_drop=0 down_wait=0.000 ms other_keep=0 other_drop=0 other_wait=0.000 ms
[svd-offload-client] up_gate_req=0 down_req=0 other_mat_req=0 ffn_req=0 gate_cache_hits=0 gate_cache_checks=0 miss_invalid=0 miss_layer=0 miss_rank=0 miss_hash=0 miss_output=0 miss_data=0 send_up_gate=0.000 ms send_down=0.000 ms send_other=0.000 ms send_ffn=0.000 ms wait_up_gate=0.000 ms wait_down=0.000 ms wait_other=0.000 ms wait_ffn=0.000 ms
[svd-offload-client-stage-profile] rpc_send_total=0.000 ms rpc_wait_total=0.000 ms
[svd-offload-client-debug] finish_fail_up_gate=0 finish_fail_down=0 finish_fail_other=0 finish_fail_ffn=0 cache_take_fail_up=0 cache_take_fail_gate=0 recv_up_sum_abs=0.000000e+00 recv_up_max_abs=0.000000e+00 recv_up_zero=0 recv_gate_sum_abs=0.000000e+00 recv_gate_max_abs=0.000000e+00 recv_gate_zero=0 recv_down_sum_abs=0.000000e+00 recv_down_max_abs=0.000000e+00 recv_down_zero=0 recv_other_sum_abs=0.000000e+00 recv_other_max_abs=0.000000e+00 recv_other_zero=0 recv_ffn_sum_abs=0.000000e+00 recv_ffn_max_abs=0.000000e+00 recv_ffn_zero=0
SUCCEED (one forward pass done)"
candidate,4c_front_hot,2,all_0.15,,4,"60,61,62,63","90,70,20,0",ok,21.3163,46.9124,1.1363541861023,,,,1.3782761096954346,"llama_context: graph splits = 1
attach_threadpool: call
threads: decode=4 batch=4
prompt tokens: 4
running one forward pass (llama_decode) ...
Top-5 next-token candidates:
  id=3 logit=0 piece=""$""
  id=4 logit=0 piece=""%""
  id=1 logit=0 piece=""""""
  id=0 logit=0 piece=""!""
  id=2 logit=0 piece=""#""
Autoregressive generation:
Generated text: !
Decode-only throughput: 21.3163 tokens/s (1 tokens in 0.0469124 s of llama_decode)
End-to-end throughput: 21.1791 tokens/s (1 tokens in 0.0472164 s)
[decode-stage-profile] model_load=383.805 ms context_create=55.8994 ms tokenize=0.459512 ms prefill_decode=719.309 ms generation_decode=46.9124 ms generation_total=47.2164 ms program_total=1223.6 ms
[svd-local-op-profile] up_ops=56 gate_ops=56 down_ops=56 up_total=53.479 ms gate_total=53.574 ms down_total=45.029 ms up_v=11.939 ms gate_v=12.156 ms down_v=26.422 ms up_u=41.532 ms gate_u=41.412 ms down_u=18.603 ms
[svd-local-stage-profile] attention_total=103.224 ms ffn_total=196.292 ms ffn_svd_total=152.082 ms ffn_svd_v=50.517 ms ffn_svd_u=101.547 ms
[svd-offload-zero-profile] up_finish=0 up_cache=0 up_no_request=27 gate_finish=0 gate_cache=0 gate_no_request=27 down_finish=0 down_cache=0 down_no_request=27 other_finish=0 other_cache=0 other_no_request=0
[svd-local-timeout-profile] up_keep=0 up_drop=0 up_wait=0.000 ms gate_keep=0 gate_drop=0 gate_wait=0.000 ms down_keep=0 down_drop=0 down_wait=0.000 ms other_keep=0 other_drop=0 other_wait=0.000 ms
[svd-offload-client] up_gate_req=0 down_req=0 other_mat_req=0 ffn_req=0 gate_cache_hits=0 gate_cache_checks=0 miss_invalid=0 miss_layer=0 miss_rank=0 miss_hash=0 miss_output=0 miss_data=0 send_up_gate=0.000 ms send_down=0.000 ms send_other=0.000 ms send_ffn=0.000 ms wait_up_gate=0.000 ms wait_down=0.000 ms wait_other=0.000 ms wait_ffn=0.000 ms
[svd-offload-client-stage-profile] rpc_send_total=0.000 ms rpc_wait_total=0.000 ms
[svd-offload-client-debug] finish_fail_up_gate=0 finish_fail_down=0 finish_fail_other=0 finish_fail_ffn=0 cache_take_fail_up=0 cache_take_fail_gate=0 recv_up_sum_abs=0.000000e+00 recv_up_max_abs=0.000000e+00 recv_up_zero=0 recv_gate_sum_abs=0.000000e+00 recv_gate_max_abs=0.000000e+00 recv_gate_zero=0 recv_down_sum_abs=0.000000e+00 recv_down_max_abs=0.000000e+00 recv_down_zero=0 recv_other_sum_abs=0.000000e+00 recv_other_max_abs=0.000000e+00 recv_other_zero=0 recv_ffn_sum_abs=0.000000e+00 recv_ffn_max_abs=0.000000e+00 recv_ffn_zero=0
SUCCEED (one forward pass done)"
candidate,4c_front_hot,2,all_0.2,,4,"60,61,62,63","90,70,20,0",ok,22.1415,45.1641,1.1803449103073274,,,,1.9871807098388672,"llama_context: graph splits = 1
attach_threadpool: call
threads: decode=4 batch=4
prompt tokens: 4
running one forward pass (llama_decode) ...
Top-5 next-token candidates:
  id=3 logit=0 piece=""$""
  id=4 logit=0 piece=""%""
  id=1 logit=0 piece=""""""
  id=0 logit=0 piece=""!""
  id=2 logit=0 piece=""#""
Autoregressive generation:
Generated text: !
Decode-only throughput: 22.1415 tokens/s (1 tokens in 0.0451641 s of llama_decode)
End-to-end throughput: 21.9874 tokens/s (1 tokens in 0.0454806 s)
[decode-stage-profile] model_load=377.945 ms context_create=55.898 ms tokenize=0.454391 ms prefill_decode=1323.58 ms generation_decode=45.1641 ms generation_total=45.4806 ms program_total=1820.86 ms
[svd-local-op-profile] up_ops=56 gate_ops=56 down_ops=56 up_total=104.474 ms gate_total=86.847 ms down_total=128.457 ms up_v=26.687 ms gate_v=19.519 ms down_v=54.650 ms up_u=77.784 ms gate_u=67.324 ms down_u=73.802 ms
[svd-local-stage-profile] attention_total=267.207 ms ffn_total=434.120 ms ffn_svd_total=319.778 ms ffn_svd_v=100.856 ms ffn_svd_u=218.910 ms
[svd-offload-zero-profile] up_finish=0 up_cache=0 up_no_request=27 gate_finish=0 gate_cache=0 gate_no_request=27 down_finish=0 down_cache=0 down_no_request=27 other_finish=0 other_cache=0 other_no_request=0
[svd-local-timeout-profile] up_keep=0 up_drop=0 up_wait=0.000 ms gate_keep=0 gate_drop=0 gate_wait=0.000 ms down_keep=0 down_drop=0 down_wait=0.000 ms other_keep=0 other_drop=0 other_wait=0.000 ms
[svd-offload-client] up_gate_req=0 down_req=0 other_mat_req=0 ffn_req=0 gate_cache_hits=0 gate_cache_checks=0 miss_invalid=0 miss_layer=0 miss_rank=0 miss_hash=0 miss_output=0 miss_data=0 send_up_gate=0.000 ms send_down=0.000 ms send_other=0.000 ms send_ffn=0.000 ms wait_up_gate=0.000 ms wait_down=0.000 ms wait_other=0.000 ms wait_ffn=0.000 ms
[svd-offload-client-stage-profile] rpc_send_total=0.000 ms rpc_wait_total=0.000 ms
[svd-offload-client-debug] finish_fail_up_gate=0 finish_fail_down=0 finish_fail_other=0 finish_fail_ffn=0 cache_take_fail_up=0 cache_take_fail_gate=0 recv_up_sum_abs=0.000000e+00 recv_up_max_abs=0.000000e+00 recv_up_zero=0 recv_gate_sum_abs=0.000000e+00 recv_gate_max_abs=0.000000e+00 recv_gate_zero=0 recv_down_sum_abs=0.000000e+00 recv_down_max_abs=0.000000e+00 recv_down_zero=0 recv_other_sum_abs=0.000000e+00 recv_other_max_abs=0.000000e+00 recv_other_zero=0 recv_ffn_sum_abs=0.000000e+00 recv_ffn_max_abs=0.000000e+00 recv_ffn_zero=0
SUCCEED (one forward pass done)"
candidate,4c_front_hot,2,all_0.25,,4,"60,61,62,63","90,70,20,0",ok,23.1648,43.1689,1.2348961803982192,,,,0.7244114875793457,"llama_context: graph splits = 1
attach_threadpool: call
threads: decode=4 batch=4
prompt tokens: 4
running one forward pass (llama_decode) ...
Top-5 next-token candidates:
  id=264 logit=16.5721 piece="" a""
  id=472 logit=16.4602 piece="" H""
  id=279 logit=16.2173 piece="" the""
  id=39 logit=15.9334 piece=""H""
  id=8 logit=15.4472 piece="")""
Autoregressive generation:
Generated text:  a
Decode-only throughput: 23.1648 tokens/s (1 tokens in 0.0431689 s of llama_decode)
End-to-end throughput: 23.0027 tokens/s (1 tokens in 0.0434731 s)
[decode-stage-profile] model_load=380.795 ms context_create=56.1531 ms tokenize=0.450016 ms prefill_decode=74.4093 ms generation_decode=43.1689 ms generation_total=43.4731 ms program_total=572.424 ms
[svd-local-op-profile] up_ops=56 gate_ops=56 down_ops=56 up_total=30.615 ms gate_total=30.535 ms down_total=21.701 ms up_v=4.371 ms gate_v=4.397 ms down_v=16.869 ms up_u=26.242 ms gate_u=26.135 ms down_u=4.829 ms
[svd-local-stage-profile] attention_total=2.688 ms ffn_total=84.061 ms ffn_svd_total=82.851 ms ffn_svd_v=25.637 ms ffn_svd_u=57.206 ms
[svd-offload-zero-profile] up_finish=0 up_cache=0 up_no_request=27 gate_finish=0 gate_cache=0 gate_no_request=27 down_finish=0 down_cache=0 down_no_request=27 other_finish=0 other_cache=0 other_no_request=0
[svd-local-timeout-profile] up_keep=0 up_drop=0 up_wait=0.000 ms gate_keep=0 gate_drop=0 gate_wait=0.000 ms down_keep=0 down_drop=0 down_wait=0.000 ms other_keep=0 other_drop=0 other_wait=0.000 ms
[svd-offload-client] up_gate_req=0 down_req=0 other_mat_req=0 ffn_req=0 gate_cache_hits=0 gate_cache_checks=0 miss_invalid=0 miss_layer=0 miss_rank=0 miss_hash=0 miss_output=0 miss_data=0 send_up_gate=0.000 ms send_down=0.000 ms send_other=0.000 ms send_ffn=0.000 ms wait_up_gate=0.000 ms wait_down=0.000 ms wait_other=0.000 ms wait_ffn=0.000 ms
[svd-offload-client-stage-profile] rpc_send_total=0.000 ms rpc_wait_total=0.000 ms
[svd-offload-client-debug] finish_fail_up_gate=0 finish_fail_down=0 finish_fail_other=0 finish_fail_ffn=0 cache_take_fail_up=0 cache_take_fail_gate=0 recv_up_sum_abs=0.000000e+00 recv_up_max_abs=0.000000e+00 recv_up_zero=0 recv_gate_sum_abs=0.000000e+00 recv_gate_max_abs=0.000000e+00 recv_gate_zero=0 recv_down_sum_abs=0.000000e+00 recv_down_max_abs=0.000000e+00 recv_down_zero=0 recv_other_sum_abs=0.000000e+00 recv_other_max_abs=0.000000e+00 recv_other_zero=0 recv_ffn_sum_abs=0.000000e+00 recv_ffn_max_abs=0.000000e+00 recv_ffn_zero=0
SUCCEED (one forward pass done)"
candidate,4c_front_hot,2,all_0.3,,4,"60,61,62,63","90,70,20,0",ok,23.2019,43.0999,1.2368739504757842,,,,0.7302160263061523,"llama_context: graph splits = 1
attach_threadpool: call
threads: decode=4 batch=4
prompt tokens: 4
running one forward pass (llama_decode) ...
Top-5 next-token candidates:
  id=3 logit=0 piece=""$""
  id=4 logit=0 piece=""%""
  id=1 logit=0 piece=""""""
  id=0 logit=0 piece=""!""
  id=2 logit=0 piece=""#""
Autoregressive generation:
Generated text: !
Decode-only throughput: 23.2019 tokens/s (1 tokens in 0.0430999 s of llama_decode)
End-to-end throughput: 23.0296 tokens/s (1 tokens in 0.0434224 s)
[decode-stage-profile] model_load=384.821 ms context_create=56.4683 ms tokenize=0.460147 ms prefill_decode=73.5628 ms generation_decode=43.0999 ms generation_total=43.4224 ms program_total=575.835 ms
[svd-local-op-profile] up_ops=56 gate_ops=56 down_ops=56 up_total=29.316 ms gate_total=29.388 ms down_total=20.805 ms up_v=4.145 ms gate_v=4.473 ms down_v=16.065 ms up_u=25.165 ms gate_u=24.912 ms down_u=4.736 ms
[svd-local-stage-profile] attention_total=1.391 ms ffn_total=80.714 ms ffn_svd_total=79.509 ms ffn_svd_v=24.683 ms ffn_svd_u=54.813 ms
[svd-offload-zero-profile] up_finish=0 up_cache=0 up_no_request=27 gate_finish=0 gate_cache=0 gate_no_request=27 down_finish=0 down_cache=0 down_no_request=27 other_finish=0 other_cache=0 other_no_request=0
[svd-local-timeout-profile] up_keep=0 up_drop=0 up_wait=0.000 ms gate_keep=0 gate_drop=0 gate_wait=0.000 ms down_keep=0 down_drop=0 down_wait=0.000 ms other_keep=0 other_drop=0 other_wait=0.000 ms
[svd-offload-client] up_gate_req=0 down_req=0 other_mat_req=0 ffn_req=0 gate_cache_hits=0 gate_cache_checks=0 miss_invalid=0 miss_layer=0 miss_rank=0 miss_hash=0 miss_output=0 miss_data=0 send_up_gate=0.000 ms send_down=0.000 ms send_other=0.000 ms send_ffn=0.000 ms wait_up_gate=0.000 ms wait_down=0.000 ms wait_other=0.000 ms wait_ffn=0.000 ms
[svd-offload-client-stage-profile] rpc_send_total=0.000 ms rpc_wait_total=0.000 ms
[svd-offload-client-debug] finish_fail_up_gate=0 finish_fail_down=0 finish_fail_other=0 finish_fail_ffn=0 cache_take_fail_up=0 cache_take_fail_gate=0 recv_up_sum_abs=0.000000e+00 recv_up_max_abs=0.000000e+00 recv_up_zero=0 recv_gate_sum_abs=0.000000e+00 recv_gate_max_abs=0.000000e+00 recv_gate_zero=0 recv_down_sum_abs=0.000000e+00 recv_down_max_abs=0.000000e+00 recv_down_zero=0 recv_other_sum_abs=0.000000e+00 recv_other_max_abs=0.000000e+00 recv_other_zero=0 recv_ffn_sum_abs=0.000000e+00 recv_ffn_max_abs=0.000000e+00 recv_ffn_zero=0
SUCCEED (one forward pass done)"
candidate,4c_front_hot,2,all_0.35,,4,"60,61,62,63","90,70,20,0",ok,22.0392,45.3737,1.1748913825732334,,,,1.7760846614837646,"llama_context: graph splits = 1
attach_threadpool: call
threads: decode=4 batch=4
prompt tokens: 4
running one forward pass (llama_decode) ...
Top-5 next-token candidates:
  id=3 logit=0 piece=""$""
  id=4 logit=0 piece=""%""
  id=1 logit=0 piece=""""""
  id=0 logit=0 piece=""!""
  id=2 logit=0 piece=""#""
Autoregressive generation:
Generated text: !
Decode-only throughput: 22.0392 tokens/s (1 tokens in 0.0453737 s of llama_decode)
End-to-end throughput: 21.8914 tokens/s (1 tokens in 0.0456801 s)
[decode-stage-profile] model_load=371.87 ms context_create=57.5841 ms tokenize=0.467151 ms prefill_decode=1119.21 ms generation_decode=45.3737 ms generation_total=45.6801 ms program_total=1611.12 ms
[svd-local-op-profile] up_ops=56 gate_ops=56 down_ops=56 up_total=77.712 ms gate_total=62.908 ms down_total=95.028 ms up_v=21.982 ms gate_v=11.366 ms down_v=33.391 ms up_u=55.720 ms gate_u=51.535 ms down_u=61.631 ms
[svd-local-stage-profile] attention_total=270.887 ms ffn_total=301.361 ms ffn_svd_total=235.648 ms ffn_svd_v=66.739 ms ffn_svd_u=168.886 ms
[svd-offload-zero-profile] up_finish=0 up_cache=0 up_no_request=27 gate_finish=0 gate_cache=0 gate_no_request=27 down_finish=0 down_cache=0 down_no_request=27 other_finish=0 other_cache=0 other_no_request=0
[svd-local-timeout-profile] up_keep=0 up_drop=0 up_wait=0.000 ms gate_keep=0 gate_drop=0 gate_wait=0.000 ms down_keep=0 down_drop=0 down_wait=0.000 ms other_keep=0 other_drop=0 other_wait=0.000 ms
[svd-offload-client] up_gate_req=0 down_req=0 other_mat_req=0 ffn_req=0 gate_cache_hits=0 gate_cache_checks=0 miss_invalid=0 miss_layer=0 miss_rank=0 miss_hash=0 miss_output=0 miss_data=0 send_up_gate=0.000 ms send_down=0.000 ms send_other=0.000 ms send_ffn=0.000 ms wait_up_gate=0.000 ms wait_down=0.000 ms wait_other=0.000 ms wait_ffn=0.000 ms
[svd-offload-client-stage-profile] rpc_send_total=0.000 ms rpc_wait_total=0.000 ms
[svd-offload-client-debug] finish_fail_up_gate=0 finish_fail_down=0 finish_fail_other=0 finish_fail_ffn=0 cache_take_fail_up=0 cache_take_fail_gate=0 recv_up_sum_abs=0.000000e+00 recv_up_max_abs=0.000000e+00 recv_up_zero=0 recv_gate_sum_abs=0.000000e+00 recv_gate_max_abs=0.000000e+00 recv_gate_zero=0 recv_down_sum_abs=0.000000e+00 recv_down_max_abs=0.000000e+00 recv_down_zero=0 recv_other_sum_abs=0.000000e+00 recv_other_max_abs=0.000000e+00 recv_other_zero=0 recv_ffn_sum_abs=0.000000e+00 recv_ffn_max_abs=0.000000e+00 recv_ffn_zero=0
SUCCEED (one forward pass done)"
candidate,4c_front_hot,2,all_0.4,,4,"60,61,62,63","90,70,20,0",ok,24.3355,41.0923,1.2973052216328596,,,,0.9229147434234619,"llama_context: graph splits = 1
attach_threadpool: call
threads: decode=4 batch=4
prompt tokens: 4
running one forward pass (llama_decode) ...
Top-5 next-token candidates:
  id=3 logit=0 piece=""$""
  id=4 logit=0 piece=""%""
  id=1 logit=0 piece=""""""
  id=0 logit=0 piece=""!""
  id=2 logit=0 piece=""#""
Autoregressive generation:
Generated text: !
Decode-only throughput: 24.3355 tokens/s (1 tokens in 0.0410923 s of llama_decode)
End-to-end throughput: 24.1602 tokens/s (1 tokens in 0.0413904 s)
[decode-stage-profile] model_load=380.561 ms context_create=56.5021 ms tokenize=0.474126 ms prefill_decode=275.608 ms generation_decode=41.0923 ms generation_total=41.3904 ms program_total=771.581 ms
[svd-local-op-profile] up_ops=56 gate_ops=56 down_ops=56 up_total=27.033 ms gate_total=26.610 ms down_total=18.576 ms up_v=3.997 ms gate_v=3.873 ms down_v=14.190 ms up_u=23.033 ms gate_u=22.730 ms down_u=4.383 ms
[svd-local-stage-profile] attention_total=44.071 ms ffn_total=73.423 ms ffn_svd_total=72.219 ms ffn_svd_v=22.060 ms ffn_svd_u=50.146 ms
[svd-offload-zero-profile] up_finish=0 up_cache=0 up_no_request=27 gate_finish=0 gate_cache=0 gate_no_request=27 down_finish=0 down_cache=0 down_no_request=27 other_finish=0 other_cache=0 other_no_request=0
[svd-local-timeout-profile] up_keep=0 up_drop=0 up_wait=0.000 ms gate_keep=0 gate_drop=0 gate_wait=0.000 ms down_keep=0 down_drop=0 down_wait=0.000 ms other_keep=0 other_drop=0 other_wait=0.000 ms
[svd-offload-client] up_gate_req=0 down_req=0 other_mat_req=0 ffn_req=0 gate_cache_hits=0 gate_cache_checks=0 miss_invalid=0 miss_layer=0 miss_rank=0 miss_hash=0 miss_output=0 miss_data=0 send_up_gate=0.000 ms send_down=0.000 ms send_other=0.000 ms send_ffn=0.000 ms wait_up_gate=0.000 ms wait_down=0.000 ms wait_other=0.000 ms wait_ffn=0.000 ms
[svd-offload-client-stage-profile] rpc_send_total=0.000 ms rpc_wait_total=0.000 ms
[svd-offload-client-debug] finish_fail_up_gate=0 finish_fail_down=0 finish_fail_other=0 finish_fail_ffn=0 cache_take_fail_up=0 cache_take_fail_gate=0 recv_up_sum_abs=0.000000e+00 recv_up_max_abs=0.000000e+00 recv_up_zero=0 recv_gate_sum_abs=0.000000e+00 recv_gate_max_abs=0.000000e+00 recv_gate_zero=0 recv_down_sum_abs=0.000000e+00 recv_down_max_abs=0.000000e+00 recv_down_zero=0 recv_other_sum_abs=0.000000e+00 recv_other_max_abs=0.000000e+00 recv_other_zero=0 recv_ffn_sum_abs=0.000000e+00 recv_ffn_max_abs=0.000000e+00 recv_ffn_zero=0
SUCCEED (one forward pass done)"
candidate,4c_front_hot,2,all_0.45,,4,"60,61,62,63","90,70,20,0",ok,24.7787,40.3573,1.3209318442306153,,,,0.7782435417175293,"llama_context: graph splits = 1
attach_threadpool: call
threads: decode=4 batch=4
prompt tokens: 4
running one forward pass (llama_decode) ...
Top-5 next-token candidates:
  id=3 logit=0 piece=""$""
  id=4 logit=0 piece=""%""
  id=1 logit=0 piece=""""""
  id=0 logit=0 piece=""!""
  id=2 logit=0 piece=""#""
Autoregressive generation:
Generated text: !
Decode-only throughput: 24.7787 tokens/s (1 tokens in 0.0403573 s of llama_decode)
End-to-end throughput: 24.5977 tokens/s (1 tokens in 0.0406542 s)
[decode-stage-profile] model_load=385.788 ms context_create=60.9142 ms tokenize=0.468286 ms prefill_decode=127.231 ms generation_decode=40.3573 ms generation_total=40.6542 ms program_total=632.082 ms
[svd-local-op-profile] up_ops=56 gate_ops=56 down_ops=56 up_total=26.101 ms gate_total=29.374 ms down_total=17.266 ms up_v=3.258 ms gate_v=7.202 ms down_v=12.952 ms up_u=22.839 ms gate_u=22.164 ms down_u=4.311 ms
[svd-local-stage-profile] attention_total=30.111 ms ffn_total=73.788 ms ffn_svd_total=72.741 ms ffn_svd_v=23.412 ms ffn_svd_u=49.314 ms
[svd-offload-zero-profile] up_finish=0 up_cache=0 up_no_request=27 gate_finish=0 gate_cache=0 gate_no_request=27 down_finish=0 down_cache=0 down_no_request=27 other_finish=0 other_cache=0 other_no_request=0
[svd-local-timeout-profile] up_keep=0 up_drop=0 up_wait=0.000 ms gate_keep=0 gate_drop=0 gate_wait=0.000 ms down_keep=0 down_drop=0 down_wait=0.000 ms other_keep=0 other_drop=0 other_wait=0.000 ms
[svd-offload-client] up_gate_req=0 down_req=0 other_mat_req=0 ffn_req=0 gate_cache_hits=0 gate_cache_checks=0 miss_invalid=0 miss_layer=0 miss_rank=0 miss_hash=0 miss_output=0 miss_data=0 send_up_gate=0.000 ms send_down=0.000 ms send_other=0.000 ms send_ffn=0.000 ms wait_up_gate=0.000 ms wait_down=0.000 ms wait_other=0.000 ms wait_ffn=0.000 ms
[svd-offload-client-stage-profile] rpc_send_total=0.000 ms rpc_wait_total=0.000 ms
[svd-offload-client-debug] finish_fail_up_gate=0 finish_fail_down=0 finish_fail_other=0 finish_fail_ffn=0 cache_take_fail_up=0 cache_take_fail_gate=0 recv_up_sum_abs=0.000000e+00 recv_up_max_abs=0.000000e+00 recv_up_zero=0 recv_gate_sum_abs=0.000000e+00 recv_gate_max_abs=0.000000e+00 recv_gate_zero=0 recv_down_sum_abs=0.000000e+00 recv_down_max_abs=0.000000e+00 recv_down_zero=0 recv_other_sum_abs=0.000000e+00 recv_other_max_abs=0.000000e+00 recv_other_zero=0 recv_ffn_sum_abs=0.000000e+00 recv_ffn_max_abs=0.000000e+00 recv_ffn_zero=0
SUCCEED (one forward pass done)"
candidate,4c_front_hot,2,all_0.5,,4,"60,61,62,63","90,70,20,0",ok,4.75556,210.28,0.2535149398939147,,,,1.0688881874084473,"llama_context: graph splits = 1
attach_threadpool: call
threads: decode=4 batch=4
prompt tokens: 4
running one forward pass (llama_decode) ...
Top-5 next-token candidates:
  id=11 logit=15.272 piece="",""
  id=12 logit=14.9123 piece=""-""
  id=51730 logit=14.8613 piece="" Ri""
  id=6216 logit=14.8165 piece="" ir""
  id=472 logit=14.5534 piece="" H""
Autoregressive generation:
Generated text: ,
Decode-only throughput: 4.75556 tokens/s (1 tokens in 0.21028 s of llama_decode)
End-to-end throughput: 4.74855 tokens/s (1 tokens in 0.210591 s)
[decode-stage-profile] model_load=377.909 ms context_create=56.9238 ms tokenize=0.473665 ms prefill_decode=255.118 ms generation_decode=210.28 ms generation_total=210.591 ms program_total=917.962 ms
[svd-local-op-profile] up_ops=56 gate_ops=56 down_ops=56 up_total=29.378 ms gate_total=28.171 ms down_total=26.496 ms up_v=3.247 ms gate_v=3.238 ms down_v=15.327 ms up_u=26.127 ms gate_u=24.925 ms down_u=11.163 ms
[svd-local-stage-profile] attention_total=114.728 ms ffn_total=110.443 ms ffn_svd_total=84.045 ms ffn_svd_v=21.812 ms ffn_svd_u=62.215 ms
[svd-offload-zero-profile] up_finish=0 up_cache=0 up_no_request=27 gate_finish=0 gate_cache=0 gate_no_request=27 down_finish=0 down_cache=0 down_no_request=27 other_finish=0 other_cache=0 other_no_request=0
[svd-local-timeout-profile] up_keep=0 up_drop=0 up_wait=0.000 ms gate_keep=0 gate_drop=0 gate_wait=0.000 ms down_keep=0 down_drop=0 down_wait=0.000 ms other_keep=0 other_drop=0 other_wait=0.000 ms
[svd-offload-client] up_gate_req=0 down_req=0 other_mat_req=0 ffn_req=0 gate_cache_hits=0 gate_cache_checks=0 miss_invalid=0 miss_layer=0 miss_rank=0 miss_hash=0 miss_output=0 miss_data=0 send_up_gate=0.000 ms send_down=0.000 ms send_other=0.000 ms send_ffn=0.000 ms wait_up_gate=0.000 ms wait_down=0.000 ms wait_other=0.000 ms wait_ffn=0.000 ms
[svd-offload-client-stage-profile] rpc_send_total=0.000 ms rpc_wait_total=0.000 ms
[svd-offload-client-debug] finish_fail_up_gate=0 finish_fail_down=0 finish_fail_other=0 finish_fail_ffn=0 cache_take_fail_up=0 cache_take_fail_gate=0 recv_up_sum_abs=0.000000e+00 recv_up_max_abs=0.000000e+00 recv_up_zero=0 recv_gate_sum_abs=0.000000e+00 recv_gate_max_abs=0.000000e+00 recv_gate_zero=0 recv_down_sum_abs=0.000000e+00 recv_down_max_abs=0.000000e+00 recv_down_zero=0 recv_other_sum_abs=0.000000e+00 recv_other_max_abs=0.000000e+00 recv_other_zero=0 recv_ffn_sum_abs=0.000000e+00 recv_ffn_max_abs=0.000000e+00 recv_ffn_zero=0
SUCCEED (one forward pass done)"
candidate,4c_front_hot,2,all_0.55,,4,"60,61,62,63","90,70,20,0",ok,25.0526,39.916,1.335533224938028,,,,0.9664816856384277,"llama_context: graph splits = 1
attach_threadpool: call
threads: decode=4 batch=4
prompt tokens: 4
running one forward pass (llama_decode) ...
Top-5 next-token candidates:
  id=3 logit=0 piece=""$""
  id=4 logit=0 piece=""%""
  id=1 logit=0 piece=""""""
  id=0 logit=0 piece=""!""
  id=2 logit=0 piece=""#""
Autoregressive generation:
Generated text: !
Decode-only throughput: 25.0526 tokens/s (1 tokens in 0.039916 s of llama_decode)
End-to-end throughput: 24.8642 tokens/s (1 tokens in 0.0402185 s)
[decode-stage-profile] model_load=447.642 ms context_create=58.2206 ms tokenize=0.441185 ms prefill_decode=235.954 ms generation_decode=39.916 ms generation_total=40.2185 ms program_total=800.184 ms
[svd-local-op-profile] up_ops=56 gate_ops=56 down_ops=56 up_total=49.809 ms gate_total=27.560 ms down_total=38.633 ms up_v=10.724 ms gate_v=3.505 ms down_v=20.702 ms up_u=39.078 ms gate_u=24.047 ms down_u=17.927 ms
[svd-local-stage-profile] attention_total=54.324 ms ffn_total=131.252 ms ffn_svd_total=116.002 ms ffn_svd_v=34.931 ms ffn_svd_u=81.052 ms
[svd-offload-zero-profile] up_finish=0 up_cache=0 up_no_request=27 gate_finish=0 gate_cache=0 gate_no_request=27 down_finish=0 down_cache=0 down_no_request=27 other_finish=0 other_cache=0 other_no_request=0
[svd-local-timeout-profile] up_keep=0 up_drop=0 up_wait=0.000 ms gate_keep=0 gate_drop=0 gate_wait=0.000 ms down_keep=0 down_drop=0 down_wait=0.000 ms other_keep=0 other_drop=0 other_wait=0.000 ms
[svd-offload-client] up_gate_req=0 down_req=0 other_mat_req=0 ffn_req=0 gate_cache_hits=0 gate_cache_checks=0 miss_invalid=0 miss_layer=0 miss_rank=0 miss_hash=0 miss_output=0 miss_data=0 send_up_gate=0.000 ms send_down=0.000 ms send_other=0.000 ms send_ffn=0.000 ms wait_up_gate=0.000 ms wait_down=0.000 ms wait_other=0.000 ms wait_ffn=0.000 ms
[svd-offload-client-stage-profile] rpc_send_total=0.000 ms rpc_wait_total=0.000 ms
[svd-offload-client-debug] finish_fail_up_gate=0 finish_fail_down=0 finish_fail_other=0 finish_fail_ffn=0 cache_take_fail_up=0 cache_take_fail_gate=0 recv_up_sum_abs=0.000000e+00 recv_up_max_abs=0.000000e+00 recv_up_zero=0 recv_gate_sum_abs=0.000000e+00 recv_gate_max_abs=0.000000e+00 recv_gate_zero=0 recv_down_sum_abs=0.000000e+00 recv_down_max_abs=0.000000e+00 recv_down_zero=0 recv_other_sum_abs=0.000000e+00 recv_other_max_abs=0.000000e+00 recv_other_zero=0 recv_ffn_sum_abs=0.000000e+00 recv_ffn_max_abs=0.000000e+00 recv_ffn_zero=0
SUCCEED (one forward pass done)"
candidate,4c_front_hot,2,all_0.6,,4,"60,61,62,63","90,70,20,0",ok,4.85048,206.165,0.2585750459791561,,,,0.8911614418029785,"llama_context: graph splits = 1
attach_threadpool: call
threads: decode=4 batch=4
prompt tokens: 4
running one forward pass (llama_decode) ...
Top-5 next-token candidates:
  id=548 logit=12.2312 piece="" pr""
  id=62 logit=11.7936 piece=""_""
  id=512 logit=11.5545 piece="" le""
  id=9985 logit=11.4281 piece=""CM""
  id=1315 logit=11.3357 piece=""ait""
Autoregressive generation:
Generated text:  pr
Decode-only throughput: 4.85048 tokens/s (1 tokens in 0.206165 s of llama_decode)
End-to-end throughput: 4.84311 tokens/s (1 tokens in 0.206479 s)
[decode-stage-profile] model_load=381.923 ms context_create=56.593 ms tokenize=0.43973 ms prefill_decode=88.5776 ms generation_decode=206.165 ms generation_total=206.479 ms program_total=750.736 ms
[svd-local-op-profile] up_ops=56 gate_ops=56 down_ops=56 up_total=27.851 ms gate_total=23.709 ms down_total=23.721 ms up_v=2.645 ms gate_v=2.811 ms down_v=13.052 ms up_u=25.204 ms gate_u=20.896 ms down_u=10.663 ms
[svd-local-stage-profile] attention_total=67.554 ms ffn_total=99.557 ms ffn_svd_total=75.281 ms ffn_svd_v=18.508 ms ffn_svd_u=56.763 ms
[svd-offload-zero-profile] up_finish=0 up_cache=0 up_no_request=27 gate_finish=0 gate_cache=0 gate_no_request=27 down_finish=0 down_cache=0 down_no_request=27 other_finish=0 other_cache=0 other_no_request=0
[svd-local-timeout-profile] up_keep=0 up_drop=0 up_wait=0.000 ms gate_keep=0 gate_drop=0 gate_wait=0.000 ms down_keep=0 down_drop=0 down_wait=0.000 ms other_keep=0 other_drop=0 other_wait=0.000 ms
[svd-offload-client] up_gate_req=0 down_req=0 other_mat_req=0 ffn_req=0 gate_cache_hits=0 gate_cache_checks=0 miss_invalid=0 miss_layer=0 miss_rank=0 miss_hash=0 miss_output=0 miss_data=0 send_up_gate=0.000 ms send_down=0.000 ms send_other=0.000 ms send_ffn=0.000 ms wait_up_gate=0.000 ms wait_down=0.000 ms wait_other=0.000 ms wait_ffn=0.000 ms
[svd-offload-client-stage-profile] rpc_send_total=0.000 ms rpc_wait_total=0.000 ms
[svd-offload-client-debug] finish_fail_up_gate=0 finish_fail_down=0 finish_fail_other=0 finish_fail_ffn=0 cache_take_fail_up=0 cache_take_fail_gate=0 recv_up_sum_abs=0.000000e+00 recv_up_max_abs=0.000000e+00 recv_up_zero=0 recv_gate_sum_abs=0.000000e+00 recv_gate_max_abs=0.000000e+00 recv_gate_zero=0 recv_down_sum_abs=0.000000e+00 recv_down_max_abs=0.000000e+00 recv_down_zero=0 recv_other_sum_abs=0.000000e+00 recv_other_max_abs=0.000000e+00 recv_other_zero=0 recv_ffn_sum_abs=0.000000e+00 recv_ffn_max_abs=0.000000e+00 recv_ffn_zero=0
SUCCEED (one forward pass done)"
candidate,4c_front_hot,2,trunc_even_0.8,,4,"60,61,62,63","90,70,20,0",ok,2.19114,456.384,0.11680784710931043,,,,1.2091054916381836,"llama_context: graph splits = 1
attach_threadpool: call
threads: decode=4 batch=4
prompt tokens: 4
running one forward pass (llama_decode) ...
Top-5 next-token candidates:
  id=3 logit=0 piece=""$""
  id=4 logit=0 piece=""%""
  id=1 logit=0 piece=""""""
  id=0 logit=0 piece=""!""
  id=2 logit=0 piece=""#""
Autoregressive generation:
Generated text: !
Decode-only throughput: 2.19114 tokens/s (1 tokens in 0.456384 s of llama_decode)
End-to-end throughput: 2.18964 tokens/s (1 tokens in 0.456696 s)
[decode-stage-profile] model_load=382.93 ms context_create=58.1415 ms tokenize=0.456072 ms prefill_decode=137.931 ms generation_decode=456.384 ms generation_total=456.696 ms program_total=1053.1 ms
[svd-local-op-profile] up_ops=56 gate_ops=56 down_ops=56 up_total=52.569 ms gate_total=49.114 ms down_total=41.858 ms up_v=14.672 ms gate_v=6.788 ms down_v=22.775 ms up_u=37.892 ms gate_u=42.321 ms down_u=19.079 ms
[svd-local-stage-profile] attention_total=137.953 ms ffn_total=249.553 ms ffn_svd_total=143.541 ms ffn_svd_v=44.235 ms ffn_svd_u=99.292 ms
[svd-offload-zero-profile] up_finish=0 up_cache=0 up_no_request=27 gate_finish=0 gate_cache=0 gate_no_request=27 down_finish=0 down_cache=0 down_no_request=27 other_finish=0 other_cache=0 other_no_request=0
[svd-local-timeout-profile] up_keep=0 up_drop=0 up_wait=0.000 ms gate_keep=0 gate_drop=0 gate_wait=0.000 ms down_keep=0 down_drop=0 down_wait=0.000 ms other_keep=0 other_drop=0 other_wait=0.000 ms
[svd-offload-client] up_gate_req=0 down_req=0 other_mat_req=0 ffn_req=0 gate_cache_hits=0 gate_cache_checks=0 miss_invalid=0 miss_layer=0 miss_rank=0 miss_hash=0 miss_output=0 miss_data=0 send_up_gate=0.000 ms send_down=0.000 ms send_other=0.000 ms send_ffn=0.000 ms wait_up_gate=0.000 ms wait_down=0.000 ms wait_other=0.000 ms wait_ffn=0.000 ms
[svd-offload-client-stage-profile] rpc_send_total=0.000 ms rpc_wait_total=0.000 ms
[svd-offload-client-debug] finish_fail_up_gate=0 finish_fail_down=0 finish_fail_other=0 finish_fail_ffn=0 cache_take_fail_up=0 cache_take_fail_gate=0 recv_up_sum_abs=0.000000e+00 recv_up_max_abs=0.000000e+00 recv_up_zero=0 recv_gate_sum_abs=0.000000e+00 recv_gate_max_abs=0.000000e+00 recv_gate_zero=0 recv_down_sum_abs=0.000000e+00 recv_down_max_abs=0.000000e+00 recv_down_zero=0 recv_other_sum_abs=0.000000e+00 recv_other_max_abs=0.000000e+00 recv_other_zero=0 recv_ffn_sum_abs=0.000000e+00 recv_ffn_max_abs=0.000000e+00 recv_ffn_zero=0
SUCCEED (one forward pass done)"
candidate,4c_front_hot,2,trunc_even_0.85,,4,"60,61,62,63","90,70,20,0",ok,22.4498,44.5437,1.1967801263427245,,,,1.9412543773651123,"llama_context: graph splits = 1
attach_threadpool: call
threads: decode=4 batch=4
prompt tokens: 4
running one forward pass (llama_decode) ...
Top-5 next-token candidates:
  id=3 logit=0 piece=""$""
  id=4 logit=0 piece=""%""
  id=1 logit=0 piece=""""""
  id=0 logit=0 piece=""!""
  id=2 logit=0 piece=""#""
Autoregressive generation:
Generated text: !
Decode-only throughput: 22.4498 tokens/s (1 tokens in 0.0445437 s of llama_decode)
End-to-end throughput: 22.293 tokens/s (1 tokens in 0.0448572 s)
[decode-stage-profile] model_load=381.519 ms context_create=58.3219 ms tokenize=0.44453 ms prefill_decode=1281.56 ms generation_decode=44.5437 ms generation_total=44.8572 ms program_total=1784.05 ms
[svd-local-op-profile] up_ops=56 gate_ops=56 down_ops=56 up_total=72.993 ms gate_total=82.970 ms down_total=76.254 ms up_v=18.014 ms gate_v=27.773 ms down_v=30.671 ms up_u=54.976 ms gate_u=55.191 ms down_u=45.580 ms
[svd-local-stage-profile] attention_total=204.504 ms ffn_total=314.001 ms ffn_svd_total=232.217 ms ffn_svd_v=76.458 ms ffn_svd_u=155.747 ms
[svd-offload-zero-profile] up_finish=0 up_cache=0 up_no_request=27 gate_finish=0 gate_cache=0 gate_no_request=27 down_finish=0 down_cache=0 down_no_request=27 other_finish=0 other_cache=0 other_no_request=0
[svd-local-timeout-profile] up_keep=0 up_drop=0 up_wait=0.000 ms gate_keep=0 gate_drop=0 gate_wait=0.000 ms down_keep=0 down_drop=0 down_wait=0.000 ms other_keep=0 other_drop=0 other_wait=0.000 ms
[svd-offload-client] up_gate_req=0 down_req=0 other_mat_req=0 ffn_req=0 gate_cache_hits=0 gate_cache_checks=0 miss_invalid=0 miss_layer=0 miss_rank=0 miss_hash=0 miss_output=0 miss_data=0 send_up_gate=0.000 ms send_down=0.000 ms send_other=0.000 ms send_ffn=0.000 ms wait_up_gate=0.000 ms wait_down=0.000 ms wait_other=0.000 ms wait_ffn=0.000 ms
[svd-offload-client-stage-profile] rpc_send_total=0.000 ms rpc_wait_total=0.000 ms
[svd-offload-client-debug] finish_fail_up_gate=0 finish_fail_down=0 finish_fail_other=0 finish_fail_ffn=0 cache_take_fail_up=0 cache_take_fail_gate=0 recv_up_sum_abs=0.000000e+00 recv_up_max_abs=0.000000e+00 recv_up_zero=0 recv_gate_sum_abs=0.000000e+00 recv_gate_max_abs=0.000000e+00 recv_gate_zero=0 recv_down_sum_abs=0.000000e+00 recv_down_max_abs=0.000000e+00 recv_down_zero=0 recv_other_sum_abs=0.000000e+00 recv_other_max_abs=0.000000e+00 recv_other_zero=0 recv_ffn_sum_abs=0.000000e+00 recv_ffn_max_abs=0.000000e+00 recv_ffn_zero=0
SUCCEED (one forward pass done)"
selected,4c_front_hot,2,all_0.15,all_0.15,4,"60,61,62,63","90,70,20,0",ok,,,,18.7585,21.3163,1.1363541861023,,
candidate,4c_front_hot,3,baseline_no_svd,,4,"60,61,62,63","90,70,20,0",ok,21.2881,46.9745,1.0,,,,0.801142692565918,"llama_context: graph splits = 1
attach_threadpool: call
threads: decode=4 batch=4
prompt tokens: 4
running one forward pass (llama_decode) ...
Top-5 next-token candidates:
  id=11 logit=20.2053 piece="",""
  id=304 logit=18.9277 piece="" in""
  id=3837 logit=18.7558 piece=""，""
  id=1052 logit=18.5616 piece="" there""
  id=358 logit=17.8374 piece="" I""
Autoregressive generation:
Generated text: ,
Decode-only throughput: 21.2881 tokens/s (1 tokens in 0.0469745 s of llama_decode)
End-to-end throughput: 21.1422 tokens/s (1 tokens in 0.0472988 s)
[decode-stage-profile] model_load=379.33 ms context_create=58.7128 ms tokenize=0.45482 ms prefill_decode=149.716 ms generation_decode=46.9745 ms generation_total=47.2988 ms program_total=652.023 ms
[svd-local-op-profile] up_ops=56 gate_ops=56 down_ops=56 up_total=34.257 ms gate_total=34.495 ms down_total=27.948 ms up_v=5.467 ms gate_v=5.478 ms down_v=22.059 ms up_u=28.786 ms gate_u=29.015 ms down_u=5.888 ms
[svd-local-stage-profile] attention_total=28.370 ms ffn_total=97.974 ms ffn_svd_total=96.700 ms ffn_svd_v=33.004 ms ffn_svd_u=63.689 ms
[svd-offload-zero-profile] up_finish=0 up_cache=0 up_no_request=27 gate_finish=0 gate_cache=0 gate_no_request=27 down_finish=0 down_cache=0 down_no_request=27 other_finish=0 other_cache=0 other_no_request=0
[svd-local-timeout-profile] up_keep=0 up_drop=0 up_wait=0.000 ms gate_keep=0 gate_drop=0 gate_wait=0.000 ms down_keep=0 down_drop=0 down_wait=0.000 ms other_keep=0 other_drop=0 other_wait=0.000 ms
[svd-offload-client] up_gate_req=0 down_req=0 other_mat_req=0 ffn_req=0 gate_cache_hits=0 gate_cache_checks=0 miss_invalid=0 miss_layer=0 miss_rank=0 miss_hash=0 miss_output=0 miss_data=0 send_up_gate=0.000 ms send_down=0.000 ms send_other=0.000 ms send_ffn=0.000 ms wait_up_gate=0.000 ms wait_down=0.000 ms wait_other=0.000 ms wait_ffn=0.000 ms
[svd-offload-client-stage-profile] rpc_send_total=0.000 ms rpc_wait_total=0.000 ms
[svd-offload-client-debug] finish_fail_up_gate=0 finish_fail_down=0 finish_fail_other=0 finish_fail_ffn=0 cache_take_fail_up=0 cache_take_fail_gate=0 recv_up_sum_abs=0.000000e+00 recv_up_max_abs=0.000000e+00 recv_up_zero=0 recv_gate_sum_abs=0.000000e+00 recv_gate_max_abs=0.000000e+00 recv_gate_zero=0 recv_down_sum_abs=0.000000e+00 recv_down_max_abs=0.000000e+00 recv_down_zero=0 recv_other_sum_abs=0.000000e+00 recv_other_max_abs=0.000000e+00 recv_other_zero=0 recv_ffn_sum_abs=0.000000e+00 recv_ffn_max_abs=0.000000e+00 recv_ffn_zero=0
SUCCEED (one forward pass done)"
candidate,4c_front_hot,3,all_0.05,,4,"60,61,62,63","90,70,20,0",ok,21.5411,46.4229,1.0118845740108324,,,,1.3352222442626953,"llama_context: graph splits = 1
attach_threadpool: call
threads: decode=4 batch=4
prompt tokens: 4
running one forward pass (llama_decode) ...
Top-5 next-token candidates:
  id=3 logit=0 piece=""$""
  id=4 logit=0 piece=""%""
  id=1 logit=0 piece=""""""
  id=0 logit=0 piece=""!""
  id=2 logit=0 piece=""#""
Autoregressive generation:
Generated text: !
Decode-only throughput: 21.5411 tokens/s (1 tokens in 0.0464229 s of llama_decode)
End-to-end throughput: 21.403 tokens/s (1 tokens in 0.0467225 s)
[decode-stage-profile] model_load=381.104 ms context_create=56.2664 ms tokenize=0.45125 ms prefill_decode=684.701 ms generation_decode=46.4229 ms generation_total=46.7225 ms program_total=1186.18 ms
[svd-local-op-profile] up_ops=56 gate_ops=56 down_ops=56 up_total=37.850 ms gate_total=48.545 ms down_total=48.468 ms up_v=5.643 ms gate_v=13.373 ms down_v=29.111 ms up_u=32.201 ms gate_u=35.170 ms down_u=19.351 ms
[svd-local-stage-profile] attention_total=107.955 ms ffn_total=151.537 ms ffn_svd_total=134.863 ms ffn_svd_v=48.127 ms ffn_svd_u=86.722 ms
[svd-offload-zero-profile] up_finish=0 up_cache=0 up_no_request=27 gate_finish=0 gate_cache=0 gate_no_request=27 down_finish=0 down_cache=0 down_no_request=27 other_finish=0 other_cache=0 other_no_request=0
[svd-local-timeout-profile] up_keep=0 up_drop=0 up_wait=0.000 ms gate_keep=0 gate_drop=0 gate_wait=0.000 ms down_keep=0 down_drop=0 down_wait=0.000 ms other_keep=0 other_drop=0 other_wait=0.000 ms
[svd-offload-client] up_gate_req=0 down_req=0 other_mat_req=0 ffn_req=0 gate_cache_hits=0 gate_cache_checks=0 miss_invalid=0 miss_layer=0 miss_rank=0 miss_hash=0 miss_output=0 miss_data=0 send_up_gate=0.000 ms send_down=0.000 ms send_other=0.000 ms send_ffn=0.000 ms wait_up_gate=0.000 ms wait_down=0.000 ms wait_other=0.000 ms wait_ffn=0.000 ms
[svd-offload-client-stage-profile] rpc_send_total=0.000 ms rpc_wait_total=0.000 ms
[svd-offload-client-debug] finish_fail_up_gate=0 finish_fail_down=0 finish_fail_other=0 finish_fail_ffn=0 cache_take_fail_up=0 cache_take_fail_gate=0 recv_up_sum_abs=0.000000e+00 recv_up_max_abs=0.000000e+00 recv_up_zero=0 recv_gate_sum_abs=0.000000e+00 recv_gate_max_abs=0.000000e+00 recv_gate_zero=0 recv_down_sum_abs=0.000000e+00 recv_down_max_abs=0.000000e+00 recv_down_zero=0 recv_other_sum_abs=0.000000e+00 recv_other_max_abs=0.000000e+00 recv_other_zero=0 recv_ffn_sum_abs=0.000000e+00 recv_ffn_max_abs=0.000000e+00 recv_ffn_zero=0
SUCCEED (one forward pass done)"
candidate,4c_front_hot,3,all_0.1,,4,"60,61,62,63","90,70,20,0",ok,22.0169,45.4197,1.0342350890873304,,,,1.6902713775634766,"llama_context: graph splits = 1
attach_threadpool: call
threads: decode=4 batch=4
prompt tokens: 4
running one forward pass (llama_decode) ...
Top-5 next-token candidates:
  id=3 logit=0 piece=""$""
  id=4 logit=0 piece=""%""
  id=1 logit=0 piece=""""""
  id=0 logit=0 piece=""!""
  id=2 logit=0 piece=""#""
Autoregressive generation:
Generated text: !
Decode-only throughput: 22.0169 tokens/s (1 tokens in 0.0454197 s of llama_decode)
End-to-end throughput: 21.8676 tokens/s (1 tokens in 0.0457298 s)
[decode-stage-profile] model_load=381.072 ms context_create=58.1361 ms tokenize=0.459692 ms prefill_decode=1023.95 ms generation_decode=45.4197 ms generation_total=45.7298 ms program_total=1526.76 ms
[svd-local-op-profile] up_ops=56 gate_ops=56 down_ops=56 up_total=95.557 ms gate_total=93.449 ms down_total=68.494 ms up_v=26.263 ms gate_v=23.211 ms down_v=33.846 ms up_u=69.292 ms gate_u=70.232 ms down_u=34.646 ms
[svd-local-stage-profile] attention_total=172.138 ms ffn_total=346.111 ms ffn_svd_total=257.500 ms ffn_svd_v=83.320 ms ffn_svd_u=174.170 ms
[svd-offload-zero-profile] up_finish=0 up_cache=0 up_no_request=27 gate_finish=0 gate_cache=0 gate_no_request=27 down_finish=0 down_cache=0 down_no_request=27 other_finish=0 other_cache=0 other_no_request=0
[svd-local-timeout-profile] up_keep=0 up_drop=0 up_wait=0.000 ms gate_keep=0 gate_drop=0 gate_wait=0.000 ms down_keep=0 down_drop=0 down_wait=0.000 ms other_keep=0 other_drop=0 other_wait=0.000 ms
[svd-offload-client] up_gate_req=0 down_req=0 other_mat_req=0 ffn_req=0 gate_cache_hits=0 gate_cache_checks=0 miss_invalid=0 miss_layer=0 miss_rank=0 miss_hash=0 miss_output=0 miss_data=0 send_up_gate=0.000 ms send_down=0.000 ms send_other=0.000 ms send_ffn=0.000 ms wait_up_gate=0.000 ms wait_down=0.000 ms wait_other=0.000 ms wait_ffn=0.000 ms
[svd-offload-client-stage-profile] rpc_send_total=0.000 ms rpc_wait_total=0.000 ms
[svd-offload-client-debug] finish_fail_up_gate=0 finish_fail_down=0 finish_fail_other=0 finish_fail_ffn=0 cache_take_fail_up=0 cache_take_fail_gate=0 recv_up_sum_abs=0.000000e+00 recv_up_max_abs=0.000000e+00 recv_up_zero=0 recv_gate_sum_abs=0.000000e+00 recv_gate_max_abs=0.000000e+00 recv_gate_zero=0 recv_down_sum_abs=0.000000e+00 recv_down_max_abs=0.000000e+00 recv_down_zero=0 recv_other_sum_abs=0.000000e+00 recv_other_max_abs=0.000000e+00 recv_other_zero=0 recv_ffn_sum_abs=0.000000e+00 recv_ffn_max_abs=0.000000e+00 recv_ffn_zero=0
SUCCEED (one forward pass done)"
candidate,4c_front_hot,3,all_0.15,,4,"60,61,62,63","90,70,20,0",ok,20.9814,47.6611,0.9855928899244178,,,,0.7421753406524658,"llama_context: graph splits = 1
attach_threadpool: call
threads: decode=4 batch=4
prompt tokens: 4
running one forward pass (llama_decode) ...
Top-5 next-token candidates:
  id=3 logit=0 piece=""$""
  id=4 logit=0 piece=""%""
  id=1 logit=0 piece=""""""
  id=0 logit=0 piece=""!""
  id=2 logit=0 piece=""#""
Autoregressive generation:
Generated text: !
Decode-only throughput: 20.9814 tokens/s (1 tokens in 0.0476611 s of llama_decode)
End-to-end throughput: 20.8469 tokens/s (1 tokens in 0.0479687 s)
[decode-stage-profile] model_load=386.957 ms context_create=57.7136 ms tokenize=0.448423 ms prefill_decode=79.3132 ms generation_decode=47.6611 ms generation_total=47.9687 ms program_total=589.374 ms
[svd-local-op-profile] up_ops=56 gate_ops=56 down_ops=56 up_total=34.933 ms gate_total=32.143 ms down_total=24.257 ms up_v=5.012 ms gate_v=5.020 ms down_v=19.172 ms up_u=29.919 ms gate_u=27.119 ms down_u=5.081 ms
[svd-local-stage-profile] attention_total=3.236 ms ffn_total=92.673 ms ffn_svd_total=91.333 ms ffn_svd_v=29.204 ms ffn_svd_u=62.119 ms
[svd-offload-zero-profile] up_finish=0 up_cache=0 up_no_request=27 gate_finish=0 gate_cache=0 gate_no_request=27 down_finish=0 down_cache=0 down_no_request=27 other_finish=0 other_cache=0 other_no_request=0
[svd-local-timeout-profile] up_keep=0 up_drop=0 up_wait=0.000 ms gate_keep=0 gate_drop=0 gate_wait=0.000 ms down_keep=0 down_drop=0 down_wait=0.000 ms other_keep=0 other_drop=0 other_wait=0.000 ms
[svd-offload-client] up_gate_req=0 down_req=0 other_mat_req=0 ffn_req=0 gate_cache_hits=0 gate_cache_checks=0 miss_invalid=0 miss_layer=0 miss_rank=0 miss_hash=0 miss_output=0 miss_data=0 send_up_gate=0.000 ms send_down=0.000 ms send_other=0.000 ms send_ffn=0.000 ms wait_up_gate=0.000 ms wait_down=0.000 ms wait_other=0.000 ms wait_ffn=0.000 ms
[svd-offload-client-stage-profile] rpc_send_total=0.000 ms rpc_wait_total=0.000 ms
[svd-offload-client-debug] finish_fail_up_gate=0 finish_fail_down=0 finish_fail_other=0 finish_fail_ffn=0 cache_take_fail_up=0 cache_take_fail_gate=0 recv_up_sum_abs=0.000000e+00 recv_up_max_abs=0.000000e+00 recv_up_zero=0 recv_gate_sum_abs=0.000000e+00 recv_gate_max_abs=0.000000e+00 recv_gate_zero=0 recv_down_sum_abs=0.000000e+00 recv_down_max_abs=0.000000e+00 recv_down_zero=0 recv_other_sum_abs=0.000000e+00 recv_other_max_abs=0.000000e+00 recv_other_zero=0 recv_ffn_sum_abs=0.000000e+00 recv_ffn_max_abs=0.000000e+00 recv_ffn_zero=0
SUCCEED (one forward pass done)"
candidate,4c_front_hot,3,all_0.2,,4,"60,61,62,63","90,70,20,0",ok,2.65086,377.236,0.12452309036503963,,,,1.951425552368164,"llama_context: graph splits = 1
attach_threadpool: call
threads: decode=4 batch=4
prompt tokens: 4
running one forward pass (llama_decode) ...
Top-5 next-token candidates:
  id=3 logit=0 piece=""$""
  id=4 logit=0 piece=""%""
  id=1 logit=0 piece=""""""
  id=0 logit=0 piece=""!""
  id=2 logit=0 piece=""#""
Autoregressive generation:
Generated text: !
Decode-only throughput: 2.65086 tokens/s (1 tokens in 0.377236 s of llama_decode)
End-to-end throughput: 2.64857 tokens/s (1 tokens in 0.377562 s)
[decode-stage-profile] model_load=377.052 ms context_create=60.6287 ms tokenize=0.430718 ms prefill_decode=953.214 ms generation_decode=377.236 ms generation_total=377.562 ms program_total=1785.88 ms
[svd-local-op-profile] up_ops=56 gate_ops=56 down_ops=56 up_total=68.509 ms gate_total=72.297 ms down_total=70.025 ms up_v=15.434 ms gate_v=16.517 ms down_v=35.719 ms up_u=53.071 ms gate_u=55.774 ms down_u=34.301 ms
[svd-local-stage-profile] attention_total=292.980 ms ffn_total=311.315 ms ffn_svd_total=210.831 ms ffn_svd_v=67.670 ms ffn_svd_u=143.146 ms
[svd-offload-zero-profile] up_finish=0 up_cache=0 up_no_request=27 gate_finish=0 gate_cache=0 gate_no_request=27 down_finish=0 down_cache=0 down_no_request=27 other_finish=0 other_cache=0 other_no_request=0
[svd-local-timeout-profile] up_keep=0 up_drop=0 up_wait=0.000 ms gate_keep=0 gate_drop=0 gate_wait=0.000 ms down_keep=0 down_drop=0 down_wait=0.000 ms other_keep=0 other_drop=0 other_wait=0.000 ms
[svd-offload-client] up_gate_req=0 down_req=0 other_mat_req=0 ffn_req=0 gate_cache_hits=0 gate_cache_checks=0 miss_invalid=0 miss_layer=0 miss_rank=0 miss_hash=0 miss_output=0 miss_data=0 send_up_gate=0.000 ms send_down=0.000 ms send_other=0.000 ms send_ffn=0.000 ms wait_up_gate=0.000 ms wait_down=0.000 ms wait_other=0.000 ms wait_ffn=0.000 ms
[svd-offload-client-stage-profile] rpc_send_total=0.000 ms rpc_wait_total=0.000 ms
[svd-offload-client-debug] finish_fail_up_gate=0 finish_fail_down=0 finish_fail_other=0 finish_fail_ffn=0 cache_take_fail_up=0 cache_take_fail_gate=0 recv_up_sum_abs=0.000000e+00 recv_up_max_abs=0.000000e+00 recv_up_zero=0 recv_gate_sum_abs=0.000000e+00 recv_gate_max_abs=0.000000e+00 recv_gate_zero=0 recv_down_sum_abs=0.000000e+00 recv_down_max_abs=0.000000e+00 recv_down_zero=0 recv_other_sum_abs=0.000000e+00 recv_other_max_abs=0.000000e+00 recv_other_zero=0 recv_ffn_sum_abs=0.000000e+00 recv_ffn_max_abs=0.000000e+00 recv_ffn_zero=0
SUCCEED (one forward pass done)"
candidate,4c_front_hot,3,all_0.25,,4,"60,61,62,63","90,70,20,0",ok,9.89247,101.087,0.46469482950568625,,,,1.6780524253845215,"llama_context: graph splits = 1
attach_threadpool: call
threads: decode=4 batch=4
prompt tokens: 4
running one forward pass (llama_decode) ...
Top-5 next-token candidates:
  id=264 logit=16.5721 piece="" a""
  id=472 logit=16.4602 piece="" H""
  id=279 logit=16.2173 piece="" the""
  id=39 logit=15.9334 piece=""H""
  id=8 logit=15.4472 piece="")""
Autoregressive generation:
Generated text:  a
Decode-only throughput: 9.89247 tokens/s (1 tokens in 0.101087 s of llama_decode)
End-to-end throughput: 9.8617 tokens/s (1 tokens in 0.101402 s)
[decode-stage-profile] model_load=383.891 ms context_create=56.1881 ms tokenize=0.450569 ms prefill_decode=942.93 ms generation_decode=101.087 ms generation_total=101.402 ms program_total=1504.9 ms
[svd-local-op-profile] up_ops=56 gate_ops=56 down_ops=56 up_total=78.791 ms gate_total=67.423 ms down_total=79.744 ms up_v=14.800 ms gate_v=11.738 ms down_v=40.379 ms up_u=63.983 ms gate_u=55.681 ms down_u=39.355 ms
[svd-local-stage-profile] attention_total=165.986 ms ffn_total=314.209 ms ffn_svd_total=225.958 ms ffn_svd_v=66.917 ms ffn_svd_u=159.019 ms
[svd-offload-zero-profile] up_finish=0 up_cache=0 up_no_request=27 gate_finish=0 gate_cache=0 gate_no_request=27 down_finish=0 down_cache=0 down_no_request=27 other_finish=0 other_cache=0 other_no_request=0
[svd-local-timeout-profile] up_keep=0 up_drop=0 up_wait=0.000 ms gate_keep=0 gate_drop=0 gate_wait=0.000 ms down_keep=0 down_drop=0 down_wait=0.000 ms other_keep=0 other_drop=0 other_wait=0.000 ms
[svd-offload-client] up_gate_req=0 down_req=0 other_mat_req=0 ffn_req=0 gate_cache_hits=0 gate_cache_checks=0 miss_invalid=0 miss_layer=0 miss_rank=0 miss_hash=0 miss_output=0 miss_data=0 send_up_gate=0.000 ms send_down=0.000 ms send_other=0.000 ms send_ffn=0.000 ms wait_up_gate=0.000 ms wait_down=0.000 ms wait_other=0.000 ms wait_ffn=0.000 ms
[svd-offload-client-stage-profile] rpc_send_total=0.000 ms rpc_wait_total=0.000 ms
[svd-offload-client-debug] finish_fail_up_gate=0 finish_fail_down=0 finish_fail_other=0 finish_fail_ffn=0 cache_take_fail_up=0 cache_take_fail_gate=0 recv_up_sum_abs=0.000000e+00 recv_up_max_abs=0.000000e+00 recv_up_zero=0 recv_gate_sum_abs=0.000000e+00 recv_gate_max_abs=0.000000e+00 recv_gate_zero=0 recv_down_sum_abs=0.000000e+00 recv_down_max_abs=0.000000e+00 recv_down_zero=0 recv_other_sum_abs=0.000000e+00 recv_other_max_abs=0.000000e+00 recv_other_zero=0 recv_ffn_sum_abs=0.000000e+00 recv_ffn_max_abs=0.000000e+00 recv_ffn_zero=0
SUCCEED (one forward pass done)"
candidate,4c_front_hot,3,all_0.3,,4,"60,61,62,63","90,70,20,0",ok,23.4326,42.6756,1.100737031487075,,,,0.7024896144866943,"llama_context: graph splits = 1
attach_threadpool: call
threads: decode=4 batch=4
prompt tokens: 4
running one forward pass (llama_decode) ...
Top-5 next-token candidates:
  id=3 logit=0 piece=""$""
  id=4 logit=0 piece=""%""
  id=1 logit=0 piece=""""""
  id=0 logit=0 piece=""!""
  id=2 logit=0 piece=""#""
Autoregressive generation:
Generated text: !
Decode-only throughput: 23.4326 tokens/s (1 tokens in 0.0426756 s of llama_decode)
End-to-end throughput: 23.2572 tokens/s (1 tokens in 0.0429973 s)
[decode-stage-profile] model_load=374.166 ms context_create=59.4808 ms tokenize=0.440235 ms prefill_decode=73.1148 ms generation_decode=42.6756 ms generation_total=42.9973 ms program_total=566.738 ms
[svd-local-op-profile] up_ops=56 gate_ops=56 down_ops=56 up_total=29.263 ms gate_total=32.899 ms down_total=20.671 ms up_v=4.186 ms gate_v=8.090 ms down_v=15.966 ms up_u=25.071 ms gate_u=24.806 ms down_u=4.699 ms
[svd-local-stage-profile] attention_total=4.006 ms ffn_total=84.046 ms ffn_svd_total=82.833 ms ffn_svd_v=28.242 ms ffn_svd_u=54.576 ms
[svd-offload-zero-profile] up_finish=0 up_cache=0 up_no_request=27 gate_finish=0 gate_cache=0 gate_no_request=27 down_finish=0 down_cache=0 down_no_request=27 other_finish=0 other_cache=0 other_no_request=0
[svd-local-timeout-profile] up_keep=0 up_drop=0 up_wait=0.000 ms gate_keep=0 gate_drop=0 gate_wait=0.000 ms down_keep=0 down_drop=0 down_wait=0.000 ms other_keep=0 other_drop=0 other_wait=0.000 ms
[svd-offload-client] up_gate_req=0 down_req=0 other_mat_req=0 ffn_req=0 gate_cache_hits=0 gate_cache_checks=0 miss_invalid=0 miss_layer=0 miss_rank=0 miss_hash=0 miss_output=0 miss_data=0 send_up_gate=0.000 ms send_down=0.000 ms send_other=0.000 ms send_ffn=0.000 ms wait_up_gate=0.000 ms wait_down=0.000 ms wait_other=0.000 ms wait_ffn=0.000 ms
[svd-offload-client-stage-profile] rpc_send_total=0.000 ms rpc_wait_total=0.000 ms
[svd-offload-client-debug] finish_fail_up_gate=0 finish_fail_down=0 finish_fail_other=0 finish_fail_ffn=0 cache_take_fail_up=0 cache_take_fail_gate=0 recv_up_sum_abs=0.000000e+00 recv_up_max_abs=0.000000e+00 recv_up_zero=0 recv_gate_sum_abs=0.000000e+00 recv_gate_max_abs=0.000000e+00 recv_gate_zero=0 recv_down_sum_abs=0.000000e+00 recv_down_max_abs=0.000000e+00 recv_down_zero=0 recv_other_sum_abs=0.000000e+00 recv_other_max_abs=0.000000e+00 recv_other_zero=0 recv_ffn_sum_abs=0.000000e+00 recv_ffn_max_abs=0.000000e+00 recv_ffn_zero=0
SUCCEED (one forward pass done)"
candidate,4c_front_hot,3,all_0.35,,4,"60,61,62,63","90,70,20,0",ok,23.8677,41.8977,1.1211756803096566,,,,0.710085391998291,"llama_context: graph splits = 1
attach_threadpool: call
threads: decode=4 batch=4
prompt tokens: 4
running one forward pass (llama_decode) ...
Top-5 next-token candidates:
  id=3 logit=0 piece=""$""
  id=4 logit=0 piece=""%""
  id=1 logit=0 piece=""""""
  id=0 logit=0 piece=""!""
  id=2 logit=0 piece=""#""
Autoregressive generation:
Generated text: !
Decode-only throughput: 23.8677 tokens/s (1 tokens in 0.0418977 s of llama_decode)
End-to-end throughput: 23.6851 tokens/s (1 tokens in 0.0422207 s)
[decode-stage-profile] model_load=372.93 ms context_create=55.7503 ms tokenize=0.432346 ms prefill_decode=72.0475 ms generation_decode=41.8977 ms generation_total=42.2207 ms program_total=559.81 ms
[svd-local-op-profile] up_ops=56 gate_ops=56 down_ops=56 up_total=28.844 ms gate_total=28.369 ms down_total=19.768 ms up_v=4.380 ms gate_v=4.419 ms down_v=15.084 ms up_u=24.459 ms gate_u=23.943 ms down_u=4.679 ms
[svd-local-stage-profile] attention_total=6.163 ms ffn_total=78.107 ms ffn_svd_total=76.981 ms ffn_svd_v=23.883 ms ffn_svd_u=53.081 ms
[svd-offload-zero-profile] up_finish=0 up_cache=0 up_no_request=27 gate_finish=0 gate_cache=0 gate_no_request=27 down_finish=0 down_cache=0 down_no_request=27 other_finish=0 other_cache=0 other_no_request=0
[svd-local-timeout-profile] up_keep=0 up_drop=0 up_wait=0.000 ms gate_keep=0 gate_drop=0 gate_wait=0.000 ms down_keep=0 down_drop=0 down_wait=0.000 ms other_keep=0 other_drop=0 other_wait=0.000 ms
[svd-offload-client] up_gate_req=0 down_req=0 other_mat_req=0 ffn_req=0 gate_cache_hits=0 gate_cache_checks=0 miss_invalid=0 miss_layer=0 miss_rank=0 miss_hash=0 miss_output=0 miss_data=0 send_up_gate=0.000 ms send_down=0.000 ms send_other=0.000 ms send_ffn=0.000 ms wait_up_gate=0.000 ms wait_down=0.000 ms wait_other=0.000 ms wait_ffn=0.000 ms
[svd-offload-client-stage-profile] rpc_send_total=0.000 ms rpc_wait_total=0.000 ms
[svd-offload-client-debug] finish_fail_up_gate=0 finish_fail_down=0 finish_fail_other=0 finish_fail_ffn=0 cache_take_fail_up=0 cache_take_fail_gate=0 recv_up_sum_abs=0.000000e+00 recv_up_max_abs=0.000000e+00 recv_up_zero=0 recv_gate_sum_abs=0.000000e+00 recv_gate_max_abs=0.000000e+00 recv_gate_zero=0 recv_down_sum_abs=0.000000e+00 recv_down_max_abs=0.000000e+00 recv_down_zero=0 recv_other_sum_abs=0.000000e+00 recv_other_max_abs=0.000000e+00 recv_other_zero=0 recv_ffn_sum_abs=0.000000e+00 recv_ffn_max_abs=0.000000e+00 recv_ffn_zero=0
SUCCEED (one forward pass done)"
candidate,4c_front_hot,3,all_0.4,,4,"60,61,62,63","90,70,20,0",ok,24.239,41.2558,1.138617349599072,,,,0.7476744651794434,"llama_context: graph splits = 1
attach_threadpool: call
threads: decode=4 batch=4
prompt tokens: 4
running one forward pass (llama_decode) ...
Top-5 next-token candidates:
  id=3 logit=0 piece=""$""
  id=4 logit=0 piece=""%""
  id=1 logit=0 piece=""""""
  id=0 logit=0 piece=""!""
  id=2 logit=0 piece=""#""
Autoregressive generation:
Generated text: !
Decode-only throughput: 24.239 tokens/s (1 tokens in 0.0412558 s of llama_decode)
End-to-end throughput: 24.0586 tokens/s (1 tokens in 0.0415652 s)
[decode-stage-profile] model_load=386.173 ms context_create=56.4878 ms tokenize=0.447884 ms prefill_decode=68.344 ms generation_decode=41.2558 ms generation_total=41.5652 ms program_total=569.4 ms
[svd-local-op-profile] up_ops=56 gate_ops=56 down_ops=56 up_total=27.360 ms gate_total=26.589 ms down_total=18.636 ms up_v=3.997 ms gate_v=3.808 ms down_v=14.271 ms up_u=23.359 ms gate_u=22.776 ms down_u=4.361 ms
[svd-local-stage-profile] attention_total=1.354 ms ffn_total=73.818 ms ffn_svd_total=72.585 ms ffn_svd_v=22.076 ms ffn_svd_u=50.496 ms
[svd-offload-zero-profile] up_finish=0 up_cache=0 up_no_request=27 gate_finish=0 gate_cache=0 gate_no_request=27 down_finish=0 down_cache=0 down_no_request=27 other_finish=0 other_cache=0 other_no_request=0
[svd-local-timeout-profile] up_keep=0 up_drop=0 up_wait=0.000 ms gate_keep=0 gate_drop=0 gate_wait=0.000 ms down_keep=0 down_drop=0 down_wait=0.000 ms other_keep=0 other_drop=0 other_wait=0.000 ms
[svd-offload-client] up_gate_req=0 down_req=0 other_mat_req=0 ffn_req=0 gate_cache_hits=0 gate_cache_checks=0 miss_invalid=0 miss_layer=0 miss_rank=0 miss_hash=0 miss_output=0 miss_data=0 send_up_gate=0.000 ms send_down=0.000 ms send_other=0.000 ms send_ffn=0.000 ms wait_up_gate=0.000 ms wait_down=0.000 ms wait_other=0.000 ms wait_ffn=0.000 ms
[svd-offload-client-stage-profile] rpc_send_total=0.000 ms rpc_wait_total=0.000 ms
[svd-offload-client-debug] finish_fail_up_gate=0 finish_fail_down=0 finish_fail_other=0 finish_fail_ffn=0 cache_take_fail_up=0 cache_take_fail_gate=0 recv_up_sum_abs=0.000000e+00 recv_up_max_abs=0.000000e+00 recv_up_zero=0 recv_gate_sum_abs=0.000000e+00 recv_gate_max_abs=0.000000e+00 recv_gate_zero=0 recv_down_sum_abs=0.000000e+00 recv_down_max_abs=0.000000e+00 recv_down_zero=0 recv_other_sum_abs=0.000000e+00 recv_other_max_abs=0.000000e+00 recv_other_zero=0 recv_ffn_sum_abs=0.000000e+00 recv_ffn_max_abs=0.000000e+00 recv_ffn_zero=0
SUCCEED (one forward pass done)"
candidate,4c_front_hot,3,all_0.45,,4,"60,61,62,63","90,70,20,0",ok,24.6256,40.6081,1.1567777302812368,,,,1.026620864868164,"llama_context: graph splits = 1
attach_threadpool: call
threads: decode=4 batch=4
prompt tokens: 4
running one forward pass (llama_decode) ...
Top-5 next-token candidates:
  id=3 logit=0 piece=""$""
  id=4 logit=0 piece=""%""
  id=1 logit=0 piece=""""""
  id=0 logit=0 piece=""!""
  id=2 logit=0 piece=""#""
Autoregressive generation:
Generated text: !
Decode-only throughput: 24.6256 tokens/s (1 tokens in 0.0406081 s of llama_decode)
End-to-end throughput: 24.437 tokens/s (1 tokens in 0.0409216 s)
[decode-stage-profile] model_load=380.804 ms context_create=55.9611 ms tokenize=0.435776 ms prefill_decode=363.089 ms generation_decode=40.6081 ms generation_total=40.9216 ms program_total=857.752 ms
[svd-local-op-profile] up_ops=56 gate_ops=56 down_ops=56 up_total=26.257 ms gate_total=25.708 ms down_total=17.364 ms up_v=3.398 ms gate_v=3.239 ms down_v=13.049 ms up_u=22.852 ms gate_u=22.469 ms down_u=4.309 ms
[svd-local-stage-profile] attention_total=62.228 ms ffn_total=73.086 ms ffn_svd_total=69.329 ms ffn_svd_v=19.686 ms ffn_svd_u=49.630 ms
[svd-offload-zero-profile] up_finish=0 up_cache=0 up_no_request=27 gate_finish=0 gate_cache=0 gate_no_request=27 down_finish=0 down_cache=0 down_no_request=27 other_finish=0 other_cache=0 other_no_request=0
[svd-local-timeout-profile] up_keep=0 up_drop=0 up_wait=0.000 ms gate_keep=0 gate_drop=0 gate_wait=0.000 ms down_keep=0 down_drop=0 down_wait=0.000 ms other_keep=0 other_drop=0 other_wait=0.000 ms
[svd-offload-client] up_gate_req=0 down_req=0 other_mat_req=0 ffn_req=0 gate_cache_hits=0 gate_cache_checks=0 miss_invalid=0 miss_layer=0 miss_rank=0 miss_hash=0 miss_output=0 miss_data=0 send_up_gate=0.000 ms send_down=0.000 ms send_other=0.000 ms send_ffn=0.000 ms wait_up_gate=0.000 ms wait_down=0.000 ms wait_other=0.000 ms wait_ffn=0.000 ms
[svd-offload-client-stage-profile] rpc_send_total=0.000 ms rpc_wait_total=0.000 ms
[svd-offload-client-debug] finish_fail_up_gate=0 finish_fail_down=0 finish_fail_other=0 finish_fail_ffn=0 cache_take_fail_up=0 cache_take_fail_gate=0 recv_up_sum_abs=0.000000e+00 recv_up_max_abs=0.000000e+00 recv_up_zero=0 recv_gate_sum_abs=0.000000e+00 recv_gate_max_abs=0.000000e+00 recv_gate_zero=0 recv_down_sum_abs=0.000000e+00 recv_down_max_abs=0.000000e+00 recv_down_zero=0 recv_other_sum_abs=0.000000e+00 recv_other_max_abs=0.000000e+00 recv_other_zero=0 recv_ffn_sum_abs=0.000000e+00 recv_ffn_max_abs=0.000000e+00 recv_ffn_zero=0
SUCCEED (one forward pass done)"
candidate,4c_front_hot,3,all_0.5,,4,"60,61,62,63","90,70,20,0",ok,24.9114,40.1423,1.1702030711994025,,,,0.7208657264709473,"llama_context: graph splits = 1
attach_threadpool: call
threads: decode=4 batch=4
prompt tokens: 4
running one forward pass (llama_decode) ...
Top-5 next-token candidates:
  id=11 logit=15.272 piece="",""
  id=12 logit=14.9123 piece=""-""
  id=51730 logit=14.8613 piece="" Ri""
  id=6216 logit=14.8165 piece="" ir""
  id=472 logit=14.5534 piece="" H""
Autoregressive generation:
Generated text: ,
Decode-only throughput: 24.9114 tokens/s (1 tokens in 0.0401423 s of llama_decode)
End-to-end throughput: 24.7249 tokens/s (1 tokens in 0.0404451 s)
[decode-stage-profile] model_load=385.45 ms context_create=57.4725 ms tokenize=0.474222 ms prefill_decode=64.4435 ms generation_decode=40.1423 ms generation_total=40.4451 ms program_total=564.669 ms
[svd-local-op-profile] up_ops=56 gate_ops=56 down_ops=56 up_total=25.674 ms gate_total=25.147 ms down_total=16.388 ms up_v=3.186 ms gate_v=3.301 ms down_v=12.078 ms up_u=22.484 ms gate_u=21.841 ms down_u=4.305 ms
[svd-local-stage-profile] attention_total=5.158 ms ffn_total=68.289 ms ffn_svd_total=67.209 ms ffn_svd_v=18.565 ms ffn_svd_u=48.630 ms
[svd-offload-zero-profile] up_finish=0 up_cache=0 up_no_request=27 gate_finish=0 gate_cache=0 gate_no_request=27 down_finish=0 down_cache=0 down_no_request=27 other_finish=0 other_cache=0 other_no_request=0
[svd-local-timeout-profile] up_keep=0 up_drop=0 up_wait=0.000 ms gate_keep=0 gate_drop=0 gate_wait=0.000 ms down_keep=0 down_drop=0 down_wait=0.000 ms other_keep=0 other_drop=0 other_wait=0.000 ms
[svd-offload-client] up_gate_req=0 down_req=0 other_mat_req=0 ffn_req=0 gate_cache_hits=0 gate_cache_checks=0 miss_invalid=0 miss_layer=0 miss_rank=0 miss_hash=0 miss_output=0 miss_data=0 send_up_gate=0.000 ms send_down=0.000 ms send_other=0.000 ms send_ffn=0.000 ms wait_up_gate=0.000 ms wait_down=0.000 ms wait_other=0.000 ms wait_ffn=0.000 ms
[svd-offload-client-stage-profile] rpc_send_total=0.000 ms rpc_wait_total=0.000 ms
[svd-offload-client-debug] finish_fail_up_gate=0 finish_fail_down=0 finish_fail_other=0 finish_fail_ffn=0 cache_take_fail_up=0 cache_take_fail_gate=0 recv_up_sum_abs=0.000000e+00 recv_up_max_abs=0.000000e+00 recv_up_zero=0 recv_gate_sum_abs=0.000000e+00 recv_gate_max_abs=0.000000e+00 recv_gate_zero=0 recv_down_sum_abs=0.000000e+00 recv_down_max_abs=0.000000e+00 recv_down_zero=0 recv_other_sum_abs=0.000000e+00 recv_other_max_abs=0.000000e+00 recv_other_zero=0 recv_ffn_sum_abs=0.000000e+00 recv_ffn_max_abs=0.000000e+00 recv_ffn_zero=0
SUCCEED (one forward pass done)"
candidate,4c_front_hot,3,all_0.55,,4,"60,61,62,63","90,70,20,0",ok,24.8932,40.1717,1.169348133464236,,,,1.7861552238464355,"llama_context: graph splits = 1
attach_threadpool: call
threads: decode=4 batch=4
prompt tokens: 4
running one forward pass (llama_decode) ...
Top-5 next-token candidates:
  id=3 logit=0 piece=""$""
  id=4 logit=0 piece=""%""
  id=1 logit=0 piece=""""""
  id=0 logit=0 piece=""!""
  id=2 logit=0 piece=""#""
Autoregressive generation:
Generated text: !
Decode-only throughput: 24.8932 tokens/s (1 tokens in 0.0401717 s of llama_decode)
End-to-end throughput: 24.7065 tokens/s (1 tokens in 0.0404752 s)
[decode-stage-profile] model_load=375.472 ms context_create=56.7276 ms tokenize=0.451131 ms prefill_decode=1145.92 ms generation_decode=40.1717 ms generation_total=40.4752 ms program_total=1635.53 ms
[svd-local-op-profile] up_ops=56 gate_ops=56 down_ops=56 up_total=66.507 ms gate_total=65.092 ms down_total=57.189 ms up_v=17.204 ms gate_v=20.391 ms down_v=24.942 ms up_u=49.302 ms gate_u=44.696 ms down_u=32.240 ms
[svd-local-stage-profile] attention_total=150.309 ms ffn_total=254.174 ms ffn_svd_total=188.788 ms ffn_svd_v=62.537 ms ffn_svd_u=126.238 ms
[svd-offload-zero-profile] up_finish=0 up_cache=0 up_no_request=27 gate_finish=0 gate_cache=0 gate_no_request=27 down_finish=0 down_cache=0 down_no_request=27 other_finish=0 other_cache=0 other_no_request=0
[svd-local-timeout-profile] up_keep=0 up_drop=0 up_wait=0.000 ms gate_keep=0 gate_drop=0 gate_wait=0.000 ms down_keep=0 down_drop=0 down_wait=0.000 ms other_keep=0 other_drop=0 other_wait=0.000 ms
[svd-offload-client] up_gate_req=0 down_req=0 other_mat_req=0 ffn_req=0 gate_cache_hits=0 gate_cache_checks=0 miss_invalid=0 miss_layer=0 miss_rank=0 miss_hash=0 miss_output=0 miss_data=0 send_up_gate=0.000 ms send_down=0.000 ms send_other=0.000 ms send_ffn=0.000 ms wait_up_gate=0.000 ms wait_down=0.000 ms wait_other=0.000 ms wait_ffn=0.000 ms
[svd-offload-client-stage-profile] rpc_send_total=0.000 ms rpc_wait_total=0.000 ms
[svd-offload-client-debug] finish_fail_up_gate=0 finish_fail_down=0 finish_fail_other=0 finish_fail_ffn=0 cache_take_fail_up=0 cache_take_fail_gate=0 recv_up_sum_abs=0.000000e+00 recv_up_max_abs=0.000000e+00 recv_up_zero=0 recv_gate_sum_abs=0.000000e+00 recv_gate_max_abs=0.000000e+00 recv_gate_zero=0 recv_down_sum_abs=0.000000e+00 recv_down_max_abs=0.000000e+00 recv_down_zero=0 recv_other_sum_abs=0.000000e+00 recv_other_max_abs=0.000000e+00 recv_other_zero=0 recv_ffn_sum_abs=0.000000e+00 recv_ffn_max_abs=0.000000e+00 recv_ffn_zero=0
SUCCEED (one forward pass done)"
candidate,4c_front_hot,3,all_0.6,,4,"60,61,62,63","90,70,20,0",ok,1.45363,687.932,0.06828368900935264,,,,1.7526366710662842,"llama_context: graph splits = 1
attach_threadpool: call
threads: decode=4 batch=4
prompt tokens: 4
running one forward pass (llama_decode) ...
Top-5 next-token candidates:
  id=548 logit=12.2312 piece="" pr""
  id=62 logit=11.7936 piece=""_""
  id=512 logit=11.5545 piece="" le""
  id=9985 logit=11.4281 piece=""CM""
  id=1315 logit=11.3357 piece=""ait""
Autoregressive generation:
Generated text:  pr
Decode-only throughput: 1.45363 tokens/s (1 tokens in 0.687932 s of llama_decode)
End-to-end throughput: 1.45297 tokens/s (1 tokens in 0.688246 s)
[decode-stage-profile] model_load=382.688 ms context_create=54.9355 ms tokenize=0.462025 ms prefill_decode=444.784 ms generation_decode=687.932 ms generation_total=688.246 ms program_total=1587.04 ms
[svd-local-op-profile] up_ops=56 gate_ops=56 down_ops=56 up_total=73.054 ms gate_total=81.681 ms down_total=78.757 ms up_v=17.018 ms gate_v=25.537 ms down_v=39.449 ms up_u=56.026 ms gate_u=56.138 ms down_u=39.305 ms
[svd-local-stage-profile] attention_total=251.519 ms ffn_total=397.400 ms ffn_svd_total=233.492 ms ffn_svd_v=82.004 ms ffn_svd_u=151.469 ms
[svd-offload-zero-profile] up_finish=0 up_cache=0 up_no_request=27 gate_finish=0 gate_cache=0 gate_no_request=27 down_finish=0 down_cache=0 down_no_request=27 other_finish=0 other_cache=0 other_no_request=0
[svd-local-timeout-profile] up_keep=0 up_drop=0 up_wait=0.000 ms gate_keep=0 gate_drop=0 gate_wait=0.000 ms down_keep=0 down_drop=0 down_wait=0.000 ms other_keep=0 other_drop=0 other_wait=0.000 ms
[svd-offload-client] up_gate_req=0 down_req=0 other_mat_req=0 ffn_req=0 gate_cache_hits=0 gate_cache_checks=0 miss_invalid=0 miss_layer=0 miss_rank=0 miss_hash=0 miss_output=0 miss_data=0 send_up_gate=0.000 ms send_down=0.000 ms send_other=0.000 ms send_ffn=0.000 ms wait_up_gate=0.000 ms wait_down=0.000 ms wait_other=0.000 ms wait_ffn=0.000 ms
[svd-offload-client-stage-profile] rpc_send_total=0.000 ms rpc_wait_total=0.000 ms
[svd-offload-client-debug] finish_fail_up_gate=0 finish_fail_down=0 finish_fail_other=0 finish_fail_ffn=0 cache_take_fail_up=0 cache_take_fail_gate=0 recv_up_sum_abs=0.000000e+00 recv_up_max_abs=0.000000e+00 recv_up_zero=0 recv_gate_sum_abs=0.000000e+00 recv_gate_max_abs=0.000000e+00 recv_gate_zero=0 recv_down_sum_abs=0.000000e+00 recv_down_max_abs=0.000000e+00 recv_down_zero=0 recv_other_sum_abs=0.000000e+00 recv_other_max_abs=0.000000e+00 recv_other_zero=0 recv_ffn_sum_abs=0.000000e+00 recv_ffn_max_abs=0.000000e+00 recv_ffn_zero=0
SUCCEED (one forward pass done)"
candidate,4c_front_hot,3,trunc_even_0.8,,4,"60,61,62,63","90,70,20,0",ok,23.6923,42.2078,1.1129363353234905,,,,0.7167856693267822,"llama_context: graph splits = 1
attach_threadpool: call
threads: decode=4 batch=4
prompt tokens: 4
running one forward pass (llama_decode) ...
Top-5 next-token candidates:
  id=3 logit=0 piece=""$""
  id=4 logit=0 piece=""%""
  id=1 logit=0 piece=""""""
  id=0 logit=0 piece=""!""
  id=2 logit=0 piece=""#""
Autoregressive generation:
Generated text: !
Decode-only throughput: 23.6923 tokens/s (1 tokens in 0.0422078 s of llama_decode)
End-to-end throughput: 23.5235 tokens/s (1 tokens in 0.0425107 s)
[decode-stage-profile] model_load=381.05 ms context_create=58.458 ms tokenize=0.461004 ms prefill_decode=67.7054 ms generation_decode=42.2078 ms generation_total=42.5107 ms program_total=566.495 ms
[svd-local-op-profile] up_ops=56 gate_ops=56 down_ops=56 up_total=27.250 ms gate_total=27.520 ms down_total=18.323 ms up_v=3.498 ms gate_v=3.779 ms down_v=13.740 ms up_u=23.749 ms gate_u=23.731 ms down_u=4.581 ms
[svd-local-stage-profile] attention_total=1.259 ms ffn_total=74.296 ms ffn_svd_total=73.093 ms ffn_svd_v=21.017 ms ffn_svd_u=52.061 ms
[svd-offload-zero-profile] up_finish=0 up_cache=0 up_no_request=27 gate_finish=0 gate_cache=0 gate_no_request=27 down_finish=0 down_cache=0 down_no_request=27 other_finish=0 other_cache=0 other_no_request=0
[svd-local-timeout-profile] up_keep=0 up_drop=0 up_wait=0.000 ms gate_keep=0 gate_drop=0 gate_wait=0.000 ms down_keep=0 down_drop=0 down_wait=0.000 ms other_keep=0 other_drop=0 other_wait=0.000 ms
[svd-offload-client] up_gate_req=0 down_req=0 other_mat_req=0 ffn_req=0 gate_cache_hits=0 gate_cache_checks=0 miss_invalid=0 miss_layer=0 miss_rank=0 miss_hash=0 miss_output=0 miss_data=0 send_up_gate=0.000 ms send_down=0.000 ms send_other=0.000 ms send_ffn=0.000 ms wait_up_gate=0.000 ms wait_down=0.000 ms wait_other=0.000 ms wait_ffn=0.000 ms
[svd-offload-client-stage-profile] rpc_send_total=0.000 ms rpc_wait_total=0.000 ms
[svd-offload-client-debug] finish_fail_up_gate=0 finish_fail_down=0 finish_fail_other=0 finish_fail_ffn=0 cache_take_fail_up=0 cache_take_fail_gate=0 recv_up_sum_abs=0.000000e+00 recv_up_max_abs=0.000000e+00 recv_up_zero=0 recv_gate_sum_abs=0.000000e+00 recv_gate_max_abs=0.000000e+00 recv_gate_zero=0 recv_down_sum_abs=0.000000e+00 recv_down_max_abs=0.000000e+00 recv_down_zero=0 recv_other_sum_abs=0.000000e+00 recv_other_max_abs=0.000000e+00 recv_other_zero=0 recv_ffn_sum_abs=0.000000e+00 recv_ffn_max_abs=0.000000e+00 recv_ffn_zero=0
SUCCEED (one forward pass done)"
candidate,4c_front_hot,3,trunc_even_0.85,,4,"60,61,62,63","90,70,20,0",ok,23.3703,42.7893,1.0978105138551586,,,,0.8160734176635742,"llama_context: graph splits = 1
attach_threadpool: call
threads: decode=4 batch=4
prompt tokens: 4
running one forward pass (llama_decode) ...
Top-5 next-token candidates:
  id=3 logit=0 piece=""$""
  id=4 logit=0 piece=""%""
  id=1 logit=0 piece=""""""
  id=0 logit=0 piece=""!""
  id=2 logit=0 piece=""#""
Autoregressive generation:
Generated text: !
Decode-only throughput: 23.3703 tokens/s (1 tokens in 0.0427893 s of llama_decode)
End-to-end throughput: 23.1958 tokens/s (1 tokens in 0.0431112 s)
[decode-stage-profile] model_load=392.711 ms context_create=66.1958 ms tokenize=0.678267 ms prefill_decode=134.119 ms generation_decode=42.7893 ms generation_total=43.1112 ms program_total=654.74 ms
[svd-local-op-profile] up_ops=56 gate_ops=56 down_ops=56 up_total=32.354 ms gate_total=35.780 ms down_total=22.049 ms up_v=4.327 ms gate_v=4.354 ms down_v=17.061 ms up_u=28.023 ms gate_u=31.417 ms down_u=4.982 ms
[svd-local-stage-profile] attention_total=25.291 ms ffn_total=91.483 ms ffn_svd_total=90.183 ms ffn_svd_v=25.742 ms ffn_svd_u=64.422 ms
[svd-offload-zero-profile] up_finish=0 up_cache=0 up_no_request=27 gate_finish=0 gate_cache=0 gate_no_request=27 down_finish=0 down_cache=0 down_no_request=27 other_finish=0 other_cache=0 other_no_request=0
[svd-local-timeout-profile] up_keep=0 up_drop=0 up_wait=0.000 ms gate_keep=0 gate_drop=0 gate_wait=0.000 ms down_keep=0 down_drop=0 down_wait=0.000 ms other_keep=0 other_drop=0 other_wait=0.000 ms
[svd-offload-client] up_gate_req=0 down_req=0 other_mat_req=0 ffn_req=0 gate_cache_hits=0 gate_cache_checks=0 miss_invalid=0 miss_layer=0 miss_rank=0 miss_hash=0 miss_output=0 miss_data=0 send_up_gate=0.000 ms send_down=0.000 ms send_other=0.000 ms send_ffn=0.000 ms wait_up_gate=0.000 ms wait_down=0.000 ms wait_other=0.000 ms wait_ffn=0.000 ms
[svd-offload-client-stage-profile] rpc_send_total=0.000 ms rpc_wait_total=0.000 ms
[svd-offload-client-debug] finish_fail_up_gate=0 finish_fail_down=0 finish_fail_other=0 finish_fail_ffn=0 cache_take_fail_up=0 cache_take_fail_gate=0 recv_up_sum_abs=0.000000e+00 recv_up_max_abs=0.000000e+00 recv_up_zero=0 recv_gate_sum_abs=0.000000e+00 recv_gate_max_abs=0.000000e+00 recv_gate_zero=0 recv_down_sum_abs=0.000000e+00 recv_down_max_abs=0.000000e+00 recv_down_zero=0 recv_other_sum_abs=0.000000e+00 recv_other_max_abs=0.000000e+00 recv_other_zero=0 recv_ffn_sum_abs=0.000000e+00 recv_ffn_max_abs=0.000000e+00 recv_ffn_zero=0
SUCCEED (one forward pass done)"
selected,4c_front_hot,3,all_0.45,all_0.45,4,"60,61,62,63","90,70,20,0",ok,,,,21.2881,24.6256,1.1567777302812368,,
candidate,4c_front_hot,4,baseline_no_svd,,4,"60,61,62,63","90,70,20,0",ok,0.507691,1969.7,1.0,,,,2.777944326400757,"llama_context: graph splits = 1
attach_threadpool: call
threads: decode=4 batch=4
prompt tokens: 4
running one forward pass (llama_decode) ...
Top-5 next-token candidates:
  id=11 logit=20.2053 piece="",""
  id=304 logit=18.9277 piece="" in""
  id=3837 logit=18.7558 piece=""，""
  id=1052 logit=18.5616 piece="" there""
  id=358 logit=17.8374 piece="" I""
Autoregressive generation:
Generated text: ,
Decode-only throughput: 0.507691 tokens/s (1 tokens in 1.9697 s of llama_decode)
End-to-end throughput: 0.507598 tokens/s (1 tokens in 1.97006 s)
[decode-stage-profile] model_load=382.672 ms context_create=58.8371 ms tokenize=0.46338 ms prefill_decode=193.269 ms generation_decode=1969.7 ms generation_total=1970.06 ms program_total=2621.62 ms
[svd-local-op-profile] up_ops=56 gate_ops=56 down_ops=56 up_total=140.170 ms gate_total=122.064 ms down_total=132.097 ms up_v=46.039 ms gate_v=26.830 ms down_v=52.428 ms up_u=94.121 ms gate_u=95.232 ms down_u=79.666 ms
[svd-local-stage-profile] attention_total=522.954 ms ffn_total=845.314 ms ffn_svd_total=394.331 ms ffn_svd_v=125.297 ms ffn_svd_u=269.019 ms
[svd-offload-zero-profile] up_finish=0 up_cache=0 up_no_request=27 gate_finish=0 gate_cache=0 gate_no_request=27 down_finish=0 down_cache=0 down_no_request=27 other_finish=0 other_cache=0 other_no_request=0
[svd-local-timeout-profile] up_keep=0 up_drop=0 up_wait=0.000 ms gate_keep=0 gate_drop=0 gate_wait=0.000 ms down_keep=0 down_drop=0 down_wait=0.000 ms other_keep=0 other_drop=0 other_wait=0.000 ms
[svd-offload-client] up_gate_req=0 down_req=0 other_mat_req=0 ffn_req=0 gate_cache_hits=0 gate_cache_checks=0 miss_invalid=0 miss_layer=0 miss_rank=0 miss_hash=0 miss_output=0 miss_data=0 send_up_gate=0.000 ms send_down=0.000 ms send_other=0.000 ms send_ffn=0.000 ms wait_up_gate=0.000 ms wait_down=0.000 ms wait_other=0.000 ms wait_ffn=0.000 ms
[svd-offload-client-stage-profile] rpc_send_total=0.000 ms rpc_wait_total=0.000 ms
[svd-offload-client-debug] finish_fail_up_gate=0 finish_fail_down=0 finish_fail_other=0 finish_fail_ffn=0 cache_take_fail_up=0 cache_take_fail_gate=0 recv_up_sum_abs=0.000000e+00 recv_up_max_abs=0.000000e+00 recv_up_zero=0 recv_gate_sum_abs=0.000000e+00 recv_gate_max_abs=0.000000e+00 recv_gate_zero=0 recv_down_sum_abs=0.000000e+00 recv_down_max_abs=0.000000e+00 recv_down_zero=0 recv_other_sum_abs=0.000000e+00 recv_other_max_abs=0.000000e+00 recv_other_zero=0 recv_ffn_sum_abs=0.000000e+00 recv_ffn_max_abs=0.000000e+00 recv_ffn_zero=0
SUCCEED (one forward pass done)"
candidate,4c_front_hot,4,all_0.05,,4,"60,61,62,63","90,70,20,0",ok,21.5467,46.4108,42.44057901361261,,,,1.8008904457092285,"llama_context: graph splits = 1
attach_threadpool: call
threads: decode=4 batch=4
prompt tokens: 4
running one forward pass (llama_decode) ...
Top-5 next-token candidates:
  id=3 logit=0 piece=""$""
  id=4 logit=0 piece=""%""
  id=1 logit=0 piece=""""""
  id=0 logit=0 piece=""!""
  id=2 logit=0 piece=""#""
Autoregressive generation:
Generated text: !
Decode-only throughput: 21.5467 tokens/s (1 tokens in 0.0464108 s of llama_decode)
End-to-end throughput: 21.3945 tokens/s (1 tokens in 0.0467409 s)
[decode-stage-profile] model_load=388.885 ms context_create=57.5921 ms tokenize=0.458675 ms prefill_decode=1124.41 ms generation_decode=46.4108 ms generation_total=46.7409 ms program_total=1635.59 ms
[svd-local-op-profile] up_ops=56 gate_ops=56 down_ops=56 up_total=96.793 ms gate_total=93.942 ms down_total=93.269 ms up_v=26.694 ms gate_v=19.463 ms down_v=43.066 ms up_u=70.092 ms gate_u=74.475 ms down_u=50.197 ms
[svd-local-stage-profile] attention_total=164.576 ms ffn_total=379.512 ms ffn_svd_total=284.004 ms ffn_svd_v=89.223 ms ffn_svd_u=194.764 ms
[svd-offload-zero-profile] up_finish=0 up_cache=0 up_no_request=27 gate_finish=0 gate_cache=0 gate_no_request=27 down_finish=0 down_cache=0 down_no_request=27 other_finish=0 other_cache=0 other_no_request=0
[svd-local-timeout-profile] up_keep=0 up_drop=0 up_wait=0.000 ms gate_keep=0 gate_drop=0 gate_wait=0.000 ms down_keep=0 down_drop=0 down_wait=0.000 ms other_keep=0 other_drop=0 other_wait=0.000 ms
[svd-offload-client] up_gate_req=0 down_req=0 other_mat_req=0 ffn_req=0 gate_cache_hits=0 gate_cache_checks=0 miss_invalid=0 miss_layer=0 miss_rank=0 miss_hash=0 miss_output=0 miss_data=0 send_up_gate=0.000 ms send_down=0.000 ms send_other=0.000 ms send_ffn=0.000 ms wait_up_gate=0.000 ms wait_down=0.000 ms wait_other=0.000 ms wait_ffn=0.000 ms
[svd-offload-client-stage-profile] rpc_send_total=0.000 ms rpc_wait_total=0.000 ms
[svd-offload-client-debug] finish_fail_up_gate=0 finish_fail_down=0 finish_fail_other=0 finish_fail_ffn=0 cache_take_fail_up=0 cache_take_fail_gate=0 recv_up_sum_abs=0.000000e+00 recv_up_max_abs=0.000000e+00 recv_up_zero=0 recv_gate_sum_abs=0.000000e+00 recv_gate_max_abs=0.000000e+00 recv_gate_zero=0 recv_down_sum_abs=0.000000e+00 recv_down_max_abs=0.000000e+00 recv_down_zero=0 recv_other_sum_abs=0.000000e+00 recv_other_max_abs=0.000000e+00 recv_other_zero=0 recv_ffn_sum_abs=0.000000e+00 recv_ffn_max_abs=0.000000e+00 recv_ffn_zero=0
SUCCEED (one forward pass done)"
candidate,4c_front_hot,4,all_0.1,,4,"60,61,62,63","90,70,20,0",ok,22.248,44.9479,43.821931056489085,,,,1.0047318935394287,"llama_context: graph splits = 1
attach_threadpool: call
threads: decode=4 batch=4
prompt tokens: 4
running one forward pass (llama_decode) ...
Top-5 next-token candidates:
  id=3 logit=0 piece=""$""
  id=4 logit=0 piece=""%""
  id=1 logit=0 piece=""""""
  id=0 logit=0 piece=""!""
  id=2 logit=0 piece=""#""
Autoregressive generation:
Generated text: !
Decode-only throughput: 22.248 tokens/s (1 tokens in 0.0449479 s of llama_decode)
End-to-end throughput: 22.0938 tokens/s (1 tokens in 0.0452615 s)
[decode-stage-profile] model_load=389.124 ms context_create=59.0465 ms tokenize=0.461893 ms prefill_decode=340.67 ms generation_decode=44.9479 ms generation_total=45.2615 ms program_total=851.811 ms
[svd-local-op-profile] up_ops=56 gate_ops=56 down_ops=56 up_total=53.541 ms gate_total=44.140 ms down_total=46.603 ms up_v=12.124 ms gate_v=5.077 ms down_v=27.185 ms up_u=41.407 ms gate_u=39.056 ms down_u=19.416 ms
[svd-local-stage-profile] attention_total=58.113 ms ffn_total=169.257 ms ffn_svd_total=144.284 ms ffn_svd_v=44.386 ms ffn_svd_u=99.879 ms
[svd-offload-zero-profile] up_finish=0 up_cache=0 up_no_request=27 gate_finish=0 gate_cache=0 gate_no_request=27 down_finish=0 down_cache=0 down_no_request=27 other_finish=0 other_cache=0 other_no_request=0
[svd-local-timeout-profile] up_keep=0 up_drop=0 up_wait=0.000 ms gate_keep=0 gate_drop=0 gate_wait=0.000 ms down_keep=0 down_drop=0 down_wait=0.000 ms other_keep=0 other_drop=0 other_wait=0.000 ms
[svd-offload-client] up_gate_req=0 down_req=0 other_mat_req=0 ffn_req=0 gate_cache_hits=0 gate_cache_checks=0 miss_invalid=0 miss_layer=0 miss_rank=0 miss_hash=0 miss_output=0 miss_data=0 send_up_gate=0.000 ms send_down=0.000 ms send_other=0.000 ms send_ffn=0.000 ms wait_up_gate=0.000 ms wait_down=0.000 ms wait_other=0.000 ms wait_ffn=0.000 ms
[svd-offload-client-stage-profile] rpc_send_total=0.000 ms rpc_wait_total=0.000 ms
[svd-offload-client-debug] finish_fail_up_gate=0 finish_fail_down=0 finish_fail_other=0 finish_fail_ffn=0 cache_take_fail_up=0 cache_take_fail_gate=0 recv_up_sum_abs=0.000000e+00 recv_up_max_abs=0.000000e+00 recv_up_zero=0 recv_gate_sum_abs=0.000000e+00 recv_gate_max_abs=0.000000e+00 recv_gate_zero=0 recv_down_sum_abs=0.000000e+00 recv_down_max_abs=0.000000e+00 recv_down_zero=0 recv_other_sum_abs=0.000000e+00 recv_other_max_abs=0.000000e+00 recv_other_zero=0 recv_ffn_sum_abs=0.000000e+00 recv_ffn_max_abs=0.000000e+00 recv_ffn_zero=0
SUCCEED (one forward pass done)"
candidate,4c_front_hot,4,all_0.15,,4,"60,61,62,63","90,70,20,0",ok,21.8959,45.6706,43.12839896708825,,,,0.8491342067718506,"llama_context: graph splits = 1
attach_threadpool: call
threads: decode=4 batch=4
prompt tokens: 4
running one forward pass (llama_decode) ...
Top-5 next-token candidates:
  id=3 logit=0 piece=""$""
  id=4 logit=0 piece=""%""
  id=1 logit=0 piece=""""""
  id=0 logit=0 piece=""!""
  id=2 logit=0 piece=""#""
Autoregressive generation:
Generated text: !
Decode-only throughput: 21.8959 tokens/s (1 tokens in 0.0456706 s of llama_decode)
End-to-end throughput: 21.7479 tokens/s (1 tokens in 0.0459815 s)
[decode-stage-profile] model_load=386.492 ms context_create=58.9683 ms tokenize=0.463999 ms prefill_decode=183.216 ms generation_decode=45.6706 ms generation_total=45.9815 ms program_total=692.191 ms
[svd-local-op-profile] up_ops=56 gate_ops=56 down_ops=56 up_total=31.963 ms gate_total=31.971 ms down_total=27.985 ms up_v=5.066 ms gate_v=5.026 ms down_v=22.953 ms up_u=26.894 ms gate_u=26.942 ms down_u=5.026 ms
[svd-local-stage-profile] attention_total=54.521 ms ffn_total=93.255 ms ffn_svd_total=91.919 ms ffn_svd_v=33.045 ms ffn_svd_u=58.862 ms
[svd-offload-zero-profile] up_finish=0 up_cache=0 up_no_request=27 gate_finish=0 gate_cache=0 gate_no_request=27 down_finish=0 down_cache=0 down_no_request=27 other_finish=0 other_cache=0 other_no_request=0
[svd-local-timeout-profile] up_keep=0 up_drop=0 up_wait=0.000 ms gate_keep=0 gate_drop=0 gate_wait=0.000 ms down_keep=0 down_drop=0 down_wait=0.000 ms other_keep=0 other_drop=0 other_wait=0.000 ms
[svd-offload-client] up_gate_req=0 down_req=0 other_mat_req=0 ffn_req=0 gate_cache_hits=0 gate_cache_checks=0 miss_invalid=0 miss_layer=0 miss_rank=0 miss_hash=0 miss_output=0 miss_data=0 send_up_gate=0.000 ms send_down=0.000 ms send_other=0.000 ms send_ffn=0.000 ms wait_up_gate=0.000 ms wait_down=0.000 ms wait_other=0.000 ms wait_ffn=0.000 ms
[svd-offload-client-stage-profile] rpc_send_total=0.000 ms rpc_wait_total=0.000 ms
[svd-offload-client-debug] finish_fail_up_gate=0 finish_fail_down=0 finish_fail_other=0 finish_fail_ffn=0 cache_take_fail_up=0 cache_take_fail_gate=0 recv_up_sum_abs=0.000000e+00 recv_up_max_abs=0.000000e+00 recv_up_zero=0 recv_gate_sum_abs=0.000000e+00 recv_gate_max_abs=0.000000e+00 recv_gate_zero=0 recv_down_sum_abs=0.000000e+00 recv_down_max_abs=0.000000e+00 recv_down_zero=0 recv_other_sum_abs=0.000000e+00 recv_other_max_abs=0.000000e+00 recv_other_zero=0 recv_ffn_sum_abs=0.000000e+00 recv_ffn_max_abs=0.000000e+00 recv_ffn_zero=0
SUCCEED (one forward pass done)"
candidate,4c_front_hot,4,all_0.2,,4,"60,61,62,63","90,70,20,0",ok,22.826,43.8098,44.96041883744246,,,,1.6618373394012451,"llama_context: graph splits = 1
attach_threadpool: call
threads: decode=4 batch=4
prompt tokens: 4
running one forward pass (llama_decode) ...
Top-5 next-token candidates:
  id=3 logit=0 piece=""$""
  id=4 logit=0 piece=""%""
  id=1 logit=0 piece=""""""
  id=0 logit=0 piece=""!""
  id=2 logit=0 piece=""#""
Autoregressive generation:
Generated text: !
Decode-only throughput: 22.826 tokens/s (1 tokens in 0.0438098 s of llama_decode)
End-to-end throughput: 22.6638 tokens/s (1 tokens in 0.0441232 s)
[decode-stage-profile] model_load=392.905 ms context_create=57.1514 ms tokenize=0.456539 ms prefill_decode=975.429 ms generation_decode=43.8098 ms generation_total=44.1232 ms program_total=1486.99 ms
[svd-local-op-profile] up_ops=56 gate_ops=56 down_ops=56 up_total=49.289 ms gate_total=50.792 ms down_total=58.222 ms up_v=8.848 ms gate_v=12.436 ms down_v=28.573 ms up_u=40.437 ms gate_u=38.350 ms down_u=29.643 ms
[svd-local-stage-profile] attention_total=203.494 ms ffn_total=205.536 ms ffn_svd_total=158.303 ms ffn_svd_v=49.857 ms ffn_svd_u=108.430 ms
[svd-offload-zero-profile] up_finish=0 up_cache=0 up_no_request=27 gate_finish=0 gate_cache=0 gate_no_request=27 down_finish=0 down_cache=0 down_no_request=27 other_finish=0 other_cache=0 other_no_request=0
[svd-local-timeout-profile] up_keep=0 up_drop=0 up_wait=0.000 ms gate_keep=0 gate_drop=0 gate_wait=0.000 ms down_keep=0 down_drop=0 down_wait=0.000 ms other_keep=0 other_drop=0 other_wait=0.000 ms
[svd-offload-client] up_gate_req=0 down_req=0 other_mat_req=0 ffn_req=0 gate_cache_hits=0 gate_cache_checks=0 miss_invalid=0 miss_layer=0 miss_rank=0 miss_hash=0 miss_output=0 miss_data=0 send_up_gate=0.000 ms send_down=0.000 ms send_other=0.000 ms send_ffn=0.000 ms wait_up_gate=0.000 ms wait_down=0.000 ms wait_other=0.000 ms wait_ffn=0.000 ms
[svd-offload-client-stage-profile] rpc_send_total=0.000 ms rpc_wait_total=0.000 ms
[svd-offload-client-debug] finish_fail_up_gate=0 finish_fail_down=0 finish_fail_other=0 finish_fail_ffn=0 cache_take_fail_up=0 cache_take_fail_gate=0 recv_up_sum_abs=0.000000e+00 recv_up_max_abs=0.000000e+00 recv_up_zero=0 recv_gate_sum_abs=0.000000e+00 recv_gate_max_abs=0.000000e+00 recv_gate_zero=0 recv_down_sum_abs=0.000000e+00 recv_down_max_abs=0.000000e+00 recv_down_zero=0 recv_other_sum_abs=0.000000e+00 recv_other_max_abs=0.000000e+00 recv_other_zero=0 recv_ffn_sum_abs=0.000000e+00 recv_ffn_max_abs=0.000000e+00 recv_ffn_zero=0
SUCCEED (one forward pass done)"
candidate,4c_front_hot,4,all_0.25,,4,"60,61,62,63","90,70,20,0",ok,22.8236,43.8144,44.955691552538845,,,,0.7435619831085205,"llama_context: graph splits = 1
attach_threadpool: call
threads: decode=4 batch=4
prompt tokens: 4
running one forward pass (llama_decode) ...
Top-5 next-token candidates:
  id=264 logit=16.5721 piece="" a""
  id=472 logit=16.4602 piece="" H""
  id=279 logit=16.2173 piece="" the""
  id=39 logit=15.9334 piece=""H""
  id=8 logit=15.4472 piece="")""
Autoregressive generation:
Generated text:  a
Decode-only throughput: 22.8236 tokens/s (1 tokens in 0.0438144 s of llama_decode)
End-to-end throughput: 22.6648 tokens/s (1 tokens in 0.0441212 s)
[decode-stage-profile] model_load=391.47 ms context_create=58.34 ms tokenize=0.46001 ms prefill_decode=77.3065 ms generation_decode=43.8144 ms generation_total=44.1212 ms program_total=588.752 ms
[svd-local-op-profile] up_ops=56 gate_ops=56 down_ops=56 up_total=31.035 ms gate_total=31.036 ms down_total=21.743 ms up_v=4.433 ms gate_v=4.492 ms down_v=17.008 ms up_u=26.596 ms gate_u=26.538 ms down_u=4.731 ms
[svd-local-stage-profile] attention_total=1.312 ms ffn_total=85.045 ms ffn_svd_total=83.814 ms ffn_svd_v=25.933 ms ffn_svd_u=57.865 ms
[svd-offload-zero-profile] up_finish=0 up_cache=0 up_no_request=27 gate_finish=0 gate_cache=0 gate_no_request=27 down_finish=0 down_cache=0 down_no_request=27 other_finish=0 other_cache=0 other_no_request=0
[svd-local-timeout-profile] up_keep=0 up_drop=0 up_wait=0.000 ms gate_keep=0 gate_drop=0 gate_wait=0.000 ms down_keep=0 down_drop=0 down_wait=0.000 ms other_keep=0 other_drop=0 other_wait=0.000 ms
[svd-offload-client] up_gate_req=0 down_req=0 other_mat_req=0 ffn_req=0 gate_cache_hits=0 gate_cache_checks=0 miss_invalid=0 miss_layer=0 miss_rank=0 miss_hash=0 miss_output=0 miss_data=0 send_up_gate=0.000 ms send_down=0.000 ms send_other=0.000 ms send_ffn=0.000 ms wait_up_gate=0.000 ms wait_down=0.000 ms wait_other=0.000 ms wait_ffn=0.000 ms
[svd-offload-client-stage-profile] rpc_send_total=0.000 ms rpc_wait_total=0.000 ms
[svd-offload-client-debug] finish_fail_up_gate=0 finish_fail_down=0 finish_fail_other=0 finish_fail_ffn=0 cache_take_fail_up=0 cache_take_fail_gate=0 recv_up_sum_abs=0.000000e+00 recv_up_max_abs=0.000000e+00 recv_up_zero=0 recv_gate_sum_abs=0.000000e+00 recv_gate_max_abs=0.000000e+00 recv_gate_zero=0 recv_down_sum_abs=0.000000e+00 recv_down_max_abs=0.000000e+00 recv_down_zero=0 recv_other_sum_abs=0.000000e+00 recv_other_max_abs=0.000000e+00 recv_other_zero=0 recv_ffn_sum_abs=0.000000e+00 recv_ffn_max_abs=0.000000e+00 recv_ffn_zero=0
SUCCEED (one forward pass done)"
candidate,4c_front_hot,4,all_0.3,,4,"60,61,62,63","90,70,20,0",ok,21.8732,45.718,43.083686730708244,,,,0.7351551055908203,"llama_context: graph splits = 1
attach_threadpool: call
threads: decode=4 batch=4
prompt tokens: 4
running one forward pass (llama_decode) ...
Top-5 next-token candidates:
  id=3 logit=0 piece=""$""
  id=4 logit=0 piece=""%""
  id=1 logit=0 piece=""""""
  id=0 logit=0 piece=""!""
  id=2 logit=0 piece=""#""
Autoregressive generation:
Generated text: !
Decode-only throughput: 21.8732 tokens/s (1 tokens in 0.045718 s of llama_decode)
End-to-end throughput: 21.7245 tokens/s (1 tokens in 0.0460309 s)
[decode-stage-profile] model_load=389.566 ms context_create=57.1125 ms tokenize=0.461322 ms prefill_decode=71.9914 ms generation_decode=45.718 ms generation_total=46.0309 ms program_total=581.981 ms
[svd-local-op-profile] up_ops=56 gate_ops=56 down_ops=56 up_total=29.265 ms gate_total=31.987 ms down_total=20.706 ms up_v=4.191 ms gate_v=4.398 ms down_v=15.958 ms up_u=25.068 ms gate_u=27.586 ms down_u=4.744 ms
[svd-local-stage-profile] attention_total=4.228 ms ffn_total=83.148 ms ffn_svd_total=81.958 ms ffn_svd_v=24.547 ms ffn_svd_u=57.398 ms
[svd-offload-zero-profile] up_finish=0 up_cache=0 up_no_request=27 gate_finish=0 gate_cache=0 gate_no_request=27 down_finish=0 down_cache=0 down_no_request=27 other_finish=0 other_cache=0 other_no_request=0
[svd-local-timeout-profile] up_keep=0 up_drop=0 up_wait=0.000 ms gate_keep=0 gate_drop=0 gate_wait=0.000 ms down_keep=0 down_drop=0 down_wait=0.000 ms other_keep=0 other_drop=0 other_wait=0.000 ms
[svd-offload-client] up_gate_req=0 down_req=0 other_mat_req=0 ffn_req=0 gate_cache_hits=0 gate_cache_checks=0 miss_invalid=0 miss_layer=0 miss_rank=0 miss_hash=0 miss_output=0 miss_data=0 send_up_gate=0.000 ms send_down=0.000 ms send_other=0.000 ms send_ffn=0.000 ms wait_up_gate=0.000 ms wait_down=0.000 ms wait_other=0.000 ms wait_ffn=0.000 ms
[svd-offload-client-stage-profile] rpc_send_total=0.000 ms rpc_wait_total=0.000 ms
[svd-offload-client-debug] finish_fail_up_gate=0 finish_fail_down=0 finish_fail_other=0 finish_fail_ffn=0 cache_take_fail_up=0 cache_take_fail_gate=0 recv_up_sum_abs=0.000000e+00 recv_up_max_abs=0.000000e+00 recv_up_zero=0 recv_gate_sum_abs=0.000000e+00 recv_gate_max_abs=0.000000e+00 recv_gate_zero=0 recv_down_sum_abs=0.000000e+00 recv_down_max_abs=0.000000e+00 recv_down_zero=0 recv_other_sum_abs=0.000000e+00 recv_other_max_abs=0.000000e+00 recv_other_zero=0 recv_ffn_sum_abs=0.000000e+00 recv_ffn_max_abs=0.000000e+00 recv_ffn_zero=0
SUCCEED (one forward pass done)"
candidate,4c_front_hot,4,all_0.35,,4,"60,61,62,63","90,70,20,0",ok,19.7673,50.5887,38.935691197992476,,,,0.7451446056365967,"llama_context: graph splits = 1
attach_threadpool: call
threads: decode=4 batch=4
prompt tokens: 4
running one forward pass (llama_decode) ...
Top-5 next-token candidates:
  id=3 logit=0 piece=""$""
  id=4 logit=0 piece=""%""
  id=1 logit=0 piece=""""""
  id=0 logit=0 piece=""!""
  id=2 logit=0 piece=""#""
Autoregressive generation:
Generated text: !
Decode-only throughput: 19.7673 tokens/s (1 tokens in 0.0505887 s of llama_decode)
End-to-end throughput: 19.6459 tokens/s (1 tokens in 0.0509012 s)
[decode-stage-profile] model_load=376.695 ms context_create=58.2076 ms tokenize=0.466527 ms prefill_decode=89.4856 ms generation_decode=50.5887 ms generation_total=50.9012 ms program_total=592.177 ms
[svd-local-op-profile] up_ops=56 gate_ops=56 down_ops=56 up_total=42.677 ms gate_total=39.279 ms down_total=24.636 ms up_v=5.175 ms gate_v=5.066 ms down_v=19.295 ms up_u=37.491 ms gate_u=34.210 ms down_u=5.335 ms
[svd-local-stage-profile] attention_total=1.554 ms ffn_total=108.005 ms ffn_svd_total=106.592 ms ffn_svd_v=29.536 ms ffn_svd_u=77.036 ms
[svd-offload-zero-profile] up_finish=0 up_cache=0 up_no_request=27 gate_finish=0 gate_cache=0 gate_no_request=27 down_finish=0 down_cache=0 down_no_request=27 other_finish=0 other_cache=0 other_no_request=0
[svd-local-timeout-profile] up_keep=0 up_drop=0 up_wait=0.000 ms gate_keep=0 gate_drop=0 gate_wait=0.000 ms down_keep=0 down_drop=0 down_wait=0.000 ms other_keep=0 other_drop=0 other_wait=0.000 ms
[svd-offload-client] up_gate_req=0 down_req=0 other_mat_req=0 ffn_req=0 gate_cache_hits=0 gate_cache_checks=0 miss_invalid=0 miss_layer=0 miss_rank=0 miss_hash=0 miss_output=0 miss_data=0 send_up_gate=0.000 ms send_down=0.000 ms send_other=0.000 ms send_ffn=0.000 ms wait_up_gate=0.000 ms wait_down=0.000 ms wait_other=0.000 ms wait_ffn=0.000 ms
[svd-offload-client-stage-profile] rpc_send_total=0.000 ms rpc_wait_total=0.000 ms
[svd-offload-client-debug] finish_fail_up_gate=0 finish_fail_down=0 finish_fail_other=0 finish_fail_ffn=0 cache_take_fail_up=0 cache_take_fail_gate=0 recv_up_sum_abs=0.000000e+00 recv_up_max_abs=0.000000e+00 recv_up_zero=0 recv_gate_sum_abs=0.000000e+00 recv_gate_max_abs=0.000000e+00 recv_gate_zero=0 recv_down_sum_abs=0.000000e+00 recv_down_max_abs=0.000000e+00 recv_down_zero=0 recv_other_sum_abs=0.000000e+00 recv_other_max_abs=0.000000e+00 recv_other_zero=0 recv_ffn_sum_abs=0.000000e+00 recv_ffn_max_abs=0.000000e+00 recv_ffn_zero=0
SUCCEED (one forward pass done)"
candidate,4c_front_hot,4,all_0.4,,4,"60,61,62,63","90,70,20,0",ok,4.69961,212.784,9.256831419111231,,,,1.3159193992614746,"llama_context: graph splits = 1
attach_threadpool: call
threads: decode=4 batch=4
prompt tokens: 4
running one forward pass (llama_decode) ...
Top-5 next-token candidates:
  id=3 logit=0 piece=""$""
  id=4 logit=0 piece=""%""
  id=1 logit=0 piece=""""""
  id=0 logit=0 piece=""!""
  id=2 logit=0 piece=""#""
Autoregressive generation:
Generated text: !
Decode-only throughput: 4.69961 tokens/s (1 tokens in 0.212784 s of llama_decode)
End-to-end throughput: 4.69268 tokens/s (1 tokens in 0.213098 s)
[decode-stage-profile] model_load=380.779 ms context_create=56.5504 ms tokenize=0.465824 ms prefill_decode=508.27 ms generation_decode=212.784 ms generation_total=213.098 ms program_total=1176.04 ms
[svd-local-op-profile] up_ops=56 gate_ops=56 down_ops=56 up_total=48.296 ms gate_total=51.207 ms down_total=42.258 ms up_v=11.000 ms gate_v=10.777 ms down_v=24.003 ms up_u=37.289 ms gate_u=40.427 ms down_u=18.249 ms
[svd-local-stage-profile] attention_total=164.696 ms ffn_total=191.445 ms ffn_svd_total=141.761 ms ffn_svd_v=45.780 ms ffn_svd_u=95.965 ms
[svd-offload-zero-profile] up_finish=0 up_cache=0 up_no_request=27 gate_finish=0 gate_cache=0 gate_no_request=27 down_finish=0 down_cache=0 down_no_request=27 other_finish=0 other_cache=0 other_no_request=0
[svd-local-timeout-profile] up_keep=0 up_drop=0 up_wait=0.000 ms gate_keep=0 gate_drop=0 gate_wait=0.000 ms down_keep=0 down_drop=0 down_wait=0.000 ms other_keep=0 other_drop=0 other_wait=0.000 ms
[svd-offload-client] up_gate_req=0 down_req=0 other_mat_req=0 ffn_req=0 gate_cache_hits=0 gate_cache_checks=0 miss_invalid=0 miss_layer=0 miss_rank=0 miss_hash=0 miss_output=0 miss_data=0 send_up_gate=0.000 ms send_down=0.000 ms send_other=0.000 ms send_ffn=0.000 ms wait_up_gate=0.000 ms wait_down=0.000 ms wait_other=0.000 ms wait_ffn=0.000 ms
[svd-offload-client-stage-profile] rpc_send_total=0.000 ms rpc_wait_total=0.000 ms
[svd-offload-client-debug] finish_fail_up_gate=0 finish_fail_down=0 finish_fail_other=0 finish_fail_ffn=0 cache_take_fail_up=0 cache_take_fail_gate=0 recv_up_sum_abs=0.000000e+00 recv_up_max_abs=0.000000e+00 recv_up_zero=0 recv_gate_sum_abs=0.000000e+00 recv_gate_max_abs=0.000000e+00 recv_gate_zero=0 recv_down_sum_abs=0.000000e+00 recv_down_max_abs=0.000000e+00 recv_down_zero=0 recv_other_sum_abs=0.000000e+00 recv_other_max_abs=0.000000e+00 recv_other_zero=0 recv_ffn_sum_abs=0.000000e+00 recv_ffn_max_abs=0.000000e+00 recv_ffn_zero=0
SUCCEED (one forward pass done)"
candidate,4c_front_hot,4,all_0.45,,4,"60,61,62,63","90,70,20,0",ok,24.5245,40.7756,48.30595775776998,,,,1.5753674507141113,"llama_context: graph splits = 1
attach_threadpool: call
threads: decode=4 batch=4
prompt tokens: 4
running one forward pass (llama_decode) ...
Top-5 next-token candidates:
  id=3 logit=0 piece=""$""
  id=4 logit=0 piece=""%""
  id=1 logit=0 piece=""""""
  id=0 logit=0 piece=""!""
  id=2 logit=0 piece=""#""
Autoregressive generation:
Generated text: !
Decode-only throughput: 24.5245 tokens/s (1 tokens in 0.0407756 s of llama_decode)
End-to-end throughput: 24.3372 tokens/s (1 tokens in 0.0410894 s)
[decode-stage-profile] model_load=388 ms context_create=57.2417 ms tokenize=0.466743 ms prefill_decode=914.037 ms generation_decode=40.7756 ms generation_total=41.0894 ms program_total=1418.01 ms
[svd-local-op-profile] up_ops=56 gate_ops=56 down_ops=56 up_total=67.614 ms gate_total=47.129 ms down_total=70.382 ms up_v=14.381 ms gate_v=10.985 ms down_v=26.818 ms up_u=53.229 ms gate_u=36.138 ms down_u=43.557 ms
[svd-local-stage-profile] attention_total=185.127 ms ffn_total=231.683 ms ffn_svd_total=185.125 ms ffn_svd_v=52.184 ms ffn_svd_u=132.924 ms
[svd-offload-zero-profile] up_finish=0 up_cache=0 up_no_request=27 gate_finish=0 gate_cache=0 gate_no_request=27 down_finish=0 down_cache=0 down_no_request=27 other_finish=0 other_cache=0 other_no_request=0
[svd-local-timeout-profile] up_keep=0 up_drop=0 up_wait=0.000 ms gate_keep=0 gate_drop=0 gate_wait=0.000 ms down_keep=0 down_drop=0 down_wait=0.000 ms other_keep=0 other_drop=0 other_wait=0.000 ms
[svd-offload-client] up_gate_req=0 down_req=0 other_mat_req=0 ffn_req=0 gate_cache_hits=0 gate_cache_checks=0 miss_invalid=0 miss_layer=0 miss_rank=0 miss_hash=0 miss_output=0 miss_data=0 send_up_gate=0.000 ms send_down=0.000 ms send_other=0.000 ms send_ffn=0.000 ms wait_up_gate=0.000 ms wait_down=0.000 ms wait_other=0.000 ms wait_ffn=0.000 ms
[svd-offload-client-stage-profile] rpc_send_total=0.000 ms rpc_wait_total=0.000 ms
[svd-offload-client-debug] finish_fail_up_gate=0 finish_fail_down=0 finish_fail_other=0 finish_fail_ffn=0 cache_take_fail_up=0 cache_take_fail_gate=0 recv_up_sum_abs=0.000000e+00 recv_up_max_abs=0.000000e+00 recv_up_zero=0 recv_gate_sum_abs=0.000000e+00 recv_gate_max_abs=0.000000e+00 recv_gate_zero=0 recv_down_sum_abs=0.000000e+00 recv_down_max_abs=0.000000e+00 recv_down_zero=0 recv_other_sum_abs=0.000000e+00 recv_other_max_abs=0.000000e+00 recv_other_zero=0 recv_ffn_sum_abs=0.000000e+00 recv_ffn_max_abs=0.000000e+00 recv_ffn_zero=0
SUCCEED (one forward pass done)"
candidate,4c_front_hot,4,all_0.5,,4,"60,61,62,63","90,70,20,0",ok,24.736,40.4269,48.72254973990085,,,,0.7250308990478516,"llama_context: graph splits = 1
attach_threadpool: call
threads: decode=4 batch=4
prompt tokens: 4
running one forward pass (llama_decode) ...
Top-5 next-token candidates:
  id=11 logit=15.272 piece="",""
  id=12 logit=14.9123 piece=""-""
  id=51730 logit=14.8613 piece="" Ri""
  id=6216 logit=14.8165 piece="" ir""
  id=472 logit=14.5534 piece="" H""
Autoregressive generation:
Generated text: ,
Decode-only throughput: 24.736 tokens/s (1 tokens in 0.0404269 s of llama_decode)
End-to-end throughput: 24.545 tokens/s (1 tokens in 0.0407414 s)
[decode-stage-profile] model_load=395.715 ms context_create=56.8334 ms tokenize=0.463132 ms prefill_decode=63.4287 ms generation_decode=40.4269 ms generation_total=40.7414 ms program_total=573.973 ms
[svd-local-op-profile] up_ops=56 gate_ops=56 down_ops=56 up_total=25.767 ms gate_total=25.116 ms down_total=16.274 ms up_v=3.413 ms gate_v=3.355 ms down_v=12.005 ms up_u=22.342 ms gate_u=21.757 ms down_u=4.266 ms
[svd-local-stage-profile] attention_total=3.316 ms ffn_total=68.255 ms ffn_svd_total=67.157 ms ffn_svd_v=18.773 ms ffn_svd_u=48.365 ms
[svd-offload-zero-profile] up_finish=0 up_cache=0 up_no_request=27 gate_finish=0 gate_cache=0 gate_no_request=27 down_finish=0 down_cache=0 down_no_request=27 other_finish=0 other_cache=0 other_no_request=0
[svd-local-timeout-profile] up_keep=0 up_drop=0 up_wait=0.000 ms gate_keep=0 gate_drop=0 gate_wait=0.000 ms down_keep=0 down_drop=0 down_wait=0.000 ms other_keep=0 other_drop=0 other_wait=0.000 ms
[svd-offload-client] up_gate_req=0 down_req=0 other_mat_req=0 ffn_req=0 gate_cache_hits=0 gate_cache_checks=0 miss_invalid=0 miss_layer=0 miss_rank=0 miss_hash=0 miss_output=0 miss_data=0 send_up_gate=0.000 ms send_down=0.000 ms send_other=0.000 ms send_ffn=0.000 ms wait_up_gate=0.000 ms wait_down=0.000 ms wait_other=0.000 ms wait_ffn=0.000 ms
[svd-offload-client-stage-profile] rpc_send_total=0.000 ms rpc_wait_total=0.000 ms
[svd-offload-client-debug] finish_fail_up_gate=0 finish_fail_down=0 finish_fail_other=0 finish_fail_ffn=0 cache_take_fail_up=0 cache_take_fail_gate=0 recv_up_sum_abs=0.000000e+00 recv_up_max_abs=0.000000e+00 recv_up_zero=0 recv_gate_sum_abs=0.000000e+00 recv_gate_max_abs=0.000000e+00 recv_gate_zero=0 recv_down_sum_abs=0.000000e+00 recv_down_max_abs=0.000000e+00 recv_down_zero=0 recv_other_sum_abs=0.000000e+00 recv_other_max_abs=0.000000e+00 recv_other_zero=0 recv_ffn_sum_abs=0.000000e+00 recv_ffn_max_abs=0.000000e+00 recv_ffn_zero=0
SUCCEED (one forward pass done)"
candidate,4c_front_hot,4,all_0.55,,4,"60,61,62,63","90,70,20,0",ok,22.7483,43.9592,44.807372988688,,,,1.6000101566314697,"llama_context: graph splits = 1
attach_threadpool: call
threads: decode=4 batch=4
prompt tokens: 4
running one forward pass (llama_decode) ...
Top-5 next-token candidates:
  id=3 logit=0 piece=""$""
  id=4 logit=0 piece=""%""
  id=1 logit=0 piece=""""""
  id=0 logit=0 piece=""!""
  id=2 logit=0 piece=""#""
Autoregressive generation:
Generated text: !
Decode-only throughput: 22.7483 tokens/s (1 tokens in 0.0439592 s of llama_decode)
End-to-end throughput: 22.586 tokens/s (1 tokens in 0.0442753 s)
[decode-stage-profile] model_load=379.545 ms context_create=56.3379 ms tokenize=0.484775 ms prefill_decode=950.336 ms generation_decode=43.9592 ms generation_total=44.2753 ms program_total=1447.67 ms
[svd-local-op-profile] up_ops=56 gate_ops=56 down_ops=56 up_total=66.799 ms gate_total=66.105 ms down_total=57.708 ms up_v=18.092 ms gate_v=17.117 ms down_v=25.871 ms up_u=48.701 ms gate_u=48.982 ms down_u=31.833 ms
[svd-local-stage-profile] attention_total=169.873 ms ffn_total=269.556 ms ffn_svd_total=190.612 ms ffn_svd_v=61.080 ms ffn_svd_u=129.516 ms
[svd-offload-zero-profile] up_finish=0 up_cache=0 up_no_request=27 gate_finish=0 gate_cache=0 gate_no_request=27 down_finish=0 down_cache=0 down_no_request=27 other_finish=0 other_cache=0 other_no_request=0
[svd-local-timeout-profile] up_keep=0 up_drop=0 up_wait=0.000 ms gate_keep=0 gate_drop=0 gate_wait=0.000 ms down_keep=0 down_drop=0 down_wait=0.000 ms other_keep=0 other_drop=0 other_wait=0.000 ms
[svd-offload-client] up_gate_req=0 down_req=0 other_mat_req=0 ffn_req=0 gate_cache_hits=0 gate_cache_checks=0 miss_invalid=0 miss_layer=0 miss_rank=0 miss_hash=0 miss_output=0 miss_data=0 send_up_gate=0.000 ms send_down=0.000 ms send_other=0.000 ms send_ffn=0.000 ms wait_up_gate=0.000 ms wait_down=0.000 ms wait_other=0.000 ms wait_ffn=0.000 ms
[svd-offload-client-stage-profile] rpc_send_total=0.000 ms rpc_wait_total=0.000 ms
[svd-offload-client-debug] finish_fail_up_gate=0 finish_fail_down=0 finish_fail_other=0 finish_fail_ffn=0 cache_take_fail_up=0 cache_take_fail_gate=0 recv_up_sum_abs=0.000000e+00 recv_up_max_abs=0.000000e+00 recv_up_zero=0 recv_gate_sum_abs=0.000000e+00 recv_gate_max_abs=0.000000e+00 recv_gate_zero=0 recv_down_sum_abs=0.000000e+00 recv_down_max_abs=0.000000e+00 recv_down_zero=0 recv_other_sum_abs=0.000000e+00 recv_other_max_abs=0.000000e+00 recv_other_zero=0 recv_ffn_sum_abs=0.000000e+00 recv_ffn_max_abs=0.000000e+00 recv_ffn_zero=0
SUCCEED (one forward pass done)"
candidate,4c_front_hot,4,all_0.6,,4,"60,61,62,63","90,70,20,0",ok,22.6705,44.1103,44.65413016972923,,,,0.9739720821380615,"llama_context: graph splits = 1
attach_threadpool: call
threads: decode=4 batch=4
prompt tokens: 4
running one forward pass (llama_decode) ...
Top-5 next-token candidates:
  id=548 logit=12.2312 piece="" pr""
  id=62 logit=11.7936 piece=""_""
  id=512 logit=11.5545 piece="" le""
  id=9985 logit=11.4281 piece=""CM""
  id=1315 logit=11.3357 piece=""ait""
Autoregressive generation:
Generated text:  pr
Decode-only throughput: 22.6705 tokens/s (1 tokens in 0.0441103 s of llama_decode)
End-to-end throughput: 22.5108 tokens/s (1 tokens in 0.0444231 s)
[decode-stage-profile] model_load=384.863 ms context_create=56.3403 ms tokenize=0.462741 ms prefill_decode=311.955 ms generation_decode=44.1103 ms generation_total=44.4231 ms program_total=815.003 ms
[svd-local-op-profile] up_ops=56 gate_ops=56 down_ops=56 up_total=35.163 ms gate_total=23.734 ms down_total=39.679 ms up_v=2.717 ms gate_v=2.687 ms down_v=17.089 ms up_u=32.442 ms gate_u=21.042 ms down_u=22.581 ms
[svd-local-stage-profile] attention_total=91.802 ms ffn_total=110.424 ms ffn_svd_total=98.576 ms ffn_svd_v=22.493 ms ffn_svd_u=76.065 ms
[svd-offload-zero-profile] up_finish=0 up_cache=0 up_no_request=27 gate_finish=0 gate_cache=0 gate_no_request=27 down_finish=0 down_cache=0 down_no_request=27 other_finish=0 other_cache=0 other_no_request=0
[svd-local-timeout-profile] up_keep=0 up_drop=0 up_wait=0.000 ms gate_keep=0 gate_drop=0 gate_wait=0.000 ms down_keep=0 down_drop=0 down_wait=0.000 ms other_keep=0 other_drop=0 other_wait=0.000 ms
[svd-offload-client] up_gate_req=0 down_req=0 other_mat_req=0 ffn_req=0 gate_cache_hits=0 gate_cache_checks=0 miss_invalid=0 miss_layer=0 miss_rank=0 miss_hash=0 miss_output=0 miss_data=0 send_up_gate=0.000 ms send_down=0.000 ms send_other=0.000 ms send_ffn=0.000 ms wait_up_gate=0.000 ms wait_down=0.000 ms wait_other=0.000 ms wait_ffn=0.000 ms
[svd-offload-client-stage-profile] rpc_send_total=0.000 ms rpc_wait_total=0.000 ms
[svd-offload-client-debug] finish_fail_up_gate=0 finish_fail_down=0 finish_fail_other=0 finish_fail_ffn=0 cache_take_fail_up=0 cache_take_fail_gate=0 recv_up_sum_abs=0.000000e+00 recv_up_max_abs=0.000000e+00 recv_up_zero=0 recv_gate_sum_abs=0.000000e+00 recv_gate_max_abs=0.000000e+00 recv_gate_zero=0 recv_down_sum_abs=0.000000e+00 recv_down_max_abs=0.000000e+00 recv_down_zero=0 recv_other_sum_abs=0.000000e+00 recv_other_max_abs=0.000000e+00 recv_other_zero=0 recv_ffn_sum_abs=0.000000e+00 recv_ffn_max_abs=0.000000e+00 recv_ffn_zero=0
SUCCEED (one forward pass done)"
candidate,4c_front_hot,4,trunc_even_0.8,,4,"60,61,62,63","90,70,20,0",ok,21.9616,45.534,43.257808391324645,,,,0.731436014175415,"llama_context: graph splits = 1
attach_threadpool: call
threads: decode=4 batch=4
prompt tokens: 4
running one forward pass (llama_decode) ...
Top-5 next-token candidates:
  id=3 logit=0 piece=""$""
  id=4 logit=0 piece=""%""
  id=1 logit=0 piece=""""""
  id=0 logit=0 piece=""!""
  id=2 logit=0 piece=""#""
Autoregressive generation:
Generated text: !
Decode-only throughput: 21.9616 tokens/s (1 tokens in 0.045534 s of llama_decode)
End-to-end throughput: 21.8137 tokens/s (1 tokens in 0.0458427 s)
[decode-stage-profile] model_load=390.023 ms context_create=58.8233 ms tokenize=0.457286 ms prefill_decode=67.6459 ms generation_decode=45.534 ms generation_total=45.8427 ms program_total=579.714 ms
[svd-local-op-profile] up_ops=56 gate_ops=56 down_ops=56 up_total=27.372 ms gate_total=27.671 ms down_total=21.612 ms up_v=3.614 ms gate_v=3.785 ms down_v=16.995 ms up_u=23.747 ms gate_u=23.880 ms down_u=4.608 ms
[svd-local-stage-profile] attention_total=1.336 ms ffn_total=77.872 ms ffn_svd_total=76.655 ms ffn_svd_v=24.394 ms ffn_svd_u=52.235 ms
[svd-offload-zero-profile] up_finish=0 up_cache=0 up_no_request=27 gate_finish=0 gate_cache=0 gate_no_request=27 down_finish=0 down_cache=0 down_no_request=27 other_finish=0 other_cache=0 other_no_request=0
[svd-local-timeout-profile] up_keep=0 up_drop=0 up_wait=0.000 ms gate_keep=0 gate_drop=0 gate_wait=0.000 ms down_keep=0 down_drop=0 down_wait=0.000 ms other_keep=0 other_drop=0 other_wait=0.000 ms
[svd-offload-client] up_gate_req=0 down_req=0 other_mat_req=0 ffn_req=0 gate_cache_hits=0 gate_cache_checks=0 miss_invalid=0 miss_layer=0 miss_rank=0 miss_hash=0 miss_output=0 miss_data=0 send_up_gate=0.000 ms send_down=0.000 ms send_other=0.000 ms send_ffn=0.000 ms wait_up_gate=0.000 ms wait_down=0.000 ms wait_other=0.000 ms wait_ffn=0.000 ms
[svd-offload-client-stage-profile] rpc_send_total=0.000 ms rpc_wait_total=0.000 ms
[svd-offload-client-debug] finish_fail_up_gate=0 finish_fail_down=0 finish_fail_other=0 finish_fail_ffn=0 cache_take_fail_up=0 cache_take_fail_gate=0 recv_up_sum_abs=0.000000e+00 recv_up_max_abs=0.000000e+00 recv_up_zero=0 recv_gate_sum_abs=0.000000e+00 recv_gate_max_abs=0.000000e+00 recv_gate_zero=0 recv_down_sum_abs=0.000000e+00 recv_down_max_abs=0.000000e+00 recv_down_zero=0 recv_other_sum_abs=0.000000e+00 recv_other_max_abs=0.000000e+00 recv_other_zero=0 recv_ffn_sum_abs=0.000000e+00 recv_ffn_max_abs=0.000000e+00 recv_ffn_zero=0
SUCCEED (one forward pass done)"
candidate,4c_front_hot,4,trunc_even_0.85,,4,"60,61,62,63","90,70,20,0",ok,22.5519,44.3422,44.42052350740904,,,,1.5555617809295654,"llama_context: graph splits = 1
attach_threadpool: call
threads: decode=4 batch=4
prompt tokens: 4
running one forward pass (llama_decode) ...
Top-5 next-token candidates:
  id=3 logit=0 piece=""$""
  id=4 logit=0 piece=""%""
  id=1 logit=0 piece=""""""
  id=0 logit=0 piece=""!""
  id=2 logit=0 piece=""#""
Autoregressive generation:
Generated text: !
Decode-only throughput: 22.5519 tokens/s (1 tokens in 0.0443422 s of llama_decode)
End-to-end throughput: 22.394 tokens/s (1 tokens in 0.0446548 s)
[decode-stage-profile] model_load=375.237 ms context_create=57.2115 ms tokenize=0.459027 ms prefill_decode=913.297 ms generation_decode=44.3422 ms generation_total=44.6548 ms program_total=1407.29 ms
[svd-local-op-profile] up_ops=56 gate_ops=56 down_ops=56 up_total=71.226 ms gate_total=59.387 ms down_total=59.388 ms up_v=17.729 ms gate_v=10.897 ms down_v=27.115 ms up_u=53.495 ms gate_u=48.484 ms down_u=32.271 ms
[svd-local-stage-profile] attention_total=139.806 ms ffn_total=244.205 ms ffn_svd_total=190.001 ms ffn_svd_v=55.741 ms ffn_svd_u=134.250 ms
[svd-offload-zero-profile] up_finish=0 up_cache=0 up_no_request=27 gate_finish=0 gate_cache=0 gate_no_request=27 down_finish=0 down_cache=0 down_no_request=27 other_finish=0 other_cache=0 other_no_request=0
[svd-local-timeout-profile] up_keep=0 up_drop=0 up_wait=0.000 ms gate_keep=0 gate_drop=0 gate_wait=0.000 ms down_keep=0 down_drop=0 down_wait=0.000 ms other_keep=0 other_drop=0 other_wait=0.000 ms
[svd-offload-client] up_gate_req=0 down_req=0 other_mat_req=0 ffn_req=0 gate_cache_hits=0 gate_cache_checks=0 miss_invalid=0 miss_layer=0 miss_rank=0 miss_hash=0 miss_output=0 miss_data=0 send_up_gate=0.000 ms send_down=0.000 ms send_other=0.000 ms send_ffn=0.000 ms wait_up_gate=0.000 ms wait_down=0.000 ms wait_other=0.000 ms wait_ffn=0.000 ms
[svd-offload-client-stage-profile] rpc_send_total=0.000 ms rpc_wait_total=0.000 ms
[svd-offload-client-debug] finish_fail_up_gate=0 finish_fail_down=0 finish_fail_other=0 finish_fail_ffn=0 cache_take_fail_up=0 cache_take_fail_gate=0 recv_up_sum_abs=0.000000e+00 recv_up_max_abs=0.000000e+00 recv_up_zero=0 recv_gate_sum_abs=0.000000e+00 recv_gate_max_abs=0.000000e+00 recv_gate_zero=0 recv_down_sum_abs=0.000000e+00 recv_down_max_abs=0.000000e+00 recv_down_zero=0 recv_other_sum_abs=0.000000e+00 recv_other_max_abs=0.000000e+00 recv_other_zero=0 recv_ffn_sum_abs=0.000000e+00 recv_ffn_max_abs=0.000000e+00 recv_ffn_zero=0
SUCCEED (one forward pass done)"
selected,4c_front_hot,4,baseline_no_svd,baseline_no_svd,4,"60,61,62,63","90,70,20,0",ok,,,,0.507691,0.507691,1.0,,
candidate,4c_high,0,baseline_no_svd,,4,"60,61,62,63","70,80,90,100",ok,20.9148,47.8131,1.0,,,,0.7531585693359375,"llama_context: graph splits = 1
attach_threadpool: call
threads: decode=4 batch=4
prompt tokens: 4
running one forward pass (llama_decode) ...
Top-5 next-token candidates:
  id=11 logit=20.2053 piece="",""
  id=304 logit=18.9277 piece="" in""
  id=3837 logit=18.7558 piece=""，""
  id=1052 logit=18.5616 piece="" there""
  id=358 logit=17.8374 piece="" I""
Autoregressive generation:
Generated text: ,
Decode-only throughput: 20.9148 tokens/s (1 tokens in 0.0478131 s of llama_decode)
End-to-end throughput: 20.7781 tokens/s (1 tokens in 0.0481275 s)
[decode-stage-profile] model_load=388.005 ms context_create=61.3663 ms tokenize=0.480555 ms prefill_decode=91.0178 ms generation_decode=47.8131 ms generation_total=48.1275 ms program_total=605.375 ms
[svd-local-op-profile] up_ops=56 gate_ops=56 down_ops=56 up_total=34.359 ms gate_total=34.721 ms down_total=32.377 ms up_v=5.496 ms gate_v=5.512 ms down_v=26.584 ms up_u=28.856 ms gate_u=29.201 ms down_u=5.789 ms
[svd-local-stage-profile] attention_total=2.262 ms ffn_total=102.711 ms ffn_svd_total=101.457 ms ffn_svd_v=37.592 ms ffn_svd_u=63.846 ms
[svd-offload-zero-profile] up_finish=0 up_cache=0 up_no_request=27 gate_finish=0 gate_cache=0 gate_no_request=27 down_finish=0 down_cache=0 down_no_request=27 other_finish=0 other_cache=0 other_no_request=0
[svd-local-timeout-profile] up_keep=0 up_drop=0 up_wait=0.000 ms gate_keep=0 gate_drop=0 gate_wait=0.000 ms down_keep=0 down_drop=0 down_wait=0.000 ms other_keep=0 other_drop=0 other_wait=0.000 ms
[svd-offload-client] up_gate_req=0 down_req=0 other_mat_req=0 ffn_req=0 gate_cache_hits=0 gate_cache_checks=0 miss_invalid=0 miss_layer=0 miss_rank=0 miss_hash=0 miss_output=0 miss_data=0 send_up_gate=0.000 ms send_down=0.000 ms send_other=0.000 ms send_ffn=0.000 ms wait_up_gate=0.000 ms wait_down=0.000 ms wait_other=0.000 ms wait_ffn=0.000 ms
[svd-offload-client-stage-profile] rpc_send_total=0.000 ms rpc_wait_total=0.000 ms
[svd-offload-client-debug] finish_fail_up_gate=0 finish_fail_down=0 finish_fail_other=0 finish_fail_ffn=0 cache_take_fail_up=0 cache_take_fail_gate=0 recv_up_sum_abs=0.000000e+00 recv_up_max_abs=0.000000e+00 recv_up_zero=0 recv_gate_sum_abs=0.000000e+00 recv_gate_max_abs=0.000000e+00 recv_gate_zero=0 recv_down_sum_abs=0.000000e+00 recv_down_max_abs=0.000000e+00 recv_down_zero=0 recv_other_sum_abs=0.000000e+00 recv_other_max_abs=0.000000e+00 recv_other_zero=0 recv_ffn_sum_abs=0.000000e+00 recv_ffn_max_abs=0.000000e+00 recv_ffn_zero=0
SUCCEED (one forward pass done)"
candidate,4c_high,0,all_0.05,,4,"60,61,62,63","70,80,90,100",ok,22.2781,44.8872,1.065183506416509,,,,0.7364022731781006,"llama_context: graph splits = 1
attach_threadpool: call
threads: decode=4 batch=4
prompt tokens: 4
running one forward pass (llama_decode) ...
Top-5 next-token candidates:
  id=3 logit=0 piece=""$""
  id=4 logit=0 piece=""%""
  id=1 logit=0 piece=""""""
  id=0 logit=0 piece=""!""
  id=2 logit=0 piece=""#""
Autoregressive generation:
Generated text: !
Decode-only throughput: 22.2781 tokens/s (1 tokens in 0.0448872 s of llama_decode)
End-to-end throughput: 22.1134 tokens/s (1 tokens in 0.0452214 s)
[decode-stage-profile] model_load=384.459 ms context_create=60.5949 ms tokenize=0.462916 ms prefill_decode=86.6048 ms generation_decode=44.8872 ms generation_total=45.2214 ms program_total=593.774 ms
[svd-local-op-profile] up_ops=56 gate_ops=56 down_ops=56 up_total=37.889 ms gate_total=32.617 ms down_total=25.869 ms up_v=5.472 ms gate_v=5.450 ms down_v=20.768 ms up_u=32.408 ms gate_u=27.160 ms down_u=5.096 ms
[svd-local-stage-profile] attention_total=1.263 ms ffn_total=97.698 ms ffn_svd_total=96.375 ms ffn_svd_v=31.690 ms ffn_svd_u=64.664 ms
[svd-offload-zero-profile] up_finish=0 up_cache=0 up_no_request=27 gate_finish=0 gate_cache=0 gate_no_request=27 down_finish=0 down_cache=0 down_no_request=27 other_finish=0 other_cache=0 other_no_request=0
[svd-local-timeout-profile] up_keep=0 up_drop=0 up_wait=0.000 ms gate_keep=0 gate_drop=0 gate_wait=0.000 ms down_keep=0 down_drop=0 down_wait=0.000 ms other_keep=0 other_drop=0 other_wait=0.000 ms
[svd-offload-client] up_gate_req=0 down_req=0 other_mat_req=0 ffn_req=0 gate_cache_hits=0 gate_cache_checks=0 miss_invalid=0 miss_layer=0 miss_rank=0 miss_hash=0 miss_output=0 miss_data=0 send_up_gate=0.000 ms send_down=0.000 ms send_other=0.000 ms send_ffn=0.000 ms wait_up_gate=0.000 ms wait_down=0.000 ms wait_other=0.000 ms wait_ffn=0.000 ms
[svd-offload-client-stage-profile] rpc_send_total=0.000 ms rpc_wait_total=0.000 ms
[svd-offload-client-debug] finish_fail_up_gate=0 finish_fail_down=0 finish_fail_other=0 finish_fail_ffn=0 cache_take_fail_up=0 cache_take_fail_gate=0 recv_up_sum_abs=0.000000e+00 recv_up_max_abs=0.000000e+00 recv_up_zero=0 recv_gate_sum_abs=0.000000e+00 recv_gate_max_abs=0.000000e+00 recv_gate_zero=0 recv_down_sum_abs=0.000000e+00 recv_down_max_abs=0.000000e+00 recv_down_zero=0 recv_other_sum_abs=0.000000e+00 recv_other_max_abs=0.000000e+00 recv_other_zero=0 recv_ffn_sum_abs=0.000000e+00 recv_ffn_max_abs=0.000000e+00 recv_ffn_zero=0
SUCCEED (one forward pass done)"
candidate,4c_high,0,all_0.1,,4,"60,61,62,63","70,80,90,100",ok,22.1102,45.228,1.0571556983571442,,,,1.0190093517303467,"llama_context: graph splits = 1
attach_threadpool: call
threads: decode=4 batch=4
prompt tokens: 4
running one forward pass (llama_decode) ...
Top-5 next-token candidates:
  id=3 logit=0 piece=""$""
  id=4 logit=0 piece=""%""
  id=1 logit=0 piece=""""""
  id=0 logit=0 piece=""!""
  id=2 logit=0 piece=""#""
Autoregressive generation:
Generated text: !
Decode-only throughput: 22.1102 tokens/s (1 tokens in 0.045228 s of llama_decode)
End-to-end throughput: 21.9579 tokens/s (1 tokens in 0.0455417 s)
[decode-stage-profile] model_load=397.87 ms context_create=61.3847 ms tokenize=0.461905 ms prefill_decode=354.512 ms generation_decode=45.228 ms generation_total=45.5417 ms program_total=876.267 ms
[svd-local-op-profile] up_ops=56 gate_ops=56 down_ops=56 up_total=39.665 ms gate_total=32.741 ms down_total=25.457 ms up_v=5.028 ms gate_v=5.027 ms down_v=20.279 ms up_u=34.630 ms gate_u=27.710 ms down_u=5.175 ms
[svd-local-stage-profile] attention_total=55.009 ms ffn_total=99.166 ms ffn_svd_total=97.863 ms ffn_svd_v=30.334 ms ffn_svd_u=67.515 ms
[svd-offload-zero-profile] up_finish=0 up_cache=0 up_no_request=27 gate_finish=0 gate_cache=0 gate_no_request=27 down_finish=0 down_cache=0 down_no_request=27 other_finish=0 other_cache=0 other_no_request=0
[svd-local-timeout-profile] up_keep=0 up_drop=0 up_wait=0.000 ms gate_keep=0 gate_drop=0 gate_wait=0.000 ms down_keep=0 down_drop=0 down_wait=0.000 ms other_keep=0 other_drop=0 other_wait=0.000 ms
[svd-offload-client] up_gate_req=0 down_req=0 other_mat_req=0 ffn_req=0 gate_cache_hits=0 gate_cache_checks=0 miss_invalid=0 miss_layer=0 miss_rank=0 miss_hash=0 miss_output=0 miss_data=0 send_up_gate=0.000 ms send_down=0.000 ms send_other=0.000 ms send_ffn=0.000 ms wait_up_gate=0.000 ms wait_down=0.000 ms wait_other=0.000 ms wait_ffn=0.000 ms
[svd-offload-client-stage-profile] rpc_send_total=0.000 ms rpc_wait_total=0.000 ms
[svd-offload-client-debug] finish_fail_up_gate=0 finish_fail_down=0 finish_fail_other=0 finish_fail_ffn=0 cache_take_fail_up=0 cache_take_fail_gate=0 recv_up_sum_abs=0.000000e+00 recv_up_max_abs=0.000000e+00 recv_up_zero=0 recv_gate_sum_abs=0.000000e+00 recv_gate_max_abs=0.000000e+00 recv_gate_zero=0 recv_down_sum_abs=0.000000e+00 recv_down_max_abs=0.000000e+00 recv_down_zero=0 recv_other_sum_abs=0.000000e+00 recv_other_max_abs=0.000000e+00 recv_other_zero=0 recv_ffn_sum_abs=0.000000e+00 recv_ffn_max_abs=0.000000e+00 recv_ffn_zero=0
SUCCEED (one forward pass done)"
candidate,4c_high,0,all_0.15,,4,"60,61,62,63","70,80,90,100",ok,22.4851,44.474,1.0750808040239448,,,,0.7313327789306641,"llama_context: graph splits = 1
attach_threadpool: call
threads: decode=4 batch=4
prompt tokens: 4
running one forward pass (llama_decode) ...
Top-5 next-token candidates:
  id=3 logit=0 piece=""$""
  id=4 logit=0 piece=""%""
  id=1 logit=0 piece=""""""
  id=0 logit=0 piece=""!""
  id=2 logit=0 piece=""#""
Autoregressive generation:
Generated text: !
Decode-only throughput: 22.4851 tokens/s (1 tokens in 0.044474 s of llama_decode)
End-to-end throughput: 22.3174 tokens/s (1 tokens in 0.044808 s)
[decode-stage-profile] model_load=377.341 ms context_create=55.2747 ms tokenize=0.472416 ms prefill_decode=85.5158 ms generation_decode=44.474 ms generation_total=44.808 ms program_total=580.034 ms
[svd-local-op-profile] up_ops=56 gate_ops=56 down_ops=56 up_total=32.027 ms gate_total=36.503 ms down_total=24.281 ms up_v=5.149 ms gate_v=9.158 ms down_v=19.265 ms up_u=26.870 ms gate_u=27.342 ms down_u=5.010 ms
[svd-local-stage-profile] attention_total=1.267 ms ffn_total=94.236 ms ffn_svd_total=92.811 ms ffn_svd_v=33.572 ms ffn_svd_u=59.222 ms
[svd-offload-zero-profile] up_finish=0 up_cache=0 up_no_request=27 gate_finish=0 gate_cache=0 gate_no_request=27 down_finish=0 down_cache=0 down_no_request=27 other_finish=0 other_cache=0 other_no_request=0
[svd-local-timeout-profile] up_keep=0 up_drop=0 up_wait=0.000 ms gate_keep=0 gate_drop=0 gate_wait=0.000 ms down_keep=0 down_drop=0 down_wait=0.000 ms other_keep=0 other_drop=0 other_wait=0.000 ms
[svd-offload-client] up_gate_req=0 down_req=0 other_mat_req=0 ffn_req=0 gate_cache_hits=0 gate_cache_checks=0 miss_invalid=0 miss_layer=0 miss_rank=0 miss_hash=0 miss_output=0 miss_data=0 send_up_gate=0.000 ms send_down=0.000 ms send_other=0.000 ms send_ffn=0.000 ms wait_up_gate=0.000 ms wait_down=0.000 ms wait_other=0.000 ms wait_ffn=0.000 ms
[svd-offload-client-stage-profile] rpc_send_total=0.000 ms rpc_wait_total=0.000 ms
[svd-offload-client-debug] finish_fail_up_gate=0 finish_fail_down=0 finish_fail_other=0 finish_fail_ffn=0 cache_take_fail_up=0 cache_take_fail_gate=0 recv_up_sum_abs=0.000000e+00 recv_up_max_abs=0.000000e+00 recv_up_zero=0 recv_gate_sum_abs=0.000000e+00 recv_gate_max_abs=0.000000e+00 recv_gate_zero=0 recv_down_sum_abs=0.000000e+00 recv_down_max_abs=0.000000e+00 recv_down_zero=0 recv_other_sum_abs=0.000000e+00 recv_other_max_abs=0.000000e+00 recv_other_zero=0 recv_ffn_sum_abs=0.000000e+00 recv_ffn_max_abs=0.000000e+00 recv_ffn_zero=0
SUCCEED (one forward pass done)"
candidate,4c_high,0,all_0.2,,4,"60,61,62,63","70,80,90,100",ok,21.5266,46.4542,1.0292520129286438,,,,0.7345283031463623,"llama_context: graph splits = 1
attach_threadpool: call
threads: decode=4 batch=4
prompt tokens: 4
running one forward pass (llama_decode) ...
Top-5 next-token candidates:
  id=3 logit=0 piece=""$""
  id=4 logit=0 piece=""%""
  id=1 logit=0 piece=""""""
  id=0 logit=0 piece=""!""
  id=2 logit=0 piece=""#""
Autoregressive generation:
Generated text: !
Decode-only throughput: 21.5266 tokens/s (1 tokens in 0.0464542 s of llama_decode)
End-to-end throughput: 21.3838 tokens/s (1 tokens in 0.0467644 s)
[decode-stage-profile] model_load=382.427 ms context_create=60.4733 ms tokenize=0.466138 ms prefill_decode=79.2527 ms generation_decode=46.4542 ms generation_total=46.7644 ms program_total=585.773 ms
[svd-local-op-profile] up_ops=56 gate_ops=56 down_ops=56 up_total=31.061 ms gate_total=34.281 ms down_total=24.777 ms up_v=4.923 ms gate_v=8.331 ms down_v=17.839 ms up_u=26.133 ms gate_u=25.942 ms down_u=6.932 ms
[svd-local-stage-profile] attention_total=6.346 ms ffn_total=91.461 ms ffn_svd_total=90.119 ms ffn_svd_v=31.093 ms ffn_svd_u=59.007 ms
[svd-offload-zero-profile] up_finish=0 up_cache=0 up_no_request=27 gate_finish=0 gate_cache=0 gate_no_request=27 down_finish=0 down_cache=0 down_no_request=27 other_finish=0 other_cache=0 other_no_request=0
[svd-local-timeout-profile] up_keep=0 up_drop=0 up_wait=0.000 ms gate_keep=0 gate_drop=0 gate_wait=0.000 ms down_keep=0 down_drop=0 down_wait=0.000 ms other_keep=0 other_drop=0 other_wait=0.000 ms
[svd-offload-client] up_gate_req=0 down_req=0 other_mat_req=0 ffn_req=0 gate_cache_hits=0 gate_cache_checks=0 miss_invalid=0 miss_layer=0 miss_rank=0 miss_hash=0 miss_output=0 miss_data=0 send_up_gate=0.000 ms send_down=0.000 ms send_other=0.000 ms send_ffn=0.000 ms wait_up_gate=0.000 ms wait_down=0.000 ms wait_other=0.000 ms wait_ffn=0.000 ms
[svd-offload-client-stage-profile] rpc_send_total=0.000 ms rpc_wait_total=0.000 ms
[svd-offload-client-debug] finish_fail_up_gate=0 finish_fail_down=0 finish_fail_other=0 finish_fail_ffn=0 cache_take_fail_up=0 cache_take_fail_gate=0 recv_up_sum_abs=0.000000e+00 recv_up_max_abs=0.000000e+00 recv_up_zero=0 recv_gate_sum_abs=0.000000e+00 recv_gate_max_abs=0.000000e+00 recv_gate_zero=0 recv_down_sum_abs=0.000000e+00 recv_down_max_abs=0.000000e+00 recv_down_zero=0 recv_other_sum_abs=0.000000e+00 recv_other_max_abs=0.000000e+00 recv_other_zero=0 recv_ffn_sum_abs=0.000000e+00 recv_ffn_max_abs=0.000000e+00 recv_ffn_zero=0
SUCCEED (one forward pass done)"
candidate,4c_high,0,all_0.25,,4,"60,61,62,63","70,80,90,100",ok,21.0352,47.5395,1.0057566890431655,,,,0.7403457164764404,"llama_context: graph splits = 1
attach_threadpool: call
threads: decode=4 batch=4
prompt tokens: 4
running one forward pass (llama_decode) ...
Top-5 next-token candidates:
  id=264 logit=16.5721 piece="" a""
  id=472 logit=16.4602 piece="" H""
  id=279 logit=16.2173 piece="" the""
  id=39 logit=15.9334 piece=""H""
  id=8 logit=15.4472 piece="")""
Autoregressive generation:
Generated text:  a
Decode-only throughput: 21.0352 tokens/s (1 tokens in 0.0475395 s of llama_decode)
End-to-end throughput: 20.8964 tokens/s (1 tokens in 0.0478552 s)
[decode-stage-profile] model_load=390.26 ms context_create=57.966 ms tokenize=0.46699 ms prefill_decode=75.8803 ms generation_decode=47.5395 ms generation_total=47.8552 ms program_total=588.897 ms
[svd-local-op-profile] up_ops=56 gate_ops=56 down_ops=56 up_total=30.785 ms gate_total=30.843 ms down_total=25.886 ms up_v=4.506 ms gate_v=4.607 ms down_v=21.017 ms up_u=26.276 ms gate_u=26.230 ms down_u=4.867 ms
[svd-local-stage-profile] attention_total=1.359 ms ffn_total=88.822 ms ffn_svd_total=87.514 ms ffn_svd_v=30.130 ms ffn_svd_u=57.373 ms
[svd-offload-zero-profile] up_finish=0 up_cache=0 up_no_request=27 gate_finish=0 gate_cache=0 gate_no_request=27 down_finish=0 down_cache=0 down_no_request=27 other_finish=0 other_cache=0 other_no_request=0
[svd-local-timeout-profile] up_keep=0 up_drop=0 up_wait=0.000 ms gate_keep=0 gate_drop=0 gate_wait=0.000 ms down_keep=0 down_drop=0 down_wait=0.000 ms other_keep=0 other_drop=0 other_wait=0.000 ms
[svd-offload-client] up_gate_req=0 down_req=0 other_mat_req=0 ffn_req=0 gate_cache_hits=0 gate_cache_checks=0 miss_invalid=0 miss_layer=0 miss_rank=0 miss_hash=0 miss_output=0 miss_data=0 send_up_gate=0.000 ms send_down=0.000 ms send_other=0.000 ms send_ffn=0.000 ms wait_up_gate=0.000 ms wait_down=0.000 ms wait_other=0.000 ms wait_ffn=0.000 ms
[svd-offload-client-stage-profile] rpc_send_total=0.000 ms rpc_wait_total=0.000 ms
[svd-offload-client-debug] finish_fail_up_gate=0 finish_fail_down=0 finish_fail_other=0 finish_fail_ffn=0 cache_take_fail_up=0 cache_take_fail_gate=0 recv_up_sum_abs=0.000000e+00 recv_up_max_abs=0.000000e+00 recv_up_zero=0 recv_gate_sum_abs=0.000000e+00 recv_gate_max_abs=0.000000e+00 recv_gate_zero=0 recv_down_sum_abs=0.000000e+00 recv_down_max_abs=0.000000e+00 recv_down_zero=0 recv_other_sum_abs=0.000000e+00 recv_other_max_abs=0.000000e+00 recv_other_zero=0 recv_ffn_sum_abs=0.000000e+00 recv_ffn_max_abs=0.000000e+00 recv_ffn_zero=0
SUCCEED (one forward pass done)"
candidate,4c_high,0,all_0.3,,4,"60,61,62,63","70,80,90,100",ok,23.4925,42.5668,1.1232476523801327,,,,0.7347822189331055,"llama_context: graph splits = 1
attach_threadpool: call
threads: decode=4 batch=4
prompt tokens: 4
running one forward pass (llama_decode) ...
Top-5 next-token candidates:
  id=3 logit=0 piece=""$""
  id=4 logit=0 piece=""%""
  id=1 logit=0 piece=""""""
  id=0 logit=0 piece=""!""
  id=2 logit=0 piece=""#""
Autoregressive generation:
Generated text: !
Decode-only throughput: 23.4925 tokens/s (1 tokens in 0.0425668 s of llama_decode)
End-to-end throughput: 23.3217 tokens/s (1 tokens in 0.0428785 s)
[decode-stage-profile] model_load=394.173 ms context_create=57.9251 ms tokenize=0.463664 ms prefill_decode=73.9347 ms generation_decode=42.5668 ms generation_total=42.8785 ms program_total=585.793 ms
[svd-local-op-profile] up_ops=56 gate_ops=56 down_ops=56 up_total=29.457 ms gate_total=29.254 ms down_total=20.789 ms up_v=4.293 ms gate_v=4.413 ms down_v=16.029 ms up_u=25.160 ms gate_u=24.832 ms down_u=4.755 ms
[svd-local-stage-profile] attention_total=3.177 ms ffn_total=80.727 ms ffn_svd_total=79.500 ms ffn_svd_v=24.735 ms ffn_svd_u=54.747 ms
[svd-offload-zero-profile] up_finish=0 up_cache=0 up_no_request=27 gate_finish=0 gate_cache=0 gate_no_request=27 down_finish=0 down_cache=0 down_no_request=27 other_finish=0 other_cache=0 other_no_request=0
[svd-local-timeout-profile] up_keep=0 up_drop=0 up_wait=0.000 ms gate_keep=0 gate_drop=0 gate_wait=0.000 ms down_keep=0 down_drop=0 down_wait=0.000 ms other_keep=0 other_drop=0 other_wait=0.000 ms
[svd-offload-client] up_gate_req=0 down_req=0 other_mat_req=0 ffn_req=0 gate_cache_hits=0 gate_cache_checks=0 miss_invalid=0 miss_layer=0 miss_rank=0 miss_hash=0 miss_output=0 miss_data=0 send_up_gate=0.000 ms send_down=0.000 ms send_other=0.000 ms send_ffn=0.000 ms wait_up_gate=0.000 ms wait_down=0.000 ms wait_other=0.000 ms wait_ffn=0.000 ms
[svd-offload-client-stage-profile] rpc_send_total=0.000 ms rpc_wait_total=0.000 ms
[svd-offload-client-debug] finish_fail_up_gate=0 finish_fail_down=0 finish_fail_other=0 finish_fail_ffn=0 cache_take_fail_up=0 cache_take_fail_gate=0 recv_up_sum_abs=0.000000e+00 recv_up_max_abs=0.000000e+00 recv_up_zero=0 recv_gate_sum_abs=0.000000e+00 recv_gate_max_abs=0.000000e+00 recv_gate_zero=0 recv_down_sum_abs=0.000000e+00 recv_down_max_abs=0.000000e+00 recv_down_zero=0 recv_other_sum_abs=0.000000e+00 recv_other_max_abs=0.000000e+00 recv_other_zero=0 recv_ffn_sum_abs=0.000000e+00 recv_ffn_max_abs=0.000000e+00 recv_ffn_zero=0
SUCCEED (one forward pass done)"
candidate,4c_high,0,all_0.35,,4,"60,61,62,63","70,80,90,100",ok,23.9329,41.7834,1.144304511637692,,,,0.7383458614349365,"llama_context: graph splits = 1
attach_threadpool: call
threads: decode=4 batch=4
prompt tokens: 4
running one forward pass (llama_decode) ...
Top-5 next-token candidates:
  id=3 logit=0 piece=""$""
  id=4 logit=0 piece=""%""
  id=1 logit=0 piece=""""""
  id=0 logit=0 piece=""!""
  id=2 logit=0 piece=""#""
Autoregressive generation:
Generated text: !
Decode-only throughput: 23.9329 tokens/s (1 tokens in 0.0417834 s of llama_decode)
End-to-end throughput: 23.7549 tokens/s (1 tokens in 0.0420966 s)
[decode-stage-profile] model_load=381.824 ms context_create=61.7025 ms tokenize=0.4593 ms prefill_decode=75.451 ms generation_decode=41.7834 ms generation_total=42.0966 ms program_total=577.994 ms
[svd-local-op-profile] up_ops=56 gate_ops=56 down_ops=56 up_total=28.183 ms gate_total=28.175 ms down_total=20.016 ms up_v=4.037 ms gate_v=4.293 ms down_v=15.195 ms up_u=24.143 ms gate_u=23.878 ms down_u=4.818 ms
[svd-local-stage-profile] attention_total=5.145 ms ffn_total=77.605 ms ffn_svd_total=76.374 ms ffn_svd_v=23.525 ms ffn_svd_u=52.839 ms
[svd-offload-zero-profile] up_finish=0 up_cache=0 up_no_request=27 gate_finish=0 gate_cache=0 gate_no_request=27 down_finish=0 down_cache=0 down_no_request=27 other_finish=0 other_cache=0 other_no_request=0
[svd-local-timeout-profile] up_keep=0 up_drop=0 up_wait=0.000 ms gate_keep=0 gate_drop=0 gate_wait=0.000 ms down_keep=0 down_drop=0 down_wait=0.000 ms other_keep=0 other_drop=0 other_wait=0.000 ms
[svd-offload-client] up_gate_req=0 down_req=0 other_mat_req=0 ffn_req=0 gate_cache_hits=0 gate_cache_checks=0 miss_invalid=0 miss_layer=0 miss_rank=0 miss_hash=0 miss_output=0 miss_data=0 send_up_gate=0.000 ms send_down=0.000 ms send_other=0.000 ms send_ffn=0.000 ms wait_up_gate=0.000 ms wait_down=0.000 ms wait_other=0.000 ms wait_ffn=0.000 ms
[svd-offload-client-stage-profile] rpc_send_total=0.000 ms rpc_wait_total=0.000 ms
[svd-offload-client-debug] finish_fail_up_gate=0 finish_fail_down=0 finish_fail_other=0 finish_fail_ffn=0 cache_take_fail_up=0 cache_take_fail_gate=0 recv_up_sum_abs=0.000000e+00 recv_up_max_abs=0.000000e+00 recv_up_zero=0 recv_gate_sum_abs=0.000000e+00 recv_gate_max_abs=0.000000e+00 recv_gate_zero=0 recv_down_sum_abs=0.000000e+00 recv_down_max_abs=0.000000e+00 recv_down_zero=0 recv_other_sum_abs=0.000000e+00 recv_other_max_abs=0.000000e+00 recv_other_zero=0 recv_ffn_sum_abs=0.000000e+00 recv_ffn_max_abs=0.000000e+00 recv_ffn_zero=0
SUCCEED (one forward pass done)"
candidate,4c_high,0,all_0.4,,4,"60,61,62,63","70,80,90,100",ok,22.2669,44.9098,1.064648000459005,,,,0.7195408344268799,"llama_context: graph splits = 1
attach_threadpool: call
threads: decode=4 batch=4
prompt tokens: 4
running one forward pass (llama_decode) ...
Top-5 next-token candidates:
  id=3 logit=0 piece=""$""
  id=4 logit=0 piece=""%""
  id=1 logit=0 piece=""""""
  id=0 logit=0 piece=""!""
  id=2 logit=0 piece=""#""
Autoregressive generation:
Generated text: !
Decode-only throughput: 22.2669 tokens/s (1 tokens in 0.0449098 s of llama_decode)
End-to-end throughput: 22.113 tokens/s (1 tokens in 0.0452222 s)
[decode-stage-profile] model_load=381.383 ms context_create=60.9368 ms tokenize=0.466677 ms prefill_decode=67.4741 ms generation_decode=44.9098 ms generation_total=45.2222 ms program_total=572.028 ms
[svd-local-op-profile] up_ops=56 gate_ops=56 down_ops=56 up_total=31.221 ms gate_total=26.668 ms down_total=18.294 ms up_v=4.003 ms gate_v=3.899 ms down_v=13.914 ms up_u=27.217 ms gate_u=22.767 ms down_u=4.375 ms
[svd-local-stage-profile] attention_total=5.161 ms ffn_total=77.461 ms ffn_svd_total=76.183 ms ffn_svd_v=21.816 ms ffn_svd_u=54.359 ms
[svd-offload-zero-profile] up_finish=0 up_cache=0 up_no_request=27 gate_finish=0 gate_cache=0 gate_no_request=27 down_finish=0 down_cache=0 down_no_request=27 other_finish=0 other_cache=0 other_no_request=0
[svd-local-timeout-profile] up_keep=0 up_drop=0 up_wait=0.000 ms gate_keep=0 gate_drop=0 gate_wait=0.000 ms down_keep=0 down_drop=0 down_wait=0.000 ms other_keep=0 other_drop=0 other_wait=0.000 ms
[svd-offload-client] up_gate_req=0 down_req=0 other_mat_req=0 ffn_req=0 gate_cache_hits=0 gate_cache_checks=0 miss_invalid=0 miss_layer=0 miss_rank=0 miss_hash=0 miss_output=0 miss_data=0 send_up_gate=0.000 ms send_down=0.000 ms send_other=0.000 ms send_ffn=0.000 ms wait_up_gate=0.000 ms wait_down=0.000 ms wait_other=0.000 ms wait_ffn=0.000 ms
[svd-offload-client-stage-profile] rpc_send_total=0.000 ms rpc_wait_total=0.000 ms
[svd-offload-client-debug] finish_fail_up_gate=0 finish_fail_down=0 finish_fail_other=0 finish_fail_ffn=0 cache_take_fail_up=0 cache_take_fail_gate=0 recv_up_sum_abs=0.000000e+00 recv_up_max_abs=0.000000e+00 recv_up_zero=0 recv_gate_sum_abs=0.000000e+00 recv_gate_max_abs=0.000000e+00 recv_gate_zero=0 recv_down_sum_abs=0.000000e+00 recv_down_max_abs=0.000000e+00 recv_down_zero=0 recv_other_sum_abs=0.000000e+00 recv_other_max_abs=0.000000e+00 recv_other_zero=0 recv_ffn_sum_abs=0.000000e+00 recv_ffn_max_abs=0.000000e+00 recv_ffn_zero=0
SUCCEED (one forward pass done)"
candidate,4c_high,0,all_0.45,,4,"60,61,62,63","70,80,90,100",ok,22.9367,43.5982,1.0966731692390077,,,,0.8989078998565674,"llama_context: graph splits = 1
attach_threadpool: call
threads: decode=4 batch=4
prompt tokens: 4
running one forward pass (llama_decode) ...
Top-5 next-token candidates:
  id=3 logit=0 piece=""$""
  id=4 logit=0 piece=""%""
  id=1 logit=0 piece=""""""
  id=0 logit=0 piece=""!""
  id=2 logit=0 piece=""#""
Autoregressive generation:
Generated text: !
Decode-only throughput: 22.9367 tokens/s (1 tokens in 0.0435982 s of llama_decode)
End-to-end throughput: 22.7741 tokens/s (1 tokens in 0.0439095 s)
[decode-stage-profile] model_load=392.131 ms context_create=57.5269 ms tokenize=0.460551 ms prefill_decode=241.992 ms generation_decode=43.5982 ms generation_total=43.9095 ms program_total=752.44 ms
[svd-local-op-profile] up_ops=56 gate_ops=56 down_ops=56 up_total=30.074 ms gate_total=28.303 ms down_total=17.133 ms up_v=7.381 ms gate_v=3.205 ms down_v=12.856 ms up_u=22.689 ms gate_u=25.095 ms down_u=4.274 ms
[svd-local-stage-profile] attention_total=53.308 ms ffn_total=79.612 ms ffn_svd_total=75.510 ms ffn_svd_v=23.442 ms ffn_svd_u=52.058 ms
[svd-offload-zero-profile] up_finish=0 up_cache=0 up_no_request=27 gate_finish=0 gate_cache=0 gate_no_request=27 down_finish=0 down_cache=0 down_no_request=27 other_finish=0 other_cache=0 other_no_request=0
[svd-local-timeout-profile] up_keep=0 up_drop=0 up_wait=0.000 ms gate_keep=0 gate_drop=0 gate_wait=0.000 ms down_keep=0 down_drop=0 down_wait=0.000 ms other_keep=0 other_drop=0 other_wait=0.000 ms
[svd-offload-client] up_gate_req=0 down_req=0 other_mat_req=0 ffn_req=0 gate_cache_hits=0 gate_cache_checks=0 miss_invalid=0 miss_layer=0 miss_rank=0 miss_hash=0 miss_output=0 miss_data=0 send_up_gate=0.000 ms send_down=0.000 ms send_other=0.000 ms send_ffn=0.000 ms wait_up_gate=0.000 ms wait_down=0.000 ms wait_other=0.000 ms wait_ffn=0.000 ms
[svd-offload-client-stage-profile] rpc_send_total=0.000 ms rpc_wait_total=0.000 ms
[svd-offload-client-debug] finish_fail_up_gate=0 finish_fail_down=0 finish_fail_other=0 finish_fail_ffn=0 cache_take_fail_up=0 cache_take_fail_gate=0 recv_up_sum_abs=0.000000e+00 recv_up_max_abs=0.000000e+00 recv_up_zero=0 recv_gate_sum_abs=0.000000e+00 recv_gate_max_abs=0.000000e+00 recv_gate_zero=0 recv_down_sum_abs=0.000000e+00 recv_down_max_abs=0.000000e+00 recv_down_zero=0 recv_other_sum_abs=0.000000e+00 recv_other_max_abs=0.000000e+00 recv_other_zero=0 recv_ffn_sum_abs=0.000000e+00 recv_ffn_max_abs=0.000000e+00 recv_ffn_zero=0
SUCCEED (one forward pass done)"
candidate,4c_high,0,all_0.5,,4,"60,61,62,63","70,80,90,100",ok,22.3008,44.8414,1.0662688622410923,,,,3.04264235496521,"llama_context: graph splits = 1
attach_threadpool: call
threads: decode=4 batch=4
prompt tokens: 4
running one forward pass (llama_decode) ...
Top-5 next-token candidates:
  id=11 logit=15.272 piece="",""
  id=12 logit=14.9123 piece=""-""
  id=51730 logit=14.8613 piece="" Ri""
  id=6216 logit=14.8165 piece="" ir""
  id=472 logit=14.5534 piece="" H""
Autoregressive generation:
Generated text: ,
Decode-only throughput: 22.3008 tokens/s (1 tokens in 0.0448414 s of llama_decode)
End-to-end throughput: 22.1394 tokens/s (1 tokens in 0.0451684 s)
[decode-stage-profile] model_load=385.202 ms context_create=56.3145 ms tokenize=0.460472 ms prefill_decode=2365.36 ms generation_decode=44.8414 ms generation_total=45.1684 ms program_total=2869.47 ms
[svd-local-op-profile] up_ops=56 gate_ops=56 down_ops=56 up_total=135.221 ms gate_total=132.822 ms down_total=120.113 ms up_v=39.720 ms gate_v=38.991 ms down_v=45.862 ms up_u=95.498 ms gate_u=93.823 ms down_u=74.246 ms
[svd-local-stage-profile] attention_total=320.645 ms ffn_total=572.504 ms ffn_svd_total=388.156 ms ffn_svd_v=124.573 ms ffn_svd_u=263.567 ms
[svd-offload-zero-profile] up_finish=0 up_cache=0 up_no_request=27 gate_finish=0 gate_cache=0 gate_no_request=27 down_finish=0 down_cache=0 down_no_request=27 other_finish=0 other_cache=0 other_no_request=0
[svd-local-timeout-profile] up_keep=0 up_drop=0 up_wait=0.000 ms gate_keep=0 gate_drop=0 gate_wait=0.000 ms down_keep=0 down_drop=0 down_wait=0.000 ms other_keep=0 other_drop=0 other_wait=0.000 ms
[svd-offload-client] up_gate_req=0 down_req=0 other_mat_req=0 ffn_req=0 gate_cache_hits=0 gate_cache_checks=0 miss_invalid=0 miss_layer=0 miss_rank=0 miss_hash=0 miss_output=0 miss_data=0 send_up_gate=0.000 ms send_down=0.000 ms send_other=0.000 ms send_ffn=0.000 ms wait_up_gate=0.000 ms wait_down=0.000 ms wait_other=0.000 ms wait_ffn=0.000 ms
[svd-offload-client-stage-profile] rpc_send_total=0.000 ms rpc_wait_total=0.000 ms
[svd-offload-client-debug] finish_fail_up_gate=0 finish_fail_down=0 finish_fail_other=0 finish_fail_ffn=0 cache_take_fail_up=0 cache_take_fail_gate=0 recv_up_sum_abs=0.000000e+00 recv_up_max_abs=0.000000e+00 recv_up_zero=0 recv_gate_sum_abs=0.000000e+00 recv_gate_max_abs=0.000000e+00 recv_gate_zero=0 recv_down_sum_abs=0.000000e+00 recv_down_max_abs=0.000000e+00 recv_down_zero=0 recv_other_sum_abs=0.000000e+00 recv_other_max_abs=0.000000e+00 recv_other_zero=0 recv_ffn_sum_abs=0.000000e+00 recv_ffn_max_abs=0.000000e+00 recv_ffn_zero=0
SUCCEED (one forward pass done)"
candidate,4c_high,0,all_0.55,,4,"60,61,62,63","70,80,90,100",ok,25.201,39.6809,1.2049362174154188,,,,0.7100176811218262,"llama_context: graph splits = 1
attach_threadpool: call
threads: decode=4 batch=4
prompt tokens: 4
running one forward pass (llama_decode) ...
Top-5 next-token candidates:
  id=3 logit=0 piece=""$""
  id=4 logit=0 piece=""%""
  id=1 logit=0 piece=""""""
  id=0 logit=0 piece=""!""
  id=2 logit=0 piece=""#""
Autoregressive generation:
Generated text: !
Decode-only throughput: 25.201 tokens/s (1 tokens in 0.0396809 s of llama_decode)
End-to-end throughput: 25.0052 tokens/s (1 tokens in 0.0399917 s)
[decode-stage-profile] model_load=385.456 ms context_create=59.1424 ms tokenize=0.465371 ms prefill_decode=61.7778 ms generation_decode=39.6809 ms generation_total=39.9917 ms program_total=563.263 ms
[svd-local-op-profile] up_ops=56 gate_ops=56 down_ops=56 up_total=24.626 ms gate_total=24.221 ms down_total=14.830 ms up_v=3.196 ms gate_v=3.332 ms down_v=10.688 ms up_u=21.424 ms gate_u=20.883 ms down_u=4.140 ms
[svd-local-stage-profile] attention_total=7.353 ms ffn_total=64.765 ms ffn_svd_total=63.677 ms ffn_svd_v=17.216 ms ffn_svd_u=46.447 ms
[svd-offload-zero-profile] up_finish=0 up_cache=0 up_no_request=27 gate_finish=0 gate_cache=0 gate_no_request=27 down_finish=0 down_cache=0 down_no_request=27 other_finish=0 other_cache=0 other_no_request=0
[svd-local-timeout-profile] up_keep=0 up_drop=0 up_wait=0.000 ms gate_keep=0 gate_drop=0 gate_wait=0.000 ms down_keep=0 down_drop=0 down_wait=0.000 ms other_keep=0 other_drop=0 other_wait=0.000 ms
[svd-offload-client] up_gate_req=0 down_req=0 other_mat_req=0 ffn_req=0 gate_cache_hits=0 gate_cache_checks=0 miss_invalid=0 miss_layer=0 miss_rank=0 miss_hash=0 miss_output=0 miss_data=0 send_up_gate=0.000 ms send_down=0.000 ms send_other=0.000 ms send_ffn=0.000 ms wait_up_gate=0.000 ms wait_down=0.000 ms wait_other=0.000 ms wait_ffn=0.000 ms
[svd-offload-client-stage-profile] rpc_send_total=0.000 ms rpc_wait_total=0.000 ms
[svd-offload-client-debug] finish_fail_up_gate=0 finish_fail_down=0 finish_fail_other=0 finish_fail_ffn=0 cache_take_fail_up=0 cache_take_fail_gate=0 recv_up_sum_abs=0.000000e+00 recv_up_max_abs=0.000000e+00 recv_up_zero=0 recv_gate_sum_abs=0.000000e+00 recv_gate_max_abs=0.000000e+00 recv_gate_zero=0 recv_down_sum_abs=0.000000e+00 recv_down_max_abs=0.000000e+00 recv_down_zero=0 recv_other_sum_abs=0.000000e+00 recv_other_max_abs=0.000000e+00 recv_other_zero=0 recv_ffn_sum_abs=0.000000e+00 recv_ffn_max_abs=0.000000e+00 recv_ffn_zero=0
SUCCEED (one forward pass done)"
candidate,4c_high,0,all_0.6,,4,"60,61,62,63","70,80,90,100",ok,22.2045,45.0359,1.0616644672671984,,,,0.7082784175872803,"llama_context: graph splits = 1
attach_threadpool: call
threads: decode=4 batch=4
prompt tokens: 4
running one forward pass (llama_decode) ...
Top-5 next-token candidates:
  id=548 logit=12.2312 piece="" pr""
  id=62 logit=11.7936 piece=""_""
  id=512 logit=11.5545 piece="" le""
  id=9985 logit=11.4281 piece=""CM""
  id=1315 logit=11.3357 piece=""ait""
Autoregressive generation:
Generated text:  pr
Decode-only throughput: 22.2045 tokens/s (1 tokens in 0.0450359 s of llama_decode)
End-to-end throughput: 22.0507 tokens/s (1 tokens in 0.04535 s)
[decode-stage-profile] model_load=385.349 ms context_create=56.5035 ms tokenize=0.459738 ms prefill_decode=57.0683 ms generation_decode=45.0359 ms generation_total=45.35 ms program_total=561.092 ms
[svd-local-op-profile] up_ops=56 gate_ops=56 down_ops=56 up_total=24.481 ms gate_total=27.222 ms down_total=14.030 ms up_v=2.758 ms gate_v=5.923 ms down_v=9.993 ms up_u=21.720 ms gate_u=21.294 ms down_u=4.031 ms
[svd-local-stage-profile] attention_total=1.409 ms ffn_total=70.831 ms ffn_svd_total=65.733 ms ffn_svd_v=18.674 ms ffn_svd_u=47.045 ms
[svd-offload-zero-profile] up_finish=0 up_cache=0 up_no_request=27 gate_finish=0 gate_cache=0 gate_no_request=27 down_finish=0 down_cache=0 down_no_request=27 other_finish=0 other_cache=0 other_no_request=0
[svd-local-timeout-profile] up_keep=0 up_drop=0 up_wait=0.000 ms gate_keep=0 gate_drop=0 gate_wait=0.000 ms down_keep=0 down_drop=0 down_wait=0.000 ms other_keep=0 other_drop=0 other_wait=0.000 ms
[svd-offload-client] up_gate_req=0 down_req=0 other_mat_req=0 ffn_req=0 gate_cache_hits=0 gate_cache_checks=0 miss_invalid=0 miss_layer=0 miss_rank=0 miss_hash=0 miss_output=0 miss_data=0 send_up_gate=0.000 ms send_down=0.000 ms send_other=0.000 ms send_ffn=0.000 ms wait_up_gate=0.000 ms wait_down=0.000 ms wait_other=0.000 ms wait_ffn=0.000 ms
[svd-offload-client-stage-profile] rpc_send_total=0.000 ms rpc_wait_total=0.000 ms
[svd-offload-client-debug] finish_fail_up_gate=0 finish_fail_down=0 finish_fail_other=0 finish_fail_ffn=0 cache_take_fail_up=0 cache_take_fail_gate=0 recv_up_sum_abs=0.000000e+00 recv_up_max_abs=0.000000e+00 recv_up_zero=0 recv_gate_sum_abs=0.000000e+00 recv_gate_max_abs=0.000000e+00 recv_gate_zero=0 recv_down_sum_abs=0.000000e+00 recv_down_max_abs=0.000000e+00 recv_down_zero=0 recv_other_sum_abs=0.000000e+00 recv_other_max_abs=0.000000e+00 recv_other_zero=0 recv_ffn_sum_abs=0.000000e+00 recv_ffn_max_abs=0.000000e+00 recv_ffn_zero=0
SUCCEED (one forward pass done)"
candidate,4c_high,0,trunc_even_0.8,,4,"60,61,62,63","70,80,90,100",ok,21.6153,46.2636,1.0334930288599462,,,,0.7207088470458984,"llama_context: graph splits = 1
attach_threadpool: call
threads: decode=4 batch=4
prompt tokens: 4
running one forward pass (llama_decode) ...
Top-5 next-token candidates:
  id=3 logit=0 piece=""$""
  id=4 logit=0 piece=""%""
  id=1 logit=0 piece=""""""
  id=0 logit=0 piece=""!""
  id=2 logit=0 piece=""#""
Autoregressive generation:
Generated text: !
Decode-only throughput: 21.6153 tokens/s (1 tokens in 0.0462636 s of llama_decode)
End-to-end throughput: 21.471 tokens/s (1 tokens in 0.0465744 s)
[decode-stage-profile] model_load=379.843 ms context_create=58.4453 ms tokenize=0.462627 ms prefill_decode=67.9887 ms generation_decode=46.2636 ms generation_total=46.5744 ms program_total=569.689 ms
[svd-local-op-profile] up_ops=56 gate_ops=56 down_ops=56 up_total=31.366 ms gate_total=27.669 ms down_total=18.347 ms up_v=3.670 ms gate_v=3.873 ms down_v=13.768 ms up_u=27.690 ms gate_u=23.794 ms down_u=4.575 ms
[svd-local-stage-profile] attention_total=5.172 ms ffn_total=78.588 ms ffn_svd_total=77.382 ms ffn_svd_v=21.311 ms ffn_svd_u=56.059 ms
[svd-offload-zero-profile] up_finish=0 up_cache=0 up_no_request=27 gate_finish=0 gate_cache=0 gate_no_request=27 down_finish=0 down_cache=0 down_no_request=27 other_finish=0 other_cache=0 other_no_request=0
[svd-local-timeout-profile] up_keep=0 up_drop=0 up_wait=0.000 ms gate_keep=0 gate_drop=0 gate_wait=0.000 ms down_keep=0 down_drop=0 down_wait=0.000 ms other_keep=0 other_drop=0 other_wait=0.000 ms
[svd-offload-client] up_gate_req=0 down_req=0 other_mat_req=0 ffn_req=0 gate_cache_hits=0 gate_cache_checks=0 miss_invalid=0 miss_layer=0 miss_rank=0 miss_hash=0 miss_output=0 miss_data=0 send_up_gate=0.000 ms send_down=0.000 ms send_other=0.000 ms send_ffn=0.000 ms wait_up_gate=0.000 ms wait_down=0.000 ms wait_other=0.000 ms wait_ffn=0.000 ms
[svd-offload-client-stage-profile] rpc_send_total=0.000 ms rpc_wait_total=0.000 ms
[svd-offload-client-debug] finish_fail_up_gate=0 finish_fail_down=0 finish_fail_other=0 finish_fail_ffn=0 cache_take_fail_up=0 cache_take_fail_gate=0 recv_up_sum_abs=0.000000e+00 recv_up_max_abs=0.000000e+00 recv_up_zero=0 recv_gate_sum_abs=0.000000e+00 recv_gate_max_abs=0.000000e+00 recv_gate_zero=0 recv_down_sum_abs=0.000000e+00 recv_down_max_abs=0.000000e+00 recv_down_zero=0 recv_other_sum_abs=0.000000e+00 recv_other_max_abs=0.000000e+00 recv_other_zero=0 recv_ffn_sum_abs=0.000000e+00 recv_ffn_max_abs=0.000000e+00 recv_ffn_zero=0
SUCCEED (one forward pass done)"
candidate,4c_high,0,trunc_even_0.85,,4,"60,61,62,63","70,80,90,100",ok,21.2731,47.0078,1.0171314093369288,,,,3.625746250152588,"llama_context: graph splits = 1
attach_threadpool: call
threads: decode=4 batch=4
prompt tokens: 4
running one forward pass (llama_decode) ...
Top-5 next-token candidates:
  id=3 logit=0 piece=""$""
  id=4 logit=0 piece=""%""
  id=1 logit=0 piece=""""""
  id=0 logit=0 piece=""!""
  id=2 logit=0 piece=""#""
Autoregressive generation:
Generated text: !
Decode-only throughput: 21.2731 tokens/s (1 tokens in 0.0470078 s of llama_decode)
End-to-end throughput: 21.1273 tokens/s (1 tokens in 0.0473321 s)
[decode-stage-profile] model_load=406.83 ms context_create=58.1271 ms tokenize=0.460546 ms prefill_decode=2925.84 ms generation_decode=47.0078 ms generation_total=47.3321 ms program_total=3455.48 ms
[svd-local-op-profile] up_ops=56 gate_ops=56 down_ops=56 up_total=173.354 ms gate_total=179.594 ms down_total=167.567 ms up_v=54.224 ms gate_v=53.539 ms down_v=63.431 ms up_u=119.127 ms gate_u=126.049 ms down_u=104.133 ms
[svd-local-stage-profile] attention_total=399.379 ms ffn_total=769.575 ms ffn_svd_total=520.515 ms ffn_svd_v=171.194 ms ffn_svd_u=349.309 ms
[svd-offload-zero-profile] up_finish=0 up_cache=0 up_no_request=27 gate_finish=0 gate_cache=0 gate_no_request=27 down_finish=0 down_cache=0 down_no_request=27 other_finish=0 other_cache=0 other_no_request=0
[svd-local-timeout-profile] up_keep=0 up_drop=0 up_wait=0.000 ms gate_keep=0 gate_drop=0 gate_wait=0.000 ms down_keep=0 down_drop=0 down_wait=0.000 ms other_keep=0 other_drop=0 other_wait=0.000 ms
[svd-offload-client] up_gate_req=0 down_req=0 other_mat_req=0 ffn_req=0 gate_cache_hits=0 gate_cache_checks=0 miss_invalid=0 miss_layer=0 miss_rank=0 miss_hash=0 miss_output=0 miss_data=0 send_up_gate=0.000 ms send_down=0.000 ms send_other=0.000 ms send_ffn=0.000 ms wait_up_gate=0.000 ms wait_down=0.000 ms wait_other=0.000 ms wait_ffn=0.000 ms
[svd-offload-client-stage-profile] rpc_send_total=0.000 ms rpc_wait_total=0.000 ms
[svd-offload-client-debug] finish_fail_up_gate=0 finish_fail_down=0 finish_fail_other=0 finish_fail_ffn=0 cache_take_fail_up=0 cache_take_fail_gate=0 recv_up_sum_abs=0.000000e+00 recv_up_max_abs=0.000000e+00 recv_up_zero=0 recv_gate_sum_abs=0.000000e+00 recv_gate_max_abs=0.000000e+00 recv_gate_zero=0 recv_down_sum_abs=0.000000e+00 recv_down_max_abs=0.000000e+00 recv_down_zero=0 recv_other_sum_abs=0.000000e+00 recv_other_max_abs=0.000000e+00 recv_other_zero=0 recv_ffn_sum_abs=0.000000e+00 recv_ffn_max_abs=0.000000e+00 recv_ffn_zero=0
SUCCEED (one forward pass done)"
selected,4c_high,0,all_0.35,all_0.35,4,"60,61,62,63","70,80,90,100",ok,,,,20.9148,23.9329,1.144304511637692,,
candidate,4c_high,1,baseline_no_svd,,4,"60,61,62,63","70,80,90,100",ok,19.4221,51.4877,1.0,,,,0.7681808471679688,"llama_context: graph splits = 1
attach_threadpool: call
threads: decode=4 batch=4
prompt tokens: 4
running one forward pass (llama_decode) ...
Top-5 next-token candidates:
  id=11 logit=20.2053 piece="",""
  id=304 logit=18.9277 piece="" in""
  id=3837 logit=18.7558 piece=""，""
  id=1052 logit=18.5616 piece="" there""
  id=358 logit=17.8374 piece="" I""
Autoregressive generation:
Generated text: ,
Decode-only throughput: 19.4221 tokens/s (1 tokens in 0.0514877 s of llama_decode)
End-to-end throughput: 19.3036 tokens/s (1 tokens in 0.0518038 s)
[decode-stage-profile] model_load=393.216 ms context_create=59.6727 ms tokenize=0.4663 ms prefill_decode=86.7207 ms generation_decode=51.4877 ms generation_total=51.8038 ms program_total=608.348 ms
[svd-local-op-profile] up_ops=56 gate_ops=56 down_ops=56 up_total=34.387 ms gate_total=38.828 ms down_total=28.049 ms up_v=5.559 ms gate_v=5.573 ms down_v=22.296 ms up_u=28.820 ms gate_u=33.252 ms down_u=5.746 ms
[svd-local-stage-profile] attention_total=1.360 ms ffn_total=102.602 ms ffn_svd_total=101.264 ms ffn_svd_v=33.428 ms ffn_svd_u=67.818 ms
[svd-offload-zero-profile] up_finish=0 up_cache=0 up_no_request=27 gate_finish=0 gate_cache=0 gate_no_request=27 down_finish=0 down_cache=0 down_no_request=27 other_finish=0 other_cache=0 other_no_request=0
[svd-local-timeout-profile] up_keep=0 up_drop=0 up_wait=0.000 ms gate_keep=0 gate_drop=0 gate_wait=0.000 ms down_keep=0 down_drop=0 down_wait=0.000 ms other_keep=0 other_drop=0 other_wait=0.000 ms
[svd-offload-client] up_gate_req=0 down_req=0 other_mat_req=0 ffn_req=0 gate_cache_hits=0 gate_cache_checks=0 miss_invalid=0 miss_layer=0 miss_rank=0 miss_hash=0 miss_output=0 miss_data=0 send_up_gate=0.000 ms send_down=0.000 ms send_other=0.000 ms send_ffn=0.000 ms wait_up_gate=0.000 ms wait_down=0.000 ms wait_other=0.000 ms wait_ffn=0.000 ms
[svd-offload-client-stage-profile] rpc_send_total=0.000 ms rpc_wait_total=0.000 ms
[svd-offload-client-debug] finish_fail_up_gate=0 finish_fail_down=0 finish_fail_other=0 finish_fail_ffn=0 cache_take_fail_up=0 cache_take_fail_gate=0 recv_up_sum_abs=0.000000e+00 recv_up_max_abs=0.000000e+00 recv_up_zero=0 recv_gate_sum_abs=0.000000e+00 recv_gate_max_abs=0.000000e+00 recv_gate_zero=0 recv_down_sum_abs=0.000000e+00 recv_down_max_abs=0.000000e+00 recv_down_zero=0 recv_other_sum_abs=0.000000e+00 recv_other_max_abs=0.000000e+00 recv_other_zero=0 recv_ffn_sum_abs=0.000000e+00 recv_ffn_max_abs=0.000000e+00 recv_ffn_zero=0
SUCCEED (one forward pass done)"
candidate,4c_high,1,all_0.05,,4,"60,61,62,63","70,80,90,100",ok,18.1192,55.1899,0.9329166259055406,,,,1.801816463470459,"llama_context: graph splits = 1
attach_threadpool: call
threads: decode=4 batch=4
prompt tokens: 4
running one forward pass (llama_decode) ...
Top-5 next-token candidates:
  id=3 logit=0 piece=""$""
  id=4 logit=0 piece=""%""
  id=1 logit=0 piece=""""""
  id=0 logit=0 piece=""!""
  id=2 logit=0 piece=""#""
Autoregressive generation:
Generated text: !
Decode-only throughput: 18.1192 tokens/s (1 tokens in 0.0551899 s of llama_decode)
End-to-end throughput: 18.0142 tokens/s (1 tokens in 0.0555119 s)
[decode-stage-profile] model_load=390.912 ms context_create=55.599 ms tokenize=0.457442 ms prefill_decode=1119.21 ms generation_decode=55.1899 ms generation_total=55.5119 ms program_total=1638.11 ms
[svd-local-op-profile] up_ops=56 gate_ops=56 down_ops=56 up_total=73.749 ms gate_total=76.308 ms down_total=69.735 ms up_v=21.799 ms gate_v=19.779 ms down_v=35.066 ms up_u=51.946 ms gate_u=56.525 ms down_u=34.666 ms
[svd-local-stage-profile] attention_total=207.300 ms ffn_total=297.624 ms ffn_svd_total=219.792 ms ffn_svd_v=76.644 ms ffn_svd_u=143.137 ms
[svd-offload-zero-profile] up_finish=0 up_cache=0 up_no_request=27 gate_finish=0 gate_cache=0 gate_no_request=27 down_finish=0 down_cache=0 down_no_request=27 other_finish=0 other_cache=0 other_no_request=0
[svd-local-timeout-profile] up_keep=0 up_drop=0 up_wait=0.000 ms gate_keep=0 gate_drop=0 gate_wait=0.000 ms down_keep=0 down_drop=0 down_wait=0.000 ms other_keep=0 other_drop=0 other_wait=0.000 ms
[svd-offload-client] up_gate_req=0 down_req=0 other_mat_req=0 ffn_req=0 gate_cache_hits=0 gate_cache_checks=0 miss_invalid=0 miss_layer=0 miss_rank=0 miss_hash=0 miss_output=0 miss_data=0 send_up_gate=0.000 ms send_down=0.000 ms send_other=0.000 ms send_ffn=0.000 ms wait_up_gate=0.000 ms wait_down=0.000 ms wait_other=0.000 ms wait_ffn=0.000 ms
[svd-offload-client-stage-profile] rpc_send_total=0.000 ms rpc_wait_total=0.000 ms
[svd-offload-client-debug] finish_fail_up_gate=0 finish_fail_down=0 finish_fail_other=0 finish_fail_ffn=0 cache_take_fail_up=0 cache_take_fail_gate=0 recv_up_sum_abs=0.000000e+00 recv_up_max_abs=0.000000e+00 recv_up_zero=0 recv_gate_sum_abs=0.000000e+00 recv_gate_max_abs=0.000000e+00 recv_gate_zero=0 recv_down_sum_abs=0.000000e+00 recv_down_max_abs=0.000000e+00 recv_down_zero=0 recv_other_sum_abs=0.000000e+00 recv_other_max_abs=0.000000e+00 recv_other_zero=0 recv_ffn_sum_abs=0.000000e+00 recv_ffn_max_abs=0.000000e+00 recv_ffn_zero=0
SUCCEED (one forward pass done)"
candidate,4c_high,1,all_0.1,,4,"60,61,62,63","70,80,90,100",ok,22.4787,44.4866,1.157377420567292,,,,0.7420697212219238,"llama_context: graph splits = 1
attach_threadpool: call
threads: decode=4 batch=4
prompt tokens: 4
running one forward pass (llama_decode) ...
Top-5 next-token candidates:
  id=3 logit=0 piece=""$""
  id=4 logit=0 piece=""%""
  id=1 logit=0 piece=""""""
  id=0 logit=0 piece=""!""
  id=2 logit=0 piece=""#""
Autoregressive generation:
Generated text: !
Decode-only throughput: 22.4787 tokens/s (1 tokens in 0.0444866 s of llama_decode)
End-to-end throughput: 22.306 tokens/s (1 tokens in 0.0448311 s)
[decode-stage-profile] model_load=388.835 ms context_create=57.5351 ms tokenize=0.46528 ms prefill_decode=86.6416 ms generation_decode=44.4866 ms generation_total=44.8311 ms program_total=594.753 ms
[svd-local-op-profile] up_ops=56 gate_ops=56 down_ops=56 up_total=36.361 ms gate_total=32.563 ms down_total=25.008 ms up_v=5.027 ms gate_v=5.019 ms down_v=19.914 ms up_u=31.327 ms gate_u=27.539 ms down_u=5.090 ms
[svd-local-stage-profile] attention_total=1.237 ms ffn_total=95.262 ms ffn_svd_total=93.932 ms ffn_svd_v=29.960 ms ffn_svd_u=63.956 ms
[svd-offload-zero-profile] up_finish=0 up_cache=0 up_no_request=27 gate_finish=0 gate_cache=0 gate_no_request=27 down_finish=0 down_cache=0 down_no_request=27 other_finish=0 other_cache=0 other_no_request=0
[svd-local-timeout-profile] up_keep=0 up_drop=0 up_wait=0.000 ms gate_keep=0 gate_drop=0 gate_wait=0.000 ms down_keep=0 down_drop=0 down_wait=0.000 ms other_keep=0 other_drop=0 other_wait=0.000 ms
[svd-offload-client] up_gate_req=0 down_req=0 other_mat_req=0 ffn_req=0 gate_cache_hits=0 gate_cache_checks=0 miss_invalid=0 miss_layer=0 miss_rank=0 miss_hash=0 miss_output=0 miss_data=0 send_up_gate=0.000 ms send_down=0.000 ms send_other=0.000 ms send_ffn=0.000 ms wait_up_gate=0.000 ms wait_down=0.000 ms wait_other=0.000 ms wait_ffn=0.000 ms
[svd-offload-client-stage-profile] rpc_send_total=0.000 ms rpc_wait_total=0.000 ms
[svd-offload-client-debug] finish_fail_up_gate=0 finish_fail_down=0 finish_fail_other=0 finish_fail_ffn=0 cache_take_fail_up=0 cache_take_fail_gate=0 recv_up_sum_abs=0.000000e+00 recv_up_max_abs=0.000000e+00 recv_up_zero=0 recv_gate_sum_abs=0.000000e+00 recv_gate_max_abs=0.000000e+00 recv_gate_zero=0 recv_down_sum_abs=0.000000e+00 recv_down_max_abs=0.000000e+00 recv_down_zero=0 recv_other_sum_abs=0.000000e+00 recv_other_max_abs=0.000000e+00 recv_other_zero=0 recv_ffn_sum_abs=0.000000e+00 recv_ffn_max_abs=0.000000e+00 recv_ffn_zero=0
SUCCEED (one forward pass done)"
candidate,4c_high,1,all_0.15,,4,"60,61,62,63","70,80,90,100",ok,22.3954,44.652,1.153088491975636,,,,0.7386431694030762,"llama_context: graph splits = 1
attach_threadpool: call
threads: decode=4 batch=4
prompt tokens: 4
running one forward pass (llama_decode) ...
Top-5 next-token candidates:
  id=3 logit=0 piece=""$""
  id=4 logit=0 piece=""%""
  id=1 logit=0 piece=""""""
  id=0 logit=0 piece=""!""
  id=2 logit=0 piece=""#""
Autoregressive generation:
Generated text: !
Decode-only throughput: 22.3954 tokens/s (1 tokens in 0.044652 s of llama_decode)
End-to-end throughput: 22.2405 tokens/s (1 tokens in 0.0449631 s)
[decode-stage-profile] model_load=386.869 ms context_create=56.9641 ms tokenize=0.491749 ms prefill_decode=83.1033 ms generation_decode=44.652 ms generation_total=44.9631 ms program_total=588.751 ms
[svd-local-op-profile] up_ops=56 gate_ops=56 down_ops=56 up_total=34.893 ms gate_total=31.790 ms down_total=24.272 ms up_v=5.083 ms gate_v=4.858 ms down_v=19.216 ms up_u=29.804 ms gate_u=26.932 ms down_u=5.051 ms
[svd-local-stage-profile] attention_total=1.312 ms ffn_total=92.306 ms ffn_svd_total=90.955 ms ffn_svd_v=29.157 ms ffn_svd_u=61.787 ms
[svd-offload-zero-profile] up_finish=0 up_cache=0 up_no_request=27 gate_finish=0 gate_cache=0 gate_no_request=27 down_finish=0 down_cache=0 down_no_request=27 other_finish=0 other_cache=0 other_no_request=0
[svd-local-timeout-profile] up_keep=0 up_drop=0 up_wait=0.000 ms gate_keep=0 gate_drop=0 gate_wait=0.000 ms down_keep=0 down_drop=0 down_wait=0.000 ms other_keep=0 other_drop=0 other_wait=0.000 ms
[svd-offload-client] up_gate_req=0 down_req=0 other_mat_req=0 ffn_req=0 gate_cache_hits=0 gate_cache_checks=0 miss_invalid=0 miss_layer=0 miss_rank=0 miss_hash=0 miss_output=0 miss_data=0 send_up_gate=0.000 ms send_down=0.000 ms send_other=0.000 ms send_ffn=0.000 ms wait_up_gate=0.000 ms wait_down=0.000 ms wait_other=0.000 ms wait_ffn=0.000 ms
[svd-offload-client-stage-profile] rpc_send_total=0.000 ms rpc_wait_total=0.000 ms
[svd-offload-client-debug] finish_fail_up_gate=0 finish_fail_down=0 finish_fail_other=0 finish_fail_ffn=0 cache_take_fail_up=0 cache_take_fail_gate=0 recv_up_sum_abs=0.000000e+00 recv_up_max_abs=0.000000e+00 recv_up_zero=0 recv_gate_sum_abs=0.000000e+00 recv_gate_max_abs=0.000000e+00 recv_gate_zero=0 recv_down_sum_abs=0.000000e+00 recv_down_max_abs=0.000000e+00 recv_down_zero=0 recv_other_sum_abs=0.000000e+00 recv_other_max_abs=0.000000e+00 recv_other_zero=0 recv_ffn_sum_abs=0.000000e+00 recv_ffn_max_abs=0.000000e+00 recv_ffn_zero=0
SUCCEED (one forward pass done)"
candidate,4c_high,1,all_0.2,,4,"60,61,62,63","70,80,90,100",ok,22.6591,44.1324,1.1666658085376966,,,,0.7344913482666016,"llama_context: graph splits = 1
attach_threadpool: call
threads: decode=4 batch=4
prompt tokens: 4
running one forward pass (llama_decode) ...
Top-5 next-token candidates:
  id=3 logit=0 piece=""$""
  id=4 logit=0 piece=""%""
  id=1 logit=0 piece=""""""
  id=0 logit=0 piece=""!""
  id=2 logit=0 piece=""#""
Autoregressive generation:
Generated text: !
Decode-only throughput: 22.6591 tokens/s (1 tokens in 0.0441324 s of llama_decode)
End-to-end throughput: 22.4977 tokens/s (1 tokens in 0.0444489 s)
[decode-stage-profile] model_load=382.449 ms context_create=56.1018 ms tokenize=0.463856 ms prefill_decode=81.0846 ms generation_decode=44.1324 ms generation_total=44.4489 ms program_total=580.945 ms
[svd-local-op-profile] up_ops=56 gate_ops=56 down_ops=56 up_total=33.212 ms gate_total=34.115 ms down_total=22.819 ms up_v=6.791 ms gate_v=4.899 ms down_v=17.833 ms up_u=26.417 ms gate_u=29.210 ms down_u=4.978 ms
[svd-local-stage-profile] attention_total=2.104 ms ffn_total=91.454 ms ffn_svd_total=90.146 ms ffn_svd_v=29.523 ms ffn_svd_u=60.605 ms
[svd-offload-zero-profile] up_finish=0 up_cache=0 up_no_request=27 gate_finish=0 gate_cache=0 gate_no_request=27 down_finish=0 down_cache=0 down_no_request=27 other_finish=0 other_cache=0 other_no_request=0
[svd-local-timeout-profile] up_keep=0 up_drop=0 up_wait=0.000 ms gate_keep=0 gate_drop=0 gate_wait=0.000 ms down_keep=0 down_drop=0 down_wait=0.000 ms other_keep=0 other_drop=0 other_wait=0.000 ms
[svd-offload-client] up_gate_req=0 down_req=0 other_mat_req=0 ffn_req=0 gate_cache_hits=0 gate_cache_checks=0 miss_invalid=0 miss_layer=0 miss_rank=0 miss_hash=0 miss_output=0 miss_data=0 send_up_gate=0.000 ms send_down=0.000 ms send_other=0.000 ms send_ffn=0.000 ms wait_up_gate=0.000 ms wait_down=0.000 ms wait_other=0.000 ms wait_ffn=0.000 ms
[svd-offload-client-stage-profile] rpc_send_total=0.000 ms rpc_wait_total=0.000 ms
[svd-offload-client-debug] finish_fail_up_gate=0 finish_fail_down=0 finish_fail_other=0 finish_fail_ffn=0 cache_take_fail_up=0 cache_take_fail_gate=0 recv_up_sum_abs=0.000000e+00 recv_up_max_abs=0.000000e+00 recv_up_zero=0 recv_gate_sum_abs=0.000000e+00 recv_gate_max_abs=0.000000e+00 recv_gate_zero=0 recv_down_sum_abs=0.000000e+00 recv_down_max_abs=0.000000e+00 recv_down_zero=0 recv_other_sum_abs=0.000000e+00 recv_other_max_abs=0.000000e+00 recv_other_zero=0 recv_ffn_sum_abs=0.000000e+00 recv_ffn_max_abs=0.000000e+00 recv_ffn_zero=0
SUCCEED (one forward pass done)"
candidate,4c_high,1,all_0.25,,4,"60,61,62,63","70,80,90,100",ok,23.5894,42.392,1.2145648513806437,,,,0.729201078414917,"llama_context: graph splits = 1
attach_threadpool: call
threads: decode=4 batch=4
prompt tokens: 4
running one forward pass (llama_decode) ...
Top-5 next-token candidates:
  id=264 logit=16.5721 piece="" a""
  id=472 logit=16.4602 piece="" H""
  id=279 logit=16.2173 piece="" the""
  id=39 logit=15.9334 piece=""H""
  id=8 logit=15.4472 piece="")""
Autoregressive generation:
Generated text:  a
Decode-only throughput: 23.5894 tokens/s (1 tokens in 0.042392 s of llama_decode)
End-to-end throughput: 23.4202 tokens/s (1 tokens in 0.0426981 s)
[decode-stage-profile] model_load=380.085 ms context_create=61.061 ms tokenize=0.455019 ms prefill_decode=75.8561 ms generation_decode=42.392 ms generation_total=42.6981 ms program_total=576.46 ms
[svd-local-op-profile] up_ops=56 gate_ops=56 down_ops=56 up_total=30.160 ms gate_total=30.114 ms down_total=21.585 ms up_v=4.289 ms gate_v=4.460 ms down_v=16.612 ms up_u=25.863 ms gate_u=25.645 ms down_u=4.968 ms
[svd-local-stage-profile] attention_total=1.343 ms ffn_total=83.039 ms ffn_svd_total=81.859 ms ffn_svd_v=25.361 ms ffn_svd_u=56.476 ms
[svd-offload-zero-profile] up_finish=0 up_cache=0 up_no_request=27 gate_finish=0 gate_cache=0 gate_no_request=27 down_finish=0 down_cache=0 down_no_request=27 other_finish=0 other_cache=0 other_no_request=0
[svd-local-timeout-profile] up_keep=0 up_drop=0 up_wait=0.000 ms gate_keep=0 gate_drop=0 gate_wait=0.000 ms down_keep=0 down_drop=0 down_wait=0.000 ms other_keep=0 other_drop=0 other_wait=0.000 ms
[svd-offload-client] up_gate_req=0 down_req=0 other_mat_req=0 ffn_req=0 gate_cache_hits=0 gate_cache_checks=0 miss_invalid=0 miss_layer=0 miss_rank=0 miss_hash=0 miss_output=0 miss_data=0 send_up_gate=0.000 ms send_down=0.000 ms send_other=0.000 ms send_ffn=0.000 ms wait_up_gate=0.000 ms wait_down=0.000 ms wait_other=0.000 ms wait_ffn=0.000 ms
[svd-offload-client-stage-profile] rpc_send_total=0.000 ms rpc_wait_total=0.000 ms
[svd-offload-client-debug] finish_fail_up_gate=0 finish_fail_down=0 finish_fail_other=0 finish_fail_ffn=0 cache_take_fail_up=0 cache_take_fail_gate=0 recv_up_sum_abs=0.000000e+00 recv_up_max_abs=0.000000e+00 recv_up_zero=0 recv_gate_sum_abs=0.000000e+00 recv_gate_max_abs=0.000000e+00 recv_gate_zero=0 recv_down_sum_abs=0.000000e+00 recv_down_max_abs=0.000000e+00 recv_down_zero=0 recv_other_sum_abs=0.000000e+00 recv_other_max_abs=0.000000e+00 recv_other_zero=0 recv_ffn_sum_abs=0.000000e+00 recv_ffn_max_abs=0.000000e+00 recv_ffn_zero=0
SUCCEED (one forward pass done)"
candidate,4c_high,1,all_0.3,,4,"60,61,62,63","70,80,90,100",ok,23.3689,42.7919,1.2032118051086134,,,,0.7140500545501709,"llama_context: graph splits = 1
attach_threadpool: call
threads: decode=4 batch=4
prompt tokens: 4
running one forward pass (llama_decode) ...
Top-5 next-token candidates:
  id=3 logit=0 piece=""$""
  id=4 logit=0 piece=""%""
  id=1 logit=0 piece=""""""
  id=0 logit=0 piece=""!""
  id=2 logit=0 piece=""#""
Autoregressive generation:
Generated text: !
Decode-only throughput: 23.3689 tokens/s (1 tokens in 0.0427919 s of llama_decode)
End-to-end throughput: 23.2009 tokens/s (1 tokens in 0.0431018 s)
[decode-stage-profile] model_load=380.515 ms context_create=60.0554 ms tokenize=0.453741 ms prefill_decode=74.4402 ms generation_decode=42.7919 ms generation_total=43.1018 ms program_total=575.004 ms
[svd-local-op-profile] up_ops=56 gate_ops=56 down_ops=56 up_total=29.566 ms gate_total=29.382 ms down_total=20.691 ms up_v=4.261 ms gate_v=4.452 ms down_v=15.995 ms up_u=25.297 ms gate_u=24.927 ms down_u=4.690 ms
[svd-local-stage-profile] attention_total=1.318 ms ffn_total=80.856 ms ffn_svd_total=79.639 ms ffn_svd_v=24.708 ms ffn_svd_u=54.914 ms
[svd-offload-zero-profile] up_finish=0 up_cache=0 up_no_request=27 gate_finish=0 gate_cache=0 gate_no_request=27 down_finish=0 down_cache=0 down_no_request=27 other_finish=0 other_cache=0 other_no_request=0
[svd-local-timeout-profile] up_keep=0 up_drop=0 up_wait=0.000 ms gate_keep=0 gate_drop=0 gate_wait=0.000 ms down_keep=0 down_drop=0 down_wait=0.000 ms other_keep=0 other_drop=0 other_wait=0.000 ms
[svd-offload-client] up_gate_req=0 down_req=0 other_mat_req=0 ffn_req=0 gate_cache_hits=0 gate_cache_checks=0 miss_invalid=0 miss_layer=0 miss_rank=0 miss_hash=0 miss_output=0 miss_data=0 send_up_gate=0.000 ms send_down=0.000 ms send_other=0.000 ms send_ffn=0.000 ms wait_up_gate=0.000 ms wait_down=0.000 ms wait_other=0.000 ms wait_ffn=0.000 ms
[svd-offload-client-stage-profile] rpc_send_total=0.000 ms rpc_wait_total=0.000 ms
[svd-offload-client-debug] finish_fail_up_gate=0 finish_fail_down=0 finish_fail_other=0 finish_fail_ffn=0 cache_take_fail_up=0 cache_take_fail_gate=0 recv_up_sum_abs=0.000000e+00 recv_up_max_abs=0.000000e+00 recv_up_zero=0 recv_gate_sum_abs=0.000000e+00 recv_gate_max_abs=0.000000e+00 recv_gate_zero=0 recv_down_sum_abs=0.000000e+00 recv_down_max_abs=0.000000e+00 recv_down_zero=0 recv_other_sum_abs=0.000000e+00 recv_other_max_abs=0.000000e+00 recv_other_zero=0 recv_ffn_sum_abs=0.000000e+00 recv_ffn_max_abs=0.000000e+00 recv_ffn_zero=0
SUCCEED (one forward pass done)"
candidate,4c_high,1,all_0.35,,4,"60,61,62,63","70,80,90,100",ok,23.9759,41.7085,1.2344648621930687,,,,0.7188544273376465,"llama_context: graph splits = 1
attach_threadpool: call
threads: decode=4 batch=4
prompt tokens: 4
running one forward pass (llama_decode) ...
Top-5 next-token candidates:
  id=3 logit=0 piece=""$""
  id=4 logit=0 piece=""%""
  id=1 logit=0 piece=""""""
  id=0 logit=0 piece=""!""
  id=2 logit=0 piece=""#""
Autoregressive generation:
Generated text: !
Decode-only throughput: 23.9759 tokens/s (1 tokens in 0.0417085 s of llama_decode)
End-to-end throughput: 23.7971 tokens/s (1 tokens in 0.0420219 s)
[decode-stage-profile] model_load=390.663 ms context_create=55.2884 ms tokenize=0.454404 ms prefill_decode=71.5146 ms generation_decode=41.7085 ms generation_total=42.0219 ms program_total=576.326 ms
[svd-local-op-profile] up_ops=56 gate_ops=56 down_ops=56 up_total=28.348 ms gate_total=28.432 ms down_total=19.706 ms up_v=4.225 ms gate_v=4.536 ms down_v=14.968 ms up_u=24.120 ms gate_u=23.889 ms down_u=4.734 ms
[svd-local-stage-profile] attention_total=3.233 ms ffn_total=77.651 ms ffn_svd_total=76.486 ms ffn_svd_v=23.729 ms ffn_svd_u=52.743 ms
[svd-offload-zero-profile] up_finish=0 up_cache=0 up_no_request=27 gate_finish=0 gate_cache=0 gate_no_request=27 down_finish=0 down_cache=0 down_no_request=27 other_finish=0 other_cache=0 other_no_request=0
[svd-local-timeout-profile] up_keep=0 up_drop=0 up_wait=0.000 ms gate_keep=0 gate_drop=0 gate_wait=0.000 ms down_keep=0 down_drop=0 down_wait=0.000 ms other_keep=0 other_drop=0 other_wait=0.000 ms
[svd-offload-client] up_gate_req=0 down_req=0 other_mat_req=0 ffn_req=0 gate_cache_hits=0 gate_cache_checks=0 miss_invalid=0 miss_layer=0 miss_rank=0 miss_hash=0 miss_output=0 miss_data=0 send_up_gate=0.000 ms send_down=0.000 ms send_other=0.000 ms send_ffn=0.000 ms wait_up_gate=0.000 ms wait_down=0.000 ms wait_other=0.000 ms wait_ffn=0.000 ms
[svd-offload-client-stage-profile] rpc_send_total=0.000 ms rpc_wait_total=0.000 ms
[svd-offload-client-debug] finish_fail_up_gate=0 finish_fail_down=0 finish_fail_other=0 finish_fail_ffn=0 cache_take_fail_up=0 cache_take_fail_gate=0 recv_up_sum_abs=0.000000e+00 recv_up_max_abs=0.000000e+00 recv_up_zero=0 recv_gate_sum_abs=0.000000e+00 recv_gate_max_abs=0.000000e+00 recv_gate_zero=0 recv_down_sum_abs=0.000000e+00 recv_down_max_abs=0.000000e+00 recv_down_zero=0 recv_other_sum_abs=0.000000e+00 recv_other_max_abs=0.000000e+00 recv_other_zero=0 recv_ffn_sum_abs=0.000000e+00 recv_ffn_max_abs=0.000000e+00 recv_ffn_zero=0
SUCCEED (one forward pass done)"
candidate,4c_high,1,all_0.4,,4,"60,61,62,63","70,80,90,100",ok,24.419,40.9517,1.2572790789873391,,,,0.7410988807678223,"llama_context: graph splits = 1
attach_threadpool: call
threads: decode=4 batch=4
prompt tokens: 4
running one forward pass (llama_decode) ...
Top-5 next-token candidates:
  id=3 logit=0 piece=""$""
  id=4 logit=0 piece=""%""
  id=1 logit=0 piece=""""""
  id=0 logit=0 piece=""!""
  id=2 logit=0 piece=""#""
Autoregressive generation:
Generated text: !
Decode-only throughput: 24.419 tokens/s (1 tokens in 0.0409517 s of llama_decode)
End-to-end throughput: 24.2196 tokens/s (1 tokens in 0.0412888 s)
[decode-stage-profile] model_load=401.75 ms context_create=58.4005 ms tokenize=0.451038 ms prefill_decode=69.6532 ms generation_decode=40.9517 ms generation_total=41.2888 ms program_total=592.18 ms
[svd-local-op-profile] up_ops=56 gate_ops=56 down_ops=56 up_total=27.588 ms gate_total=26.956 ms down_total=18.655 ms up_v=3.969 ms gate_v=3.832 ms down_v=14.249 ms up_u=23.611 ms gate_u=23.123 ms down_u=4.402 ms
[svd-local-stage-profile] attention_total=1.302 ms ffn_total=74.501 ms ffn_svd_total=73.199 ms ffn_svd_v=22.050 ms ffn_svd_u=51.136 ms
[svd-offload-zero-profile] up_finish=0 up_cache=0 up_no_request=27 gate_finish=0 gate_cache=0 gate_no_request=27 down_finish=0 down_cache=0 down_no_request=27 other_finish=0 other_cache=0 other_no_request=0
[svd-local-timeout-profile] up_keep=0 up_drop=0 up_wait=0.000 ms gate_keep=0 gate_drop=0 gate_wait=0.000 ms down_keep=0 down_drop=0 down_wait=0.000 ms other_keep=0 other_drop=0 other_wait=0.000 ms
[svd-offload-client] up_gate_req=0 down_req=0 other_mat_req=0 ffn_req=0 gate_cache_hits=0 gate_cache_checks=0 miss_invalid=0 miss_layer=0 miss_rank=0 miss_hash=0 miss_output=0 miss_data=0 send_up_gate=0.000 ms send_down=0.000 ms send_other=0.000 ms send_ffn=0.000 ms wait_up_gate=0.000 ms wait_down=0.000 ms wait_other=0.000 ms wait_ffn=0.000 ms
[svd-offload-client-stage-profile] rpc_send_total=0.000 ms rpc_wait_total=0.000 ms
[svd-offload-client-debug] finish_fail_up_gate=0 finish_fail_down=0 finish_fail_other=0 finish_fail_ffn=0 cache_take_fail_up=0 cache_take_fail_gate=0 recv_up_sum_abs=0.000000e+00 recv_up_max_abs=0.000000e+00 recv_up_zero=0 recv_gate_sum_abs=0.000000e+00 recv_gate_max_abs=0.000000e+00 recv_gate_zero=0 recv_down_sum_abs=0.000000e+00 recv_down_max_abs=0.000000e+00 recv_down_zero=0 recv_other_sum_abs=0.000000e+00 recv_other_max_abs=0.000000e+00 recv_other_zero=0 recv_ffn_sum_abs=0.000000e+00 recv_ffn_max_abs=0.000000e+00 recv_ffn_zero=0
SUCCEED (one forward pass done)"
candidate,4c_high,1,all_0.45,,4,"60,61,62,63","70,80,90,100",ok,24.8203,40.2896,1.2779411083250523,,,,0.71600341796875,"llama_context: graph splits = 1
attach_threadpool: call
threads: decode=4 batch=4
prompt tokens: 4
running one forward pass (llama_decode) ...
Top-5 next-token candidates:
  id=3 logit=0 piece=""$""
  id=4 logit=0 piece=""%""
  id=1 logit=0 piece=""""""
  id=0 logit=0 piece=""!""
  id=2 logit=0 piece=""#""
Autoregressive generation:
Generated text: !
Decode-only throughput: 24.8203 tokens/s (1 tokens in 0.0402896 s of llama_decode)
End-to-end throughput: 24.63 tokens/s (1 tokens in 0.0406009 s)
[decode-stage-profile] model_load=386.424 ms context_create=55.8673 ms tokenize=0.459064 ms prefill_decode=66.0231 ms generation_decode=40.2896 ms generation_total=40.6009 ms program_total=565.716 ms
[svd-local-op-profile] up_ops=56 gate_ops=56 down_ops=56 up_total=26.128 ms gate_total=25.543 ms down_total=17.389 ms up_v=3.366 ms gate_v=3.182 ms down_v=13.168 ms up_u=22.756 ms gate_u=22.356 ms down_u=4.218 ms
[svd-local-stage-profile] attention_total=1.310 ms ffn_total=70.168 ms ffn_svd_total=69.060 ms ffn_svd_v=19.716 ms ffn_svd_u=49.330 ms
[svd-offload-zero-profile] up_finish=0 up_cache=0 up_no_request=27 gate_finish=0 gate_cache=0 gate_no_request=27 down_finish=0 down_cache=0 down_no_request=27 other_finish=0 other_cache=0 other_no_request=0
[svd-local-timeout-profile] up_keep=0 up_drop=0 up_wait=0.000 ms gate_keep=0 gate_drop=0 gate_wait=0.000 ms down_keep=0 down_drop=0 down_wait=0.000 ms other_keep=0 other_drop=0 other_wait=0.000 ms
[svd-offload-client] up_gate_req=0 down_req=0 other_mat_req=0 ffn_req=0 gate_cache_hits=0 gate_cache_checks=0 miss_invalid=0 miss_layer=0 miss_rank=0 miss_hash=0 miss_output=0 miss_data=0 send_up_gate=0.000 ms send_down=0.000 ms send_other=0.000 ms send_ffn=0.000 ms wait_up_gate=0.000 ms wait_down=0.000 ms wait_other=0.000 ms wait_ffn=0.000 ms
[svd-offload-client-stage-profile] rpc_send_total=0.000 ms rpc_wait_total=0.000 ms
[svd-offload-client-debug] finish_fail_up_gate=0 finish_fail_down=0 finish_fail_other=0 finish_fail_ffn=0 cache_take_fail_up=0 cache_take_fail_gate=0 recv_up_sum_abs=0.000000e+00 recv_up_max_abs=0.000000e+00 recv_up_zero=0 recv_gate_sum_abs=0.000000e+00 recv_gate_max_abs=0.000000e+00 recv_gate_zero=0 recv_down_sum_abs=0.000000e+00 recv_down_max_abs=0.000000e+00 recv_down_zero=0 recv_other_sum_abs=0.000000e+00 recv_other_max_abs=0.000000e+00 recv_other_zero=0 recv_ffn_sum_abs=0.000000e+00 recv_ffn_max_abs=0.000000e+00 recv_ffn_zero=0
SUCCEED (one forward pass done)"
candidate,4c_high,1,all_0.5,,4,"60,61,62,63","70,80,90,100",ok,21.7133,46.0547,1.117968705752725,,,,0.7126655578613281,"llama_context: graph splits = 1
attach_threadpool: call
threads: decode=4 batch=4
prompt tokens: 4
running one forward pass (llama_decode) ...
Top-5 next-token candidates:
  id=11 logit=15.272 piece="",""
  id=12 logit=14.9123 piece=""-""
  id=51730 logit=14.8613 piece="" Ri""
  id=6216 logit=14.8165 piece="" ir""
  id=472 logit=14.5534 piece="" H""
Autoregressive generation:
Generated text: ,
Decode-only throughput: 21.7133 tokens/s (1 tokens in 0.0460547 s of llama_decode)
End-to-end throughput: 21.5668 tokens/s (1 tokens in 0.0463675 s)
[decode-stage-profile] model_load=379.176 ms context_create=55.7757 ms tokenize=0.453323 ms prefill_decode=66.4396 ms generation_decode=46.0547 ms generation_total=46.3675 ms program_total=564.634 ms
[svd-local-op-profile] up_ops=56 gate_ops=56 down_ops=56 up_total=34.729 ms gate_total=25.684 ms down_total=17.450 ms up_v=9.234 ms gate_v=3.871 ms down_v=13.080 ms up_u=25.489 ms gate_u=21.807 ms down_u=4.364 ms
[svd-local-stage-profile] attention_total=1.358 ms ffn_total=79.013 ms ffn_svd_total=77.863 ms ffn_svd_v=26.185 ms ffn_svd_u=51.660 ms
[svd-offload-zero-profile] up_finish=0 up_cache=0 up_no_request=27 gate_finish=0 gate_cache=0 gate_no_request=27 down_finish=0 down_cache=0 down_no_request=27 other_finish=0 other_cache=0 other_no_request=0
[svd-local-timeout-profile] up_keep=0 up_drop=0 up_wait=0.000 ms gate_keep=0 gate_drop=0 gate_wait=0.000 ms down_keep=0 down_drop=0 down_wait=0.000 ms other_keep=0 other_drop=0 other_wait=0.000 ms
[svd-offload-client] up_gate_req=0 down_req=0 other_mat_req=0 ffn_req=0 gate_cache_hits=0 gate_cache_checks=0 miss_invalid=0 miss_layer=0 miss_rank=0 miss_hash=0 miss_output=0 miss_data=0 send_up_gate=0.000 ms send_down=0.000 ms send_other=0.000 ms send_ffn=0.000 ms wait_up_gate=0.000 ms wait_down=0.000 ms wait_other=0.000 ms wait_ffn=0.000 ms
[svd-offload-client-stage-profile] rpc_send_total=0.000 ms rpc_wait_total=0.000 ms
[svd-offload-client-debug] finish_fail_up_gate=0 finish_fail_down=0 finish_fail_other=0 finish_fail_ffn=0 cache_take_fail_up=0 cache_take_fail_gate=0 recv_up_sum_abs=0.000000e+00 recv_up_max_abs=0.000000e+00 recv_up_zero=0 recv_gate_sum_abs=0.000000e+00 recv_gate_max_abs=0.000000e+00 recv_gate_zero=0 recv_down_sum_abs=0.000000e+00 recv_down_max_abs=0.000000e+00 recv_down_zero=0 recv_other_sum_abs=0.000000e+00 recv_other_max_abs=0.000000e+00 recv_other_zero=0 recv_ffn_sum_abs=0.000000e+00 recv_ffn_max_abs=0.000000e+00 recv_ffn_zero=0
SUCCEED (one forward pass done)"
candidate,4c_high,1,all_0.55,,4,"60,61,62,63","70,80,90,100",ok,22.9499,43.5732,1.181638442804846,,,,3.0027291774749756,"llama_context: graph splits = 1
attach_threadpool: call
threads: decode=4 batch=4
prompt tokens: 4
running one forward pass (llama_decode) ...
Top-5 next-token candidates:
  id=3 logit=0 piece=""$""
  id=4 logit=0 piece=""%""
  id=1 logit=0 piece=""""""
  id=0 logit=0 piece=""!""
  id=2 logit=0 piece=""#""
Autoregressive generation:
Generated text: !
Decode-only throughput: 22.9499 tokens/s (1 tokens in 0.0435732 s of llama_decode)
End-to-end throughput: 22.7827 tokens/s (1 tokens in 0.043893 s)
[decode-stage-profile] model_load=385.835 ms context_create=58.412 ms tokenize=0.465232 ms prefill_decode=2333.2 ms generation_decode=43.5732 ms generation_total=43.893 ms program_total=2838.75 ms
[svd-local-op-profile] up_ops=56 gate_ops=56 down_ops=56 up_total=135.793 ms gate_total=131.527 ms down_total=121.081 ms up_v=38.552 ms gate_v=38.754 ms down_v=44.083 ms up_u=97.235 ms gate_u=92.768 ms down_u=76.994 ms
[svd-local-stage-profile] attention_total=322.288 ms ffn_total=566.201 ms ffn_svd_total=388.401 ms ffn_svd_v=121.389 ms ffn_svd_u=266.997 ms
[svd-offload-zero-profile] up_finish=0 up_cache=0 up_no_request=27 gate_finish=0 gate_cache=0 gate_no_request=27 down_finish=0 down_cache=0 down_no_request=27 other_finish=0 other_cache=0 other_no_request=0
[svd-local-timeout-profile] up_keep=0 up_drop=0 up_wait=0.000 ms gate_keep=0 gate_drop=0 gate_wait=0.000 ms down_keep=0 down_drop=0 down_wait=0.000 ms other_keep=0 other_drop=0 other_wait=0.000 ms
[svd-offload-client] up_gate_req=0 down_req=0 other_mat_req=0 ffn_req=0 gate_cache_hits=0 gate_cache_checks=0 miss_invalid=0 miss_layer=0 miss_rank=0 miss_hash=0 miss_output=0 miss_data=0 send_up_gate=0.000 ms send_down=0.000 ms send_other=0.000 ms send_ffn=0.000 ms wait_up_gate=0.000 ms wait_down=0.000 ms wait_other=0.000 ms wait_ffn=0.000 ms
[svd-offload-client-stage-profile] rpc_send_total=0.000 ms rpc_wait_total=0.000 ms
[svd-offload-client-debug] finish_fail_up_gate=0 finish_fail_down=0 finish_fail_other=0 finish_fail_ffn=0 cache_take_fail_up=0 cache_take_fail_gate=0 recv_up_sum_abs=0.000000e+00 recv_up_max_abs=0.000000e+00 recv_up_zero=0 recv_gate_sum_abs=0.000000e+00 recv_gate_max_abs=0.000000e+00 recv_gate_zero=0 recv_down_sum_abs=0.000000e+00 recv_down_max_abs=0.000000e+00 recv_down_zero=0 recv_other_sum_abs=0.000000e+00 recv_other_max_abs=0.000000e+00 recv_other_zero=0 recv_ffn_sum_abs=0.000000e+00 recv_ffn_max_abs=0.000000e+00 recv_ffn_zero=0
SUCCEED (one forward pass done)"
candidate,4c_high,1,all_0.6,,4,"60,61,62,63","70,80,90,100",ok,22.6054,44.2371,1.1639009169966172,,,,2.556973695755005,"llama_context: graph splits = 1
attach_threadpool: call
threads: decode=4 batch=4
prompt tokens: 4
running one forward pass (llama_decode) ...
Top-5 next-token candidates:
  id=548 logit=12.2312 piece="" pr""
  id=62 logit=11.7936 piece=""_""
  id=512 logit=11.5545 piece="" le""
  id=9985 logit=11.4281 piece=""CM""
  id=1315 logit=11.3357 piece=""ait""
Autoregressive generation:
Generated text:  pr
Decode-only throughput: 22.6054 tokens/s (1 tokens in 0.0442371 s of llama_decode)
End-to-end throughput: 22.4421 tokens/s (1 tokens in 0.044559 s)
[decode-stage-profile] model_load=383.685 ms context_create=63.7956 ms tokenize=0.490085 ms prefill_decode=1887.45 ms generation_decode=44.2371 ms generation_total=44.559 ms program_total=2397.05 ms
[svd-local-op-profile] up_ops=56 gate_ops=56 down_ops=56 up_total=114.749 ms gate_total=116.128 ms down_total=99.405 ms up_v=31.286 ms gate_v=31.246 ms down_v=39.064 ms up_u=83.457 ms gate_u=84.872 ms down_u=60.339 ms
[svd-local-stage-profile] attention_total=269.191 ms ffn_total=470.051 ms ffn_svd_total=330.282 ms ffn_svd_v=101.596 ms ffn_svd_u=228.668 ms
[svd-offload-zero-profile] up_finish=0 up_cache=0 up_no_request=27 gate_finish=0 gate_cache=0 gate_no_request=27 down_finish=0 down_cache=0 down_no_request=27 other_finish=0 other_cache=0 other_no_request=0
[svd-local-timeout-profile] up_keep=0 up_drop=0 up_wait=0.000 ms gate_keep=0 gate_drop=0 gate_wait=0.000 ms down_keep=0 down_drop=0 down_wait=0.000 ms other_keep=0 other_drop=0 other_wait=0.000 ms
[svd-offload-client] up_gate_req=0 down_req=0 other_mat_req=0 ffn_req=0 gate_cache_hits=0 gate_cache_checks=0 miss_invalid=0 miss_layer=0 miss_rank=0 miss_hash=0 miss_output=0 miss_data=0 send_up_gate=0.000 ms send_down=0.000 ms send_other=0.000 ms send_ffn=0.000 ms wait_up_gate=0.000 ms wait_down=0.000 ms wait_other=0.000 ms wait_ffn=0.000 ms
[svd-offload-client-stage-profile] rpc_send_total=0.000 ms rpc_wait_total=0.000 ms
[svd-offload-client-debug] finish_fail_up_gate=0 finish_fail_down=0 finish_fail_other=0 finish_fail_ffn=0 cache_take_fail_up=0 cache_take_fail_gate=0 recv_up_sum_abs=0.000000e+00 recv_up_max_abs=0.000000e+00 recv_up_zero=0 recv_gate_sum_abs=0.000000e+00 recv_gate_max_abs=0.000000e+00 recv_gate_zero=0 recv_down_sum_abs=0.000000e+00 recv_down_max_abs=0.000000e+00 recv_down_zero=0 recv_other_sum_abs=0.000000e+00 recv_other_max_abs=0.000000e+00 recv_other_zero=0 recv_ffn_sum_abs=0.000000e+00 recv_ffn_max_abs=0.000000e+00 recv_ffn_zero=0
SUCCEED (one forward pass done)"
candidate,4c_high,1,trunc_even_0.8,,4,"60,61,62,63","70,80,90,100",ok,23.9026,41.8364,1.2306908109833643,,,,0.724942684173584,"llama_context: graph splits = 1
attach_threadpool: call
threads: decode=4 batch=4
prompt tokens: 4
running one forward pass (llama_decode) ...
Top-5 next-token candidates:
  id=3 logit=0 piece=""$""
  id=4 logit=0 piece=""%""
  id=1 logit=0 piece=""""""
  id=0 logit=0 piece=""!""
  id=2 logit=0 piece=""#""
Autoregressive generation:
Generated text: !
Decode-only throughput: 23.9026 tokens/s (1 tokens in 0.0418364 s of llama_decode)
End-to-end throughput: 23.7282 tokens/s (1 tokens in 0.0421439 s)
[decode-stage-profile] model_load=377.955 ms context_create=63.2979 ms tokenize=0.461938 ms prefill_decode=67.4443 ms generation_decode=41.8364 ms generation_total=42.1439 ms program_total=567.799 ms
[svd-local-op-profile] up_ops=56 gate_ops=56 down_ops=56 up_total=27.423 ms gate_total=27.251 ms down_total=17.935 ms up_v=3.681 ms gate_v=3.748 ms down_v=13.484 ms up_u=23.736 ms gate_u=23.496 ms down_u=4.444 ms
[svd-local-stage-profile] attention_total=1.269 ms ffn_total=73.829 ms ffn_svd_total=72.609 ms ffn_svd_v=20.913 ms ffn_svd_u=51.676 ms
[svd-offload-zero-profile] up_finish=0 up_cache=0 up_no_request=27 gate_finish=0 gate_cache=0 gate_no_request=27 down_finish=0 down_cache=0 down_no_request=27 other_finish=0 other_cache=0 other_no_request=0
[svd-local-timeout-profile] up_keep=0 up_drop=0 up_wait=0.000 ms gate_keep=0 gate_drop=0 gate_wait=0.000 ms down_keep=0 down_drop=0 down_wait=0.000 ms other_keep=0 other_drop=0 other_wait=0.000 ms
[svd-offload-client] up_gate_req=0 down_req=0 other_mat_req=0 ffn_req=0 gate_cache_hits=0 gate_cache_checks=0 miss_invalid=0 miss_layer=0 miss_rank=0 miss_hash=0 miss_output=0 miss_data=0 send_up_gate=0.000 ms send_down=0.000 ms send_other=0.000 ms send_ffn=0.000 ms wait_up_gate=0.000 ms wait_down=0.000 ms wait_other=0.000 ms wait_ffn=0.000 ms
[svd-offload-client-stage-profile] rpc_send_total=0.000 ms rpc_wait_total=0.000 ms
[svd-offload-client-debug] finish_fail_up_gate=0 finish_fail_down=0 finish_fail_other=0 finish_fail_ffn=0 cache_take_fail_up=0 cache_take_fail_gate=0 recv_up_sum_abs=0.000000e+00 recv_up_max_abs=0.000000e+00 recv_up_zero=0 recv_gate_sum_abs=0.000000e+00 recv_gate_max_abs=0.000000e+00 recv_gate_zero=0 recv_down_sum_abs=0.000000e+00 recv_down_max_abs=0.000000e+00 recv_down_zero=0 recv_other_sum_abs=0.000000e+00 recv_other_max_abs=0.000000e+00 recv_other_zero=0 recv_ffn_sum_abs=0.000000e+00 recv_ffn_max_abs=0.000000e+00 recv_ffn_zero=0
SUCCEED (one forward pass done)"
candidate,4c_high,1,trunc_even_0.85,,4,"60,61,62,63","70,80,90,100",ok,24.3615,41.0483,1.254318534041118,,,,0.7218995094299316,"llama_context: graph splits = 1
attach_threadpool: call
threads: decode=4 batch=4
prompt tokens: 4
running one forward pass (llama_decode) ...
Top-5 next-token candidates:
  id=3 logit=0 piece=""$""
  id=4 logit=0 piece=""%""
  id=1 logit=0 piece=""""""
  id=0 logit=0 piece=""!""
  id=2 logit=0 piece=""#""
Autoregressive generation:
Generated text: !
Decode-only throughput: 24.3615 tokens/s (1 tokens in 0.0410483 s of llama_decode)
End-to-end throughput: 24.1663 tokens/s (1 tokens in 0.0413799 s)
[decode-stage-profile] model_load=389.223 ms context_create=59.2311 ms tokenize=0.462138 ms prefill_decode=68.644 ms generation_decode=41.0483 ms generation_total=41.3799 ms program_total=575.541 ms
[svd-local-op-profile] up_ops=56 gate_ops=56 down_ops=56 up_total=27.202 ms gate_total=26.975 ms down_total=17.663 ms up_v=3.745 ms gate_v=3.844 ms down_v=13.095 ms up_u=23.451 ms gate_u=23.126 ms down_u=4.562 ms
[svd-local-stage-profile] attention_total=5.278 ms ffn_total=72.990 ms ffn_svd_total=71.840 ms ffn_svd_v=20.684 ms ffn_svd_u=51.139 ms
[svd-offload-zero-profile] up_finish=0 up_cache=0 up_no_request=27 gate_finish=0 gate_cache=0 gate_no_request=27 down_finish=0 down_cache=0 down_no_request=27 other_finish=0 other_cache=0 other_no_request=0
[svd-local-timeout-profile] up_keep=0 up_drop=0 up_wait=0.000 ms gate_keep=0 gate_drop=0 gate_wait=0.000 ms down_keep=0 down_drop=0 down_wait=0.000 ms other_keep=0 other_drop=0 other_wait=0.000 ms
[svd-offload-client] up_gate_req=0 down_req=0 other_mat_req=0 ffn_req=0 gate_cache_hits=0 gate_cache_checks=0 miss_invalid=0 miss_layer=0 miss_rank=0 miss_hash=0 miss_output=0 miss_data=0 send_up_gate=0.000 ms send_down=0.000 ms send_other=0.000 ms send_ffn=0.000 ms wait_up_gate=0.000 ms wait_down=0.000 ms wait_other=0.000 ms wait_ffn=0.000 ms
[svd-offload-client-stage-profile] rpc_send_total=0.000 ms rpc_wait_total=0.000 ms
[svd-offload-client-debug] finish_fail_up_gate=0 finish_fail_down=0 finish_fail_other=0 finish_fail_ffn=0 cache_take_fail_up=0 cache_take_fail_gate=0 recv_up_sum_abs=0.000000e+00 recv_up_max_abs=0.000000e+00 recv_up_zero=0 recv_gate_sum_abs=0.000000e+00 recv_gate_max_abs=0.000000e+00 recv_gate_zero=0 recv_down_sum_abs=0.000000e+00 recv_down_max_abs=0.000000e+00 recv_down_zero=0 recv_other_sum_abs=0.000000e+00 recv_other_max_abs=0.000000e+00 recv_other_zero=0 recv_ffn_sum_abs=0.000000e+00 recv_ffn_max_abs=0.000000e+00 recv_ffn_zero=0
SUCCEED (one forward pass done)"
selected,4c_high,1,all_0.15,all_0.15,4,"60,61,62,63","70,80,90,100",ok,,,,19.4221,22.3954,1.153088491975636,,
candidate,4c_high,2,baseline_no_svd,,4,"60,61,62,63","70,80,90,100",ok,21.6218,46.2497,1.0,,,,0.7493512630462646,"llama_context: graph splits = 1
attach_threadpool: call
threads: decode=4 batch=4
prompt tokens: 4
running one forward pass (llama_decode) ...
Top-5 next-token candidates:
  id=11 logit=20.2053 piece="",""
  id=304 logit=18.9277 piece="" in""
  id=3837 logit=18.7558 piece=""，""
  id=1052 logit=18.5616 piece="" there""
  id=358 logit=17.8374 piece="" I""
Autoregressive generation:
Generated text: ,
Decode-only throughput: 21.6218 tokens/s (1 tokens in 0.0462497 s of llama_decode)
End-to-end throughput: 21.475 tokens/s (1 tokens in 0.0465658 s)
[decode-stage-profile] model_load=391.655 ms context_create=57.6972 ms tokenize=0.46195 ms prefill_decode=84.3649 ms generation_decode=46.2497 ms generation_total=46.5658 ms program_total=597.35 ms
[svd-local-op-profile] up_ops=56 gate_ops=56 down_ops=56 up_total=33.473 ms gate_total=33.251 ms down_total=27.173 ms up_v=5.271 ms gate_v=5.350 ms down_v=21.684 ms up_u=28.197 ms gate_u=27.897 ms down_u=5.485 ms
[svd-local-stage-profile] attention_total=4.325 ms ffn_total=95.179 ms ffn_svd_total=93.897 ms ffn_svd_v=32.305 ms ffn_svd_u=61.579 ms
[svd-offload-zero-profile] up_finish=0 up_cache=0 up_no_request=27 gate_finish=0 gate_cache=0 gate_no_request=27 down_finish=0 down_cache=0 down_no_request=27 other_finish=0 other_cache=0 other_no_request=0
[svd-local-timeout-profile] up_keep=0 up_drop=0 up_wait=0.000 ms gate_keep=0 gate_drop=0 gate_wait=0.000 ms down_keep=0 down_drop=0 down_wait=0.000 ms other_keep=0 other_drop=0 other_wait=0.000 ms
[svd-offload-client] up_gate_req=0 down_req=0 other_mat_req=0 ffn_req=0 gate_cache_hits=0 gate_cache_checks=0 miss_invalid=0 miss_layer=0 miss_rank=0 miss_hash=0 miss_output=0 miss_data=0 send_up_gate=0.000 ms send_down=0.000 ms send_other=0.000 ms send_ffn=0.000 ms wait_up_gate=0.000 ms wait_down=0.000 ms wait_other=0.000 ms wait_ffn=0.000 ms
[svd-offload-client-stage-profile] rpc_send_total=0.000 ms rpc_wait_total=0.000 ms
[svd-offload-client-debug] finish_fail_up_gate=0 finish_fail_down=0 finish_fail_other=0 finish_fail_ffn=0 cache_take_fail_up=0 cache_take_fail_gate=0 recv_up_sum_abs=0.000000e+00 recv_up_max_abs=0.000000e+00 recv_up_zero=0 recv_gate_sum_abs=0.000000e+00 recv_gate_max_abs=0.000000e+00 recv_gate_zero=0 recv_down_sum_abs=0.000000e+00 recv_down_max_abs=0.000000e+00 recv_down_zero=0 recv_other_sum_abs=0.000000e+00 recv_other_max_abs=0.000000e+00 recv_other_zero=0 recv_ffn_sum_abs=0.000000e+00 recv_ffn_max_abs=0.000000e+00 recv_ffn_zero=0
SUCCEED (one forward pass done)"
candidate,4c_high,2,all_0.05,,4,"60,61,62,63","70,80,90,100",ok,21.378,46.777,0.98872434302417,,,,0.7547152042388916,"llama_context: graph splits = 1
attach_threadpool: call
threads: decode=4 batch=4
prompt tokens: 4
running one forward pass (llama_decode) ...
Top-5 next-token candidates:
  id=3 logit=0 piece=""$""
  id=4 logit=0 piece=""%""
  id=1 logit=0 piece=""""""
  id=0 logit=0 piece=""!""
  id=2 logit=0 piece=""#""
Autoregressive generation:
Generated text: !
Decode-only throughput: 21.378 tokens/s (1 tokens in 0.046777 s of llama_decode)
End-to-end throughput: 21.2371 tokens/s (1 tokens in 0.0470875 s)
[decode-stage-profile] model_load=383.945 ms context_create=55.9147 ms tokenize=0.469708 ms prefill_decode=85.2384 ms generation_decode=46.777 ms generation_total=47.0875 ms program_total=589.037 ms
[svd-local-op-profile] up_ops=56 gate_ops=56 down_ops=56 up_total=33.457 ms gate_total=33.704 ms down_total=26.680 ms up_v=5.453 ms gate_v=5.683 ms down_v=21.379 ms up_u=27.997 ms gate_u=28.015 ms down_u=5.296 ms
[svd-local-stage-profile] attention_total=1.331 ms ffn_total=95.136 ms ffn_svd_total=93.841 ms ffn_svd_v=32.515 ms ffn_svd_u=61.308 ms
[svd-offload-zero-profile] up_finish=0 up_cache=0 up_no_request=27 gate_finish=0 gate_cache=0 gate_no_request=27 down_finish=0 down_cache=0 down_no_request=27 other_finish=0 other_cache=0 other_no_request=0
[svd-local-timeout-profile] up_keep=0 up_drop=0 up_wait=0.000 ms gate_keep=0 gate_drop=0 gate_wait=0.000 ms down_keep=0 down_drop=0 down_wait=0.000 ms other_keep=0 other_drop=0 other_wait=0.000 ms
[svd-offload-client] up_gate_req=0 down_req=0 other_mat_req=0 ffn_req=0 gate_cache_hits=0 gate_cache_checks=0 miss_invalid=0 miss_layer=0 miss_rank=0 miss_hash=0 miss_output=0 miss_data=0 send_up_gate=0.000 ms send_down=0.000 ms send_other=0.000 ms send_ffn=0.000 ms wait_up_gate=0.000 ms wait_down=0.000 ms wait_other=0.000 ms wait_ffn=0.000 ms
[svd-offload-client-stage-profile] rpc_send_total=0.000 ms rpc_wait_total=0.000 ms
[svd-offload-client-debug] finish_fail_up_gate=0 finish_fail_down=0 finish_fail_other=0 finish_fail_ffn=0 cache_take_fail_up=0 cache_take_fail_gate=0 recv_up_sum_abs=0.000000e+00 recv_up_max_abs=0.000000e+00 recv_up_zero=0 recv_gate_sum_abs=0.000000e+00 recv_gate_max_abs=0.000000e+00 recv_gate_zero=0 recv_down_sum_abs=0.000000e+00 recv_down_max_abs=0.000000e+00 recv_down_zero=0 recv_other_sum_abs=0.000000e+00 recv_other_max_abs=0.000000e+00 recv_other_zero=0 recv_ffn_sum_abs=0.000000e+00 recv_ffn_max_abs=0.000000e+00 recv_ffn_zero=0
SUCCEED (one forward pass done)"
candidate,4c_high,2,all_0.1,,4,"60,61,62,63","70,80,90,100",ok,21.7582,45.9596,1.0063084479553044,,,,0.7889456748962402,"llama_context: graph splits = 1
attach_threadpool: call
threads: decode=4 batch=4
prompt tokens: 4
running one forward pass (llama_decode) ...
Top-5 next-token candidates:
  id=3 logit=0 piece=""$""
  id=4 logit=0 piece=""%""
  id=1 logit=0 piece=""""""
  id=0 logit=0 piece=""!""
  id=2 logit=0 piece=""#""
Autoregressive generation:
Generated text: !
Decode-only throughput: 21.7582 tokens/s (1 tokens in 0.0459596 s of llama_decode)
End-to-end throughput: 21.6093 tokens/s (1 tokens in 0.0462764 s)
[decode-stage-profile] model_load=403.854 ms context_create=56.7383 ms tokenize=0.463041 ms prefill_decode=85.1654 ms generation_decode=45.9596 ms generation_total=46.2764 ms program_total=609.143 ms
[svd-local-op-profile] up_ops=56 gate_ops=56 down_ops=56 up_total=33.161 ms gate_total=36.841 ms down_total=24.956 ms up_v=5.199 ms gate_v=9.032 ms down_v=19.872 ms up_u=27.960 ms gate_u=27.803 ms down_u=5.084 ms
[svd-local-stage-profile] attention_total=1.356 ms ffn_total=96.330 ms ffn_svd_total=94.958 ms ffn_svd_v=34.103 ms ffn_svd_u=60.847 ms
[svd-offload-zero-profile] up_finish=0 up_cache=0 up_no_request=27 gate_finish=0 gate_cache=0 gate_no_request=27 down_finish=0 down_cache=0 down_no_request=27 other_finish=0 other_cache=0 other_no_request=0
[svd-local-timeout-profile] up_keep=0 up_drop=0 up_wait=0.000 ms gate_keep=0 gate_drop=0 gate_wait=0.000 ms down_keep=0 down_drop=0 down_wait=0.000 ms other_keep=0 other_drop=0 other_wait=0.000 ms
[svd-offload-client] up_gate_req=0 down_req=0 other_mat_req=0 ffn_req=0 gate_cache_hits=0 gate_cache_checks=0 miss_invalid=0 miss_layer=0 miss_rank=0 miss_hash=0 miss_output=0 miss_data=0 send_up_gate=0.000 ms send_down=0.000 ms send_other=0.000 ms send_ffn=0.000 ms wait_up_gate=0.000 ms wait_down=0.000 ms wait_other=0.000 ms wait_ffn=0.000 ms
[svd-offload-client-stage-profile] rpc_send_total=0.000 ms rpc_wait_total=0.000 ms
[svd-offload-client-debug] finish_fail_up_gate=0 finish_fail_down=0 finish_fail_other=0 finish_fail_ffn=0 cache_take_fail_up=0 cache_take_fail_gate=0 recv_up_sum_abs=0.000000e+00 recv_up_max_abs=0.000000e+00 recv_up_zero=0 recv_gate_sum_abs=0.000000e+00 recv_gate_max_abs=0.000000e+00 recv_gate_zero=0 recv_down_sum_abs=0.000000e+00 recv_down_max_abs=0.000000e+00 recv_down_zero=0 recv_other_sum_abs=0.000000e+00 recv_other_max_abs=0.000000e+00 recv_other_zero=0 recv_ffn_sum_abs=0.000000e+00 recv_ffn_max_abs=0.000000e+00 recv_ffn_zero=0
SUCCEED (one forward pass done)"
candidate,4c_high,2,all_0.15,,4,"60,61,62,63","70,80,90,100",ok,22.7053,44.0426,1.050111461580442,,,,0.7333476543426514,"llama_context: graph splits = 1
attach_threadpool: call
threads: decode=4 batch=4
prompt tokens: 4
running one forward pass (llama_decode) ...
Top-5 next-token candidates:
  id=3 logit=0 piece=""$""
  id=4 logit=0 piece=""%""
  id=1 logit=0 piece=""""""
  id=0 logit=0 piece=""!""
  id=2 logit=0 piece=""#""
Autoregressive generation:
Generated text: !
Decode-only throughput: 22.7053 tokens/s (1 tokens in 0.0440426 s of llama_decode)
End-to-end throughput: 22.5419 tokens/s (1 tokens in 0.0443619 s)
[decode-stage-profile] model_load=380.459 ms context_create=57.3185 ms tokenize=0.466023 ms prefill_decode=80.1643 ms generation_decode=44.0426 ms generation_total=44.3619 ms program_total=583.344 ms
[svd-local-op-profile] up_ops=56 gate_ops=56 down_ops=56 up_total=31.600 ms gate_total=31.525 ms down_total=23.861 ms up_v=4.908 ms gate_v=5.099 ms down_v=18.842 ms up_u=26.683 ms gate_u=26.421 ms down_u=5.009 ms
[svd-local-stage-profile] attention_total=1.298 ms ffn_total=88.357 ms ffn_svd_total=86.986 ms ffn_svd_v=28.849 ms ffn_svd_u=58.113 ms
[svd-offload-zero-profile] up_finish=0 up_cache=0 up_no_request=27 gate_finish=0 gate_cache=0 gate_no_request=27 down_finish=0 down_cache=0 down_no_request=27 other_finish=0 other_cache=0 other_no_request=0
[svd-local-timeout-profile] up_keep=0 up_drop=0 up_wait=0.000 ms gate_keep=0 gate_drop=0 gate_wait=0.000 ms down_keep=0 down_drop=0 down_wait=0.000 ms other_keep=0 other_drop=0 other_wait=0.000 ms
[svd-offload-client] up_gate_req=0 down_req=0 other_mat_req=0 ffn_req=0 gate_cache_hits=0 gate_cache_checks=0 miss_invalid=0 miss_layer=0 miss_rank=0 miss_hash=0 miss_output=0 miss_data=0 send_up_gate=0.000 ms send_down=0.000 ms send_other=0.000 ms send_ffn=0.000 ms wait_up_gate=0.000 ms wait_down=0.000 ms wait_other=0.000 ms wait_ffn=0.000 ms
[svd-offload-client-stage-profile] rpc_send_total=0.000 ms rpc_wait_total=0.000 ms
[svd-offload-client-debug] finish_fail_up_gate=0 finish_fail_down=0 finish_fail_other=0 finish_fail_ffn=0 cache_take_fail_up=0 cache_take_fail_gate=0 recv_up_sum_abs=0.000000e+00 recv_up_max_abs=0.000000e+00 recv_up_zero=0 recv_gate_sum_abs=0.000000e+00 recv_gate_max_abs=0.000000e+00 recv_gate_zero=0 recv_down_sum_abs=0.000000e+00 recv_down_max_abs=0.000000e+00 recv_down_zero=0 recv_other_sum_abs=0.000000e+00 recv_other_max_abs=0.000000e+00 recv_other_zero=0 recv_ffn_sum_abs=0.000000e+00 recv_ffn_max_abs=0.000000e+00 recv_ffn_zero=0
SUCCEED (one forward pass done)"
candidate,4c_high,2,all_0.2,,4,"60,61,62,63","70,80,90,100",ok,21.0253,47.5617,0.9724121026001536,,,,0.7397656440734863,"llama_context: graph splits = 1
attach_threadpool: call
threads: decode=4 batch=4
prompt tokens: 4
running one forward pass (llama_decode) ...
Top-5 next-token candidates:
  id=3 logit=0 piece=""$""
  id=4 logit=0 piece=""%""
  id=1 logit=0 piece=""""""
  id=0 logit=0 piece=""!""
  id=2 logit=0 piece=""#""
Autoregressive generation:
Generated text: !
Decode-only throughput: 21.0253 tokens/s (1 tokens in 0.0475617 s of llama_decode)
End-to-end throughput: 20.8908 tokens/s (1 tokens in 0.0478681 s)
[decode-stage-profile] model_load=391.011 ms context_create=56.6431 ms tokenize=0.460798 ms prefill_decode=77.9798 ms generation_decode=47.5617 ms generation_total=47.8681 ms program_total=590.439 ms
[svd-local-op-profile] up_ops=56 gate_ops=56 down_ops=56 up_total=30.988 ms gate_total=31.084 ms down_total=22.794 ms up_v=4.828 ms gate_v=5.130 ms down_v=17.770 ms up_u=26.158 ms gate_u=25.948 ms down_u=5.020 ms
[svd-local-stage-profile] attention_total=1.338 ms ffn_total=86.146 ms ffn_svd_total=84.866 ms ffn_svd_v=27.728 ms ffn_svd_u=57.126 ms
[svd-offload-zero-profile] up_finish=0 up_cache=0 up_no_request=27 gate_finish=0 gate_cache=0 gate_no_request=27 down_finish=0 down_cache=0 down_no_request=27 other_finish=0 other_cache=0 other_no_request=0
[svd-local-timeout-profile] up_keep=0 up_drop=0 up_wait=0.000 ms gate_keep=0 gate_drop=0 gate_wait=0.000 ms down_keep=0 down_drop=0 down_wait=0.000 ms other_keep=0 other_drop=0 other_wait=0.000 ms
[svd-offload-client] up_gate_req=0 down_req=0 other_mat_req=0 ffn_req=0 gate_cache_hits=0 gate_cache_checks=0 miss_invalid=0 miss_layer=0 miss_rank=0 miss_hash=0 miss_output=0 miss_data=0 send_up_gate=0.000 ms send_down=0.000 ms send_other=0.000 ms send_ffn=0.000 ms wait_up_gate=0.000 ms wait_down=0.000 ms wait_other=0.000 ms wait_ffn=0.000 ms
[svd-offload-client-stage-profile] rpc_send_total=0.000 ms rpc_wait_total=0.000 ms
[svd-offload-client-debug] finish_fail_up_gate=0 finish_fail_down=0 finish_fail_other=0 finish_fail_ffn=0 cache_take_fail_up=0 cache_take_fail_gate=0 recv_up_sum_abs=0.000000e+00 recv_up_max_abs=0.000000e+00 recv_up_zero=0 recv_gate_sum_abs=0.000000e+00 recv_gate_max_abs=0.000000e+00 recv_gate_zero=0 recv_down_sum_abs=0.000000e+00 recv_down_max_abs=0.000000e+00 recv_down_zero=0 recv_other_sum_abs=0.000000e+00 recv_other_max_abs=0.000000e+00 recv_other_zero=0 recv_ffn_sum_abs=0.000000e+00 recv_ffn_max_abs=0.000000e+00 recv_ffn_zero=0
SUCCEED (one forward pass done)"
candidate,4c_high,2,all_0.25,,4,"60,61,62,63","70,80,90,100",ok,23.0883,43.312,1.06782506544321,,,,0.7277340888977051,"llama_context: graph splits = 1
attach_threadpool: call
threads: decode=4 batch=4
prompt tokens: 4
running one forward pass (llama_decode) ...
Top-5 next-token candidates:
  id=264 logit=16.5721 piece="" a""
  id=472 logit=16.4602 piece="" H""
  id=279 logit=16.2173 piece="" the""
  id=39 logit=15.9334 piece=""H""
  id=8 logit=15.4472 piece="")""
Autoregressive generation:
Generated text:  a
Decode-only throughput: 23.0883 tokens/s (1 tokens in 0.043312 s of llama_decode)
End-to-end throughput: 22.9224 tokens/s (1 tokens in 0.0436254 s)
[decode-stage-profile] model_load=381.715 ms context_create=56.5525 ms tokenize=0.470547 ms prefill_decode=77.2008 ms generation_decode=43.312 ms generation_total=43.6254 ms program_total=579.912 ms
[svd-local-op-profile] up_ops=56 gate_ops=56 down_ops=56 up_total=30.603 ms gate_total=30.584 ms down_total=21.768 ms up_v=4.314 ms gate_v=4.468 ms down_v=17.019 ms up_u=26.282 ms gate_u=26.115 ms down_u=4.746 ms
[svd-local-stage-profile] attention_total=4.180 ms ffn_total=84.203 ms ffn_svd_total=82.955 ms ffn_svd_v=25.801 ms ffn_svd_u=57.143 ms
[svd-offload-zero-profile] up_finish=0 up_cache=0 up_no_request=27 gate_finish=0 gate_cache=0 gate_no_request=27 down_finish=0 down_cache=0 down_no_request=27 other_finish=0 other_cache=0 other_no_request=0
[svd-local-timeout-profile] up_keep=0 up_drop=0 up_wait=0.000 ms gate_keep=0 gate_drop=0 gate_wait=0.000 ms down_keep=0 down_drop=0 down_wait=0.000 ms other_keep=0 other_drop=0 other_wait=0.000 ms
[svd-offload-client] up_gate_req=0 down_req=0 other_mat_req=0 ffn_req=0 gate_cache_hits=0 gate_cache_checks=0 miss_invalid=0 miss_layer=0 miss_rank=0 miss_hash=0 miss_output=0 miss_data=0 send_up_gate=0.000 ms send_down=0.000 ms send_other=0.000 ms send_ffn=0.000 ms wait_up_gate=0.000 ms wait_down=0.000 ms wait_other=0.000 ms wait_ffn=0.000 ms
[svd-offload-client-stage-profile] rpc_send_total=0.000 ms rpc_wait_total=0.000 ms
[svd-offload-client-debug] finish_fail_up_gate=0 finish_fail_down=0 finish_fail_other=0 finish_fail_ffn=0 cache_take_fail_up=0 cache_take_fail_gate=0 recv_up_sum_abs=0.000000e+00 recv_up_max_abs=0.000000e+00 recv_up_zero=0 recv_gate_sum_abs=0.000000e+00 recv_gate_max_abs=0.000000e+00 recv_gate_zero=0 recv_down_sum_abs=0.000000e+00 recv_down_max_abs=0.000000e+00 recv_down_zero=0 recv_other_sum_abs=0.000000e+00 recv_other_max_abs=0.000000e+00 recv_other_zero=0 recv_ffn_sum_abs=0.000000e+00 recv_ffn_max_abs=0.000000e+00 recv_ffn_zero=0
SUCCEED (one forward pass done)"
candidate,4c_high,2,all_0.3,,4,"60,61,62,63","70,80,90,100",ok,21.9174,45.6258,1.0136713872110554,,,,0.7253561019897461,"llama_context: graph splits = 1
attach_threadpool: call
threads: decode=4 batch=4
prompt tokens: 4
running one forward pass (llama_decode) ...
Top-5 next-token candidates:
  id=3 logit=0 piece=""$""
  id=4 logit=0 piece=""%""
  id=1 logit=0 piece=""""""
  id=0 logit=0 piece=""!""
  id=2 logit=0 piece=""#""
Autoregressive generation:
Generated text: !
Decode-only throughput: 21.9174 tokens/s (1 tokens in 0.0456258 s of llama_decode)
End-to-end throughput: 21.7708 tokens/s (1 tokens in 0.0459331 s)
[decode-stage-profile] model_load=378.968 ms context_create=59.409 ms tokenize=0.480406 ms prefill_decode=79.2547 ms generation_decode=45.6258 ms generation_total=45.9331 ms program_total=580.862 ms
[svd-local-op-profile] up_ops=56 gate_ops=56 down_ops=56 up_total=29.422 ms gate_total=29.334 ms down_total=23.707 ms up_v=4.286 ms gate_v=4.479 ms down_v=19.022 ms up_u=25.128 ms gate_u=24.848 ms down_u=4.685 ms
[svd-local-stage-profile] attention_total=5.923 ms ffn_total=83.714 ms ffn_svd_total=82.463 ms ffn_svd_v=27.787 ms ffn_svd_u=54.661 ms
[svd-offload-zero-profile] up_finish=0 up_cache=0 up_no_request=27 gate_finish=0 gate_cache=0 gate_no_request=27 down_finish=0 down_cache=0 down_no_request=27 other_finish=0 other_cache=0 other_no_request=0
[svd-local-timeout-profile] up_keep=0 up_drop=0 up_wait=0.000 ms gate_keep=0 gate_drop=0 gate_wait=0.000 ms down_keep=0 down_drop=0 down_wait=0.000 ms other_keep=0 other_drop=0 other_wait=0.000 ms
[svd-offload-client] up_gate_req=0 down_req=0 other_mat_req=0 ffn_req=0 gate_cache_hits=0 gate_cache_checks=0 miss_invalid=0 miss_layer=0 miss_rank=0 miss_hash=0 miss_output=0 miss_data=0 send_up_gate=0.000 ms send_down=0.000 ms send_other=0.000 ms send_ffn=0.000 ms wait_up_gate=0.000 ms wait_down=0.000 ms wait_other=0.000 ms wait_ffn=0.000 ms
[svd-offload-client-stage-profile] rpc_send_total=0.000 ms rpc_wait_total=0.000 ms
[svd-offload-client-debug] finish_fail_up_gate=0 finish_fail_down=0 finish_fail_other=0 finish_fail_ffn=0 cache_take_fail_up=0 cache_take_fail_gate=0 recv_up_sum_abs=0.000000e+00 recv_up_max_abs=0.000000e+00 recv_up_zero=0 recv_gate_sum_abs=0.000000e+00 recv_gate_max_abs=0.000000e+00 recv_gate_zero=0 recv_down_sum_abs=0.000000e+00 recv_down_max_abs=0.000000e+00 recv_down_zero=0 recv_other_sum_abs=0.000000e+00 recv_other_max_abs=0.000000e+00 recv_other_zero=0 recv_ffn_sum_abs=0.000000e+00 recv_ffn_max_abs=0.000000e+00 recv_ffn_zero=0
SUCCEED (one forward pass done)"
candidate,4c_high,2,all_0.35,,4,"60,61,62,63","70,80,90,100",ok,23.3766,42.7778,1.0811588304396489,,,,0.7307612895965576,"llama_context: graph splits = 1
attach_threadpool: call
threads: decode=4 batch=4
prompt tokens: 4
running one forward pass (llama_decode) ...
Top-5 next-token candidates:
  id=3 logit=0 piece=""$""
  id=4 logit=0 piece=""%""
  id=1 logit=0 piece=""""""
  id=0 logit=0 piece=""!""
  id=2 logit=0 piece=""#""
Autoregressive generation:
Generated text: !
Decode-only throughput: 23.3766 tokens/s (1 tokens in 0.0427778 s of llama_decode)
End-to-end throughput: 23.2108 tokens/s (1 tokens in 0.0430834 s)
[decode-stage-profile] model_load=385.639 ms context_create=57.9688 ms tokenize=0.465483 ms prefill_decode=75.0477 ms generation_decode=42.7778 ms generation_total=43.0834 ms program_total=578.75 ms
[svd-local-op-profile] up_ops=56 gate_ops=56 down_ops=56 up_total=28.538 ms gate_total=32.584 ms down_total=19.933 ms up_v=4.263 ms gate_v=8.434 ms down_v=15.027 ms up_u=24.272 ms gate_u=24.146 ms down_u=4.899 ms
[svd-local-stage-profile] attention_total=1.338 ms ffn_total=82.275 ms ffn_svd_total=81.055 ms ffn_svd_v=27.724 ms ffn_svd_u=53.317 ms
[svd-offload-zero-profile] up_finish=0 up_cache=0 up_no_request=27 gate_finish=0 gate_cache=0 gate_no_request=27 down_finish=0 down_cache=0 down_no_request=27 other_finish=0 other_cache=0 other_no_request=0
[svd-local-timeout-profile] up_keep=0 up_drop=0 up_wait=0.000 ms gate_keep=0 gate_drop=0 gate_wait=0.000 ms down_keep=0 down_drop=0 down_wait=0.000 ms other_keep=0 other_drop=0 other_wait=0.000 ms
[svd-offload-client] up_gate_req=0 down_req=0 other_mat_req=0 ffn_req=0 gate_cache_hits=0 gate_cache_checks=0 miss_invalid=0 miss_layer=0 miss_rank=0 miss_hash=0 miss_output=0 miss_data=0 send_up_gate=0.000 ms send_down=0.000 ms send_other=0.000 ms send_ffn=0.000 ms wait_up_gate=0.000 ms wait_down=0.000 ms wait_other=0.000 ms wait_ffn=0.000 ms
[svd-offload-client-stage-profile] rpc_send_total=0.000 ms rpc_wait_total=0.000 ms
[svd-offload-client-debug] finish_fail_up_gate=0 finish_fail_down=0 finish_fail_other=0 finish_fail_ffn=0 cache_take_fail_up=0 cache_take_fail_gate=0 recv_up_sum_abs=0.000000e+00 recv_up_max_abs=0.000000e+00 recv_up_zero=0 recv_gate_sum_abs=0.000000e+00 recv_gate_max_abs=0.000000e+00 recv_gate_zero=0 recv_down_sum_abs=0.000000e+00 recv_down_max_abs=0.000000e+00 recv_down_zero=0 recv_other_sum_abs=0.000000e+00 recv_other_max_abs=0.000000e+00 recv_other_zero=0 recv_ffn_sum_abs=0.000000e+00 recv_ffn_max_abs=0.000000e+00 recv_ffn_zero=0
SUCCEED (one forward pass done)"
candidate,4c_high,2,all_0.4,,4,"60,61,62,63","70,80,90,100",ok,24.3638,41.0445,1.1268164537642564,,,,1.059865951538086,"llama_context: graph splits = 1
attach_threadpool: call
threads: decode=4 batch=4
prompt tokens: 4
running one forward pass (llama_decode) ...
Top-5 next-token candidates:
  id=3 logit=0 piece=""$""
  id=4 logit=0 piece=""%""
  id=1 logit=0 piece=""""""
  id=0 logit=0 piece=""!""
  id=2 logit=0 piece=""#""
Autoregressive generation:
Generated text: !
Decode-only throughput: 24.3638 tokens/s (1 tokens in 0.0410445 s of llama_decode)
End-to-end throughput: 24.1779 tokens/s (1 tokens in 0.0413601 s)
[decode-stage-profile] model_load=388.166 ms context_create=59.5022 ms tokenize=0.46383 ms prefill_decode=395.375 ms generation_decode=41.0445 ms generation_total=41.3601 ms program_total=901.562 ms
[svd-local-op-profile] up_ops=56 gate_ops=56 down_ops=56 up_total=27.153 ms gate_total=43.451 ms down_total=18.607 ms up_v=3.972 ms gate_v=10.926 ms down_v=14.168 ms up_u=23.176 ms gate_u=32.519 ms down_u=4.435 ms
[svd-local-stage-profile] attention_total=57.258 ms ffn_total=100.566 ms ffn_svd_total=89.211 ms ffn_svd_v=29.066 ms ffn_svd_u=60.130 ms
[svd-offload-zero-profile] up_finish=0 up_cache=0 up_no_request=27 gate_finish=0 gate_cache=0 gate_no_request=27 down_finish=0 down_cache=0 down_no_request=27 other_finish=0 other_cache=0 other_no_request=0
[svd-local-timeout-profile] up_keep=0 up_drop=0 up_wait=0.000 ms gate_keep=0 gate_drop=0 gate_wait=0.000 ms down_keep=0 down_drop=0 down_wait=0.000 ms other_keep=0 other_drop=0 other_wait=0.000 ms
[svd-offload-client] up_gate_req=0 down_req=0 other_mat_req=0 ffn_req=0 gate_cache_hits=0 gate_cache_checks=0 miss_invalid=0 miss_layer=0 miss_rank=0 miss_hash=0 miss_output=0 miss_data=0 send_up_gate=0.000 ms send_down=0.000 ms send_other=0.000 ms send_ffn=0.000 ms wait_up_gate=0.000 ms wait_down=0.000 ms wait_other=0.000 ms wait_ffn=0.000 ms
[svd-offload-client-stage-profile] rpc_send_total=0.000 ms rpc_wait_total=0.000 ms
[svd-offload-client-debug] finish_fail_up_gate=0 finish_fail_down=0 finish_fail_other=0 finish_fail_ffn=0 cache_take_fail_up=0 cache_take_fail_gate=0 recv_up_sum_abs=0.000000e+00 recv_up_max_abs=0.000000e+00 recv_up_zero=0 recv_gate_sum_abs=0.000000e+00 recv_gate_max_abs=0.000000e+00 recv_gate_zero=0 recv_down_sum_abs=0.000000e+00 recv_down_max_abs=0.000000e+00 recv_down_zero=0 recv_other_sum_abs=0.000000e+00 recv_other_max_abs=0.000000e+00 recv_other_zero=0 recv_ffn_sum_abs=0.000000e+00 recv_ffn_max_abs=0.000000e+00 recv_ffn_zero=0
SUCCEED (one forward pass done)"
candidate,4c_high,2,all_0.45,,4,"60,61,62,63","70,80,90,100",ok,25.3359,39.4698,1.17177570785041,,,,0.7412557601928711,"llama_context: graph splits = 1
attach_threadpool: call
threads: decode=4 batch=4
prompt tokens: 4
running one forward pass (llama_decode) ...
Top-5 next-token candidates:
  id=3 logit=0 piece=""$""
  id=4 logit=0 piece=""%""
  id=1 logit=0 piece=""""""
  id=0 logit=0 piece=""!""
  id=2 logit=0 piece=""#""
Autoregressive generation:
Generated text: !
Decode-only throughput: 25.3359 tokens/s (1 tokens in 0.0394698 s of llama_decode)
End-to-end throughput: 25.139 tokens/s (1 tokens in 0.0397788 s)
[decode-stage-profile] model_load=383.328 ms context_create=58.8624 ms tokenize=0.463788 ms prefill_decode=66.3878 ms generation_decode=39.4698 ms generation_total=39.7788 ms program_total=565.398 ms
[svd-local-op-profile] up_ops=56 gate_ops=56 down_ops=56 up_total=26.297 ms gate_total=25.473 ms down_total=17.451 ms up_v=3.489 ms gate_v=3.189 ms down_v=13.142 ms up_u=22.804 ms gate_u=22.273 ms down_u=4.305 ms
[svd-local-stage-profile] attention_total=1.270 ms ffn_total=70.314 ms ffn_svd_total=69.221 ms ffn_svd_v=19.820 ms ffn_svd_u=49.382 ms
[svd-offload-zero-profile] up_finish=0 up_cache=0 up_no_request=27 gate_finish=0 gate_cache=0 gate_no_request=27 down_finish=0 down_cache=0 down_no_request=27 other_finish=0 other_cache=0 other_no_request=0
[svd-local-timeout-profile] up_keep=0 up_drop=0 up_wait=0.000 ms gate_keep=0 gate_drop=0 gate_wait=0.000 ms down_keep=0 down_drop=0 down_wait=0.000 ms other_keep=0 other_drop=0 other_wait=0.000 ms
[svd-offload-client] up_gate_req=0 down_req=0 other_mat_req=0 ffn_req=0 gate_cache_hits=0 gate_cache_checks=0 miss_invalid=0 miss_layer=0 miss_rank=0 miss_hash=0 miss_output=0 miss_data=0 send_up_gate=0.000 ms send_down=0.000 ms send_other=0.000 ms send_ffn=0.000 ms wait_up_gate=0.000 ms wait_down=0.000 ms wait_other=0.000 ms wait_ffn=0.000 ms
[svd-offload-client-stage-profile] rpc_send_total=0.000 ms rpc_wait_total=0.000 ms
[svd-offload-client-debug] finish_fail_up_gate=0 finish_fail_down=0 finish_fail_other=0 finish_fail_ffn=0 cache_take_fail_up=0 cache_take_fail_gate=0 recv_up_sum_abs=0.000000e+00 recv_up_max_abs=0.000000e+00 recv_up_zero=0 recv_gate_sum_abs=0.000000e+00 recv_gate_max_abs=0.000000e+00 recv_gate_zero=0 recv_down_sum_abs=0.000000e+00 recv_down_max_abs=0.000000e+00 recv_down_zero=0 recv_other_sum_abs=0.000000e+00 recv_other_max_abs=0.000000e+00 recv_other_zero=0 recv_ffn_sum_abs=0.000000e+00 recv_ffn_max_abs=0.000000e+00 recv_ffn_zero=0
SUCCEED (one forward pass done)"
candidate,4c_high,2,all_0.5,,4,"60,61,62,63","70,80,90,100",ok,18.6549,53.6053,0.8627820070484419,,,,0.7325687408447266,"llama_context: graph splits = 1
attach_threadpool: call
threads: decode=4 batch=4
prompt tokens: 4
running one forward pass (llama_decode) ...
Top-5 next-token candidates:
  id=11 logit=15.272 piece="",""
  id=12 logit=14.9123 piece=""-""
  id=51730 logit=14.8613 piece="" Ri""
  id=6216 logit=14.8165 piece="" ir""
  id=472 logit=14.5534 piece="" H""
Autoregressive generation:
Generated text: ,
Decode-only throughput: 18.6549 tokens/s (1 tokens in 0.0536053 s of llama_decode)
End-to-end throughput: 18.5415 tokens/s (1 tokens in 0.0539329 s)
[decode-stage-profile] model_load=376.969 ms context_create=59.848 ms tokenize=0.44437 ms prefill_decode=66.962 ms generation_decode=53.6053 ms generation_total=53.9329 ms program_total=574.749 ms
[svd-local-op-profile] up_ops=56 gate_ops=56 down_ops=56 up_total=32.179 ms gate_total=28.132 ms down_total=18.520 ms up_v=3.768 ms gate_v=3.678 ms down_v=13.952 ms up_u=28.406 ms gate_u=24.450 ms down_u=4.568 ms
[svd-local-stage-profile] attention_total=1.529 ms ffn_total=80.099 ms ffn_svd_total=78.831 ms ffn_svd_v=21.398 ms ffn_svd_u=57.424 ms
[svd-offload-zero-profile] up_finish=0 up_cache=0 up_no_request=27 gate_finish=0 gate_cache=0 gate_no_request=27 down_finish=0 down_cache=0 down_no_request=27 other_finish=0 other_cache=0 other_no_request=0
[svd-local-timeout-profile] up_keep=0 up_drop=0 up_wait=0.000 ms gate_keep=0 gate_drop=0 gate_wait=0.000 ms down_keep=0 down_drop=0 down_wait=0.000 ms other_keep=0 other_drop=0 other_wait=0.000 ms
[svd-offload-client] up_gate_req=0 down_req=0 other_mat_req=0 ffn_req=0 gate_cache_hits=0 gate_cache_checks=0 miss_invalid=0 miss_layer=0 miss_rank=0 miss_hash=0 miss_output=0 miss_data=0 send_up_gate=0.000 ms send_down=0.000 ms send_other=0.000 ms send_ffn=0.000 ms wait_up_gate=0.000 ms wait_down=0.000 ms wait_other=0.000 ms wait_ffn=0.000 ms
[svd-offload-client-stage-profile] rpc_send_total=0.000 ms rpc_wait_total=0.000 ms
[svd-offload-client-debug] finish_fail_up_gate=0 finish_fail_down=0 finish_fail_other=0 finish_fail_ffn=0 cache_take_fail_up=0 cache_take_fail_gate=0 recv_up_sum_abs=0.000000e+00 recv_up_max_abs=0.000000e+00 recv_up_zero=0 recv_gate_sum_abs=0.000000e+00 recv_gate_max_abs=0.000000e+00 recv_gate_zero=0 recv_down_sum_abs=0.000000e+00 recv_down_max_abs=0.000000e+00 recv_down_zero=0 recv_other_sum_abs=0.000000e+00 recv_other_max_abs=0.000000e+00 recv_other_zero=0 recv_ffn_sum_abs=0.000000e+00 recv_ffn_max_abs=0.000000e+00 recv_ffn_zero=0
SUCCEED (one forward pass done)"
candidate,4c_high,2,all_0.55,,4,"60,61,62,63","70,80,90,100",ok,23.5138,42.5282,1.0875042780897057,,,,0.6938846111297607,"llama_context: graph splits = 1
attach_threadpool: call
threads: decode=4 batch=4
prompt tokens: 4
running one forward pass (llama_decode) ...
Top-5 next-token candidates:
  id=3 logit=0 piece=""$""
  id=4 logit=0 piece=""%""
  id=1 logit=0 piece=""""""
  id=0 logit=0 piece=""!""
  id=2 logit=0 piece=""#""
Autoregressive generation:
Generated text: !
Decode-only throughput: 23.5138 tokens/s (1 tokens in 0.0425282 s of llama_decode)
End-to-end throughput: 23.3427 tokens/s (1 tokens in 0.04284 s)
[decode-stage-profile] model_load=368.865 ms context_create=56.5717 ms tokenize=0.445442 ms prefill_decode=58.8694 ms generation_decode=42.5282 ms generation_total=42.84 ms program_total=543.45 ms
[svd-local-op-profile] up_ops=56 gate_ops=56 down_ops=56 up_total=24.336 ms gate_total=23.889 ms down_total=17.731 ms up_v=3.228 ms gate_v=3.189 ms down_v=13.687 ms up_u=21.099 ms gate_u=20.695 ms down_u=4.040 ms
[svd-local-stage-profile] attention_total=1.346 ms ffn_total=67.016 ms ffn_svd_total=65.956 ms ffn_svd_v=20.104 ms ffn_svd_u=45.834 ms
[svd-offload-zero-profile] up_finish=0 up_cache=0 up_no_request=27 gate_finish=0 gate_cache=0 gate_no_request=27 down_finish=0 down_cache=0 down_no_request=27 other_finish=0 other_cache=0 other_no_request=0
[svd-local-timeout-profile] up_keep=0 up_drop=0 up_wait=0.000 ms gate_keep=0 gate_drop=0 gate_wait=0.000 ms down_keep=0 down_drop=0 down_wait=0.000 ms other_keep=0 other_drop=0 other_wait=0.000 ms
[svd-offload-client] up_gate_req=0 down_req=0 other_mat_req=0 ffn_req=0 gate_cache_hits=0 gate_cache_checks=0 miss_invalid=0 miss_layer=0 miss_rank=0 miss_hash=0 miss_output=0 miss_data=0 send_up_gate=0.000 ms send_down=0.000 ms send_other=0.000 ms send_ffn=0.000 ms wait_up_gate=0.000 ms wait_down=0.000 ms wait_other=0.000 ms wait_ffn=0.000 ms
[svd-offload-client-stage-profile] rpc_send_total=0.000 ms rpc_wait_total=0.000 ms
[svd-offload-client-debug] finish_fail_up_gate=0 finish_fail_down=0 finish_fail_other=0 finish_fail_ffn=0 cache_take_fail_up=0 cache_take_fail_gate=0 recv_up_sum_abs=0.000000e+00 recv_up_max_abs=0.000000e+00 recv_up_zero=0 recv_gate_sum_abs=0.000000e+00 recv_gate_max_abs=0.000000e+00 recv_gate_zero=0 recv_down_sum_abs=0.000000e+00 recv_down_max_abs=0.000000e+00 recv_down_zero=0 recv_other_sum_abs=0.000000e+00 recv_other_max_abs=0.000000e+00 recv_other_zero=0 recv_ffn_sum_abs=0.000000e+00 recv_ffn_max_abs=0.000000e+00 recv_ffn_zero=0
SUCCEED (one forward pass done)"
candidate,4c_high,2,all_0.6,,4,"60,61,62,63","70,80,90,100",ok,21.0601,47.4831,0.974021589321888,,,,0.7081894874572754,"llama_context: graph splits = 1
attach_threadpool: call
threads: decode=4 batch=4
prompt tokens: 4
running one forward pass (llama_decode) ...
Top-5 next-token candidates:
  id=548 logit=12.2312 piece="" pr""
  id=62 logit=11.7936 piece=""_""
  id=512 logit=11.5545 piece="" le""
  id=9985 logit=11.4281 piece=""CM""
  id=1315 logit=11.3357 piece=""ait""
Autoregressive generation:
Generated text:  pr
Decode-only throughput: 21.0601 tokens/s (1 tokens in 0.0474831 s of llama_decode)
End-to-end throughput: 20.9234 tokens/s (1 tokens in 0.0477934 s)
[decode-stage-profile] model_load=378.333 ms context_create=59.1416 ms tokenize=0.441927 ms prefill_decode=59.642 ms generation_decode=47.4831 ms generation_total=47.7934 ms program_total=561.664 ms
[svd-local-op-profile] up_ops=56 gate_ops=56 down_ops=56 up_total=24.394 ms gate_total=27.794 ms down_total=13.699 ms up_v=2.689 ms gate_v=2.631 ms down_v=9.788 ms up_u=21.702 ms gate_u=25.161 ms down_u=3.906 ms
[svd-local-stage-profile] attention_total=5.392 ms ffn_total=66.959 ms ffn_svd_total=65.887 ms ffn_svd_v=15.108 ms ffn_svd_u=50.769 ms
[svd-offload-zero-profile] up_finish=0 up_cache=0 up_no_request=27 gate_finish=0 gate_cache=0 gate_no_request=27 down_finish=0 down_cache=0 down_no_request=27 other_finish=0 other_cache=0 other_no_request=0
[svd-local-timeout-profile] up_keep=0 up_drop=0 up_wait=0.000 ms gate_keep=0 gate_drop=0 gate_wait=0.000 ms down_keep=0 down_drop=0 down_wait=0.000 ms other_keep=0 other_drop=0 other_wait=0.000 ms
[svd-offload-client] up_gate_req=0 down_req=0 other_mat_req=0 ffn_req=0 gate_cache_hits=0 gate_cache_checks=0 miss_invalid=0 miss_layer=0 miss_rank=0 miss_hash=0 miss_output=0 miss_data=0 send_up_gate=0.000 ms send_down=0.000 ms send_other=0.000 ms send_ffn=0.000 ms wait_up_gate=0.000 ms wait_down=0.000 ms wait_other=0.000 ms wait_ffn=0.000 ms
[svd-offload-client-stage-profile] rpc_send_total=0.000 ms rpc_wait_total=0.000 ms
[svd-offload-client-debug] finish_fail_up_gate=0 finish_fail_down=0 finish_fail_other=0 finish_fail_ffn=0 cache_take_fail_up=0 cache_take_fail_gate=0 recv_up_sum_abs=0.000000e+00 recv_up_max_abs=0.000000e+00 recv_up_zero=0 recv_gate_sum_abs=0.000000e+00 recv_gate_max_abs=0.000000e+00 recv_gate_zero=0 recv_down_sum_abs=0.000000e+00 recv_down_max_abs=0.000000e+00 recv_down_zero=0 recv_other_sum_abs=0.000000e+00 recv_other_max_abs=0.000000e+00 recv_other_zero=0 recv_ffn_sum_abs=0.000000e+00 recv_ffn_max_abs=0.000000e+00 recv_ffn_zero=0
SUCCEED (one forward pass done)"
candidate,4c_high,2,trunc_even_0.8,,4,"60,61,62,63","70,80,90,100",ok,23.5975,42.3773,1.091375371153188,,,,0.6967642307281494,"llama_context: graph splits = 1
attach_threadpool: call
threads: decode=4 batch=4
prompt tokens: 4
running one forward pass (llama_decode) ...
Top-5 next-token candidates:
  id=3 logit=0 piece=""$""
  id=4 logit=0 piece=""%""
  id=1 logit=0 piece=""""""
  id=0 logit=0 piece=""!""
  id=2 logit=0 piece=""#""
Autoregressive generation:
Generated text: !
Decode-only throughput: 23.5975 tokens/s (1 tokens in 0.0423773 s of llama_decode)
End-to-end throughput: 23.4279 tokens/s (1 tokens in 0.0426841 s)
[decode-stage-profile] model_load=374.306 ms context_create=54.8458 ms tokenize=0.446521 ms prefill_decode=69.4281 ms generation_decode=42.3773 ms generation_total=42.6841 ms program_total=557.433 ms
[svd-local-op-profile] up_ops=56 gate_ops=56 down_ops=56 up_total=27.527 ms gate_total=27.557 ms down_total=18.184 ms up_v=3.573 ms gate_v=3.770 ms down_v=13.678 ms up_u=23.950 ms gate_u=23.779 ms down_u=4.502 ms
[svd-local-stage-profile] attention_total=1.337 ms ffn_total=74.509 ms ffn_svd_total=73.268 ms ffn_svd_v=21.021 ms ffn_svd_u=52.231 ms
[svd-offload-zero-profile] up_finish=0 up_cache=0 up_no_request=27 gate_finish=0 gate_cache=0 gate_no_request=27 down_finish=0 down_cache=0 down_no_request=27 other_finish=0 other_cache=0 other_no_request=0
[svd-local-timeout-profile] up_keep=0 up_drop=0 up_wait=0.000 ms gate_keep=0 gate_drop=0 gate_wait=0.000 ms down_keep=0 down_drop=0 down_wait=0.000 ms other_keep=0 other_drop=0 other_wait=0.000 ms
[svd-offload-client] up_gate_req=0 down_req=0 other_mat_req=0 ffn_req=0 gate_cache_hits=0 gate_cache_checks=0 miss_invalid=0 miss_layer=0 miss_rank=0 miss_hash=0 miss_output=0 miss_data=0 send_up_gate=0.000 ms send_down=0.000 ms send_other=0.000 ms send_ffn=0.000 ms wait_up_gate=0.000 ms wait_down=0.000 ms wait_other=0.000 ms wait_ffn=0.000 ms
[svd-offload-client-stage-profile] rpc_send_total=0.000 ms rpc_wait_total=0.000 ms
[svd-offload-client-debug] finish_fail_up_gate=0 finish_fail_down=0 finish_fail_other=0 finish_fail_ffn=0 cache_take_fail_up=0 cache_take_fail_gate=0 recv_up_sum_abs=0.000000e+00 recv_up_max_abs=0.000000e+00 recv_up_zero=0 recv_gate_sum_abs=0.000000e+00 recv_gate_max_abs=0.000000e+00 recv_gate_zero=0 recv_down_sum_abs=0.000000e+00 recv_down_max_abs=0.000000e+00 recv_down_zero=0 recv_other_sum_abs=0.000000e+00 recv_other_max_abs=0.000000e+00 recv_other_zero=0 recv_ffn_sum_abs=0.000000e+00 recv_ffn_max_abs=0.000000e+00 recv_ffn_zero=0
SUCCEED (one forward pass done)"
candidate,4c_high,2,trunc_even_0.85,,4,"60,61,62,63","70,80,90,100",ok,22.3574,44.728,1.0340212193249405,,,,0.7074620723724365,"llama_context: graph splits = 1
attach_threadpool: call
threads: decode=4 batch=4
prompt tokens: 4
running one forward pass (llama_decode) ...
Top-5 next-token candidates:
  id=3 logit=0 piece=""$""
  id=4 logit=0 piece=""%""
  id=1 logit=0 piece=""""""
  id=0 logit=0 piece=""!""
  id=2 logit=0 piece=""#""
Autoregressive generation:
Generated text: !
Decode-only throughput: 22.3574 tokens/s (1 tokens in 0.044728 s of llama_decode)
End-to-end throughput: 22.2039 tokens/s (1 tokens in 0.0450371 s)
[decode-stage-profile] model_load=379.788 ms context_create=55.5612 ms tokenize=0.451309 ms prefill_decode=67.7761 ms generation_decode=44.728 ms generation_total=45.0371 ms program_total=564.613 ms
[svd-local-op-profile] up_ops=56 gate_ops=56 down_ops=56 up_total=27.185 ms gate_total=28.425 ms down_total=20.830 ms up_v=3.808 ms gate_v=4.054 ms down_v=16.143 ms up_u=23.368 ms gate_u=24.363 ms down_u=4.684 ms
[svd-local-stage-profile] attention_total=1.260 ms ffn_total=77.584 ms ffn_svd_total=76.440 ms ffn_svd_v=24.005 ms ffn_svd_u=52.415 ms
[svd-offload-zero-profile] up_finish=0 up_cache=0 up_no_request=27 gate_finish=0 gate_cache=0 gate_no_request=27 down_finish=0 down_cache=0 down_no_request=27 other_finish=0 other_cache=0 other_no_request=0
[svd-local-timeout-profile] up_keep=0 up_drop=0 up_wait=0.000 ms gate_keep=0 gate_drop=0 gate_wait=0.000 ms down_keep=0 down_drop=0 down_wait=0.000 ms other_keep=0 other_drop=0 other_wait=0.000 ms
[svd-offload-client] up_gate_req=0 down_req=0 other_mat_req=0 ffn_req=0 gate_cache_hits=0 gate_cache_checks=0 miss_invalid=0 miss_layer=0 miss_rank=0 miss_hash=0 miss_output=0 miss_data=0 send_up_gate=0.000 ms send_down=0.000 ms send_other=0.000 ms send_ffn=0.000 ms wait_up_gate=0.000 ms wait_down=0.000 ms wait_other=0.000 ms wait_ffn=0.000 ms
[svd-offload-client-stage-profile] rpc_send_total=0.000 ms rpc_wait_total=0.000 ms
[svd-offload-client-debug] finish_fail_up_gate=0 finish_fail_down=0 finish_fail_other=0 finish_fail_ffn=0 cache_take_fail_up=0 cache_take_fail_gate=0 recv_up_sum_abs=0.000000e+00 recv_up_max_abs=0.000000e+00 recv_up_zero=0 recv_gate_sum_abs=0.000000e+00 recv_gate_max_abs=0.000000e+00 recv_gate_zero=0 recv_down_sum_abs=0.000000e+00 recv_down_max_abs=0.000000e+00 recv_down_zero=0 recv_other_sum_abs=0.000000e+00 recv_other_max_abs=0.000000e+00 recv_other_zero=0 recv_ffn_sum_abs=0.000000e+00 recv_ffn_max_abs=0.000000e+00 recv_ffn_zero=0
SUCCEED (one forward pass done)"
selected,4c_high,2,all_0.45,all_0.45,4,"60,61,62,63","70,80,90,100",ok,,,,21.6218,25.3359,1.17177570785041,,
candidate,4c_high,3,baseline_no_svd,,4,"60,61,62,63","70,80,90,100",ok,21.0185,47.5771,1.0,,,,0.7637073993682861,"llama_context: graph splits = 1
attach_threadpool: call
threads: decode=4 batch=4
prompt tokens: 4
running one forward pass (llama_decode) ...
Top-5 next-token candidates:
  id=11 logit=20.2053 piece="",""
  id=304 logit=18.9277 piece="" in""
  id=3837 logit=18.7558 piece=""，""
  id=1052 logit=18.5616 piece="" there""
  id=358 logit=17.8374 piece="" I""
Autoregressive generation:
Generated text: ,
Decode-only throughput: 21.0185 tokens/s (1 tokens in 0.0475771 s of llama_decode)
End-to-end throughput: 20.8801 tokens/s (1 tokens in 0.0478925 s)
[decode-stage-profile] model_load=389.203 ms context_create=58.0361 ms tokenize=0.462906 ms prefill_decode=88.3365 ms generation_decode=47.5771 ms generation_total=47.8925 ms program_total=600.642 ms
[svd-local-op-profile] up_ops=56 gate_ops=56 down_ops=56 up_total=34.158 ms gate_total=38.381 ms down_total=28.205 ms up_v=5.467 ms gate_v=5.420 ms down_v=22.402 ms up_u=28.683 ms gate_u=32.959 ms down_u=5.798 ms
[svd-local-stage-profile] attention_total=1.332 ms ffn_total=102.003 ms ffn_svd_total=100.744 ms ffn_svd_v=33.289 ms ffn_svd_u=67.440 ms
[svd-offload-zero-profile] up_finish=0 up_cache=0 up_no_request=27 gate_finish=0 gate_cache=0 gate_no_request=27 down_finish=0 down_cache=0 down_no_request=27 other_finish=0 other_cache=0 other_no_request=0
[svd-local-timeout-profile] up_keep=0 up_drop=0 up_wait=0.000 ms gate_keep=0 gate_drop=0 gate_wait=0.000 ms down_keep=0 down_drop=0 down_wait=0.000 ms other_keep=0 other_drop=0 other_wait=0.000 ms
[svd-offload-client] up_gate_req=0 down_req=0 other_mat_req=0 ffn_req=0 gate_cache_hits=0 gate_cache_checks=0 miss_invalid=0 miss_layer=0 miss_rank=0 miss_hash=0 miss_output=0 miss_data=0 send_up_gate=0.000 ms send_down=0.000 ms send_other=0.000 ms send_ffn=0.000 ms wait_up_gate=0.000 ms wait_down=0.000 ms wait_other=0.000 ms wait_ffn=0.000 ms
[svd-offload-client-stage-profile] rpc_send_total=0.000 ms rpc_wait_total=0.000 ms
[svd-offload-client-debug] finish_fail_up_gate=0 finish_fail_down=0 finish_fail_other=0 finish_fail_ffn=0 cache_take_fail_up=0 cache_take_fail_gate=0 recv_up_sum_abs=0.000000e+00 recv_up_max_abs=0.000000e+00 recv_up_zero=0 recv_gate_sum_abs=0.000000e+00 recv_gate_max_abs=0.000000e+00 recv_gate_zero=0 recv_down_sum_abs=0.000000e+00 recv_down_max_abs=0.000000e+00 recv_down_zero=0 recv_other_sum_abs=0.000000e+00 recv_other_max_abs=0.000000e+00 recv_other_zero=0 recv_ffn_sum_abs=0.000000e+00 recv_ffn_max_abs=0.000000e+00 recv_ffn_zero=0
SUCCEED (one forward pass done)"
candidate,4c_high,3,all_0.05,,4,"60,61,62,63","70,80,90,100",ok,21.7149,46.0513,1.0331327164164903,,,,0.768836259841919,"llama_context: graph splits = 1
attach_threadpool: call
threads: decode=4 batch=4
prompt tokens: 4
running one forward pass (llama_decode) ...
Top-5 next-token candidates:
  id=3 logit=0 piece=""$""
  id=4 logit=0 piece=""%""
  id=1 logit=0 piece=""""""
  id=0 logit=0 piece=""!""
  id=2 logit=0 piece=""#""
Autoregressive generation:
Generated text: !
Decode-only throughput: 21.7149 tokens/s (1 tokens in 0.0460513 s of llama_decode)
End-to-end throughput: 21.5709 tokens/s (1 tokens in 0.0463587 s)
[decode-stage-profile] model_load=404.678 ms context_create=58.546 ms tokenize=0.463145 ms prefill_decode=84.2666 ms generation_decode=46.0513 ms generation_total=46.3587 ms program_total=611.071 ms
[svd-local-op-profile] up_ops=56 gate_ops=56 down_ops=56 up_total=37.305 ms gate_total=33.821 ms down_total=26.402 ms up_v=9.445 ms gate_v=5.612 ms down_v=21.125 ms up_u=27.852 ms gate_u=28.205 ms down_u=5.270 ms
[svd-local-stage-profile] attention_total=3.581 ms ffn_total=98.868 ms ffn_svd_total=97.528 ms ffn_svd_v=36.182 ms ffn_svd_u=61.327 ms
[svd-offload-zero-profile] up_finish=0 up_cache=0 up_no_request=27 gate_finish=0 gate_cache=0 gate_no_request=27 down_finish=0 down_cache=0 down_no_request=27 other_finish=0 other_cache=0 other_no_request=0
[svd-local-timeout-profile] up_keep=0 up_drop=0 up_wait=0.000 ms gate_keep=0 gate_drop=0 gate_wait=0.000 ms down_keep=0 down_drop=0 down_wait=0.000 ms other_keep=0 other_drop=0 other_wait=0.000 ms
[svd-offload-client] up_gate_req=0 down_req=0 other_mat_req=0 ffn_req=0 gate_cache_hits=0 gate_cache_checks=0 miss_invalid=0 miss_layer=0 miss_rank=0 miss_hash=0 miss_output=0 miss_data=0 send_up_gate=0.000 ms send_down=0.000 ms send_other=0.000 ms send_ffn=0.000 ms wait_up_gate=0.000 ms wait_down=0.000 ms wait_other=0.000 ms wait_ffn=0.000 ms
[svd-offload-client-stage-profile] rpc_send_total=0.000 ms rpc_wait_total=0.000 ms
[svd-offload-client-debug] finish_fail_up_gate=0 finish_fail_down=0 finish_fail_other=0 finish_fail_ffn=0 cache_take_fail_up=0 cache_take_fail_gate=0 recv_up_sum_abs=0.000000e+00 recv_up_max_abs=0.000000e+00 recv_up_zero=0 recv_gate_sum_abs=0.000000e+00 recv_gate_max_abs=0.000000e+00 recv_gate_zero=0 recv_down_sum_abs=0.000000e+00 recv_down_max_abs=0.000000e+00 recv_down_zero=0 recv_other_sum_abs=0.000000e+00 recv_other_max_abs=0.000000e+00 recv_other_zero=0 recv_ffn_sum_abs=0.000000e+00 recv_ffn_max_abs=0.000000e+00 recv_ffn_zero=0
SUCCEED (one forward pass done)"
candidate,4c_high,3,all_0.1,,4,"60,61,62,63","70,80,90,100",ok,20.9916,47.6382,0.9987201750838547,,,,0.7509963512420654,"llama_context: graph splits = 1
attach_threadpool: call
threads: decode=4 batch=4
prompt tokens: 4
running one forward pass (llama_decode) ...
Top-5 next-token candidates:
  id=3 logit=0 piece=""$""
  id=4 logit=0 piece=""%""
  id=1 logit=0 piece=""""""
  id=0 logit=0 piece=""!""
  id=2 logit=0 piece=""#""
Autoregressive generation:
Generated text: !
Decode-only throughput: 20.9916 tokens/s (1 tokens in 0.0476382 s of llama_decode)
End-to-end throughput: 20.8544 tokens/s (1 tokens in 0.0479515 s)
[decode-stage-profile] model_load=389.62 ms context_create=63.5077 ms tokenize=0.458458 ms prefill_decode=81.8402 ms generation_decode=47.6382 ms generation_total=47.9515 ms program_total=599.947 ms
[svd-local-op-profile] up_ops=56 gate_ops=56 down_ops=56 up_total=32.632 ms gate_total=32.873 ms down_total=28.164 ms up_v=5.048 ms gate_v=4.983 ms down_v=23.015 ms up_u=27.580 ms gate_u=27.883 ms down_u=5.148 ms
[svd-local-stage-profile] attention_total=1.401 ms ffn_total=94.999 ms ffn_svd_total=93.669 ms ffn_svd_v=33.046 ms ffn_svd_u=60.611 ms
[svd-offload-zero-profile] up_finish=0 up_cache=0 up_no_request=27 gate_finish=0 gate_cache=0 gate_no_request=27 down_finish=0 down_cache=0 down_no_request=27 other_finish=0 other_cache=0 other_no_request=0
[svd-local-timeout-profile] up_keep=0 up_drop=0 up_wait=0.000 ms gate_keep=0 gate_drop=0 gate_wait=0.000 ms down_keep=0 down_drop=0 down_wait=0.000 ms other_keep=0 other_drop=0 other_wait=0.000 ms
[svd-offload-client] up_gate_req=0 down_req=0 other_mat_req=0 ffn_req=0 gate_cache_hits=0 gate_cache_checks=0 miss_invalid=0 miss_layer=0 miss_rank=0 miss_hash=0 miss_output=0 miss_data=0 send_up_gate=0.000 ms send_down=0.000 ms send_other=0.000 ms send_ffn=0.000 ms wait_up_gate=0.000 ms wait_down=0.000 ms wait_other=0.000 ms wait_ffn=0.000 ms
[svd-offload-client-stage-profile] rpc_send_total=0.000 ms rpc_wait_total=0.000 ms
[svd-offload-client-debug] finish_fail_up_gate=0 finish_fail_down=0 finish_fail_other=0 finish_fail_ffn=0 cache_take_fail_up=0 cache_take_fail_gate=0 recv_up_sum_abs=0.000000e+00 recv_up_max_abs=0.000000e+00 recv_up_zero=0 recv_gate_sum_abs=0.000000e+00 recv_gate_max_abs=0.000000e+00 recv_gate_zero=0 recv_down_sum_abs=0.000000e+00 recv_down_max_abs=0.000000e+00 recv_down_zero=0 recv_other_sum_abs=0.000000e+00 recv_other_max_abs=0.000000e+00 recv_other_zero=0 recv_ffn_sum_abs=0.000000e+00 recv_ffn_max_abs=0.000000e+00 recv_ffn_zero=0
SUCCEED (one forward pass done)"
candidate,4c_high,3,all_0.15,,4,"60,61,62,63","70,80,90,100",ok,19.7665,50.5905,0.94043342769465,,,,0.7454209327697754,"llama_context: graph splits = 1
attach_threadpool: call
threads: decode=4 batch=4
prompt tokens: 4
running one forward pass (llama_decode) ...
Top-5 next-token candidates:
  id=3 logit=0 piece=""$""
  id=4 logit=0 piece=""%""
  id=1 logit=0 piece=""""""
  id=0 logit=0 piece=""!""
  id=2 logit=0 piece=""#""
Autoregressive generation:
Generated text: !
Decode-only throughput: 19.7665 tokens/s (1 tokens in 0.0505905 s of llama_decode)
End-to-end throughput: 19.6439 tokens/s (1 tokens in 0.0509065 s)
[decode-stage-profile] model_load=387.74 ms context_create=61.2688 ms tokenize=0.455212 ms prefill_decode=79.4181 ms generation_decode=50.5905 ms generation_total=50.9065 ms program_total=596.314 ms
[svd-local-op-profile] up_ops=56 gate_ops=56 down_ops=56 up_total=31.903 ms gate_total=35.106 ms down_total=27.055 ms up_v=5.126 ms gate_v=5.099 ms down_v=22.040 ms up_u=26.769 ms gate_u=30.004 ms down_u=5.009 ms
[svd-local-stage-profile] attention_total=5.193 ms ffn_total=95.531 ms ffn_svd_total=94.064 ms ffn_svd_v=32.265 ms ffn_svd_u=61.782 ms
[svd-offload-zero-profile] up_finish=0 up_cache=0 up_no_request=27 gate_finish=0 gate_cache=0 gate_no_request=27 down_finish=0 down_cache=0 down_no_request=27 other_finish=0 other_cache=0 other_no_request=0
[svd-local-timeout-profile] up_keep=0 up_drop=0 up_wait=0.000 ms gate_keep=0 gate_drop=0 gate_wait=0.000 ms down_keep=0 down_drop=0 down_wait=0.000 ms other_keep=0 other_drop=0 other_wait=0.000 ms
[svd-offload-client] up_gate_req=0 down_req=0 other_mat_req=0 ffn_req=0 gate_cache_hits=0 gate_cache_checks=0 miss_invalid=0 miss_layer=0 miss_rank=0 miss_hash=0 miss_output=0 miss_data=0 send_up_gate=0.000 ms send_down=0.000 ms send_other=0.000 ms send_ffn=0.000 ms wait_up_gate=0.000 ms wait_down=0.000 ms wait_other=0.000 ms wait_ffn=0.000 ms
[svd-offload-client-stage-profile] rpc_send_total=0.000 ms rpc_wait_total=0.000 ms
[svd-offload-client-debug] finish_fail_up_gate=0 finish_fail_down=0 finish_fail_other=0 finish_fail_ffn=0 cache_take_fail_up=0 cache_take_fail_gate=0 recv_up_sum_abs=0.000000e+00 recv_up_max_abs=0.000000e+00 recv_up_zero=0 recv_gate_sum_abs=0.000000e+00 recv_gate_max_abs=0.000000e+00 recv_gate_zero=0 recv_down_sum_abs=0.000000e+00 recv_down_max_abs=0.000000e+00 recv_down_zero=0 recv_other_sum_abs=0.000000e+00 recv_other_max_abs=0.000000e+00 recv_other_zero=0 recv_ffn_sum_abs=0.000000e+00 recv_ffn_max_abs=0.000000e+00 recv_ffn_zero=0
SUCCEED (one forward pass done)"
candidate,4c_high,3,all_0.2,,4,"60,61,62,63","70,80,90,100",ok,23.2201,43.0661,1.104745819159312,,,,0.7506093978881836,"llama_context: graph splits = 1
attach_threadpool: call
threads: decode=4 batch=4
prompt tokens: 4
running one forward pass (llama_decode) ...
Top-5 next-token candidates:
  id=3 logit=0 piece=""$""
  id=4 logit=0 piece=""%""
  id=1 logit=0 piece=""""""
  id=0 logit=0 piece=""!""
  id=2 logit=0 piece=""#""
Autoregressive generation:
Generated text: !
Decode-only throughput: 23.2201 tokens/s (1 tokens in 0.0430661 s of llama_decode)
End-to-end throughput: 23.0531 tokens/s (1 tokens in 0.0433781 s)
[decode-stage-profile] model_load=381.868 ms context_create=56.2526 ms tokenize=0.454105 ms prefill_decode=76.9583 ms generation_decode=43.0661 ms generation_total=43.3781 ms program_total=575.424 ms
[svd-local-op-profile] up_ops=56 gate_ops=56 down_ops=56 up_total=30.683 ms gate_total=30.888 ms down_total=22.504 ms up_v=4.769 ms gate_v=5.156 ms down_v=17.596 ms up_u=25.910 ms gate_u=25.722 ms down_u=4.903 ms
[svd-local-stage-profile] attention_total=1.410 ms ffn_total=85.350 ms ffn_svd_total=84.075 ms ffn_svd_v=27.521 ms ffn_svd_u=56.535 ms
[svd-offload-zero-profile] up_finish=0 up_cache=0 up_no_request=27 gate_finish=0 gate_cache=0 gate_no_request=27 down_finish=0 down_cache=0 down_no_request=27 other_finish=0 other_cache=0 other_no_request=0
[svd-local-timeout-profile] up_keep=0 up_drop=0 up_wait=0.000 ms gate_keep=0 gate_drop=0 gate_wait=0.000 ms down_keep=0 down_drop=0 down_wait=0.000 ms other_keep=0 other_drop=0 other_wait=0.000 ms
[svd-offload-client] up_gate_req=0 down_req=0 other_mat_req=0 ffn_req=0 gate_cache_hits=0 gate_cache_checks=0 miss_invalid=0 miss_layer=0 miss_rank=0 miss_hash=0 miss_output=0 miss_data=0 send_up_gate=0.000 ms send_down=0.000 ms send_other=0.000 ms send_ffn=0.000 ms wait_up_gate=0.000 ms wait_down=0.000 ms wait_other=0.000 ms wait_ffn=0.000 ms
[svd-offload-client-stage-profile] rpc_send_total=0.000 ms rpc_wait_total=0.000 ms
[svd-offload-client-debug] finish_fail_up_gate=0 finish_fail_down=0 finish_fail_other=0 finish_fail_ffn=0 cache_take_fail_up=0 cache_take_fail_gate=0 recv_up_sum_abs=0.000000e+00 recv_up_max_abs=0.000000e+00 recv_up_zero=0 recv_gate_sum_abs=0.000000e+00 recv_gate_max_abs=0.000000e+00 recv_gate_zero=0 recv_down_sum_abs=0.000000e+00 recv_down_max_abs=0.000000e+00 recv_down_zero=0 recv_other_sum_abs=0.000000e+00 recv_other_max_abs=0.000000e+00 recv_other_zero=0 recv_ffn_sum_abs=0.000000e+00 recv_ffn_max_abs=0.000000e+00 recv_ffn_zero=0
SUCCEED (one forward pass done)"
candidate,4c_high,3,all_0.25,,4,"60,61,62,63","70,80,90,100",ok,21.7362,46.0062,1.034146109379832,,,,0.7437386512756348,"llama_context: graph splits = 1
attach_threadpool: call
threads: decode=4 batch=4
prompt tokens: 4
running one forward pass (llama_decode) ...
Top-5 next-token candidates:
  id=264 logit=16.5721 piece="" a""
  id=472 logit=16.4602 piece="" H""
  id=279 logit=16.2173 piece="" the""
  id=39 logit=15.9334 piece=""H""
  id=8 logit=15.4472 piece="")""
Autoregressive generation:
Generated text:  a
Decode-only throughput: 21.7362 tokens/s (1 tokens in 0.0460062 s of llama_decode)
End-to-end throughput: 21.5925 tokens/s (1 tokens in 0.0463124 s)
[decode-stage-profile] model_load=386.058 ms context_create=58.626 ms tokenize=0.460359 ms prefill_decode=76.5795 ms generation_decode=46.0062 ms generation_total=46.3124 ms program_total=584.545 ms
[svd-local-op-profile] up_ops=56 gate_ops=56 down_ops=56 up_total=33.373 ms gate_total=30.703 ms down_total=21.769 ms up_v=4.317 ms gate_v=4.611 ms down_v=17.012 ms up_u=29.053 ms gate_u=26.088 ms down_u=4.753 ms
[svd-local-stage-profile] attention_total=5.165 ms ffn_total=87.105 ms ffn_svd_total=85.845 ms ffn_svd_v=25.940 ms ffn_svd_u=59.894 ms
[svd-offload-zero-profile] up_finish=0 up_cache=0 up_no_request=27 gate_finish=0 gate_cache=0 gate_no_request=27 down_finish=0 down_cache=0 down_no_request=27 other_finish=0 other_cache=0 other_no_request=0
[svd-local-timeout-profile] up_keep=0 up_drop=0 up_wait=0.000 ms gate_keep=0 gate_drop=0 gate_wait=0.000 ms down_keep=0 down_drop=0 down_wait=0.000 ms other_keep=0 other_drop=0 other_wait=0.000 ms
[svd-offload-client] up_gate_req=0 down_req=0 other_mat_req=0 ffn_req=0 gate_cache_hits=0 gate_cache_checks=0 miss_invalid=0 miss_layer=0 miss_rank=0 miss_hash=0 miss_output=0 miss_data=0 send_up_gate=0.000 ms send_down=0.000 ms send_other=0.000 ms send_ffn=0.000 ms wait_up_gate=0.000 ms wait_down=0.000 ms wait_other=0.000 ms wait_ffn=0.000 ms
[svd-offload-client-stage-profile] rpc_send_total=0.000 ms rpc_wait_total=0.000 ms
[svd-offload-client-debug] finish_fail_up_gate=0 finish_fail_down=0 finish_fail_other=0 finish_fail_ffn=0 cache_take_fail_up=0 cache_take_fail_gate=0 recv_up_sum_abs=0.000000e+00 recv_up_max_abs=0.000000e+00 recv_up_zero=0 recv_gate_sum_abs=0.000000e+00 recv_gate_max_abs=0.000000e+00 recv_gate_zero=0 recv_down_sum_abs=0.000000e+00 recv_down_max_abs=0.000000e+00 recv_down_zero=0 recv_other_sum_abs=0.000000e+00 recv_other_max_abs=0.000000e+00 recv_other_zero=0 recv_ffn_sum_abs=0.000000e+00 recv_ffn_max_abs=0.000000e+00 recv_ffn_zero=0
SUCCEED (one forward pass done)"
candidate,4c_high,3,all_0.3,,4,"60,61,62,63","70,80,90,100",ok,23.2619,42.9887,1.1067345433784523,,,,0.7503314018249512,"llama_context: graph splits = 1
attach_threadpool: call
threads: decode=4 batch=4
prompt tokens: 4
running one forward pass (llama_decode) ...
Top-5 next-token candidates:
  id=3 logit=0 piece=""$""
  id=4 logit=0 piece=""%""
  id=1 logit=0 piece=""""""
  id=0 logit=0 piece=""!""
  id=2 logit=0 piece=""#""
Autoregressive generation:
Generated text: !
Decode-only throughput: 23.2619 tokens/s (1 tokens in 0.0429887 s of llama_decode)
End-to-end throughput: 23.0816 tokens/s (1 tokens in 0.0433246 s)
[decode-stage-profile] model_load=387.47 ms context_create=56.0334 ms tokenize=0.458467 ms prefill_decode=73.8383 ms generation_decode=42.9887 ms generation_total=43.3246 ms program_total=577.624 ms
[svd-local-op-profile] up_ops=56 gate_ops=56 down_ops=56 up_total=29.395 ms gate_total=29.347 ms down_total=20.718 ms up_v=4.323 ms gate_v=4.545 ms down_v=16.001 ms up_u=25.068 ms gate_u=24.797 ms down_u=4.713 ms
[svd-local-stage-profile] attention_total=1.381 ms ffn_total=80.670 ms ffn_svd_total=79.460 ms ffn_svd_v=24.869 ms ffn_svd_u=54.578 ms
[svd-offload-zero-profile] up_finish=0 up_cache=0 up_no_request=27 gate_finish=0 gate_cache=0 gate_no_request=27 down_finish=0 down_cache=0 down_no_request=27 other_finish=0 other_cache=0 other_no_request=0
[svd-local-timeout-profile] up_keep=0 up_drop=0 up_wait=0.000 ms gate_keep=0 gate_drop=0 gate_wait=0.000 ms down_keep=0 down_drop=0 down_wait=0.000 ms other_keep=0 other_drop=0 other_wait=0.000 ms
[svd-offload-client] up_gate_req=0 down_req=0 other_mat_req=0 ffn_req=0 gate_cache_hits=0 gate_cache_checks=0 miss_invalid=0 miss_layer=0 miss_rank=0 miss_hash=0 miss_output=0 miss_data=0 send_up_gate=0.000 ms send_down=0.000 ms send_other=0.000 ms send_ffn=0.000 ms wait_up_gate=0.000 ms wait_down=0.000 ms wait_other=0.000 ms wait_ffn=0.000 ms
[svd-offload-client-stage-profile] rpc_send_total=0.000 ms rpc_wait_total=0.000 ms
[svd-offload-client-debug] finish_fail_up_gate=0 finish_fail_down=0 finish_fail_other=0 finish_fail_ffn=0 cache_take_fail_up=0 cache_take_fail_gate=0 recv_up_sum_abs=0.000000e+00 recv_up_max_abs=0.000000e+00 recv_up_zero=0 recv_gate_sum_abs=0.000000e+00 recv_gate_max_abs=0.000000e+00 recv_gate_zero=0 recv_down_sum_abs=0.000000e+00 recv_down_max_abs=0.000000e+00 recv_down_zero=0 recv_other_sum_abs=0.000000e+00 recv_other_max_abs=0.000000e+00 recv_other_zero=0 recv_ffn_sum_abs=0.000000e+00 recv_ffn_max_abs=0.000000e+00 recv_ffn_zero=0
SUCCEED (one forward pass done)"
candidate,4c_high,3,all_0.35,,4,"60,61,62,63","70,80,90,100",ok,22.3506,44.7416,1.0633775007731285,,,,0.7370355129241943,"llama_context: graph splits = 1
attach_threadpool: call
threads: decode=4 batch=4
prompt tokens: 4
running one forward pass (llama_decode) ...
Top-5 next-token candidates:
  id=3 logit=0 piece=""$""
  id=4 logit=0 piece=""%""
  id=1 logit=0 piece=""""""
  id=0 logit=0 piece=""!""
  id=2 logit=0 piece=""#""
Autoregressive generation:
Generated text: !
Decode-only throughput: 22.3506 tokens/s (1 tokens in 0.0447416 s of llama_decode)
End-to-end throughput: 22.1941 tokens/s (1 tokens in 0.045057 s)
[decode-stage-profile] model_load=375.586 ms context_create=62.0917 ms tokenize=0.447418 ms prefill_decode=73.041 ms generation_decode=44.7416 ms generation_total=45.057 ms program_total=572.245 ms
[svd-local-op-profile] up_ops=56 gate_ops=56 down_ops=56 up_total=32.672 ms gate_total=28.554 ms down_total=19.935 ms up_v=4.218 ms gate_v=4.501 ms down_v=15.181 ms up_u=28.452 ms gate_u=24.045 ms down_u=4.749 ms
[svd-local-stage-profile] attention_total=1.282 ms ffn_total=82.406 ms ffn_svd_total=81.161 ms ffn_svd_v=23.900 ms ffn_svd_u=57.246 ms
[svd-offload-zero-profile] up_finish=0 up_cache=0 up_no_request=27 gate_finish=0 gate_cache=0 gate_no_request=27 down_finish=0 down_cache=0 down_no_request=27 other_finish=0 other_cache=0 other_no_request=0
[svd-local-timeout-profile] up_keep=0 up_drop=0 up_wait=0.000 ms gate_keep=0 gate_drop=0 gate_wait=0.000 ms down_keep=0 down_drop=0 down_wait=0.000 ms other_keep=0 other_drop=0 other_wait=0.000 ms
[svd-offload-client] up_gate_req=0 down_req=0 other_mat_req=0 ffn_req=0 gate_cache_hits=0 gate_cache_checks=0 miss_invalid=0 miss_layer=0 miss_rank=0 miss_hash=0 miss_output=0 miss_data=0 send_up_gate=0.000 ms send_down=0.000 ms send_other=0.000 ms send_ffn=0.000 ms wait_up_gate=0.000 ms wait_down=0.000 ms wait_other=0.000 ms wait_ffn=0.000 ms
[svd-offload-client-stage-profile] rpc_send_total=0.000 ms rpc_wait_total=0.000 ms
[svd-offload-client-debug] finish_fail_up_gate=0 finish_fail_down=0 finish_fail_other=0 finish_fail_ffn=0 cache_take_fail_up=0 cache_take_fail_gate=0 recv_up_sum_abs=0.000000e+00 recv_up_max_abs=0.000000e+00 recv_up_zero=0 recv_gate_sum_abs=0.000000e+00 recv_gate_max_abs=0.000000e+00 recv_gate_zero=0 recv_down_sum_abs=0.000000e+00 recv_down_max_abs=0.000000e+00 recv_down_zero=0 recv_other_sum_abs=0.000000e+00 recv_other_max_abs=0.000000e+00 recv_other_zero=0 recv_ffn_sum_abs=0.000000e+00 recv_ffn_max_abs=0.000000e+00 recv_ffn_zero=0
SUCCEED (one forward pass done)"
candidate,4c_high,3,all_0.4,,4,"60,61,62,63","70,80,90,100",ok,24.3521,41.0642,1.158603135333159,,,,0.7068428993225098,"llama_context: graph splits = 1
attach_threadpool: call
threads: decode=4 batch=4
prompt tokens: 4
running one forward pass (llama_decode) ...
Top-5 next-token candidates:
  id=3 logit=0 piece=""$""
  id=4 logit=0 piece=""%""
  id=1 logit=0 piece=""""""
  id=0 logit=0 piece=""!""
  id=2 logit=0 piece=""#""
Autoregressive generation:
Generated text: !
Decode-only throughput: 24.3521 tokens/s (1 tokens in 0.0410642 s of llama_decode)
End-to-end throughput: 24.1724 tokens/s (1 tokens in 0.0413694 s)
[decode-stage-profile] model_load=380.518 ms context_create=59.4123 ms tokenize=0.458023 ms prefill_decode=67.3525 ms generation_decode=41.0642 ms generation_total=41.3694 ms program_total=569.095 ms
[svd-local-op-profile] up_ops=56 gate_ops=56 down_ops=56 up_total=27.009 ms gate_total=26.835 ms down_total=18.766 ms up_v=3.878 ms gate_v=3.796 ms down_v=14.423 ms up_u=23.126 ms gate_u=23.033 ms down_u=4.339 ms
[svd-local-stage-profile] attention_total=4.104 ms ffn_total=73.832 ms ffn_svd_total=72.610 ms ffn_svd_v=22.097 ms ffn_svd_u=50.498 ms
[svd-offload-zero-profile] up_finish=0 up_cache=0 up_no_request=27 gate_finish=0 gate_cache=0 gate_no_request=27 down_finish=0 down_cache=0 down_no_request=27 other_finish=0 other_cache=0 other_no_request=0
[svd-local-timeout-profile] up_keep=0 up_drop=0 up_wait=0.000 ms gate_keep=0 gate_drop=0 gate_wait=0.000 ms down_keep=0 down_drop=0 down_wait=0.000 ms other_keep=0 other_drop=0 other_wait=0.000 ms
[svd-offload-client] up_gate_req=0 down_req=0 other_mat_req=0 ffn_req=0 gate_cache_hits=0 gate_cache_checks=0 miss_invalid=0 miss_layer=0 miss_rank=0 miss_hash=0 miss_output=0 miss_data=0 send_up_gate=0.000 ms send_down=0.000 ms send_other=0.000 ms send_ffn=0.000 ms wait_up_gate=0.000 ms wait_down=0.000 ms wait_other=0.000 ms wait_ffn=0.000 ms
[svd-offload-client-stage-profile] rpc_send_total=0.000 ms rpc_wait_total=0.000 ms
[svd-offload-client-debug] finish_fail_up_gate=0 finish_fail_down=0 finish_fail_other=0 finish_fail_ffn=0 cache_take_fail_up=0 cache_take_fail_gate=0 recv_up_sum_abs=0.000000e+00 recv_up_max_abs=0.000000e+00 recv_up_zero=0 recv_gate_sum_abs=0.000000e+00 recv_gate_max_abs=0.000000e+00 recv_gate_zero=0 recv_down_sum_abs=0.000000e+00 recv_down_max_abs=0.000000e+00 recv_down_zero=0 recv_other_sum_abs=0.000000e+00 recv_other_max_abs=0.000000e+00 recv_other_zero=0 recv_ffn_sum_abs=0.000000e+00 recv_ffn_max_abs=0.000000e+00 recv_ffn_zero=0
SUCCEED (one forward pass done)"
candidate,4c_high,3,all_0.45,,4,"60,61,62,63","70,80,90,100",ok,22.904,43.6604,1.089706686966244,,,,0.7147500514984131,"llama_context: graph splits = 1
attach_threadpool: call
threads: decode=4 batch=4
prompt tokens: 4
running one forward pass (llama_decode) ...
Top-5 next-token candidates:
  id=3 logit=0 piece=""$""
  id=4 logit=0 piece=""%""
  id=1 logit=0 piece=""""""
  id=0 logit=0 piece=""!""
  id=2 logit=0 piece=""#""
Autoregressive generation:
Generated text: !
Decode-only throughput: 22.904 tokens/s (1 tokens in 0.0436604 s of llama_decode)
End-to-end throughput: 22.7405 tokens/s (1 tokens in 0.0439743 s)
[decode-stage-profile] model_load=382.507 ms context_create=58.861 ms tokenize=0.456606 ms prefill_decode=65.605 ms generation_decode=43.6604 ms generation_total=43.9743 ms program_total=567.386 ms
[svd-local-op-profile] up_ops=56 gate_ops=56 down_ops=56 up_total=26.397 ms gate_total=25.695 ms down_total=17.451 ms up_v=3.510 ms gate_v=3.224 ms down_v=13.101 ms up_u=22.882 ms gate_u=22.466 ms down_u=4.347 ms
[svd-local-stage-profile] attention_total=1.346 ms ffn_total=70.680 ms ffn_svd_total=69.543 ms ffn_svd_v=19.835 ms ffn_svd_u=49.695 ms
[svd-offload-zero-profile] up_finish=0 up_cache=0 up_no_request=27 gate_finish=0 gate_cache=0 gate_no_request=27 down_finish=0 down_cache=0 down_no_request=27 other_finish=0 other_cache=0 other_no_request=0
[svd-local-timeout-profile] up_keep=0 up_drop=0 up_wait=0.000 ms gate_keep=0 gate_drop=0 gate_wait=0.000 ms down_keep=0 down_drop=0 down_wait=0.000 ms other_keep=0 other_drop=0 other_wait=0.000 ms
[svd-offload-client] up_gate_req=0 down_req=0 other_mat_req=0 ffn_req=0 gate_cache_hits=0 gate_cache_checks=0 miss_invalid=0 miss_layer=0 miss_rank=0 miss_hash=0 miss_output=0 miss_data=0 send_up_gate=0.000 ms send_down=0.000 ms send_other=0.000 ms send_ffn=0.000 ms wait_up_gate=0.000 ms wait_down=0.000 ms wait_other=0.000 ms wait_ffn=0.000 ms
[svd-offload-client-stage-profile] rpc_send_total=0.000 ms rpc_wait_total=0.000 ms
[svd-offload-client-debug] finish_fail_up_gate=0 finish_fail_down=0 finish_fail_other=0 finish_fail_ffn=0 cache_take_fail_up=0 cache_take_fail_gate=0 recv_up_sum_abs=0.000000e+00 recv_up_max_abs=0.000000e+00 recv_up_zero=0 recv_gate_sum_abs=0.000000e+00 recv_gate_max_abs=0.000000e+00 recv_gate_zero=0 recv_down_sum_abs=0.000000e+00 recv_down_max_abs=0.000000e+00 recv_down_zero=0 recv_other_sum_abs=0.000000e+00 recv_other_max_abs=0.000000e+00 recv_other_zero=0 recv_ffn_sum_abs=0.000000e+00 recv_ffn_max_abs=0.000000e+00 recv_ffn_zero=0
SUCCEED (one forward pass done)"
candidate,4c_high,3,all_0.5,,4,"60,61,62,63","70,80,90,100",ok,24.7475,40.4081,1.1774151342864618,,,,0.719860315322876,"llama_context: graph splits = 1
attach_threadpool: call
threads: decode=4 batch=4
prompt tokens: 4
running one forward pass (llama_decode) ...
Top-5 next-token candidates:
  id=11 logit=15.272 piece="",""
  id=12 logit=14.9123 piece=""-""
  id=51730 logit=14.8613 piece="" Ri""
  id=6216 logit=14.8165 piece="" ir""
  id=472 logit=14.5534 piece="" H""
Autoregressive generation:
Generated text: ,
Decode-only throughput: 24.7475 tokens/s (1 tokens in 0.0404081 s of llama_decode)
End-to-end throughput: 24.5584 tokens/s (1 tokens in 0.0407193 s)
[decode-stage-profile] model_load=385.965 ms context_create=59.3993 ms tokenize=0.447651 ms prefill_decode=63.9094 ms generation_decode=40.4081 ms generation_total=40.7193 ms program_total=566.786 ms
[svd-local-op-profile] up_ops=56 gate_ops=56 down_ops=56 up_total=25.617 ms gate_total=25.176 ms down_total=16.319 ms up_v=3.309 ms gate_v=3.365 ms down_v=12.023 ms up_u=22.301 ms gate_u=21.804 ms down_u=4.286 ms
[svd-local-stage-profile] attention_total=4.286 ms ffn_total=68.209 ms ffn_svd_total=67.112 ms ffn_svd_v=18.697 ms ffn_svd_u=48.391 ms
[svd-offload-zero-profile] up_finish=0 up_cache=0 up_no_request=27 gate_finish=0 gate_cache=0 gate_no_request=27 down_finish=0 down_cache=0 down_no_request=27 other_finish=0 other_cache=0 other_no_request=0
[svd-local-timeout-profile] up_keep=0 up_drop=0 up_wait=0.000 ms gate_keep=0 gate_drop=0 gate_wait=0.000 ms down_keep=0 down_drop=0 down_wait=0.000 ms other_keep=0 other_drop=0 other_wait=0.000 ms
[svd-offload-client] up_gate_req=0 down_req=0 other_mat_req=0 ffn_req=0 gate_cache_hits=0 gate_cache_checks=0 miss_invalid=0 miss_layer=0 miss_rank=0 miss_hash=0 miss_output=0 miss_data=0 send_up_gate=0.000 ms send_down=0.000 ms send_other=0.000 ms send_ffn=0.000 ms wait_up_gate=0.000 ms wait_down=0.000 ms wait_other=0.000 ms wait_ffn=0.000 ms
[svd-offload-client-stage-profile] rpc_send_total=0.000 ms rpc_wait_total=0.000 ms
[svd-offload-client-debug] finish_fail_up_gate=0 finish_fail_down=0 finish_fail_other=0 finish_fail_ffn=0 cache_take_fail_up=0 cache_take_fail_gate=0 recv_up_sum_abs=0.000000e+00 recv_up_max_abs=0.000000e+00 recv_up_zero=0 recv_gate_sum_abs=0.000000e+00 recv_gate_max_abs=0.000000e+00 recv_gate_zero=0 recv_down_sum_abs=0.000000e+00 recv_down_max_abs=0.000000e+00 recv_down_zero=0 recv_other_sum_abs=0.000000e+00 recv_other_max_abs=0.000000e+00 recv_other_zero=0 recv_ffn_sum_abs=0.000000e+00 recv_ffn_max_abs=0.000000e+00 recv_ffn_zero=0
SUCCEED (one forward pass done)"
candidate,4c_high,3,all_0.55,,4,"60,61,62,63","70,80,90,100",ok,25.2912,39.5395,1.2032828222756144,,,,0.6949846744537354,"llama_context: graph splits = 1
attach_threadpool: call
threads: decode=4 batch=4
prompt tokens: 4
running one forward pass (llama_decode) ...
Top-5 next-token candidates:
  id=3 logit=0 piece=""$""
  id=4 logit=0 piece=""%""
  id=1 logit=0 piece=""""""
  id=0 logit=0 piece=""!""
  id=2 logit=0 piece=""#""
Autoregressive generation:
Generated text: !
Decode-only throughput: 25.2912 tokens/s (1 tokens in 0.0395395 s of llama_decode)
End-to-end throughput: 25.0976 tokens/s (1 tokens in 0.0398445 s)
[decode-stage-profile] model_load=373.159 ms context_create=59.8783 ms tokenize=0.448852 ms prefill_decode=58.7375 ms generation_decode=39.5395 ms generation_total=39.8445 ms program_total=547.502 ms
[svd-local-op-profile] up_ops=56 gate_ops=56 down_ops=56 up_total=24.791 ms gate_total=24.270 ms down_total=14.924 ms up_v=3.260 ms gate_v=3.302 ms down_v=10.740 ms up_u=21.527 ms gate_u=20.963 ms down_u=4.180 ms
[svd-local-stage-profile] attention_total=3.137 ms ffn_total=65.101 ms ffn_svd_total=63.985 ms ffn_svd_v=17.302 ms ffn_svd_u=46.670 ms
[svd-offload-zero-profile] up_finish=0 up_cache=0 up_no_request=27 gate_finish=0 gate_cache=0 gate_no_request=27 down_finish=0 down_cache=0 down_no_request=27 other_finish=0 other_cache=0 other_no_request=0
[svd-local-timeout-profile] up_keep=0 up_drop=0 up_wait=0.000 ms gate_keep=0 gate_drop=0 gate_wait=0.000 ms down_keep=0 down_drop=0 down_wait=0.000 ms other_keep=0 other_drop=0 other_wait=0.000 ms
[svd-offload-client] up_gate_req=0 down_req=0 other_mat_req=0 ffn_req=0 gate_cache_hits=0 gate_cache_checks=0 miss_invalid=0 miss_layer=0 miss_rank=0 miss_hash=0 miss_output=0 miss_data=0 send_up_gate=0.000 ms send_down=0.000 ms send_other=0.000 ms send_ffn=0.000 ms wait_up_gate=0.000 ms wait_down=0.000 ms wait_other=0.000 ms wait_ffn=0.000 ms
[svd-offload-client-stage-profile] rpc_send_total=0.000 ms rpc_wait_total=0.000 ms
[svd-offload-client-debug] finish_fail_up_gate=0 finish_fail_down=0 finish_fail_other=0 finish_fail_ffn=0 cache_take_fail_up=0 cache_take_fail_gate=0 recv_up_sum_abs=0.000000e+00 recv_up_max_abs=0.000000e+00 recv_up_zero=0 recv_gate_sum_abs=0.000000e+00 recv_gate_max_abs=0.000000e+00 recv_gate_zero=0 recv_down_sum_abs=0.000000e+00 recv_down_max_abs=0.000000e+00 recv_down_zero=0 recv_other_sum_abs=0.000000e+00 recv_other_max_abs=0.000000e+00 recv_other_zero=0 recv_ffn_sum_abs=0.000000e+00 recv_ffn_max_abs=0.000000e+00 recv_ffn_zero=0
SUCCEED (one forward pass done)"
candidate,4c_high,3,all_0.6,,4,"60,61,62,63","70,80,90,100",ok,24.638,40.5877,1.1722054380664653,,,,0.7081716060638428,"llama_context: graph splits = 1
attach_threadpool: call
threads: decode=4 batch=4
prompt tokens: 4
running one forward pass (llama_decode) ...
Top-5 next-token candidates:
  id=548 logit=12.2312 piece="" pr""
  id=62 logit=11.7936 piece=""_""
  id=512 logit=11.5545 piece="" le""
  id=9985 logit=11.4281 piece=""CM""
  id=1315 logit=11.3357 piece=""ait""
Autoregressive generation:
Generated text:  pr
Decode-only throughput: 24.638 tokens/s (1 tokens in 0.0405877 s of llama_decode)
End-to-end throughput: 24.4477 tokens/s (1 tokens in 0.0409037 s)
[decode-stage-profile] model_load=376.771 ms context_create=63.6773 ms tokenize=0.448728 ms prefill_decode=57.1571 ms generation_decode=40.5877 ms generation_total=40.9037 ms program_total=554.955 ms
[svd-local-op-profile] up_ops=56 gate_ops=56 down_ops=56 up_total=24.309 ms gate_total=23.865 ms down_total=13.660 ms up_v=2.709 ms gate_v=2.742 ms down_v=9.757 ms up_u=21.591 ms gate_u=21.118 ms down_u=3.899 ms
[svd-local-stage-profile] attention_total=1.319 ms ffn_total=62.943 ms ffn_svd_total=61.834 ms ffn_svd_v=15.208 ms ffn_svd_u=46.608 ms
[svd-offload-zero-profile] up_finish=0 up_cache=0 up_no_request=27 gate_finish=0 gate_cache=0 gate_no_request=27 down_finish=0 down_cache=0 down_no_request=27 other_finish=0 other_cache=0 other_no_request=0
[svd-local-timeout-profile] up_keep=0 up_drop=0 up_wait=0.000 ms gate_keep=0 gate_drop=0 gate_wait=0.000 ms down_keep=0 down_drop=0 down_wait=0.000 ms other_keep=0 other_drop=0 other_wait=0.000 ms
[svd-offload-client] up_gate_req=0 down_req=0 other_mat_req=0 ffn_req=0 gate_cache_hits=0 gate_cache_checks=0 miss_invalid=0 miss_layer=0 miss_rank=0 miss_hash=0 miss_output=0 miss_data=0 send_up_gate=0.000 ms send_down=0.000 ms send_other=0.000 ms send_ffn=0.000 ms wait_up_gate=0.000 ms wait_down=0.000 ms wait_other=0.000 ms wait_ffn=0.000 ms
[svd-offload-client-stage-profile] rpc_send_total=0.000 ms rpc_wait_total=0.000 ms
[svd-offload-client-debug] finish_fail_up_gate=0 finish_fail_down=0 finish_fail_other=0 finish_fail_ffn=0 cache_take_fail_up=0 cache_take_fail_gate=0 recv_up_sum_abs=0.000000e+00 recv_up_max_abs=0.000000e+00 recv_up_zero=0 recv_gate_sum_abs=0.000000e+00 recv_gate_max_abs=0.000000e+00 recv_gate_zero=0 recv_down_sum_abs=0.000000e+00 recv_down_max_abs=0.000000e+00 recv_down_zero=0 recv_other_sum_abs=0.000000e+00 recv_other_max_abs=0.000000e+00 recv_other_zero=0 recv_ffn_sum_abs=0.000000e+00 recv_ffn_max_abs=0.000000e+00 recv_ffn_zero=0
SUCCEED (one forward pass done)"
candidate,4c_high,3,trunc_even_0.8,,4,"60,61,62,63","70,80,90,100",ok,20.8103,48.0532,0.990094440611842,,,,0.7164466381072998,"llama_context: graph splits = 1
attach_threadpool: call
threads: decode=4 batch=4
prompt tokens: 4
running one forward pass (llama_decode) ...
Top-5 next-token candidates:
  id=3 logit=0 piece=""$""
  id=4 logit=0 piece=""%""
  id=1 logit=0 piece=""""""
  id=0 logit=0 piece=""!""
  id=2 logit=0 piece=""#""
Autoregressive generation:
Generated text: !
Decode-only throughput: 20.8103 tokens/s (1 tokens in 0.0480532 s of llama_decode)
End-to-end throughput: 20.6766 tokens/s (1 tokens in 0.0483637 s)
[decode-stage-profile] model_load=376.175 ms context_create=60.3261 ms tokenize=0.452866 ms prefill_decode=66.5493 ms generation_decode=48.0532 ms generation_total=48.3637 ms program_total=567.811 ms
[svd-local-op-profile] up_ops=56 gate_ops=56 down_ops=56 up_total=30.722 ms gate_total=30.397 ms down_total=22.158 ms up_v=3.658 ms gate_v=3.778 ms down_v=17.657 ms up_u=27.060 ms gate_u=26.614 ms down_u=4.498 ms
[svd-local-stage-profile] attention_total=2.057 ms ffn_total=84.531 ms ffn_svd_total=83.277 ms ffn_svd_v=25.093 ms ffn_svd_u=58.172 ms
[svd-offload-zero-profile] up_finish=0 up_cache=0 up_no_request=27 gate_finish=0 gate_cache=0 gate_no_request=27 down_finish=0 down_cache=0 down_no_request=27 other_finish=0 other_cache=0 other_no_request=0
[svd-local-timeout-profile] up_keep=0 up_drop=0 up_wait=0.000 ms gate_keep=0 gate_drop=0 gate_wait=0.000 ms down_keep=0 down_drop=0 down_wait=0.000 ms other_keep=0 other_drop=0 other_wait=0.000 ms
[svd-offload-client] up_gate_req=0 down_req=0 other_mat_req=0 ffn_req=0 gate_cache_hits=0 gate_cache_checks=0 miss_invalid=0 miss_layer=0 miss_rank=0 miss_hash=0 miss_output=0 miss_data=0 send_up_gate=0.000 ms send_down=0.000 ms send_other=0.000 ms send_ffn=0.000 ms wait_up_gate=0.000 ms wait_down=0.000 ms wait_other=0.000 ms wait_ffn=0.000 ms
[svd-offload-client-stage-profile] rpc_send_total=0.000 ms rpc_wait_total=0.000 ms
[svd-offload-client-debug] finish_fail_up_gate=0 finish_fail_down=0 finish_fail_other=0 finish_fail_ffn=0 cache_take_fail_up=0 cache_take_fail_gate=0 recv_up_sum_abs=0.000000e+00 recv_up_max_abs=0.000000e+00 recv_up_zero=0 recv_gate_sum_abs=0.000000e+00 recv_gate_max_abs=0.000000e+00 recv_gate_zero=0 recv_down_sum_abs=0.000000e+00 recv_down_max_abs=0.000000e+00 recv_down_zero=0 recv_other_sum_abs=0.000000e+00 recv_other_max_abs=0.000000e+00 recv_other_zero=0 recv_ffn_sum_abs=0.000000e+00 recv_ffn_max_abs=0.000000e+00 recv_ffn_zero=0
SUCCEED (one forward pass done)"
candidate,4c_high,3,trunc_even_0.85,,4,"60,61,62,63","70,80,90,100",ok,23.1878,43.1262,1.1032090777172492,,,,0.7185311317443848,"llama_context: graph splits = 1
attach_threadpool: call
threads: decode=4 batch=4
prompt tokens: 4
running one forward pass (llama_decode) ...
Top-5 next-token candidates:
  id=3 logit=0 piece=""$""
  id=4 logit=0 piece=""%""
  id=1 logit=0 piece=""""""
  id=0 logit=0 piece=""!""
  id=2 logit=0 piece=""#""
Autoregressive generation:
Generated text: !
Decode-only throughput: 23.1878 tokens/s (1 tokens in 0.0431262 s of llama_decode)
End-to-end throughput: 23.0248 tokens/s (1 tokens in 0.0434314 s)
[decode-stage-profile] model_load=384.627 ms context_create=57.6711 ms tokenize=0.506948 ms prefill_decode=65.3512 ms generation_decode=43.1262 ms generation_total=43.4314 ms program_total=567.504 ms
[svd-local-op-profile] up_ops=56 gate_ops=56 down_ops=56 up_total=29.201 ms gate_total=26.538 ms down_total=17.062 ms up_v=3.744 ms gate_v=3.750 ms down_v=12.700 ms up_u=25.450 ms gate_u=22.782 ms down_u=4.358 ms
[svd-local-stage-profile] attention_total=1.305 ms ffn_total=73.967 ms ffn_svd_total=72.801 ms ffn_svd_v=20.194 ms ffn_svd_u=52.590 ms
[svd-offload-zero-profile] up_finish=0 up_cache=0 up_no_request=27 gate_finish=0 gate_cache=0 gate_no_request=27 down_finish=0 down_cache=0 down_no_request=27 other_finish=0 other_cache=0 other_no_request=0
[svd-local-timeout-profile] up_keep=0 up_drop=0 up_wait=0.000 ms gate_keep=0 gate_drop=0 gate_wait=0.000 ms down_keep=0 down_drop=0 down_wait=0.000 ms other_keep=0 other_drop=0 other_wait=0.000 ms
[svd-offload-client] up_gate_req=0 down_req=0 other_mat_req=0 ffn_req=0 gate_cache_hits=0 gate_cache_checks=0 miss_invalid=0 miss_layer=0 miss_rank=0 miss_hash=0 miss_output=0 miss_data=0 send_up_gate=0.000 ms send_down=0.000 ms send_other=0.000 ms send_ffn=0.000 ms wait_up_gate=0.000 ms wait_down=0.000 ms wait_other=0.000 ms wait_ffn=0.000 ms
[svd-offload-client-stage-profile] rpc_send_total=0.000 ms rpc_wait_total=0.000 ms
[svd-offload-client-debug] finish_fail_up_gate=0 finish_fail_down=0 finish_fail_other=0 finish_fail_ffn=0 cache_take_fail_up=0 cache_take_fail_gate=0 recv_up_sum_abs=0.000000e+00 recv_up_max_abs=0.000000e+00 recv_up_zero=0 recv_gate_sum_abs=0.000000e+00 recv_gate_max_abs=0.000000e+00 recv_gate_zero=0 recv_down_sum_abs=0.000000e+00 recv_down_max_abs=0.000000e+00 recv_down_zero=0 recv_other_sum_abs=0.000000e+00 recv_other_max_abs=0.000000e+00 recv_other_zero=0 recv_ffn_sum_abs=0.000000e+00 recv_ffn_max_abs=0.000000e+00 recv_ffn_zero=0
SUCCEED (one forward pass done)"
selected,4c_high,3,all_0.4,all_0.4,4,"60,61,62,63","70,80,90,100",ok,,,,21.0185,24.3521,1.158603135333159,,
candidate,4c_high,4,baseline_no_svd,,4,"60,61,62,63","70,80,90,100",ok,19.6234,50.9595,1.0,,,,2.5642099380493164,"llama_context: graph splits = 1
attach_threadpool: call
threads: decode=4 batch=4
prompt tokens: 4
running one forward pass (llama_decode) ...
Top-5 next-token candidates:
  id=11 logit=20.2053 piece="",""
  id=304 logit=18.9277 piece="" in""
  id=3837 logit=18.7558 piece=""，""
  id=1052 logit=18.5616 piece="" there""
  id=358 logit=17.8374 piece="" I""
Autoregressive generation:
Generated text: ,
Decode-only throughput: 19.6234 tokens/s (1 tokens in 0.0509595 s of llama_decode)
End-to-end throughput: 19.501 tokens/s (1 tokens in 0.0512794 s)
[decode-stage-profile] model_load=386.482 ms context_create=59.5161 ms tokenize=0.46817 ms prefill_decode=1882.73 ms generation_decode=50.9595 ms generation_total=51.2794 ms program_total=2397.65 ms
[svd-local-op-profile] up_ops=56 gate_ops=56 down_ops=56 up_total=118.569 ms gate_total=118.997 ms down_total=115.051 ms up_v=32.471 ms gate_v=33.606 ms down_v=54.346 ms up_u=86.093 ms gate_u=85.384 ms down_u=60.701 ms
[svd-local-stage-profile] attention_total=267.614 ms ffn_total=496.822 ms ffn_svd_total=352.617 ms ffn_svd_v=120.423 ms ffn_svd_u=232.178 ms
[svd-offload-zero-profile] up_finish=0 up_cache=0 up_no_request=27 gate_finish=0 gate_cache=0 gate_no_request=27 down_finish=0 down_cache=0 down_no_request=27 other_finish=0 other_cache=0 other_no_request=0
[svd-local-timeout-profile] up_keep=0 up_drop=0 up_wait=0.000 ms gate_keep=0 gate_drop=0 gate_wait=0.000 ms down_keep=0 down_drop=0 down_wait=0.000 ms other_keep=0 other_drop=0 other_wait=0.000 ms
[svd-offload-client] up_gate_req=0 down_req=0 other_mat_req=0 ffn_req=0 gate_cache_hits=0 gate_cache_checks=0 miss_invalid=0 miss_layer=0 miss_rank=0 miss_hash=0 miss_output=0 miss_data=0 send_up_gate=0.000 ms send_down=0.000 ms send_other=0.000 ms send_ffn=0.000 ms wait_up_gate=0.000 ms wait_down=0.000 ms wait_other=0.000 ms wait_ffn=0.000 ms
[svd-offload-client-stage-profile] rpc_send_total=0.000 ms rpc_wait_total=0.000 ms
[svd-offload-client-debug] finish_fail_up_gate=0 finish_fail_down=0 finish_fail_other=0 finish_fail_ffn=0 cache_take_fail_up=0 cache_take_fail_gate=0 recv_up_sum_abs=0.000000e+00 recv_up_max_abs=0.000000e+00 recv_up_zero=0 recv_gate_sum_abs=0.000000e+00 recv_gate_max_abs=0.000000e+00 recv_gate_zero=0 recv_down_sum_abs=0.000000e+00 recv_down_max_abs=0.000000e+00 recv_down_zero=0 recv_other_sum_abs=0.000000e+00 recv_other_max_abs=0.000000e+00 recv_other_zero=0 recv_ffn_sum_abs=0.000000e+00 recv_ffn_max_abs=0.000000e+00 recv_ffn_zero=0
SUCCEED (one forward pass done)"
candidate,4c_high,4,all_0.05,,4,"60,61,62,63","70,80,90,100",ok,19.0074,52.6111,0.9686089056942222,,,,0.7562437057495117,"llama_context: graph splits = 1
attach_threadpool: call
threads: decode=4 batch=4
prompt tokens: 4
running one forward pass (llama_decode) ...
Top-5 next-token candidates:
  id=3 logit=0 piece=""$""
  id=4 logit=0 piece=""%""
  id=1 logit=0 piece=""""""
  id=0 logit=0 piece=""!""
  id=2 logit=0 piece=""#""
Autoregressive generation:
Generated text: !
Decode-only throughput: 19.0074 tokens/s (1 tokens in 0.0526111 s of llama_decode)
End-to-end throughput: 18.886 tokens/s (1 tokens in 0.0529494 s)
[decode-stage-profile] model_load=389.823 ms context_create=59.0282 ms tokenize=0.455021 ms prefill_decode=83.1471 ms generation_decode=52.6111 ms generation_total=52.9494 ms program_total=602.064 ms
[svd-local-op-profile] up_ops=56 gate_ops=56 down_ops=56 up_total=33.638 ms gate_total=34.005 ms down_total=29.914 ms up_v=5.558 ms gate_v=5.613 ms down_v=24.466 ms up_u=28.076 ms gate_u=28.390 ms down_u=5.438 ms
[svd-local-stage-profile] attention_total=1.310 ms ffn_total=98.814 ms ffn_svd_total=97.557 ms ffn_svd_v=35.637 ms ffn_svd_u=61.904 ms
[svd-offload-zero-profile] up_finish=0 up_cache=0 up_no_request=27 gate_finish=0 gate_cache=0 gate_no_request=27 down_finish=0 down_cache=0 down_no_request=27 other_finish=0 other_cache=0 other_no_request=0
[svd-local-timeout-profile] up_keep=0 up_drop=0 up_wait=0.000 ms gate_keep=0 gate_drop=0 gate_wait=0.000 ms down_keep=0 down_drop=0 down_wait=0.000 ms other_keep=0 other_drop=0 other_wait=0.000 ms
[svd-offload-client] up_gate_req=0 down_req=0 other_mat_req=0 ffn_req=0 gate_cache_hits=0 gate_cache_checks=0 miss_invalid=0 miss_layer=0 miss_rank=0 miss_hash=0 miss_output=0 miss_data=0 send_up_gate=0.000 ms send_down=0.000 ms send_other=0.000 ms send_ffn=0.000 ms wait_up_gate=0.000 ms wait_down=0.000 ms wait_other=0.000 ms wait_ffn=0.000 ms
[svd-offload-client-stage-profile] rpc_send_total=0.000 ms rpc_wait_total=0.000 ms
[svd-offload-client-debug] finish_fail_up_gate=0 finish_fail_down=0 finish_fail_other=0 finish_fail_ffn=0 cache_take_fail_up=0 cache_take_fail_gate=0 recv_up_sum_abs=0.000000e+00 recv_up_max_abs=0.000000e+00 recv_up_zero=0 recv_gate_sum_abs=0.000000e+00 recv_gate_max_abs=0.000000e+00 recv_gate_zero=0 recv_down_sum_abs=0.000000e+00 recv_down_max_abs=0.000000e+00 recv_down_zero=0 recv_other_sum_abs=0.000000e+00 recv_other_max_abs=0.000000e+00 recv_other_zero=0 recv_ffn_sum_abs=0.000000e+00 recv_ffn_max_abs=0.000000e+00 recv_ffn_zero=0
SUCCEED (one forward pass done)"
candidate,4c_high,4,all_0.1,,4,"60,61,62,63","70,80,90,100",ok,20.9408,47.7538,1.0671341357766748,,,,0.7524371147155762,"llama_context: graph splits = 1
attach_threadpool: call
threads: decode=4 batch=4
prompt tokens: 4
running one forward pass (llama_decode) ...
Top-5 next-token candidates:
  id=3 logit=0 piece=""$""
  id=4 logit=0 piece=""%""
  id=1 logit=0 piece=""""""
  id=0 logit=0 piece=""!""
  id=2 logit=0 piece=""#""
Autoregressive generation:
Generated text: !
Decode-only throughput: 20.9408 tokens/s (1 tokens in 0.0477538 s of llama_decode)
End-to-end throughput: 20.7972 tokens/s (1 tokens in 0.0480833 s)
[decode-stage-profile] model_load=395.859 ms context_create=59.3112 ms tokenize=0.471261 ms prefill_decode=81.3284 ms generation_decode=47.7538 ms generation_total=48.0833 ms program_total=601.516 ms
[svd-local-op-profile] up_ops=56 gate_ops=56 down_ops=56 up_total=32.740 ms gate_total=32.576 ms down_total=28.142 ms up_v=5.201 ms gate_v=5.001 ms down_v=23.032 ms up_u=27.538 ms gate_u=27.573 ms down_u=5.107 ms
[svd-local-stage-profile] attention_total=1.307 ms ffn_total=94.707 ms ffn_svd_total=93.458 ms ffn_svd_v=33.234 ms ffn_svd_u=60.218 ms
[svd-offload-zero-profile] up_finish=0 up_cache=0 up_no_request=27 gate_finish=0 gate_cache=0 gate_no_request=27 down_finish=0 down_cache=0 down_no_request=27 other_finish=0 other_cache=0 other_no_request=0
[svd-local-timeout-profile] up_keep=0 up_drop=0 up_wait=0.000 ms gate_keep=0 gate_drop=0 gate_wait=0.000 ms down_keep=0 down_drop=0 down_wait=0.000 ms other_keep=0 other_drop=0 other_wait=0.000 ms
[svd-offload-client] up_gate_req=0 down_req=0 other_mat_req=0 ffn_req=0 gate_cache_hits=0 gate_cache_checks=0 miss_invalid=0 miss_layer=0 miss_rank=0 miss_hash=0 miss_output=0 miss_data=0 send_up_gate=0.000 ms send_down=0.000 ms send_other=0.000 ms send_ffn=0.000 ms wait_up_gate=0.000 ms wait_down=0.000 ms wait_other=0.000 ms wait_ffn=0.000 ms
[svd-offload-client-stage-profile] rpc_send_total=0.000 ms rpc_wait_total=0.000 ms
[svd-offload-client-debug] finish_fail_up_gate=0 finish_fail_down=0 finish_fail_other=0 finish_fail_ffn=0 cache_take_fail_up=0 cache_take_fail_gate=0 recv_up_sum_abs=0.000000e+00 recv_up_max_abs=0.000000e+00 recv_up_zero=0 recv_gate_sum_abs=0.000000e+00 recv_gate_max_abs=0.000000e+00 recv_gate_zero=0 recv_down_sum_abs=0.000000e+00 recv_down_max_abs=0.000000e+00 recv_down_zero=0 recv_other_sum_abs=0.000000e+00 recv_other_max_abs=0.000000e+00 recv_other_zero=0 recv_ffn_sum_abs=0.000000e+00 recv_ffn_max_abs=0.000000e+00 recv_ffn_zero=0
SUCCEED (one forward pass done)"
candidate,4c_high,4,all_0.15,,4,"60,61,62,63","70,80,90,100",ok,20.9625,47.7043,1.068239958416992,,,,0.7500207424163818,"llama_context: graph splits = 1
attach_threadpool: call
threads: decode=4 batch=4
prompt tokens: 4
running one forward pass (llama_decode) ...
Top-5 next-token candidates:
  id=3 logit=0 piece=""$""
  id=4 logit=0 piece=""%""
  id=1 logit=0 piece=""""""
  id=0 logit=0 piece=""!""
  id=2 logit=0 piece=""#""
Autoregressive generation:
Generated text: !
Decode-only throughput: 20.9625 tokens/s (1 tokens in 0.0477043 s of llama_decode)
End-to-end throughput: 20.826 tokens/s (1 tokens in 0.0480169 s)
[decode-stage-profile] model_load=385.233 ms context_create=57.2631 ms tokenize=0.453404 ms prefill_decode=78.5 ms generation_decode=47.7043 ms generation_total=48.0169 ms program_total=586.129 ms
[svd-local-op-profile] up_ops=56 gate_ops=56 down_ops=56 up_total=32.023 ms gate_total=32.234 ms down_total=24.050 ms up_v=5.078 ms gate_v=5.158 ms down_v=19.030 ms up_u=26.941 ms gate_u=27.070 ms down_u=5.014 ms
[svd-local-stage-profile] attention_total=5.310 ms ffn_total=89.697 ms ffn_svd_total=88.307 ms ffn_svd_v=29.266 ms ffn_svd_u=59.025 ms
[svd-offload-zero-profile] up_finish=0 up_cache=0 up_no_request=27 gate_finish=0 gate_cache=0 gate_no_request=27 down_finish=0 down_cache=0 down_no_request=27 other_finish=0 other_cache=0 other_no_request=0
[svd-local-timeout-profile] up_keep=0 up_drop=0 up_wait=0.000 ms gate_keep=0 gate_drop=0 gate_wait=0.000 ms down_keep=0 down_drop=0 down_wait=0.000 ms other_keep=0 other_drop=0 other_wait=0.000 ms
[svd-offload-client] up_gate_req=0 down_req=0 other_mat_req=0 ffn_req=0 gate_cache_hits=0 gate_cache_checks=0 miss_invalid=0 miss_layer=0 miss_rank=0 miss_hash=0 miss_output=0 miss_data=0 send_up_gate=0.000 ms send_down=0.000 ms send_other=0.000 ms send_ffn=0.000 ms wait_up_gate=0.000 ms wait_down=0.000 ms wait_other=0.000 ms wait_ffn=0.000 ms
[svd-offload-client-stage-profile] rpc_send_total=0.000 ms rpc_wait_total=0.000 ms
[svd-offload-client-debug] finish_fail_up_gate=0 finish_fail_down=0 finish_fail_other=0 finish_fail_ffn=0 cache_take_fail_up=0 cache_take_fail_gate=0 recv_up_sum_abs=0.000000e+00 recv_up_max_abs=0.000000e+00 recv_up_zero=0 recv_gate_sum_abs=0.000000e+00 recv_gate_max_abs=0.000000e+00 recv_gate_zero=0 recv_down_sum_abs=0.000000e+00 recv_down_max_abs=0.000000e+00 recv_down_zero=0 recv_other_sum_abs=0.000000e+00 recv_other_max_abs=0.000000e+00 recv_other_zero=0 recv_ffn_sum_abs=0.000000e+00 recv_ffn_max_abs=0.000000e+00 recv_ffn_zero=0
SUCCEED (one forward pass done)"
candidate,4c_high,4,all_0.2,,4,"60,61,62,63","70,80,90,100",ok,22.7153,44.0231,1.1575618903961595,,,,1.563443660736084,"llama_context: graph splits = 1
attach_threadpool: call
threads: decode=4 batch=4
prompt tokens: 4
running one forward pass (llama_decode) ...
Top-5 next-token candidates:
  id=3 logit=0 piece=""$""
  id=4 logit=0 piece=""%""
  id=1 logit=0 piece=""""""
  id=0 logit=0 piece=""!""
  id=2 logit=0 piece=""#""
Autoregressive generation:
Generated text: !
Decode-only throughput: 22.7153 tokens/s (1 tokens in 0.0440231 s of llama_decode)
End-to-end throughput: 22.5465 tokens/s (1 tokens in 0.0443529 s)
[decode-stage-profile] model_load=383.485 ms context_create=57.5633 ms tokenize=0.446386 ms prefill_decode=914.875 ms generation_decode=44.0231 ms generation_total=44.3529 ms program_total=1417.45 ms
[svd-local-op-profile] up_ops=56 gate_ops=56 down_ops=56 up_total=74.220 ms gate_total=76.412 ms down_total=68.091 ms up_v=19.116 ms gate_v=22.398 ms down_v=32.203 ms up_u=55.102 ms gate_u=54.006 ms down_u=35.884 ms
[svd-local-stage-profile] attention_total=125.368 ms ffn_total=290.360 ms ffn_svd_total=218.723 ms ffn_svd_v=73.717 ms ffn_svd_u=144.992 ms
[svd-offload-zero-profile] up_finish=0 up_cache=0 up_no_request=27 gate_finish=0 gate_cache=0 gate_no_request=27 down_finish=0 down_cache=0 down_no_request=27 other_finish=0 other_cache=0 other_no_request=0
[svd-local-timeout-profile] up_keep=0 up_drop=0 up_wait=0.000 ms gate_keep=0 gate_drop=0 gate_wait=0.000 ms down_keep=0 down_drop=0 down_wait=0.000 ms other_keep=0 other_drop=0 other_wait=0.000 ms
[svd-offload-client] up_gate_req=0 down_req=0 other_mat_req=0 ffn_req=0 gate_cache_hits=0 gate_cache_checks=0 miss_invalid=0 miss_layer=0 miss_rank=0 miss_hash=0 miss_output=0 miss_data=0 send_up_gate=0.000 ms send_down=0.000 ms send_other=0.000 ms send_ffn=0.000 ms wait_up_gate=0.000 ms wait_down=0.000 ms wait_other=0.000 ms wait_ffn=0.000 ms
[svd-offload-client-stage-profile] rpc_send_total=0.000 ms rpc_wait_total=0.000 ms
[svd-offload-client-debug] finish_fail_up_gate=0 finish_fail_down=0 finish_fail_other=0 finish_fail_ffn=0 cache_take_fail_up=0 cache_take_fail_gate=0 recv_up_sum_abs=0.000000e+00 recv_up_max_abs=0.000000e+00 recv_up_zero=0 recv_gate_sum_abs=0.000000e+00 recv_gate_max_abs=0.000000e+00 recv_gate_zero=0 recv_down_sum_abs=0.000000e+00 recv_down_max_abs=0.000000e+00 recv_down_zero=0 recv_other_sum_abs=0.000000e+00 recv_other_max_abs=0.000000e+00 recv_other_zero=0 recv_ffn_sum_abs=0.000000e+00 recv_ffn_max_abs=0.000000e+00 recv_ffn_zero=0
SUCCEED (one forward pass done)"
candidate,4c_high,4,all_0.25,,4,"60,61,62,63","70,80,90,100",ok,23.1218,43.2492,1.1782769550638523,,,,2.568589687347412,"llama_context: graph splits = 1
attach_threadpool: call
threads: decode=4 batch=4
prompt tokens: 4
running one forward pass (llama_decode) ...
Top-5 next-token candidates:
  id=264 logit=16.5721 piece="" a""
  id=472 logit=16.4602 piece="" H""
  id=279 logit=16.2173 piece="" the""
  id=39 logit=15.9334 piece=""H""
  id=8 logit=15.4472 piece="")""
Autoregressive generation:
Generated text:  a
Decode-only throughput: 23.1218 tokens/s (1 tokens in 0.0432492 s of llama_decode)
End-to-end throughput: 22.9504 tokens/s (1 tokens in 0.0435722 s)
[decode-stage-profile] model_load=380.768 ms context_create=62.8338 ms tokenize=0.45354 ms prefill_decode=1891.89 ms generation_decode=43.2492 ms generation_total=43.5722 ms program_total=2396.51 ms
[svd-local-op-profile] up_ops=56 gate_ops=56 down_ops=56 up_total=120.226 ms gate_total=116.815 ms down_total=107.951 ms up_v=32.710 ms gate_v=33.051 ms down_v=47.957 ms up_u=87.509 ms gate_u=83.756 ms down_u=59.990 ms
[svd-local-stage-profile] attention_total=268.705 ms ffn_total=487.221 ms ffn_svd_total=344.992 ms ffn_svd_v=113.718 ms ffn_svd_u=231.255 ms
[svd-offload-zero-profile] up_finish=0 up_cache=0 up_no_request=27 gate_finish=0 gate_cache=0 gate_no_request=27 down_finish=0 down_cache=0 down_no_request=27 other_finish=0 other_cache=0 other_no_request=0
[svd-local-timeout-profile] up_keep=0 up_drop=0 up_wait=0.000 ms gate_keep=0 gate_drop=0 gate_wait=0.000 ms down_keep=0 down_drop=0 down_wait=0.000 ms other_keep=0 other_drop=0 other_wait=0.000 ms
[svd-offload-client] up_gate_req=0 down_req=0 other_mat_req=0 ffn_req=0 gate_cache_hits=0 gate_cache_checks=0 miss_invalid=0 miss_layer=0 miss_rank=0 miss_hash=0 miss_output=0 miss_data=0 send_up_gate=0.000 ms send_down=0.000 ms send_other=0.000 ms send_ffn=0.000 ms wait_up_gate=0.000 ms wait_down=0.000 ms wait_other=0.000 ms wait_ffn=0.000 ms
[svd-offload-client-stage-profile] rpc_send_total=0.000 ms rpc_wait_total=0.000 ms
[svd-offload-client-debug] finish_fail_up_gate=0 finish_fail_down=0 finish_fail_other=0 finish_fail_ffn=0 cache_take_fail_up=0 cache_take_fail_gate=0 recv_up_sum_abs=0.000000e+00 recv_up_max_abs=0.000000e+00 recv_up_zero=0 recv_gate_sum_abs=0.000000e+00 recv_gate_max_abs=0.000000e+00 recv_gate_zero=0 recv_down_sum_abs=0.000000e+00 recv_down_max_abs=0.000000e+00 recv_down_zero=0 recv_other_sum_abs=0.000000e+00 recv_other_max_abs=0.000000e+00 recv_other_zero=0 recv_ffn_sum_abs=0.000000e+00 recv_ffn_max_abs=0.000000e+00 recv_ffn_zero=0
SUCCEED (one forward pass done)"
candidate,4c_high,4,all_0.3,,4,"60,61,62,63","70,80,90,100",ok,21.6085,46.2781,1.101159839783116,,,,3.8435535430908203,"llama_context: graph splits = 1
attach_threadpool: call
threads: decode=4 batch=4
prompt tokens: 4
running one forward pass (llama_decode) ...
Top-5 next-token candidates:
  id=3 logit=0 piece=""$""
  id=4 logit=0 piece=""%""
  id=1 logit=0 piece=""""""
  id=0 logit=0 piece=""!""
  id=2 logit=0 piece=""#""
Autoregressive generation:
Generated text: !
Decode-only throughput: 21.6085 tokens/s (1 tokens in 0.0462781 s of llama_decode)
End-to-end throughput: 21.4514 tokens/s (1 tokens in 0.0466169 s)
[decode-stage-profile] model_load=384.54 ms context_create=56.2603 ms tokenize=0.456064 ms prefill_decode=3162.39 ms generation_decode=46.2781 ms generation_total=46.6169 ms program_total=3667.27 ms
[svd-local-op-profile] up_ops=56 gate_ops=56 down_ops=56 up_total=181.371 ms gate_total=178.313 ms down_total=173.663 ms up_v=54.407 ms gate_v=55.045 ms down_v=66.944 ms up_u=126.959 ms gate_u=123.260 ms down_u=106.713 ms
[svd-local-stage-profile] attention_total=473.393 ms ffn_total=781.483 ms ffn_svd_total=533.347 ms ffn_svd_v=176.396 ms ffn_svd_u=356.932 ms
[svd-offload-zero-profile] up_finish=0 up_cache=0 up_no_request=27 gate_finish=0 gate_cache=0 gate_no_request=27 down_finish=0 down_cache=0 down_no_request=27 other_finish=0 other_cache=0 other_no_request=0
[svd-local-timeout-profile] up_keep=0 up_drop=0 up_wait=0.000 ms gate_keep=0 gate_drop=0 gate_wait=0.000 ms down_keep=0 down_drop=0 down_wait=0.000 ms other_keep=0 other_drop=0 other_wait=0.000 ms
[svd-offload-client] up_gate_req=0 down_req=0 other_mat_req=0 ffn_req=0 gate_cache_hits=0 gate_cache_checks=0 miss_invalid=0 miss_layer=0 miss_rank=0 miss_hash=0 miss_output=0 miss_data=0 send_up_gate=0.000 ms send_down=0.000 ms send_other=0.000 ms send_ffn=0.000 ms wait_up_gate=0.000 ms wait_down=0.000 ms wait_other=0.000 ms wait_ffn=0.000 ms
[svd-offload-client-stage-profile] rpc_send_total=0.000 ms rpc_wait_total=0.000 ms
[svd-offload-client-debug] finish_fail_up_gate=0 finish_fail_down=0 finish_fail_other=0 finish_fail_ffn=0 cache_take_fail_up=0 cache_take_fail_gate=0 recv_up_sum_abs=0.000000e+00 recv_up_max_abs=0.000000e+00 recv_up_zero=0 recv_gate_sum_abs=0.000000e+00 recv_gate_max_abs=0.000000e+00 recv_gate_zero=0 recv_down_sum_abs=0.000000e+00 recv_down_max_abs=0.000000e+00 recv_down_zero=0 recv_other_sum_abs=0.000000e+00 recv_other_max_abs=0.000000e+00 recv_other_zero=0 recv_ffn_sum_abs=0.000000e+00 recv_ffn_max_abs=0.000000e+00 recv_ffn_zero=0
SUCCEED (one forward pass done)"
candidate,4c_high,4,all_0.35,,4,"60,61,62,63","70,80,90,100",ok,23.7343,42.1331,1.2094896908792565,,,,0.7374351024627686,"llama_context: graph splits = 1
attach_threadpool: call
threads: decode=4 batch=4
prompt tokens: 4
running one forward pass (llama_decode) ...
Top-5 next-token candidates:
  id=3 logit=0 piece=""$""
  id=4 logit=0 piece=""%""
  id=1 logit=0 piece=""""""
  id=0 logit=0 piece=""!""
  id=2 logit=0 piece=""#""
Autoregressive generation:
Generated text: !
Decode-only throughput: 23.7343 tokens/s (1 tokens in 0.0421331 s of llama_decode)
End-to-end throughput: 23.5589 tokens/s (1 tokens in 0.0424469 s)
[decode-stage-profile] model_load=383.93 ms context_create=58.7898 ms tokenize=0.456817 ms prefill_decode=76.3266 ms generation_decode=42.1331 ms generation_total=42.4469 ms program_total=578.637 ms
[svd-local-op-profile] up_ops=56 gate_ops=56 down_ops=56 up_total=36.440 ms gate_total=29.141 ms down_total=20.143 ms up_v=4.230 ms gate_v=4.795 ms down_v=15.358 ms up_u=32.199 ms gate_u=24.337 ms down_u=4.780 ms
[svd-local-stage-profile] attention_total=3.150 ms ffn_total=86.945 ms ffn_svd_total=85.724 ms ffn_svd_v=24.383 ms ffn_svd_u=61.316 ms
[svd-offload-zero-profile] up_finish=0 up_cache=0 up_no_request=27 gate_finish=0 gate_cache=0 gate_no_request=27 down_finish=0 down_cache=0 down_no_request=27 other_finish=0 other_cache=0 other_no_request=0
[svd-local-timeout-profile] up_keep=0 up_drop=0 up_wait=0.000 ms gate_keep=0 gate_drop=0 gate_wait=0.000 ms down_keep=0 down_drop=0 down_wait=0.000 ms other_keep=0 other_drop=0 other_wait=0.000 ms
[svd-offload-client] up_gate_req=0 down_req=0 other_mat_req=0 ffn_req=0 gate_cache_hits=0 gate_cache_checks=0 miss_invalid=0 miss_layer=0 miss_rank=0 miss_hash=0 miss_output=0 miss_data=0 send_up_gate=0.000 ms send_down=0.000 ms send_other=0.000 ms send_ffn=0.000 ms wait_up_gate=0.000 ms wait_down=0.000 ms wait_other=0.000 ms wait_ffn=0.000 ms
[svd-offload-client-stage-profile] rpc_send_total=0.000 ms rpc_wait_total=0.000 ms
[svd-offload-client-debug] finish_fail_up_gate=0 finish_fail_down=0 finish_fail_other=0 finish_fail_ffn=0 cache_take_fail_up=0 cache_take_fail_gate=0 recv_up_sum_abs=0.000000e+00 recv_up_max_abs=0.000000e+00 recv_up_zero=0 recv_gate_sum_abs=0.000000e+00 recv_gate_max_abs=0.000000e+00 recv_gate_zero=0 recv_down_sum_abs=0.000000e+00 recv_down_max_abs=0.000000e+00 recv_down_zero=0 recv_other_sum_abs=0.000000e+00 recv_other_max_abs=0.000000e+00 recv_other_zero=0 recv_ffn_sum_abs=0.000000e+00 recv_ffn_max_abs=0.000000e+00 recv_ffn_zero=0
SUCCEED (one forward pass done)"
candidate,4c_high,4,all_0.4,,4,"60,61,62,63","70,80,90,100",ok,22.1402,45.1666,1.1282550424493207,,,,0.7393431663513184,"llama_context: graph splits = 1
attach_threadpool: call
threads: decode=4 batch=4
prompt tokens: 4
running one forward pass (llama_decode) ...
Top-5 next-token candidates:
  id=3 logit=0 piece=""$""
  id=4 logit=0 piece=""%""
  id=1 logit=0 piece=""""""
  id=0 logit=0 piece=""!""
  id=2 logit=0 piece=""#""
Autoregressive generation:
Generated text: !
Decode-only throughput: 22.1402 tokens/s (1 tokens in 0.0451666 s of llama_decode)
End-to-end throughput: 21.9854 tokens/s (1 tokens in 0.0454846 s)
[decode-stage-profile] model_load=384.995 ms context_create=63.5021 ms tokenize=0.468884 ms prefill_decode=66.4568 ms generation_decode=45.1666 ms generation_total=45.4846 ms program_total=577.479 ms
[svd-local-op-profile] up_ops=56 gate_ops=56 down_ops=56 up_total=29.991 ms gate_total=26.633 ms down_total=21.195 ms up_v=3.932 ms gate_v=3.843 ms down_v=16.842 ms up_u=26.058 ms gate_u=22.786 ms down_u=4.350 ms
[svd-local-stage-profile] attention_total=2.254 ms ffn_total=79.053 ms ffn_svd_total=77.819 ms ffn_svd_v=24.617 ms ffn_svd_u=53.194 ms
[svd-offload-zero-profile] up_finish=0 up_cache=0 up_no_request=27 gate_finish=0 gate_cache=0 gate_no_request=27 down_finish=0 down_cache=0 down_no_request=27 other_finish=0 other_cache=0 other_no_request=0
[svd-local-timeout-profile] up_keep=0 up_drop=0 up_wait=0.000 ms gate_keep=0 gate_drop=0 gate_wait=0.000 ms down_keep=0 down_drop=0 down_wait=0.000 ms other_keep=0 other_drop=0 other_wait=0.000 ms
[svd-offload-client] up_gate_req=0 down_req=0 other_mat_req=0 ffn_req=0 gate_cache_hits=0 gate_cache_checks=0 miss_invalid=0 miss_layer=0 miss_rank=0 miss_hash=0 miss_output=0 miss_data=0 send_up_gate=0.000 ms send_down=0.000 ms send_other=0.000 ms send_ffn=0.000 ms wait_up_gate=0.000 ms wait_down=0.000 ms wait_other=0.000 ms wait_ffn=0.000 ms
[svd-offload-client-stage-profile] rpc_send_total=0.000 ms rpc_wait_total=0.000 ms
[svd-offload-client-debug] finish_fail_up_gate=0 finish_fail_down=0 finish_fail_other=0 finish_fail_ffn=0 cache_take_fail_up=0 cache_take_fail_gate=0 recv_up_sum_abs=0.000000e+00 recv_up_max_abs=0.000000e+00 recv_up_zero=0 recv_gate_sum_abs=0.000000e+00 recv_gate_max_abs=0.000000e+00 recv_gate_zero=0 recv_down_sum_abs=0.000000e+00 recv_down_max_abs=0.000000e+00 recv_down_zero=0 recv_other_sum_abs=0.000000e+00 recv_other_max_abs=0.000000e+00 recv_other_zero=0 recv_ffn_sum_abs=0.000000e+00 recv_ffn_max_abs=0.000000e+00 recv_ffn_zero=0
SUCCEED (one forward pass done)"
candidate,4c_high,4,all_0.45,,4,"60,61,62,63","70,80,90,100",ok,24.9174,40.1326,1.2697799565824475,,,,0.7341978549957275,"llama_context: graph splits = 1
attach_threadpool: call
threads: decode=4 batch=4
prompt tokens: 4
running one forward pass (llama_decode) ...
Top-5 next-token candidates:
  id=3 logit=0 piece=""$""
  id=4 logit=0 piece=""%""
  id=1 logit=0 piece=""""""
  id=0 logit=0 piece=""!""
  id=2 logit=0 piece=""#""
Autoregressive generation:
Generated text: !
Decode-only throughput: 24.9174 tokens/s (1 tokens in 0.0401326 s of llama_decode)
End-to-end throughput: 24.7231 tokens/s (1 tokens in 0.040448 s)
[decode-stage-profile] model_load=386.783 ms context_create=56.0714 ms tokenize=0.508354 ms prefill_decode=65.68 ms generation_decode=40.1326 ms generation_total=40.448 ms program_total=566.091 ms
[svd-local-op-profile] up_ops=56 gate_ops=56 down_ops=56 up_total=25.886 ms gate_total=25.167 ms down_total=17.065 ms up_v=3.302 ms gate_v=3.196 ms down_v=12.792 ms up_u=22.579 ms gate_u=21.969 ms down_u=4.269 ms
[svd-local-stage-profile] attention_total=4.375 ms ffn_total=69.280 ms ffn_svd_total=68.118 ms ffn_svd_v=19.290 ms ffn_svd_u=48.817 ms
[svd-offload-zero-profile] up_finish=0 up_cache=0 up_no_request=27 gate_finish=0 gate_cache=0 gate_no_request=27 down_finish=0 down_cache=0 down_no_request=27 other_finish=0 other_cache=0 other_no_request=0
[svd-local-timeout-profile] up_keep=0 up_drop=0 up_wait=0.000 ms gate_keep=0 gate_drop=0 gate_wait=0.000 ms down_keep=0 down_drop=0 down_wait=0.000 ms other_keep=0 other_drop=0 other_wait=0.000 ms
[svd-offload-client] up_gate_req=0 down_req=0 other_mat_req=0 ffn_req=0 gate_cache_hits=0 gate_cache_checks=0 miss_invalid=0 miss_layer=0 miss_rank=0 miss_hash=0 miss_output=0 miss_data=0 send_up_gate=0.000 ms send_down=0.000 ms send_other=0.000 ms send_ffn=0.000 ms wait_up_gate=0.000 ms wait_down=0.000 ms wait_other=0.000 ms wait_ffn=0.000 ms
[svd-offload-client-stage-profile] rpc_send_total=0.000 ms rpc_wait_total=0.000 ms
[svd-offload-client-debug] finish_fail_up_gate=0 finish_fail_down=0 finish_fail_other=0 finish_fail_ffn=0 cache_take_fail_up=0 cache_take_fail_gate=0 recv_up_sum_abs=0.000000e+00 recv_up_max_abs=0.000000e+00 recv_up_zero=0 recv_gate_sum_abs=0.000000e+00 recv_gate_max_abs=0.000000e+00 recv_gate_zero=0 recv_down_sum_abs=0.000000e+00 recv_down_max_abs=0.000000e+00 recv_down_zero=0 recv_other_sum_abs=0.000000e+00 recv_other_max_abs=0.000000e+00 recv_other_zero=0 recv_ffn_sum_abs=0.000000e+00 recv_ffn_max_abs=0.000000e+00 recv_ffn_zero=0
SUCCEED (one forward pass done)"
candidate,4c_high,4,all_0.5,,4,"60,61,62,63","70,80,90,100",ok,23.1246,43.2439,1.1784196418561514,,,,0.7348635196685791,"llama_context: graph splits = 1
attach_threadpool: call
threads: decode=4 batch=4
prompt tokens: 4
running one forward pass (llama_decode) ...
Top-5 next-token candidates:
  id=11 logit=15.272 piece="",""
  id=12 logit=14.9123 piece=""-""
  id=51730 logit=14.8613 piece="" Ri""
  id=6216 logit=14.8165 piece="" ir""
  id=472 logit=14.5534 piece="" H""
Autoregressive generation:
Generated text: ,
Decode-only throughput: 23.1246 tokens/s (1 tokens in 0.0432439 s of llama_decode)
End-to-end throughput: 22.9616 tokens/s (1 tokens in 0.0435509 s)
[decode-stage-profile] model_load=380.953 ms context_create=62.2436 ms tokenize=0.469379 ms prefill_decode=63.1308 ms generation_decode=43.2439 ms generation_total=43.5509 ms program_total=567.039 ms
[svd-local-op-profile] up_ops=56 gate_ops=56 down_ops=56 up_total=28.724 ms gate_total=24.981 ms down_total=16.509 ms up_v=3.315 ms gate_v=3.156 ms down_v=12.246 ms up_u=25.404 ms gate_u=21.821 ms down_u=4.261 ms
[svd-local-stage-profile] attention_total=4.178 ms ffn_total=71.323 ms ffn_svd_total=70.214 ms ffn_svd_v=18.717 ms ffn_svd_u=51.486 ms
[svd-offload-zero-profile] up_finish=0 up_cache=0 up_no_request=27 gate_finish=0 gate_cache=0 gate_no_request=27 down_finish=0 down_cache=0 down_no_request=27 other_finish=0 other_cache=0 other_no_request=0
[svd-local-timeout-profile] up_keep=0 up_drop=0 up_wait=0.000 ms gate_keep=0 gate_drop=0 gate_wait=0.000 ms down_keep=0 down_drop=0 down_wait=0.000 ms other_keep=0 other_drop=0 other_wait=0.000 ms
[svd-offload-client] up_gate_req=0 down_req=0 other_mat_req=0 ffn_req=0 gate_cache_hits=0 gate_cache_checks=0 miss_invalid=0 miss_layer=0 miss_rank=0 miss_hash=0 miss_output=0 miss_data=0 send_up_gate=0.000 ms send_down=0.000 ms send_other=0.000 ms send_ffn=0.000 ms wait_up_gate=0.000 ms wait_down=0.000 ms wait_other=0.000 ms wait_ffn=0.000 ms
[svd-offload-client-stage-profile] rpc_send_total=0.000 ms rpc_wait_total=0.000 ms
[svd-offload-client-debug] finish_fail_up_gate=0 finish_fail_down=0 finish_fail_other=0 finish_fail_ffn=0 cache_take_fail_up=0 cache_take_fail_gate=0 recv_up_sum_abs=0.000000e+00 recv_up_max_abs=0.000000e+00 recv_up_zero=0 recv_gate_sum_abs=0.000000e+00 recv_gate_max_abs=0.000000e+00 recv_gate_zero=0 recv_down_sum_abs=0.000000e+00 recv_down_max_abs=0.000000e+00 recv_down_zero=0 recv_other_sum_abs=0.000000e+00 recv_other_max_abs=0.000000e+00 recv_other_zero=0 recv_ffn_sum_abs=0.000000e+00 recv_ffn_max_abs=0.000000e+00 recv_ffn_zero=0
SUCCEED (one forward pass done)"
candidate,4c_high,4,all_0.55,,4,"60,61,62,63","70,80,90,100",ok,25.0302,39.9518,1.2755281959293496,,,,0.7210438251495361,"llama_context: graph splits = 1
attach_threadpool: call
threads: decode=4 batch=4
prompt tokens: 4
running one forward pass (llama_decode) ...
Top-5 next-token candidates:
  id=3 logit=0 piece=""$""
  id=4 logit=0 piece=""%""
  id=1 logit=0 piece=""""""
  id=0 logit=0 piece=""!""
  id=2 logit=0 piece=""#""
Autoregressive generation:
Generated text: !
Decode-only throughput: 25.0302 tokens/s (1 tokens in 0.0399518 s of llama_decode)
End-to-end throughput: 24.8361 tokens/s (1 tokens in 0.0402639 s)
[decode-stage-profile] model_load=393.109 ms context_create=59.5556 ms tokenize=0.486418 ms prefill_decode=60.5053 ms generation_decode=39.9518 ms generation_total=40.2639 ms program_total=570.466 ms
[svd-local-op-profile] up_ops=56 gate_ops=56 down_ops=56 up_total=25.041 ms gate_total=24.490 ms down_total=15.315 ms up_v=3.352 ms gate_v=3.303 ms down_v=11.004 ms up_u=21.684 ms gate_u=21.179 ms down_u=4.304 ms
[svd-local-stage-profile] attention_total=1.404 ms ffn_total=65.975 ms ffn_svd_total=64.846 ms ffn_svd_v=17.659 ms ffn_svd_u=47.167 ms
[svd-offload-zero-profile] up_finish=0 up_cache=0 up_no_request=27 gate_finish=0 gate_cache=0 gate_no_request=27 down_finish=0 down_cache=0 down_no_request=27 other_finish=0 other_cache=0 other_no_request=0
[svd-local-timeout-profile] up_keep=0 up_drop=0 up_wait=0.000 ms gate_keep=0 gate_drop=0 gate_wait=0.000 ms down_keep=0 down_drop=0 down_wait=0.000 ms other_keep=0 other_drop=0 other_wait=0.000 ms
[svd-offload-client] up_gate_req=0 down_req=0 other_mat_req=0 ffn_req=0 gate_cache_hits=0 gate_cache_checks=0 miss_invalid=0 miss_layer=0 miss_rank=0 miss_hash=0 miss_output=0 miss_data=0 send_up_gate=0.000 ms send_down=0.000 ms send_other=0.000 ms send_ffn=0.000 ms wait_up_gate=0.000 ms wait_down=0.000 ms wait_other=0.000 ms wait_ffn=0.000 ms
[svd-offload-client-stage-profile] rpc_send_total=0.000 ms rpc_wait_total=0.000 ms
[svd-offload-client-debug] finish_fail_up_gate=0 finish_fail_down=0 finish_fail_other=0 finish_fail_ffn=0 cache_take_fail_up=0 cache_take_fail_gate=0 recv_up_sum_abs=0.000000e+00 recv_up_max_abs=0.000000e+00 recv_up_zero=0 recv_gate_sum_abs=0.000000e+00 recv_gate_max_abs=0.000000e+00 recv_gate_zero=0 recv_down_sum_abs=0.000000e+00 recv_down_max_abs=0.000000e+00 recv_down_zero=0 recv_other_sum_abs=0.000000e+00 recv_other_max_abs=0.000000e+00 recv_other_zero=0 recv_ffn_sum_abs=0.000000e+00 recv_ffn_max_abs=0.000000e+00 recv_ffn_zero=0
SUCCEED (one forward pass done)"
candidate,4c_high,4,all_0.6,,4,"60,61,62,63","70,80,90,100",ok,24.5763,40.6895,1.25239764770631,,,,0.710679292678833,"llama_context: graph splits = 1
attach_threadpool: call
threads: decode=4 batch=4
prompt tokens: 4
running one forward pass (llama_decode) ...
Top-5 next-token candidates:
  id=548 logit=12.2312 piece="" pr""
  id=62 logit=11.7936 piece=""_""
  id=512 logit=11.5545 piece="" le""
  id=9985 logit=11.4281 piece=""CM""
  id=1315 logit=11.3357 piece=""ait""
Autoregressive generation:
Generated text:  pr
Decode-only throughput: 24.5763 tokens/s (1 tokens in 0.0406895 s of llama_decode)
End-to-end throughput: 24.385 tokens/s (1 tokens in 0.0410088 s)
[decode-stage-profile] model_load=386.658 ms context_create=57.4829 ms tokenize=0.467515 ms prefill_decode=56.9827 ms generation_decode=40.6895 ms generation_total=41.0088 ms program_total=562.263 ms
[svd-local-op-profile] up_ops=56 gate_ops=56 down_ops=56 up_total=26.457 ms gate_total=23.992 ms down_total=13.644 ms up_v=2.693 ms gate_v=2.744 ms down_v=9.741 ms up_u=23.762 ms gate_u=21.244 ms down_u=3.899 ms
[svd-local-stage-profile] attention_total=1.455 ms ffn_total=65.206 ms ffn_svd_total=64.093 ms ffn_svd_v=15.178 ms ffn_svd_u=48.905 ms
[svd-offload-zero-profile] up_finish=0 up_cache=0 up_no_request=27 gate_finish=0 gate_cache=0 gate_no_request=27 down_finish=0 down_cache=0 down_no_request=27 other_finish=0 other_cache=0 other_no_request=0
[svd-local-timeout-profile] up_keep=0 up_drop=0 up_wait=0.000 ms gate_keep=0 gate_drop=0 gate_wait=0.000 ms down_keep=0 down_drop=0 down_wait=0.000 ms other_keep=0 other_drop=0 other_wait=0.000 ms
[svd-offload-client] up_gate_req=0 down_req=0 other_mat_req=0 ffn_req=0 gate_cache_hits=0 gate_cache_checks=0 miss_invalid=0 miss_layer=0 miss_rank=0 miss_hash=0 miss_output=0 miss_data=0 send_up_gate=0.000 ms send_down=0.000 ms send_other=0.000 ms send_ffn=0.000 ms wait_up_gate=0.000 ms wait_down=0.000 ms wait_other=0.000 ms wait_ffn=0.000 ms
[svd-offload-client-stage-profile] rpc_send_total=0.000 ms rpc_wait_total=0.000 ms
[svd-offload-client-debug] finish_fail_up_gate=0 finish_fail_down=0 finish_fail_other=0 finish_fail_ffn=0 cache_take_fail_up=0 cache_take_fail_gate=0 recv_up_sum_abs=0.000000e+00 recv_up_max_abs=0.000000e+00 recv_up_zero=0 recv_gate_sum_abs=0.000000e+00 recv_gate_max_abs=0.000000e+00 recv_gate_zero=0 recv_down_sum_abs=0.000000e+00 recv_down_max_abs=0.000000e+00 recv_down_zero=0 recv_other_sum_abs=0.000000e+00 recv_other_max_abs=0.000000e+00 recv_other_zero=0 recv_ffn_sum_abs=0.000000e+00 recv_ffn_max_abs=0.000000e+00 recv_ffn_zero=0
SUCCEED (one forward pass done)"
candidate,4c_high,4,trunc_even_0.8,,4,"60,61,62,63","70,80,90,100",ok,21.7053,46.0718,1.1060927260311668,,,,3.2771382331848145,"llama_context: graph splits = 1
attach_threadpool: call
threads: decode=4 batch=4
prompt tokens: 4
running one forward pass (llama_decode) ...
Top-5 next-token candidates:
  id=3 logit=0 piece=""$""
  id=4 logit=0 piece=""%""
  id=1 logit=0 piece=""""""
  id=0 logit=0 piece=""!""
  id=2 logit=0 piece=""#""
Autoregressive generation:
Generated text: !
Decode-only throughput: 21.7053 tokens/s (1 tokens in 0.0460718 s of llama_decode)
End-to-end throughput: 21.5528 tokens/s (1 tokens in 0.0463976 s)
[decode-stage-profile] model_load=390.17 ms context_create=56.0706 ms tokenize=0.466253 ms prefill_decode=2601.62 ms generation_decode=46.0718 ms generation_total=46.3976 ms program_total=3111.67 ms
[svd-local-op-profile] up_ops=56 gate_ops=56 down_ops=56 up_total=161.689 ms gate_total=161.347 ms down_total=146.597 ms up_v=45.670 ms gate_v=47.682 ms down_v=58.962 ms up_u=116.013 ms gate_u=113.660 ms down_u=87.630 ms
[svd-local-stage-profile] attention_total=371.775 ms ffn_total=674.984 ms ffn_svd_total=469.633 ms ffn_svd_v=152.314 ms ffn_svd_u=317.303 ms
[svd-offload-zero-profile] up_finish=0 up_cache=0 up_no_request=27 gate_finish=0 gate_cache=0 gate_no_request=27 down_finish=0 down_cache=0 down_no_request=27 other_finish=0 other_cache=0 other_no_request=0
[svd-local-timeout-profile] up_keep=0 up_drop=0 up_wait=0.000 ms gate_keep=0 gate_drop=0 gate_wait=0.000 ms down_keep=0 down_drop=0 down_wait=0.000 ms other_keep=0 other_drop=0 other_wait=0.000 ms
[svd-offload-client] up_gate_req=0 down_req=0 other_mat_req=0 ffn_req=0 gate_cache_hits=0 gate_cache_checks=0 miss_invalid=0 miss_layer=0 miss_rank=0 miss_hash=0 miss_output=0 miss_data=0 send_up_gate=0.000 ms send_down=0.000 ms send_other=0.000 ms send_ffn=0.000 ms wait_up_gate=0.000 ms wait_down=0.000 ms wait_other=0.000 ms wait_ffn=0.000 ms
[svd-offload-client-stage-profile] rpc_send_total=0.000 ms rpc_wait_total=0.000 ms
[svd-offload-client-debug] finish_fail_up_gate=0 finish_fail_down=0 finish_fail_other=0 finish_fail_ffn=0 cache_take_fail_up=0 cache_take_fail_gate=0 recv_up_sum_abs=0.000000e+00 recv_up_max_abs=0.000000e+00 recv_up_zero=0 recv_gate_sum_abs=0.000000e+00 recv_gate_max_abs=0.000000e+00 recv_gate_zero=0 recv_down_sum_abs=0.000000e+00 recv_down_max_abs=0.000000e+00 recv_down_zero=0 recv_other_sum_abs=0.000000e+00 recv_other_max_abs=0.000000e+00 recv_other_zero=0 recv_ffn_sum_abs=0.000000e+00 recv_ffn_max_abs=0.000000e+00 recv_ffn_zero=0
SUCCEED (one forward pass done)"
candidate,4c_high,4,trunc_even_0.85,,4,"60,61,62,63","70,80,90,100",ok,20.3667,49.0998,1.0378782473985142,,,,2.563027858734131,"llama_context: graph splits = 1
attach_threadpool: call
threads: decode=4 batch=4
prompt tokens: 4
running one forward pass (llama_decode) ...
Top-5 next-token candidates:
  id=3 logit=0 piece=""$""
  id=4 logit=0 piece=""%""
  id=1 logit=0 piece=""""""
  id=0 logit=0 piece=""!""
  id=2 logit=0 piece=""#""
Autoregressive generation:
Generated text: !
Decode-only throughput: 20.3667 tokens/s (1 tokens in 0.0490998 s of llama_decode)
End-to-end throughput: 20.2348 tokens/s (1 tokens in 0.0494199 s)
[decode-stage-profile] model_load=381.131 ms context_create=57.2886 ms tokenize=0.463421 ms prefill_decode=1893.49 ms generation_decode=49.0998 ms generation_total=49.4199 ms program_total=2398.82 ms
[svd-local-op-profile] up_ops=56 gate_ops=56 down_ops=56 up_total=114.304 ms gate_total=114.490 ms down_total=105.861 ms up_v=32.132 ms gate_v=35.384 ms down_v=45.229 ms up_u=82.166 ms gate_u=79.101 ms down_u=60.628 ms
[svd-local-stage-profile] attention_total=269.757 ms ffn_total=476.258 ms ffn_svd_total=334.655 ms ffn_svd_v=112.745 ms ffn_svd_u=221.895 ms
[svd-offload-zero-profile] up_finish=0 up_cache=0 up_no_request=27 gate_finish=0 gate_cache=0 gate_no_request=27 down_finish=0 down_cache=0 down_no_request=27 other_finish=0 other_cache=0 other_no_request=0
[svd-local-timeout-profile] up_keep=0 up_drop=0 up_wait=0.000 ms gate_keep=0 gate_drop=0 gate_wait=0.000 ms down_keep=0 down_drop=0 down_wait=0.000 ms other_keep=0 other_drop=0 other_wait=0.000 ms
[svd-offload-client] up_gate_req=0 down_req=0 other_mat_req=0 ffn_req=0 gate_cache_hits=0 gate_cache_checks=0 miss_invalid=0 miss_layer=0 miss_rank=0 miss_hash=0 miss_output=0 miss_data=0 send_up_gate=0.000 ms send_down=0.000 ms send_other=0.000 ms send_ffn=0.000 ms wait_up_gate=0.000 ms wait_down=0.000 ms wait_other=0.000 ms wait_ffn=0.000 ms
[svd-offload-client-stage-profile] rpc_send_total=0.000 ms rpc_wait_total=0.000 ms
[svd-offload-client-debug] finish_fail_up_gate=0 finish_fail_down=0 finish_fail_other=0 finish_fail_ffn=0 cache_take_fail_up=0 cache_take_fail_gate=0 recv_up_sum_abs=0.000000e+00 recv_up_max_abs=0.000000e+00 recv_up_zero=0 recv_gate_sum_abs=0.000000e+00 recv_gate_max_abs=0.000000e+00 recv_gate_zero=0 recv_down_sum_abs=0.000000e+00 recv_down_max_abs=0.000000e+00 recv_down_zero=0 recv_other_sum_abs=0.000000e+00 recv_other_max_abs=0.000000e+00 recv_other_zero=0 recv_ffn_sum_abs=0.000000e+00 recv_ffn_max_abs=0.000000e+00 recv_ffn_zero=0
SUCCEED (one forward pass done)"
selected,4c_high,4,all_0.2,all_0.2,4,"60,61,62,63","70,80,90,100",ok,,,,19.6234,22.7153,1.1575618903961595,,
