scenario,repeat,policy,detail,status,cpus,loads,decode_tok_s,generation_decode_ms,generated,steady_decode_ms,prefix_decode_ms,server_decode_ms,network_wait_ms,prefill_decode_ms,elapsed_s,client_log,server_log,output_tail
2c_balanced_mid,0,baseline_no_svd,"60,61",ok,"60,61","50,50",12.2569,2610.78,,,,,,103.163,3.893852710723877,,,"llama_context: graph splits = 1
attach_threadpool: call
threads: decode=2 batch=2
prompt tokens: 4
running one forward pass (llama_decode) ...
Top-5 next-token candidates:
  id=11 logit=21.0211 piece="",""
  id=3837 logit=19.3304 piece=""，""
  id=1052 logit=19.1368 piece="" there""
  id=304 logit=19.024 piece="" in""
  id=264 logit=18.1601 piece="" a""
Autoregressive generation:
Generated text: , there was a little girl named Lily. She lived in a small village with her family. One day, Lily's mom told her about a magical forest that
Decode-only throughput: 12.2569 tokens/s (32 tokens in 2.61078 s of llama_decode)
End-to-end throughput: 12.2093 tokens/s (32 tokens in 2.62096 s)
[decode-stage-profile] model_load=897.345 ms context_create=73.6543 ms tokenize=0.843864 ms prefill_decode=103.163 ms generation_decode=2610.78 ms generation_total=2620.96 ms program_total=3712.98 ms
[svd-local-op-profile] up_ops=0 gate_ops=0 down_ops=0 up_total=0.000 ms gate_total=0.000 ms down_total=0.000 ms up_v=0.000 ms gate_v=0.000 ms down_v=0.000 ms up_u=0.000 ms gate_u=0.000 ms down_u=0.000 ms
[svd-local-stage-profile] attention_total=26.949 ms ffn_total=1896.055 ms ffn_svd_total=0.000 ms ffn_svd_v=0.000 ms ffn_svd_u=0.000 ms
[svd-offload-zero-profile] up_finish=0 up_cache=0 up_no_request=0 gate_finish=0 gate_cache=0 gate_no_request=0 down_finish=0 down_cache=0 down_no_request=0 other_finish=0 other_cache=0 other_no_request=0
[svd-local-timeout-profile] up_keep=0 up_drop=0 up_wait=0.000 ms gate_keep=0 gate_drop=0 gate_wait=0.000 ms down_keep=0 down_drop=0 down_wait=0.000 ms other_keep=0 other_drop=0 other_wait=0.000 ms
[svd-offload-client] up_gate_req=0 down_req=0 other_mat_req=0 ffn_req=0 gate_cache_hits=0 gate_cache_checks=0 miss_invalid=0 miss_layer=0 miss_rank=0 miss_hash=0 miss_output=0 miss_data=0 send_up_gate=0.000 ms send_down=0.000 ms send_other=0.000 ms send_ffn=0.000 ms wait_up_gate=0.000 ms wait_down=0.000 ms wait_other=0.000 ms wait_ffn=0.000 ms
[svd-offload-client-stage-profile] rpc_send_total=0.000 ms rpc_wait_total=0.000 ms
[svd-offload-client-debug] finish_fail_up_gate=0 finish_fail_down=0 finish_fail_other=0 finish_fail_ffn=0 cache_take_fail_up=0 cache_take_fail_gate=0 recv_up_sum_abs=0.000000e+00 recv_up_max_abs=0.000000e+00 recv_up_zero=0 recv_gate_sum_abs=0.000000e+00 recv_gate_max_abs=0.000000e+00 recv_gate_zero=0 recv_down_sum_abs=0.000000e+00 recv_down_max_abs=0.000000e+00 recv_down_zero=0 recv_other_sum_abs=0.000000e+00 recv_other_max_abs=0.000000e+00 recv_other_zero=0 recv_ffn_sum_abs=0.000000e+00 recv_ffn_max_abs=0.000000e+00 recv_ffn_zero=0
SUCCEED (one forward pass done)"
2c_balanced_mid,0,major_only_no_svd,p=1;major=60,ok,"60,61","50,50",6.43223,4974.95,,,,,,168.009,6.405750513076782,,,"llama_context: graph splits = 1
attach_threadpool: call
threads: decode=1 batch=1
prompt tokens: 4
running one forward pass (llama_decode) ...
Top-5 next-token candidates:
  id=11 logit=21.0211 piece="",""
  id=3837 logit=19.3304 piece=""，""
  id=1052 logit=19.1368 piece="" there""
  id=304 logit=19.024 piece="" in""
  id=264 logit=18.1601 piece="" a""
Autoregressive generation:
Generated text: , there was a little girl named Lily. She lived in a small village with her family. One day, Lily's mom told her about a magical forest that
Decode-only throughput: 6.43223 tokens/s (32 tokens in 4.97495 s of llama_decode)
End-to-end throughput: 6.41866 tokens/s (32 tokens in 4.98546 s)
[decode-stage-profile] model_load=988.732 ms context_create=56.3547 ms tokenize=0.443125 ms prefill_decode=168.009 ms generation_decode=4974.95 ms generation_total=4985.46 ms program_total=6214.94 ms
[svd-local-op-profile] up_ops=0 gate_ops=0 down_ops=0 up_total=0.000 ms gate_total=0.000 ms down_total=0.000 ms up_v=0.000 ms gate_v=0.000 ms down_v=0.000 ms up_u=0.000 ms gate_u=0.000 ms down_u=0.000 ms
[svd-local-stage-profile] attention_total=44.805 ms ffn_total=3677.772 ms ffn_svd_total=0.000 ms ffn_svd_v=0.000 ms ffn_svd_u=0.000 ms
[svd-offload-zero-profile] up_finish=0 up_cache=0 up_no_request=0 gate_finish=0 gate_cache=0 gate_no_request=0 down_finish=0 down_cache=0 down_no_request=0 other_finish=0 other_cache=0 other_no_request=0
[svd-local-timeout-profile] up_keep=0 up_drop=0 up_wait=0.000 ms gate_keep=0 gate_drop=0 gate_wait=0.000 ms down_keep=0 down_drop=0 down_wait=0.000 ms other_keep=0 other_drop=0 other_wait=0.000 ms
[svd-offload-client] up_gate_req=0 down_req=0 other_mat_req=0 ffn_req=0 gate_cache_hits=0 gate_cache_checks=0 miss_invalid=0 miss_layer=0 miss_rank=0 miss_hash=0 miss_output=0 miss_data=0 send_up_gate=0.000 ms send_down=0.000 ms send_other=0.000 ms send_ffn=0.000 ms wait_up_gate=0.000 ms wait_down=0.000 ms wait_other=0.000 ms wait_ffn=0.000 ms
[svd-offload-client-stage-profile] rpc_send_total=0.000 ms rpc_wait_total=0.000 ms
[svd-offload-client-debug] finish_fail_up_gate=0 finish_fail_down=0 finish_fail_other=0 finish_fail_ffn=0 cache_take_fail_up=0 cache_take_fail_gate=0 recv_up_sum_abs=0.000000e+00 recv_up_max_abs=0.000000e+00 recv_up_zero=0 recv_gate_sum_abs=0.000000e+00 recv_gate_max_abs=0.000000e+00 recv_gate_zero=0 recv_down_sum_abs=0.000000e+00 recv_down_max_abs=0.000000e+00 recv_down_zero=0 recv_other_sum_abs=0.000000e+00 recv_other_max_abs=0.000000e+00 recv_other_zero=0 recv_ffn_sum_abs=0.000000e+00 recv_ffn_max_abs=0.000000e+00 recv_ffn_zero=0
SUCCEED (one forward pass done)"
2c_balanced_mid,0,edge_end_no_svd,"M=2;PC=[0,2);Phone=[2,28)",ok,"60,61","50,50",16.0285,62.3889,32,1996.44,411.94,1126.14,458.254,,4.093435287475586,2c_balanced_mid_r0_M2_client.log,2c_balanced_mid_r0_M2_server.log,
2c_balanced_mid,0,edge_end_no_svd,"M=4;PC=[0,4);Phone=[4,28)",ok,"60,61","50,50",15.3716,65.0548,32,2081.75,701.161,845.275,535.211,,3.6497879028320312,2c_balanced_mid_r0_M4_client.log,2c_balanced_mid_r0_M4_server.log,
2c_balanced_mid,0,edge_end_no_svd,"M=6;PC=[0,6);Phone=[6,28)",ok,"60,61","50,50",11.9859,83.4314,32,2669.8,1129.44,921.704,618.539,,4.397336959838867,2c_balanced_mid_r0_M6_client.log,2c_balanced_mid_r0_M6_server.log,
2c_balanced_mid,0,edge_end_no_svd,"M=8;PC=[0,8);Phone=[8,28)",ok,"60,61","50,50",10.0424,99.5774,32,3186.48,1772.4,772.833,641.118,,5.065496206283569,2c_balanced_mid_r0_M8_client.log,2c_balanced_mid_r0_M8_server.log,
2c_balanced_mid,0,edge_end_no_svd,"M=12;PC=[0,12);Phone=[12,28)",ok,"60,61","50,50",7.55077,132.437,32,4237.98,2605.66,886.423,745.749,,5.715998649597168,2c_balanced_mid_r0_M12_client.log,2c_balanced_mid_r0_M12_server.log,
2c_balanced_mid,0,edge_end_no_svd,"M=16;PC=[0,16);Phone=[16,28)",ok,"60,61","50,50",2.87515,347.808,32,11129.8,3588.15,2598.21,4943.22,,13.230819702148438,2c_balanced_mid_r0_M16_client.log,2c_balanced_mid_r0_M16_server.log,
2c_balanced_mid,0,edge_end_no_svd,"M=20;PC=[0,20);Phone=[20,28)",ok,"60,61","50,50",4.2357,236.089,32,7554.83,4843.23,970.828,1740.61,,10.656982183456421,2c_balanced_mid_r0_M20_client.log,2c_balanced_mid_r0_M20_server.log,
2c_balanced_mid,1,baseline_no_svd,"60,61",ok,"60,61","50,50",13.0378,2454.4,,,,,,119.571,3.7485814094543457,,,"llama_context: graph splits = 1
attach_threadpool: call
threads: decode=2 batch=2
prompt tokens: 4
running one forward pass (llama_decode) ...
Top-5 next-token candidates:
  id=11 logit=21.0211 piece="",""
  id=3837 logit=19.3304 piece=""，""
  id=1052 logit=19.1368 piece="" there""
  id=304 logit=19.024 piece="" in""
  id=264 logit=18.1601 piece="" a""
Autoregressive generation:
Generated text: , there was a little girl named Lily. She lived in a small village with her family. One day, Lily's mom told her about a magical forest that
Decode-only throughput: 13.0378 tokens/s (32 tokens in 2.4544 s of llama_decode)
End-to-end throughput: 12.9824 tokens/s (32 tokens in 2.46488 s)
[decode-stage-profile] model_load=881.004 ms context_create=65.7321 ms tokenize=0.525328 ms prefill_decode=119.571 ms generation_decode=2454.4 ms generation_total=2464.88 ms program_total=3547.97 ms
[svd-local-op-profile] up_ops=0 gate_ops=0 down_ops=0 up_total=0.000 ms gate_total=0.000 ms down_total=0.000 ms up_v=0.000 ms gate_v=0.000 ms down_v=0.000 ms up_u=0.000 ms gate_u=0.000 ms down_u=0.000 ms
[svd-local-stage-profile] attention_total=19.180 ms ffn_total=1805.289 ms ffn_svd_total=0.000 ms ffn_svd_v=0.000 ms ffn_svd_u=0.000 ms
[svd-offload-zero-profile] up_finish=0 up_cache=0 up_no_request=0 gate_finish=0 gate_cache=0 gate_no_request=0 down_finish=0 down_cache=0 down_no_request=0 other_finish=0 other_cache=0 other_no_request=0
[svd-local-timeout-profile] up_keep=0 up_drop=0 up_wait=0.000 ms gate_keep=0 gate_drop=0 gate_wait=0.000 ms down_keep=0 down_drop=0 down_wait=0.000 ms other_keep=0 other_drop=0 other_wait=0.000 ms
[svd-offload-client] up_gate_req=0 down_req=0 other_mat_req=0 ffn_req=0 gate_cache_hits=0 gate_cache_checks=0 miss_invalid=0 miss_layer=0 miss_rank=0 miss_hash=0 miss_output=0 miss_data=0 send_up_gate=0.000 ms send_down=0.000 ms send_other=0.000 ms send_ffn=0.000 ms wait_up_gate=0.000 ms wait_down=0.000 ms wait_other=0.000 ms wait_ffn=0.000 ms
[svd-offload-client-stage-profile] rpc_send_total=0.000 ms rpc_wait_total=0.000 ms
[svd-offload-client-debug] finish_fail_up_gate=0 finish_fail_down=0 finish_fail_other=0 finish_fail_ffn=0 cache_take_fail_up=0 cache_take_fail_gate=0 recv_up_sum_abs=0.000000e+00 recv_up_max_abs=0.000000e+00 recv_up_zero=0 recv_gate_sum_abs=0.000000e+00 recv_gate_max_abs=0.000000e+00 recv_gate_zero=0 recv_down_sum_abs=0.000000e+00 recv_down_max_abs=0.000000e+00 recv_down_zero=0 recv_other_sum_abs=0.000000e+00 recv_other_max_abs=0.000000e+00 recv_other_zero=0 recv_ffn_sum_abs=0.000000e+00 recv_ffn_max_abs=0.000000e+00 recv_ffn_zero=0
SUCCEED (one forward pass done)"
2c_balanced_mid,1,major_only_no_svd,p=1;major=60,ok,"60,61","50,50",6.65158,4810.88,,,,,,168.159,6.134824752807617,,,"llama_context: graph splits = 1
attach_threadpool: call
threads: decode=1 batch=1
prompt tokens: 4
running one forward pass (llama_decode) ...
Top-5 next-token candidates:
  id=11 logit=21.0211 piece="",""
  id=3837 logit=19.3304 piece=""，""
  id=1052 logit=19.1368 piece="" there""
  id=304 logit=19.024 piece="" in""
  id=264 logit=18.1601 piece="" a""
Autoregressive generation:
Generated text: , there was a little girl named Lily. She lived in a small village with her family. One day, Lily's mom told her about a magical forest that
Decode-only throughput: 6.65158 tokens/s (32 tokens in 4.81088 s of llama_decode)
End-to-end throughput: 6.63771 tokens/s (32 tokens in 4.82094 s)
[decode-stage-profile] model_load=904.731 ms context_create=57.9661 ms tokenize=0.444227 ms prefill_decode=168.159 ms generation_decode=4810.88 ms generation_total=4820.94 ms program_total=5968.13 ms
[svd-local-op-profile] up_ops=0 gate_ops=0 down_ops=0 up_total=0.000 ms gate_total=0.000 ms down_total=0.000 ms up_v=0.000 ms gate_v=0.000 ms down_v=0.000 ms up_u=0.000 ms gate_u=0.000 ms down_u=0.000 ms
[svd-local-stage-profile] attention_total=44.848 ms ffn_total=3569.676 ms ffn_svd_total=0.000 ms ffn_svd_v=0.000 ms ffn_svd_u=0.000 ms
[svd-offload-zero-profile] up_finish=0 up_cache=0 up_no_request=0 gate_finish=0 gate_cache=0 gate_no_request=0 down_finish=0 down_cache=0 down_no_request=0 other_finish=0 other_cache=0 other_no_request=0
[svd-local-timeout-profile] up_keep=0 up_drop=0 up_wait=0.000 ms gate_keep=0 gate_drop=0 gate_wait=0.000 ms down_keep=0 down_drop=0 down_wait=0.000 ms other_keep=0 other_drop=0 other_wait=0.000 ms
[svd-offload-client] up_gate_req=0 down_req=0 other_mat_req=0 ffn_req=0 gate_cache_hits=0 gate_cache_checks=0 miss_invalid=0 miss_layer=0 miss_rank=0 miss_hash=0 miss_output=0 miss_data=0 send_up_gate=0.000 ms send_down=0.000 ms send_other=0.000 ms send_ffn=0.000 ms wait_up_gate=0.000 ms wait_down=0.000 ms wait_other=0.000 ms wait_ffn=0.000 ms
[svd-offload-client-stage-profile] rpc_send_total=0.000 ms rpc_wait_total=0.000 ms
[svd-offload-client-debug] finish_fail_up_gate=0 finish_fail_down=0 finish_fail_other=0 finish_fail_ffn=0 cache_take_fail_up=0 cache_take_fail_gate=0 recv_up_sum_abs=0.000000e+00 recv_up_max_abs=0.000000e+00 recv_up_zero=0 recv_gate_sum_abs=0.000000e+00 recv_gate_max_abs=0.000000e+00 recv_gate_zero=0 recv_down_sum_abs=0.000000e+00 recv_down_max_abs=0.000000e+00 recv_down_zero=0 recv_other_sum_abs=0.000000e+00 recv_other_max_abs=0.000000e+00 recv_other_zero=0 recv_ffn_sum_abs=0.000000e+00 recv_ffn_max_abs=0.000000e+00 recv_ffn_zero=0
SUCCEED (one forward pass done)"
2c_balanced_mid,1,edge_end_no_svd,"M=2;PC=[0,2);Phone=[2,28)",ok,"60,61","50,50",18.7579,53.3108,32,1705.95,362.804,873.253,469.797,,3.147146224975586,2c_balanced_mid_r1_M2_client.log,2c_balanced_mid_r1_M2_server.log,
2c_balanced_mid,1,edge_end_no_svd,"M=4;PC=[0,4);Phone=[4,28)",ok,"60,61","50,50",12.0023,83.3172,32,2666.15,846.227,1185.17,634.637,,5.605999231338501,2c_balanced_mid_r1_M4_client.log,2c_balanced_mid_r1_M4_server.log,
2c_balanced_mid,1,edge_end_no_svd,"M=6;PC=[0,6);Phone=[6,28)",ok,"60,61","50,50",11.6417,85.8985,32,2748.75,1326.75,830.951,590.92,,4.601882457733154,2c_balanced_mid_r1_M6_client.log,2c_balanced_mid_r1_M6_server.log,
2c_balanced_mid,1,edge_end_no_svd,"M=8;PC=[0,8);Phone=[8,28)",ok,"60,61","50,50",10.0632,99.3722,32,3179.91,1647.66,762.396,769.73,,4.719012260437012,2c_balanced_mid_r1_M8_client.log,2c_balanced_mid_r1_M8_server.log,
2c_balanced_mid,1,edge_end_no_svd,"M=12;PC=[0,12);Phone=[12,28)",ok,"60,61","50,50",7.24092,138.104,32,4419.33,2836.03,852.487,730.641,,6.141732692718506,2c_balanced_mid_r1_M12_client.log,2c_balanced_mid_r1_M12_server.log,
2c_balanced_mid,1,edge_end_no_svd,"M=16;PC=[0,16);Phone=[16,28)",ok,"60,61","50,50",5.65905,176.708,32,5654.66,3882.92,925.602,845.977,,7.568647623062134,2c_balanced_mid_r1_M16_client.log,2c_balanced_mid_r1_M16_server.log,
2c_balanced_mid,1,edge_end_no_svd,"M=20;PC=[0,20);Phone=[20,28)",ok,"60,61","50,50",4.52981,220.76,32,7064.32,4375.39,1532.9,1155.88,,9.222005128860474,2c_balanced_mid_r1_M20_client.log,2c_balanced_mid_r1_M20_server.log,
2c_asym_low_high,0,baseline_no_svd,"60,61",ok,"60,61","20,80",11.8101,2709.55,,,,,,94.6117,4.038342237472534,,,"llama_context: graph splits = 1
attach_threadpool: call
threads: decode=2 batch=2
prompt tokens: 4
running one forward pass (llama_decode) ...
Top-5 next-token candidates:
  id=11 logit=21.0211 piece="",""
  id=3837 logit=19.3304 piece=""，""
  id=1052 logit=19.1368 piece="" there""
  id=304 logit=19.024 piece="" in""
  id=264 logit=18.1601 piece="" a""
Autoregressive generation:
Generated text: , there was a little girl named Lily. She lived in a small village with her family. One day, Lily's mom told her about a magical forest that
Decode-only throughput: 11.8101 tokens/s (32 tokens in 2.70955 s of llama_decode)
End-to-end throughput: 11.7649 tokens/s (32 tokens in 2.71995 s)
[decode-stage-profile] model_load=932.942 ms context_create=60.8826 ms tokenize=0.449608 ms prefill_decode=94.6117 ms generation_decode=2709.55 ms generation_total=2719.95 ms program_total=3825.04 ms
[svd-local-op-profile] up_ops=0 gate_ops=0 down_ops=0 up_total=0.000 ms gate_total=0.000 ms down_total=0.000 ms up_v=0.000 ms gate_v=0.000 ms down_v=0.000 ms up_u=0.000 ms gate_u=0.000 ms down_u=0.000 ms
[svd-local-stage-profile] attention_total=26.434 ms ffn_total=1986.582 ms ffn_svd_total=0.000 ms ffn_svd_v=0.000 ms ffn_svd_u=0.000 ms
[svd-offload-zero-profile] up_finish=0 up_cache=0 up_no_request=0 gate_finish=0 gate_cache=0 gate_no_request=0 down_finish=0 down_cache=0 down_no_request=0 other_finish=0 other_cache=0 other_no_request=0
[svd-local-timeout-profile] up_keep=0 up_drop=0 up_wait=0.000 ms gate_keep=0 gate_drop=0 gate_wait=0.000 ms down_keep=0 down_drop=0 down_wait=0.000 ms other_keep=0 other_drop=0 other_wait=0.000 ms
[svd-offload-client] up_gate_req=0 down_req=0 other_mat_req=0 ffn_req=0 gate_cache_hits=0 gate_cache_checks=0 miss_invalid=0 miss_layer=0 miss_rank=0 miss_hash=0 miss_output=0 miss_data=0 send_up_gate=0.000 ms send_down=0.000 ms send_other=0.000 ms send_ffn=0.000 ms wait_up_gate=0.000 ms wait_down=0.000 ms wait_other=0.000 ms wait_ffn=0.000 ms
[svd-offload-client-stage-profile] rpc_send_total=0.000 ms rpc_wait_total=0.000 ms
[svd-offload-client-debug] finish_fail_up_gate=0 finish_fail_down=0 finish_fail_other=0 finish_fail_ffn=0 cache_take_fail_up=0 cache_take_fail_gate=0 recv_up_sum_abs=0.000000e+00 recv_up_max_abs=0.000000e+00 recv_up_zero=0 recv_gate_sum_abs=0.000000e+00 recv_gate_max_abs=0.000000e+00 recv_gate_zero=0 recv_down_sum_abs=0.000000e+00 recv_down_max_abs=0.000000e+00 recv_down_zero=0 recv_other_sum_abs=0.000000e+00 recv_other_max_abs=0.000000e+00 recv_other_zero=0 recv_ffn_sum_abs=0.000000e+00 recv_ffn_max_abs=0.000000e+00 recv_ffn_zero=0
SUCCEED (one forward pass done)"
2c_asym_low_high,0,major_only_no_svd,p=1;major=60,ok,"60,61","20,80",6.31658,5066.03,,,,,,171.25,6.538874387741089,,,"llama_context: graph splits = 1
attach_threadpool: call
threads: decode=1 batch=1
prompt tokens: 4
running one forward pass (llama_decode) ...
Top-5 next-token candidates:
  id=11 logit=21.0211 piece="",""
  id=3837 logit=19.3304 piece=""，""
  id=1052 logit=19.1368 piece="" there""
  id=304 logit=19.024 piece="" in""
  id=264 logit=18.1601 piece="" a""
Autoregressive generation:
Generated text: , there was a little girl named Lily. She lived in a small village with her family. One day, Lily's mom told her about a magical forest that
Decode-only throughput: 6.31658 tokens/s (32 tokens in 5.06603 s of llama_decode)
End-to-end throughput: 6.30349 tokens/s (32 tokens in 5.07656 s)
[decode-stage-profile] model_load=1005.27 ms context_create=56.5383 ms tokenize=0.456041 ms prefill_decode=171.25 ms generation_decode=5066.03 ms generation_total=5076.56 ms program_total=6326.12 ms
[svd-local-op-profile] up_ops=0 gate_ops=0 down_ops=0 up_total=0.000 ms gate_total=0.000 ms down_total=0.000 ms up_v=0.000 ms gate_v=0.000 ms down_v=0.000 ms up_u=0.000 ms gate_u=0.000 ms down_u=0.000 ms
[svd-local-stage-profile] attention_total=42.493 ms ffn_total=3761.064 ms ffn_svd_total=0.000 ms ffn_svd_v=0.000 ms ffn_svd_u=0.000 ms
[svd-offload-zero-profile] up_finish=0 up_cache=0 up_no_request=0 gate_finish=0 gate_cache=0 gate_no_request=0 down_finish=0 down_cache=0 down_no_request=0 other_finish=0 other_cache=0 other_no_request=0
[svd-local-timeout-profile] up_keep=0 up_drop=0 up_wait=0.000 ms gate_keep=0 gate_drop=0 gate_wait=0.000 ms down_keep=0 down_drop=0 down_wait=0.000 ms other_keep=0 other_drop=0 other_wait=0.000 ms
[svd-offload-client] up_gate_req=0 down_req=0 other_mat_req=0 ffn_req=0 gate_cache_hits=0 gate_cache_checks=0 miss_invalid=0 miss_layer=0 miss_rank=0 miss_hash=0 miss_output=0 miss_data=0 send_up_gate=0.000 ms send_down=0.000 ms send_other=0.000 ms send_ffn=0.000 ms wait_up_gate=0.000 ms wait_down=0.000 ms wait_other=0.000 ms wait_ffn=0.000 ms
[svd-offload-client-stage-profile] rpc_send_total=0.000 ms rpc_wait_total=0.000 ms
[svd-offload-client-debug] finish_fail_up_gate=0 finish_fail_down=0 finish_fail_other=0 finish_fail_ffn=0 cache_take_fail_up=0 cache_take_fail_gate=0 recv_up_sum_abs=0.000000e+00 recv_up_max_abs=0.000000e+00 recv_up_zero=0 recv_gate_sum_abs=0.000000e+00 recv_gate_max_abs=0.000000e+00 recv_gate_zero=0 recv_down_sum_abs=0.000000e+00 recv_down_max_abs=0.000000e+00 recv_down_zero=0 recv_other_sum_abs=0.000000e+00 recv_other_max_abs=0.000000e+00 recv_other_zero=0 recv_ffn_sum_abs=0.000000e+00 recv_ffn_max_abs=0.000000e+00 recv_ffn_zero=0
SUCCEED (one forward pass done)"
2c_asym_low_high,0,edge_end_no_svd,"M=2;PC=[0,2);Phone=[2,28)",ok,"60,61","20,80",16.8567,59.3235,32,1898.35,491.522,947.599,459.1,,3.3063700199127197,2c_asym_low_high_r0_M2_client.log,2c_asym_low_high_r0_M2_server.log,
2c_asym_low_high,0,edge_end_no_svd,"M=4;PC=[0,4);Phone=[4,28)",ok,"60,61","20,80",14.0212,71.3207,32,2282.26,826.094,890.648,565.372,,3.8964436054229736,2c_asym_low_high_r0_M4_client.log,2c_asym_low_high_r0_M4_server.log,
2c_asym_low_high,0,edge_end_no_svd,"M=6;PC=[0,6);Phone=[6,28)",ok,"60,61","20,80",11.6873,85.5632,32,2738.02,1246.11,871.585,620.158,,4.541741609573364,2c_asym_low_high_r0_M6_client.log,2c_asym_low_high_r0_M6_server.log,
2c_asym_low_high,0,edge_end_no_svd,"M=8;PC=[0,8);Phone=[8,28)",ok,"60,61","20,80",9.57321,104.458,32,3342.66,1757.51,830.648,754.338,,4.737622499465942,2c_asym_low_high_r0_M8_client.log,2c_asym_low_high_r0_M8_server.log,
2c_asym_low_high,0,edge_end_no_svd,"M=12;PC=[0,12);Phone=[12,28)",ok,"60,61","20,80",7.99241,125.119,32,4003.8,2512.52,841.504,649.651,,5.651378154754639,2c_asym_low_high_r0_M12_client.log,2c_asym_low_high_r0_M12_server.log,
2c_asym_low_high,0,edge_end_no_svd,"M=16;PC=[0,16);Phone=[16,28)",ok,"60,61","20,80",6.01196,166.335,32,5322.72,3434.34,682.344,1205.88,,8.3494131565094,2c_asym_low_high_r0_M16_client.log,2c_asym_low_high_r0_M16_server.log,
2c_asym_low_high,0,edge_end_no_svd,"M=20;PC=[0,20);Phone=[20,28)",ok,"60,61","20,80",3.39113,294.887,32,9436.38,3988.4,729.435,4718.39,,11.03336238861084,2c_asym_low_high_r0_M20_client.log,2c_asym_low_high_r0_M20_server.log,
2c_asym_low_high,1,baseline_no_svd,"60,61",ok,"60,61","20,80",13.0779,2446.87,,,,,,90.4283,3.69140625,,,"llama_context: graph splits = 1
attach_threadpool: call
threads: decode=2 batch=2
prompt tokens: 4
running one forward pass (llama_decode) ...
Top-5 next-token candidates:
  id=11 logit=21.0211 piece="",""
  id=3837 logit=19.3304 piece=""，""
  id=1052 logit=19.1368 piece="" there""
  id=304 logit=19.024 piece="" in""
  id=264 logit=18.1601 piece="" a""
Autoregressive generation:
Generated text: , there was a little girl named Lily. She lived in a small village with her family. One day, Lily's mom told her about a magical forest that
Decode-only throughput: 13.0779 tokens/s (32 tokens in 2.44687 s of llama_decode)
End-to-end throughput: 13.0228 tokens/s (32 tokens in 2.45722 s)
[decode-stage-profile] model_load=879.334 ms context_create=59.2604 ms tokenize=0.445299 ms prefill_decode=90.4283 ms generation_decode=2446.87 ms generation_total=2457.22 ms program_total=3501.34 ms
[svd-local-op-profile] up_ops=0 gate_ops=0 down_ops=0 up_total=0.000 ms gate_total=0.000 ms down_total=0.000 ms up_v=0.000 ms gate_v=0.000 ms down_v=0.000 ms up_u=0.000 ms gate_u=0.000 ms down_u=0.000 ms
[svd-local-stage-profile] attention_total=18.444 ms ffn_total=1787.614 ms ffn_svd_total=0.000 ms ffn_svd_v=0.000 ms ffn_svd_u=0.000 ms
[svd-offload-zero-profile] up_finish=0 up_cache=0 up_no_request=0 gate_finish=0 gate_cache=0 gate_no_request=0 down_finish=0 down_cache=0 down_no_request=0 other_finish=0 other_cache=0 other_no_request=0
[svd-local-timeout-profile] up_keep=0 up_drop=0 up_wait=0.000 ms gate_keep=0 gate_drop=0 gate_wait=0.000 ms down_keep=0 down_drop=0 down_wait=0.000 ms other_keep=0 other_drop=0 other_wait=0.000 ms
[svd-offload-client] up_gate_req=0 down_req=0 other_mat_req=0 ffn_req=0 gate_cache_hits=0 gate_cache_checks=0 miss_invalid=0 miss_layer=0 miss_rank=0 miss_hash=0 miss_output=0 miss_data=0 send_up_gate=0.000 ms send_down=0.000 ms send_other=0.000 ms send_ffn=0.000 ms wait_up_gate=0.000 ms wait_down=0.000 ms wait_other=0.000 ms wait_ffn=0.000 ms
[svd-offload-client-stage-profile] rpc_send_total=0.000 ms rpc_wait_total=0.000 ms
[svd-offload-client-debug] finish_fail_up_gate=0 finish_fail_down=0 finish_fail_other=0 finish_fail_ffn=0 cache_take_fail_up=0 cache_take_fail_gate=0 recv_up_sum_abs=0.000000e+00 recv_up_max_abs=0.000000e+00 recv_up_zero=0 recv_gate_sum_abs=0.000000e+00 recv_gate_max_abs=0.000000e+00 recv_gate_zero=0 recv_down_sum_abs=0.000000e+00 recv_down_max_abs=0.000000e+00 recv_down_zero=0 recv_other_sum_abs=0.000000e+00 recv_other_max_abs=0.000000e+00 recv_other_zero=0 recv_ffn_sum_abs=0.000000e+00 recv_ffn_max_abs=0.000000e+00 recv_ffn_zero=0
SUCCEED (one forward pass done)"
2c_asym_low_high,1,major_only_no_svd,p=1;major=60,ok,"60,61","20,80",6.64615,4814.82,,,,,,175.144,6.141950607299805,,,"llama_context: graph splits = 1
attach_threadpool: call
threads: decode=1 batch=1
prompt tokens: 4
running one forward pass (llama_decode) ...
Top-5 next-token candidates:
  id=11 logit=21.0211 piece="",""
  id=3837 logit=19.3304 piece=""，""
  id=1052 logit=19.1368 piece="" there""
  id=304 logit=19.024 piece="" in""
  id=264 logit=18.1601 piece="" a""
Autoregressive generation:
Generated text: , there was a little girl named Lily. She lived in a small village with her family. One day, Lily's mom told her about a magical forest that
Decode-only throughput: 6.64615 tokens/s (32 tokens in 4.81482 s of llama_decode)
End-to-end throughput: 6.63154 tokens/s (32 tokens in 4.82543 s)
[decode-stage-profile] model_load=893.248 ms context_create=59.688 ms tokenize=0.456092 ms prefill_decode=175.144 ms generation_decode=4814.82 ms generation_total=4825.43 ms program_total=5968.95 ms
[svd-local-op-profile] up_ops=0 gate_ops=0 down_ops=0 up_total=0.000 ms gate_total=0.000 ms down_total=0.000 ms up_v=0.000 ms gate_v=0.000 ms down_v=0.000 ms up_u=0.000 ms gate_u=0.000 ms down_u=0.000 ms
[svd-local-stage-profile] attention_total=39.326 ms ffn_total=3558.366 ms ffn_svd_total=0.000 ms ffn_svd_v=0.000 ms ffn_svd_u=0.000 ms
[svd-offload-zero-profile] up_finish=0 up_cache=0 up_no_request=0 gate_finish=0 gate_cache=0 gate_no_request=0 down_finish=0 down_cache=0 down_no_request=0 other_finish=0 other_cache=0 other_no_request=0
[svd-local-timeout-profile] up_keep=0 up_drop=0 up_wait=0.000 ms gate_keep=0 gate_drop=0 gate_wait=0.000 ms down_keep=0 down_drop=0 down_wait=0.000 ms other_keep=0 other_drop=0 other_wait=0.000 ms
[svd-offload-client] up_gate_req=0 down_req=0 other_mat_req=0 ffn_req=0 gate_cache_hits=0 gate_cache_checks=0 miss_invalid=0 miss_layer=0 miss_rank=0 miss_hash=0 miss_output=0 miss_data=0 send_up_gate=0.000 ms send_down=0.000 ms send_other=0.000 ms send_ffn=0.000 ms wait_up_gate=0.000 ms wait_down=0.000 ms wait_other=0.000 ms wait_ffn=0.000 ms
[svd-offload-client-stage-profile] rpc_send_total=0.000 ms rpc_wait_total=0.000 ms
[svd-offload-client-debug] finish_fail_up_gate=0 finish_fail_down=0 finish_fail_other=0 finish_fail_ffn=0 cache_take_fail_up=0 cache_take_fail_gate=0 recv_up_sum_abs=0.000000e+00 recv_up_max_abs=0.000000e+00 recv_up_zero=0 recv_gate_sum_abs=0.000000e+00 recv_gate_max_abs=0.000000e+00 recv_gate_zero=0 recv_down_sum_abs=0.000000e+00 recv_down_max_abs=0.000000e+00 recv_down_zero=0 recv_other_sum_abs=0.000000e+00 recv_other_max_abs=0.000000e+00 recv_other_zero=0 recv_ffn_sum_abs=0.000000e+00 recv_ffn_max_abs=0.000000e+00 recv_ffn_zero=0
SUCCEED (one forward pass done)"
2c_asym_low_high,1,edge_end_no_svd,"M=2;PC=[0,2);Phone=[2,28)",ok,"60,61","20,80",14.2855,70.0012,32,2240.04,357.126,1379.64,503.155,,3.8362772464752197,2c_asym_low_high_r1_M2_client.log,2c_asym_low_high_r1_M2_server.log,
2c_asym_low_high,1,edge_end_no_svd,"M=4;PC=[0,4);Phone=[4,28)",ok,"60,61","20,80",15.1237,66.1213,32,2115.88,752.683,881.718,481.364,,3.6311166286468506,2c_asym_low_high_r1_M4_client.log,2c_asym_low_high_r1_M4_server.log,
2c_asym_low_high,1,edge_end_no_svd,"M=6;PC=[0,6);Phone=[6,28)",ok,"60,61","20,80",12.0514,82.9781,32,2655.3,1133.74,897.823,623.603,,4.336428165435791,2c_asym_low_high_r1_M6_client.log,2c_asym_low_high_r1_M6_server.log,
2c_asym_low_high,1,edge_end_no_svd,"M=8;PC=[0,8);Phone=[8,28)",ok,"60,61","20,80",7.2547,137.842,32,4410.93,1602.86,1348.68,1459.25,,6.2885730266571045,2c_asym_low_high_r1_M8_client.log,2c_asym_low_high_r1_M8_server.log,
2c_asym_low_high,1,edge_end_no_svd,"M=12;PC=[0,12);Phone=[12,28)",ok,"60,61","20,80",5.32969,187.628,32,6004.1,2567.63,1104.37,2331.89,,7.944829702377319,2c_asym_low_high_r1_M12_client.log,2c_asym_low_high_r1_M12_server.log,
2c_asym_low_high,1,edge_end_no_svd,"M=16;PC=[0,16);Phone=[16,28)",ok,"60,61","20,80",5.62057,177.918,32,5693.38,3349.32,1381.16,962.755,,7.321712255477905,2c_asym_low_high_r1_M16_client.log,2c_asym_low_high_r1_M16_server.log,
2c_asym_low_high,1,edge_end_no_svd,"M=20;PC=[0,20);Phone=[20,28)",ok,"60,61","20,80",4.9331,202.712,32,6486.79,4112.81,1014.07,1359.74,,8.441890954971313,2c_asym_low_high_r1_M20_client.log,2c_asym_low_high_r1_M20_server.log,
2c_idle_saturated,0,baseline_no_svd,"60,61",ok,"60,61","0,100",12.7422,2511.33,,,,,,101.269,4.049805402755737,,,"llama_context: graph splits = 1
attach_threadpool: call
threads: decode=2 batch=2
prompt tokens: 4
running one forward pass (llama_decode) ...
Top-5 next-token candidates:
  id=11 logit=21.0211 piece="",""
  id=3837 logit=19.3304 piece=""，""
  id=1052 logit=19.1368 piece="" there""
  id=304 logit=19.024 piece="" in""
  id=264 logit=18.1601 piece="" a""
Autoregressive generation:
Generated text: , there was a little girl named Lily. She lived in a small village with her family. One day, Lily's mom told her about a magical forest that
Decode-only throughput: 12.7422 tokens/s (32 tokens in 2.51133 s of llama_decode)
End-to-end throughput: 12.6881 tokens/s (32 tokens in 2.52206 s)
[decode-stage-profile] model_load=1142.2 ms context_create=68.3149 ms tokenize=0.900213 ms prefill_decode=101.269 ms generation_decode=2511.33 ms generation_total=2522.06 ms program_total=3850.56 ms
[svd-local-op-profile] up_ops=0 gate_ops=0 down_ops=0 up_total=0.000 ms gate_total=0.000 ms down_total=0.000 ms up_v=0.000 ms gate_v=0.000 ms down_v=0.000 ms up_u=0.000 ms gate_u=0.000 ms down_u=0.000 ms
[svd-local-stage-profile] attention_total=20.154 ms ffn_total=1824.303 ms ffn_svd_total=0.000 ms ffn_svd_v=0.000 ms ffn_svd_u=0.000 ms
[svd-offload-zero-profile] up_finish=0 up_cache=0 up_no_request=0 gate_finish=0 gate_cache=0 gate_no_request=0 down_finish=0 down_cache=0 down_no_request=0 other_finish=0 other_cache=0 other_no_request=0
[svd-local-timeout-profile] up_keep=0 up_drop=0 up_wait=0.000 ms gate_keep=0 gate_drop=0 gate_wait=0.000 ms down_keep=0 down_drop=0 down_wait=0.000 ms other_keep=0 other_drop=0 other_wait=0.000 ms
[svd-offload-client] up_gate_req=0 down_req=0 other_mat_req=0 ffn_req=0 gate_cache_hits=0 gate_cache_checks=0 miss_invalid=0 miss_layer=0 miss_rank=0 miss_hash=0 miss_output=0 miss_data=0 send_up_gate=0.000 ms send_down=0.000 ms send_other=0.000 ms send_ffn=0.000 ms wait_up_gate=0.000 ms wait_down=0.000 ms wait_other=0.000 ms wait_ffn=0.000 ms
[svd-offload-client-stage-profile] rpc_send_total=0.000 ms rpc_wait_total=0.000 ms
[svd-offload-client-debug] finish_fail_up_gate=0 finish_fail_down=0 finish_fail_other=0 finish_fail_ffn=0 cache_take_fail_up=0 cache_take_fail_gate=0 recv_up_sum_abs=0.000000e+00 recv_up_max_abs=0.000000e+00 recv_up_zero=0 recv_gate_sum_abs=0.000000e+00 recv_gate_max_abs=0.000000e+00 recv_gate_zero=0 recv_down_sum_abs=0.000000e+00 recv_down_max_abs=0.000000e+00 recv_down_zero=0 recv_other_sum_abs=0.000000e+00 recv_other_max_abs=0.000000e+00 recv_other_zero=0 recv_ffn_sum_abs=0.000000e+00 recv_ffn_max_abs=0.000000e+00 recv_ffn_zero=0
SUCCEED (one forward pass done)"
2c_idle_saturated,0,major_only_no_svd,p=1;major=60,ok,"60,61","0,100",6.61098,4840.43,,,,,,164.64,6.123131036758423,,,"llama_context: graph splits = 1
attach_threadpool: call
threads: decode=1 batch=1
prompt tokens: 4
running one forward pass (llama_decode) ...
Top-5 next-token candidates:
  id=11 logit=21.0211 piece="",""
  id=3837 logit=19.3304 piece=""，""
  id=1052 logit=19.1368 piece="" there""
  id=304 logit=19.024 piece="" in""
  id=264 logit=18.1601 piece="" a""
Autoregressive generation:
Generated text: , there was a little girl named Lily. She lived in a small village with her family. One day, Lily's mom told her about a magical forest that
Decode-only throughput: 6.61098 tokens/s (32 tokens in 4.84043 s of llama_decode)
End-to-end throughput: 6.59691 tokens/s (32 tokens in 4.85075 s)
[decode-stage-profile] model_load=872.028 ms context_create=60.7676 ms tokenize=0.445545 ms prefill_decode=164.64 ms generation_decode=4840.43 ms generation_total=4850.75 ms program_total=5963.66 ms
[svd-local-op-profile] up_ops=0 gate_ops=0 down_ops=0 up_total=0.000 ms gate_total=0.000 ms down_total=0.000 ms up_v=0.000 ms gate_v=0.000 ms down_v=0.000 ms up_u=0.000 ms gate_u=0.000 ms down_u=0.000 ms
[svd-local-stage-profile] attention_total=37.978 ms ffn_total=3564.268 ms ffn_svd_total=0.000 ms ffn_svd_v=0.000 ms ffn_svd_u=0.000 ms
[svd-offload-zero-profile] up_finish=0 up_cache=0 up_no_request=0 gate_finish=0 gate_cache=0 gate_no_request=0 down_finish=0 down_cache=0 down_no_request=0 other_finish=0 other_cache=0 other_no_request=0
[svd-local-timeout-profile] up_keep=0 up_drop=0 up_wait=0.000 ms gate_keep=0 gate_drop=0 gate_wait=0.000 ms down_keep=0 down_drop=0 down_wait=0.000 ms other_keep=0 other_drop=0 other_wait=0.000 ms
[svd-offload-client] up_gate_req=0 down_req=0 other_mat_req=0 ffn_req=0 gate_cache_hits=0 gate_cache_checks=0 miss_invalid=0 miss_layer=0 miss_rank=0 miss_hash=0 miss_output=0 miss_data=0 send_up_gate=0.000 ms send_down=0.000 ms send_other=0.000 ms send_ffn=0.000 ms wait_up_gate=0.000 ms wait_down=0.000 ms wait_other=0.000 ms wait_ffn=0.000 ms
[svd-offload-client-stage-profile] rpc_send_total=0.000 ms rpc_wait_total=0.000 ms
[svd-offload-client-debug] finish_fail_up_gate=0 finish_fail_down=0 finish_fail_other=0 finish_fail_ffn=0 cache_take_fail_up=0 cache_take_fail_gate=0 recv_up_sum_abs=0.000000e+00 recv_up_max_abs=0.000000e+00 recv_up_zero=0 recv_gate_sum_abs=0.000000e+00 recv_gate_max_abs=0.000000e+00 recv_gate_zero=0 recv_down_sum_abs=0.000000e+00 recv_down_max_abs=0.000000e+00 recv_down_zero=0 recv_other_sum_abs=0.000000e+00 recv_other_max_abs=0.000000e+00 recv_other_zero=0 recv_ffn_sum_abs=0.000000e+00 recv_ffn_max_abs=0.000000e+00 recv_ffn_zero=0
SUCCEED (one forward pass done)"
2c_idle_saturated,0,edge_end_no_svd,"M=2;PC=[0,2);Phone=[2,28)",ok,"60,61","0,100",13.6592,73.2106,32,2342.74,563.197,1326.36,453.007,,3.7749710083007812,2c_idle_saturated_r0_M2_client.log,2c_idle_saturated_r0_M2_server.log,
2c_idle_saturated,0,edge_end_no_svd,"M=4;PC=[0,4);Phone=[4,28)",ok,"60,61","0,100",15.0465,66.4609,32,2126.75,708.896,925.676,492.028,,3.4804270267486572,2c_idle_saturated_r0_M4_client.log,2c_idle_saturated_r0_M4_server.log,
2c_idle_saturated,0,edge_end_no_svd,"M=6;PC=[0,6);Phone=[6,28)",ok,"60,61","0,100",12.7905,78.1831,32,2501.86,1005.78,816.768,679.192,,4.175516128540039,2c_idle_saturated_r0_M6_client.log,2c_idle_saturated_r0_M6_server.log,
2c_idle_saturated,0,edge_end_no_svd,"M=8;PC=[0,8);Phone=[8,28)",ok,"60,61","0,100",11.3747,87.9142,32,2813.25,1362.84,841.967,608.314,,4.301107168197632,2c_idle_saturated_r0_M8_client.log,2c_idle_saturated_r0_M8_server.log,
2c_idle_saturated,0,edge_end_no_svd,"M=12;PC=[0,12);Phone=[12,28)",ok,"60,61","0,100",8.86595,112.791,32,3609.31,2182.42,834.344,592.418,,5.334230184555054,2c_idle_saturated_r0_M12_client.log,2c_idle_saturated_r0_M12_server.log,
2c_idle_saturated,0,edge_end_no_svd,"M=16;PC=[0,16);Phone=[16,28)",ok,"60,61","0,100",7.53981,132.629,32,4244.14,2959.7,632.835,651.464,,5.732661008834839,2c_idle_saturated_r0_M16_client.log,2c_idle_saturated_r0_M16_server.log,
2c_idle_saturated,0,edge_end_no_svd,"M=20;PC=[0,20);Phone=[20,28)",ok,"60,61","0,100",6.03029,165.829,32,5306.54,3756.99,862.605,686.781,,7.195003271102905,2c_idle_saturated_r0_M20_client.log,2c_idle_saturated_r0_M20_server.log,
2c_idle_saturated,1,baseline_no_svd,"60,61",ok,"60,61","0,100",12.8528,2489.74,,,,,,92.4624,3.848806381225586,,,"llama_context: graph splits = 1
attach_threadpool: call
threads: decode=2 batch=2
prompt tokens: 4
running one forward pass (llama_decode) ...
Top-5 next-token candidates:
  id=11 logit=21.0211 piece="",""
  id=3837 logit=19.3304 piece=""，""
  id=1052 logit=19.1368 piece="" there""
  id=304 logit=19.024 piece="" in""
  id=264 logit=18.1601 piece="" a""
Autoregressive generation:
Generated text: , there was a little girl named Lily. She lived in a small village with her family. One day, Lily's mom told her about a magical forest that
Decode-only throughput: 12.8528 tokens/s (32 tokens in 2.48974 s of llama_decode)
End-to-end throughput: 12.8006 tokens/s (32 tokens in 2.49989 s)
[decode-stage-profile] model_load=972.535 ms context_create=57.0442 ms tokenize=0.450818 ms prefill_decode=92.4624 ms generation_decode=2489.74 ms generation_total=2499.89 ms program_total=3638.8 ms
[svd-local-op-profile] up_ops=0 gate_ops=0 down_ops=0 up_total=0.000 ms gate_total=0.000 ms down_total=0.000 ms up_v=0.000 ms gate_v=0.000 ms down_v=0.000 ms up_u=0.000 ms gate_u=0.000 ms down_u=0.000 ms
[svd-local-stage-profile] attention_total=20.012 ms ffn_total=1811.370 ms ffn_svd_total=0.000 ms ffn_svd_v=0.000 ms ffn_svd_u=0.000 ms
[svd-offload-zero-profile] up_finish=0 up_cache=0 up_no_request=0 gate_finish=0 gate_cache=0 gate_no_request=0 down_finish=0 down_cache=0 down_no_request=0 other_finish=0 other_cache=0 other_no_request=0
[svd-local-timeout-profile] up_keep=0 up_drop=0 up_wait=0.000 ms gate_keep=0 gate_drop=0 gate_wait=0.000 ms down_keep=0 down_drop=0 down_wait=0.000 ms other_keep=0 other_drop=0 other_wait=0.000 ms
[svd-offload-client] up_gate_req=0 down_req=0 other_mat_req=0 ffn_req=0 gate_cache_hits=0 gate_cache_checks=0 miss_invalid=0 miss_layer=0 miss_rank=0 miss_hash=0 miss_output=0 miss_data=0 send_up_gate=0.000 ms send_down=0.000 ms send_other=0.000 ms send_ffn=0.000 ms wait_up_gate=0.000 ms wait_down=0.000 ms wait_other=0.000 ms wait_ffn=0.000 ms
[svd-offload-client-stage-profile] rpc_send_total=0.000 ms rpc_wait_total=0.000 ms
[svd-offload-client-debug] finish_fail_up_gate=0 finish_fail_down=0 finish_fail_other=0 finish_fail_ffn=0 cache_take_fail_up=0 cache_take_fail_gate=0 recv_up_sum_abs=0.000000e+00 recv_up_max_abs=0.000000e+00 recv_up_zero=0 recv_gate_sum_abs=0.000000e+00 recv_gate_max_abs=0.000000e+00 recv_gate_zero=0 recv_down_sum_abs=0.000000e+00 recv_down_max_abs=0.000000e+00 recv_down_zero=0 recv_other_sum_abs=0.000000e+00 recv_other_max_abs=0.000000e+00 recv_other_zero=0 recv_ffn_sum_abs=0.000000e+00 recv_ffn_max_abs=0.000000e+00 recv_ffn_zero=0
SUCCEED (one forward pass done)"
2c_idle_saturated,1,major_only_no_svd,p=1;major=60,ok,"60,61","0,100",6.37469,5019.85,,,,,,187.9,6.394296407699585,,,"llama_context: graph splits = 1
attach_threadpool: call
threads: decode=1 batch=1
prompt tokens: 4
running one forward pass (llama_decode) ...
Top-5 next-token candidates:
  id=11 logit=21.0211 piece="",""
  id=3837 logit=19.3304 piece=""，""
  id=1052 logit=19.1368 piece="" there""
  id=304 logit=19.024 piece="" in""
  id=264 logit=18.1601 piece="" a""
Autoregressive generation:
Generated text: , there was a little girl named Lily. She lived in a small village with her family. One day, Lily's mom told her about a magical forest that
Decode-only throughput: 6.37469 tokens/s (32 tokens in 5.01985 s of llama_decode)
End-to-end throughput: 6.36177 tokens/s (32 tokens in 5.03005 s)
[decode-stage-profile] model_load=900.353 ms context_create=70.3952 ms tokenize=0.922496 ms prefill_decode=187.9 ms generation_decode=5019.85 ms generation_total=5030.05 ms program_total=6206.54 ms
[svd-local-op-profile] up_ops=0 gate_ops=0 down_ops=0 up_total=0.000 ms gate_total=0.000 ms down_total=0.000 ms up_v=0.000 ms gate_v=0.000 ms down_v=0.000 ms up_u=0.000 ms gate_u=0.000 ms down_u=0.000 ms
[svd-local-stage-profile] attention_total=43.621 ms ffn_total=3751.358 ms ffn_svd_total=0.000 ms ffn_svd_v=0.000 ms ffn_svd_u=0.000 ms
[svd-offload-zero-profile] up_finish=0 up_cache=0 up_no_request=0 gate_finish=0 gate_cache=0 gate_no_request=0 down_finish=0 down_cache=0 down_no_request=0 other_finish=0 other_cache=0 other_no_request=0
[svd-local-timeout-profile] up_keep=0 up_drop=0 up_wait=0.000 ms gate_keep=0 gate_drop=0 gate_wait=0.000 ms down_keep=0 down_drop=0 down_wait=0.000 ms other_keep=0 other_drop=0 other_wait=0.000 ms
[svd-offload-client] up_gate_req=0 down_req=0 other_mat_req=0 ffn_req=0 gate_cache_hits=0 gate_cache_checks=0 miss_invalid=0 miss_layer=0 miss_rank=0 miss_hash=0 miss_output=0 miss_data=0 send_up_gate=0.000 ms send_down=0.000 ms send_other=0.000 ms send_ffn=0.000 ms wait_up_gate=0.000 ms wait_down=0.000 ms wait_other=0.000 ms wait_ffn=0.000 ms
[svd-offload-client-stage-profile] rpc_send_total=0.000 ms rpc_wait_total=0.000 ms
[svd-offload-client-debug] finish_fail_up_gate=0 finish_fail_down=0 finish_fail_other=0 finish_fail_ffn=0 cache_take_fail_up=0 cache_take_fail_gate=0 recv_up_sum_abs=0.000000e+00 recv_up_max_abs=0.000000e+00 recv_up_zero=0 recv_gate_sum_abs=0.000000e+00 recv_gate_max_abs=0.000000e+00 recv_gate_zero=0 recv_down_sum_abs=0.000000e+00 recv_down_max_abs=0.000000e+00 recv_down_zero=0 recv_other_sum_abs=0.000000e+00 recv_other_max_abs=0.000000e+00 recv_other_zero=0 recv_ffn_sum_abs=0.000000e+00 recv_ffn_max_abs=0.000000e+00 recv_ffn_zero=0
SUCCEED (one forward pass done)"
2c_idle_saturated,1,edge_end_no_svd,"M=2;PC=[0,2);Phone=[2,28)",ok,"60,61","0,100",16.6131,60.1934,32,1926.19,466.443,1026.3,433.15,,3.416897773742676,2c_idle_saturated_r1_M2_client.log,2c_idle_saturated_r1_M2_server.log,
2c_idle_saturated,1,edge_end_no_svd,"M=4;PC=[0,4);Phone=[4,28)",ok,"60,61","0,100",13.0712,76.504,32,2448.13,807.982,919.352,720.67,,4.0439674854278564,2c_idle_saturated_r1_M4_client.log,2c_idle_saturated_r1_M4_server.log,
2c_idle_saturated,1,edge_end_no_svd,"M=6;PC=[0,6);Phone=[6,28)",ok,"60,61","0,100",12.7706,78.3047,32,2505.75,1135.1,824.864,545.643,,3.94930362701416,2c_idle_saturated_r1_M6_client.log,2c_idle_saturated_r1_M6_server.log,
2c_idle_saturated,1,edge_end_no_svd,"M=8;PC=[0,8);Phone=[8,28)",ok,"60,61","0,100",10.2817,97.2603,32,3112.33,1589.8,797.642,724.734,,4.5463480949401855,2c_idle_saturated_r1_M8_client.log,2c_idle_saturated_r1_M8_server.log,
2c_idle_saturated,1,edge_end_no_svd,"M=12;PC=[0,12);Phone=[12,28)",ok,"60,61","0,100",8.57155,116.665,32,3733.28,2396.05,883.922,453.149,,5.227945566177368,2c_idle_saturated_r1_M12_client.log,2c_idle_saturated_r1_M12_server.log,
2c_idle_saturated,1,edge_end_no_svd,"M=16;PC=[0,16);Phone=[16,28)",ok,"60,61","0,100",5.95376,167.961,32,5374.76,3156.25,1285.57,932.779,,6.755090713500977,2c_idle_saturated_r1_M16_client.log,2c_idle_saturated_r1_M16_server.log,
2c_idle_saturated,1,edge_end_no_svd,"M=20;PC=[0,20);Phone=[20,28)",ok,"60,61","0,100",5.76031,173.602,32,5555.26,3597.01,866.432,1091.68,,7.025481700897217,2c_idle_saturated_r1_M20_client.log,2c_idle_saturated_r1_M20_server.log,
2c_high,0,baseline_no_svd,"60,61",ok,"60,61","80,100",12.9913,2463.2,,,,,,90.8214,3.7354989051818848,,,"llama_context: graph splits = 1
attach_threadpool: call
threads: decode=2 batch=2
prompt tokens: 4
running one forward pass (llama_decode) ...
Top-5 next-token candidates:
  id=11 logit=21.0211 piece="",""
  id=3837 logit=19.3304 piece=""，""
  id=1052 logit=19.1368 piece="" there""
  id=304 logit=19.024 piece="" in""
  id=264 logit=18.1601 piece="" a""
Autoregressive generation:
Generated text: , there was a little girl named Lily. She lived in a small village with her family. One day, Lily's mom told her about a magical forest that
Decode-only throughput: 12.9913 tokens/s (32 tokens in 2.4632 s of llama_decode)
End-to-end throughput: 12.9354 tokens/s (32 tokens in 2.47384 s)
[decode-stage-profile] model_load=906.579 ms context_create=57.0274 ms tokenize=0.472841 ms prefill_decode=90.8214 ms generation_decode=2463.2 ms generation_total=2473.84 ms program_total=3548.31 ms
[svd-local-op-profile] up_ops=0 gate_ops=0 down_ops=0 up_total=0.000 ms gate_total=0.000 ms down_total=0.000 ms up_v=0.000 ms gate_v=0.000 ms down_v=0.000 ms up_u=0.000 ms gate_u=0.000 ms down_u=0.000 ms
[svd-local-stage-profile] attention_total=25.214 ms ffn_total=1765.753 ms ffn_svd_total=0.000 ms ffn_svd_v=0.000 ms ffn_svd_u=0.000 ms
[svd-offload-zero-profile] up_finish=0 up_cache=0 up_no_request=0 gate_finish=0 gate_cache=0 gate_no_request=0 down_finish=0 down_cache=0 down_no_request=0 other_finish=0 other_cache=0 other_no_request=0
[svd-local-timeout-profile] up_keep=0 up_drop=0 up_wait=0.000 ms gate_keep=0 gate_drop=0 gate_wait=0.000 ms down_keep=0 down_drop=0 down_wait=0.000 ms other_keep=0 other_drop=0 other_wait=0.000 ms
[svd-offload-client] up_gate_req=0 down_req=0 other_mat_req=0 ffn_req=0 gate_cache_hits=0 gate_cache_checks=0 miss_invalid=0 miss_layer=0 miss_rank=0 miss_hash=0 miss_output=0 miss_data=0 send_up_gate=0.000 ms send_down=0.000 ms send_other=0.000 ms send_ffn=0.000 ms wait_up_gate=0.000 ms wait_down=0.000 ms wait_other=0.000 ms wait_ffn=0.000 ms
[svd-offload-client-stage-profile] rpc_send_total=0.000 ms rpc_wait_total=0.000 ms
[svd-offload-client-debug] finish_fail_up_gate=0 finish_fail_down=0 finish_fail_other=0 finish_fail_ffn=0 cache_take_fail_up=0 cache_take_fail_gate=0 recv_up_sum_abs=0.000000e+00 recv_up_max_abs=0.000000e+00 recv_up_zero=0 recv_gate_sum_abs=0.000000e+00 recv_gate_max_abs=0.000000e+00 recv_gate_zero=0 recv_down_sum_abs=0.000000e+00 recv_down_max_abs=0.000000e+00 recv_down_zero=0 recv_other_sum_abs=0.000000e+00 recv_other_max_abs=0.000000e+00 recv_other_zero=0 recv_ffn_sum_abs=0.000000e+00 recv_ffn_max_abs=0.000000e+00 recv_ffn_zero=0
SUCCEED (one forward pass done)"
2c_high,0,major_only_no_svd,p=1;major=60,ok,"60,61","80,100",6.65522,4808.26,,,,,,172.0,6.161223411560059,,,"llama_context: graph splits = 1
attach_threadpool: call
threads: decode=1 batch=1
prompt tokens: 4
running one forward pass (llama_decode) ...
Top-5 next-token candidates:
  id=11 logit=21.0211 piece="",""
  id=3837 logit=19.3304 piece=""，""
  id=1052 logit=19.1368 piece="" there""
  id=304 logit=19.024 piece="" in""
  id=264 logit=18.1601 piece="" a""
Autoregressive generation:
Generated text: , there was a little girl named Lily. She lived in a small village with her family. One day, Lily's mom told her about a magical forest that
Decode-only throughput: 6.65522 tokens/s (32 tokens in 4.80826 s of llama_decode)
End-to-end throughput: 6.63528 tokens/s (32 tokens in 4.82271 s)
[decode-stage-profile] model_load=899.65 ms context_create=56.9739 ms tokenize=0.447545 ms prefill_decode=172 ms generation_decode=4808.26 ms generation_total=4822.71 ms program_total=5967.42 ms
[svd-local-op-profile] up_ops=0 gate_ops=0 down_ops=0 up_total=0.000 ms gate_total=0.000 ms down_total=0.000 ms up_v=0.000 ms gate_v=0.000 ms down_v=0.000 ms up_u=0.000 ms gate_u=0.000 ms down_u=0.000 ms
[svd-local-stage-profile] attention_total=51.787 ms ffn_total=3535.674 ms ffn_svd_total=0.000 ms ffn_svd_v=0.000 ms ffn_svd_u=0.000 ms
[svd-offload-zero-profile] up_finish=0 up_cache=0 up_no_request=0 gate_finish=0 gate_cache=0 gate_no_request=0 down_finish=0 down_cache=0 down_no_request=0 other_finish=0 other_cache=0 other_no_request=0
[svd-local-timeout-profile] up_keep=0 up_drop=0 up_wait=0.000 ms gate_keep=0 gate_drop=0 gate_wait=0.000 ms down_keep=0 down_drop=0 down_wait=0.000 ms other_keep=0 other_drop=0 other_wait=0.000 ms
[svd-offload-client] up_gate_req=0 down_req=0 other_mat_req=0 ffn_req=0 gate_cache_hits=0 gate_cache_checks=0 miss_invalid=0 miss_layer=0 miss_rank=0 miss_hash=0 miss_output=0 miss_data=0 send_up_gate=0.000 ms send_down=0.000 ms send_other=0.000 ms send_ffn=0.000 ms wait_up_gate=0.000 ms wait_down=0.000 ms wait_other=0.000 ms wait_ffn=0.000 ms
[svd-offload-client-stage-profile] rpc_send_total=0.000 ms rpc_wait_total=0.000 ms
[svd-offload-client-debug] finish_fail_up_gate=0 finish_fail_down=0 finish_fail_other=0 finish_fail_ffn=0 cache_take_fail_up=0 cache_take_fail_gate=0 recv_up_sum_abs=0.000000e+00 recv_up_max_abs=0.000000e+00 recv_up_zero=0 recv_gate_sum_abs=0.000000e+00 recv_gate_max_abs=0.000000e+00 recv_gate_zero=0 recv_down_sum_abs=0.000000e+00 recv_down_max_abs=0.000000e+00 recv_down_zero=0 recv_other_sum_abs=0.000000e+00 recv_other_max_abs=0.000000e+00 recv_other_zero=0 recv_ffn_sum_abs=0.000000e+00 recv_ffn_max_abs=0.000000e+00 recv_ffn_zero=0
SUCCEED (one forward pass done)"
2c_high,0,edge_end_no_svd,"M=2;PC=[0,2);Phone=[2,28)",ok,"60,61","80,100",14.811,67.5173,32,2160.55,501.689,1081.29,577.482,,5.1140828132629395,2c_high_r0_M2_client.log,2c_high_r0_M2_server.log,
2c_high,0,edge_end_no_svd,"M=4;PC=[0,4);Phone=[4,28)",ok,"60,61","80,100",11.5375,86.6736,32,2773.55,1053.27,980.069,740.112,,5.771111488342285,2c_high_r0_M4_client.log,2c_high_r0_M4_server.log,
2c_high,0,edge_end_no_svd,"M=6;PC=[0,6);Phone=[6,28)",ok,"60,61","80,100",9.89962,101.014,32,3232.45,1567.69,890.716,773.927,,6.268484830856323,2c_high_r0_M6_client.log,2c_high_r0_M6_server.log,
2c_high,0,edge_end_no_svd,"M=8;PC=[0,8);Phone=[8,28)",ok,"60,61","80,100",7.53142,132.777,32,4248.87,2200.1,1178.85,869.81,,7.70933723449707,2c_high_r0_M8_client.log,2c_high_r0_M8_server.log,
2c_high,0,edge_end_no_svd,"M=12;PC=[0,12);Phone=[12,28)",ok,"60,61","80,100",3.65843,273.341,32,8746.93,3576.66,2734.51,2435.62,,12.280059337615967,2c_high_r0_M12_client.log,2c_high_r0_M12_server.log,
2c_high,0,edge_end_no_svd,"M=16;PC=[0,16);Phone=[16,28)",ok,"60,61","80,100",2.56247,390.249,32,12488.0,5160.45,916.728,6410.55,,15.464980602264404,2c_high_r0_M16_client.log,2c_high_r0_M16_server.log,
2c_high,0,edge_end_no_svd,"M=20;PC=[0,20);Phone=[20,28)",ok,"60,61","80,100",2.13098,469.269,32,15016.6,6705.2,1114.86,7196.37,,18.35183334350586,2c_high_r0_M20_client.log,2c_high_r0_M20_server.log,
2c_high,1,baseline_no_svd,"60,61",ok,"60,61","80,100",12.1123,2641.94,,,,,,103.059,4.04748272895813,,,"llama_context: graph splits = 1
attach_threadpool: call
threads: decode=2 batch=2
prompt tokens: 4
running one forward pass (llama_decode) ...
Top-5 next-token candidates:
  id=11 logit=21.0211 piece="",""
  id=3837 logit=19.3304 piece=""，""
  id=1052 logit=19.1368 piece="" there""
  id=304 logit=19.024 piece="" in""
  id=264 logit=18.1601 piece="" a""
Autoregressive generation:
Generated text: , there was a little girl named Lily. She lived in a small village with her family. One day, Lily's mom told her about a magical forest that
Decode-only throughput: 12.1123 tokens/s (32 tokens in 2.64194 s of llama_decode)
End-to-end throughput: 12.0658 tokens/s (32 tokens in 2.65213 s)
[decode-stage-profile] model_load=936.698 ms context_create=74.5756 ms tokenize=0.870841 ms prefill_decode=103.059 ms generation_decode=2641.94 ms generation_total=2652.13 ms program_total=3783.56 ms
[svd-local-op-profile] up_ops=0 gate_ops=0 down_ops=0 up_total=0.000 ms gate_total=0.000 ms down_total=0.000 ms up_v=0.000 ms gate_v=0.000 ms down_v=0.000 ms up_u=0.000 ms gate_u=0.000 ms down_u=0.000 ms
[svd-local-stage-profile] attention_total=21.579 ms ffn_total=1895.367 ms ffn_svd_total=0.000 ms ffn_svd_v=0.000 ms ffn_svd_u=0.000 ms
[svd-offload-zero-profile] up_finish=0 up_cache=0 up_no_request=0 gate_finish=0 gate_cache=0 gate_no_request=0 down_finish=0 down_cache=0 down_no_request=0 other_finish=0 other_cache=0 other_no_request=0
[svd-local-timeout-profile] up_keep=0 up_drop=0 up_wait=0.000 ms gate_keep=0 gate_drop=0 gate_wait=0.000 ms down_keep=0 down_drop=0 down_wait=0.000 ms other_keep=0 other_drop=0 other_wait=0.000 ms
[svd-offload-client] up_gate_req=0 down_req=0 other_mat_req=0 ffn_req=0 gate_cache_hits=0 gate_cache_checks=0 miss_invalid=0 miss_layer=0 miss_rank=0 miss_hash=0 miss_output=0 miss_data=0 send_up_gate=0.000 ms send_down=0.000 ms send_other=0.000 ms send_ffn=0.000 ms wait_up_gate=0.000 ms wait_down=0.000 ms wait_other=0.000 ms wait_ffn=0.000 ms
[svd-offload-client-stage-profile] rpc_send_total=0.000 ms rpc_wait_total=0.000 ms
[svd-offload-client-debug] finish_fail_up_gate=0 finish_fail_down=0 finish_fail_other=0 finish_fail_ffn=0 cache_take_fail_up=0 cache_take_fail_gate=0 recv_up_sum_abs=0.000000e+00 recv_up_max_abs=0.000000e+00 recv_up_zero=0 recv_gate_sum_abs=0.000000e+00 recv_gate_max_abs=0.000000e+00 recv_gate_zero=0 recv_down_sum_abs=0.000000e+00 recv_down_max_abs=0.000000e+00 recv_down_zero=0 recv_other_sum_abs=0.000000e+00 recv_other_max_abs=0.000000e+00 recv_other_zero=0 recv_ffn_sum_abs=0.000000e+00 recv_ffn_max_abs=0.000000e+00 recv_ffn_zero=0
SUCCEED (one forward pass done)"
2c_high,1,major_only_no_svd,p=1;major=60,ok,"60,61","80,100",6.06288,5278.02,,,,,,182.628,6.789764881134033,,,"llama_context: graph splits = 1
attach_threadpool: call
threads: decode=1 batch=1
prompt tokens: 4
running one forward pass (llama_decode) ...
Top-5 next-token candidates:
  id=11 logit=21.0211 piece="",""
  id=3837 logit=19.3304 piece=""，""
  id=1052 logit=19.1368 piece="" there""
  id=304 logit=19.024 piece="" in""
  id=264 logit=18.1601 piece="" a""
Autoregressive generation:
Generated text: , there was a little girl named Lily. She lived in a small village with her family. One day, Lily's mom told her about a magical forest that
Decode-only throughput: 6.06288 tokens/s (32 tokens in 5.27802 s of llama_decode)
End-to-end throughput: 6.05117 tokens/s (32 tokens in 5.28823 s)
[decode-stage-profile] model_load=989.969 ms context_create=68.0515 ms tokenize=0.874915 ms prefill_decode=182.628 ms generation_decode=5278.02 ms generation_total=5288.23 ms program_total=6548.64 ms
[svd-local-op-profile] up_ops=0 gate_ops=0 down_ops=0 up_total=0.000 ms gate_total=0.000 ms down_total=0.000 ms up_v=0.000 ms gate_v=0.000 ms down_v=0.000 ms up_u=0.000 ms gate_u=0.000 ms down_u=0.000 ms
[svd-local-stage-profile] attention_total=47.016 ms ffn_total=3860.485 ms ffn_svd_total=0.000 ms ffn_svd_v=0.000 ms ffn_svd_u=0.000 ms
[svd-offload-zero-profile] up_finish=0 up_cache=0 up_no_request=0 gate_finish=0 gate_cache=0 gate_no_request=0 down_finish=0 down_cache=0 down_no_request=0 other_finish=0 other_cache=0 other_no_request=0
[svd-local-timeout-profile] up_keep=0 up_drop=0 up_wait=0.000 ms gate_keep=0 gate_drop=0 gate_wait=0.000 ms down_keep=0 down_drop=0 down_wait=0.000 ms other_keep=0 other_drop=0 other_wait=0.000 ms
[svd-offload-client] up_gate_req=0 down_req=0 other_mat_req=0 ffn_req=0 gate_cache_hits=0 gate_cache_checks=0 miss_invalid=0 miss_layer=0 miss_rank=0 miss_hash=0 miss_output=0 miss_data=0 send_up_gate=0.000 ms send_down=0.000 ms send_other=0.000 ms send_ffn=0.000 ms wait_up_gate=0.000 ms wait_down=0.000 ms wait_other=0.000 ms wait_ffn=0.000 ms
[svd-offload-client-stage-profile] rpc_send_total=0.000 ms rpc_wait_total=0.000 ms
[svd-offload-client-debug] finish_fail_up_gate=0 finish_fail_down=0 finish_fail_other=0 finish_fail_ffn=0 cache_take_fail_up=0 cache_take_fail_gate=0 recv_up_sum_abs=0.000000e+00 recv_up_max_abs=0.000000e+00 recv_up_zero=0 recv_gate_sum_abs=0.000000e+00 recv_gate_max_abs=0.000000e+00 recv_gate_zero=0 recv_down_sum_abs=0.000000e+00 recv_down_max_abs=0.000000e+00 recv_down_zero=0 recv_other_sum_abs=0.000000e+00 recv_other_max_abs=0.000000e+00 recv_other_zero=0 recv_ffn_sum_abs=0.000000e+00 recv_ffn_max_abs=0.000000e+00 recv_ffn_zero=0
SUCCEED (one forward pass done)"
2c_high,1,edge_end_no_svd,"M=2;PC=[0,2);Phone=[2,28)",ok,"60,61","80,100",15.5632,64.2542,32,2056.13,574.084,1015.1,466.845,,4.99622106552124,2c_high_r1_M2_client.log,2c_high_r1_M2_server.log,
2c_high,1,edge_end_no_svd,"M=4;PC=[0,4);Phone=[4,28)",ok,"60,61","80,100",10.9207,91.5688,32,2930.2,1237.4,1021.4,671.285,,8.302111625671387,2c_high_r1_M4_client.log,2c_high_r1_M4_server.log,
2c_high,1,edge_end_no_svd,"M=6;PC=[0,6);Phone=[6,28)",ok,"60,61","80,100",8.12501,123.077,32,3938.46,1952.97,1203.42,781.936,,8.234086275100708,2c_high_r1_M6_client.log,2c_high_r1_M6_server.log,
2c_high,1,edge_end_no_svd,"M=8;PC=[0,8);Phone=[8,28)",ok,"60,61","80,100",7.11472,140.554,32,4497.72,2649.51,892.711,955.364,,9.32603931427002,2c_high_r1_M8_client.log,2c_high_r1_M8_server.log,
2c_high,1,edge_end_no_svd,"M=12;PC=[0,12);Phone=[12,28)",ok,"60,61","80,100",2.49535,400.745,32,12823.9,4217.71,1556.02,7049.95,,16.859362602233887,2c_high_r1_M12_client.log,2c_high_r1_M12_server.log,
2c_high,1,edge_end_no_svd,"M=16;PC=[0,16);Phone=[16,28)",ok,"60,61","80,100",2.13831,467.66,32,14965.1,5695.91,1056.31,8212.7,,19.524106979370117,2c_high_r1_M16_client.log,2c_high_r1_M16_server.log,
2c_high,1,edge_end_no_svd,"M=20;PC=[0,20);Phone=[20,28)",ok,"60,61","80,100",2.00616,498.464,32,15950.8,7077.96,853.701,8018.96,,19.66403818130493,2c_high_r1_M20_client.log,2c_high_r1_M20_server.log,
4c_balanced_high,0,baseline_no_svd,"60,61,62,63",ok,"60,61,62,63","20,40,60,80",20.2622,1579.29,,,,,,86.9166,3.133512496948242,,,"llama_context: graph splits = 1
attach_threadpool: call
threads: decode=4 batch=4
prompt tokens: 4
running one forward pass (llama_decode) ...
Top-5 next-token candidates:
  id=11 logit=21.0211 piece="",""
  id=3837 logit=19.3304 piece=""，""
  id=1052 logit=19.1368 piece="" there""
  id=304 logit=19.024 piece="" in""
  id=264 logit=18.1601 piece="" a""
Autoregressive generation:
Generated text: , there was a little girl named Lily. She lived in a small village with her family. One day, Lily's mom told her about a magical forest that
Decode-only throughput: 20.2622 tokens/s (32 tokens in 1.57929 s of llama_decode)
End-to-end throughput: 20.1279 tokens/s (32 tokens in 1.58983 s)
[decode-stage-profile] model_load=1100.47 ms context_create=69.3704 ms tokenize=0.893172 ms prefill_decode=86.9166 ms generation_decode=1579.29 ms generation_total=1589.83 ms program_total=2864.36 ms
[svd-local-op-profile] up_ops=0 gate_ops=0 down_ops=0 up_total=0.000 ms gate_total=0.000 ms down_total=0.000 ms up_v=0.000 ms gate_v=0.000 ms down_v=0.000 ms up_u=0.000 ms gate_u=0.000 ms down_u=0.000 ms
[svd-local-stage-profile] attention_total=22.446 ms ffn_total=1125.435 ms ffn_svd_total=0.000 ms ffn_svd_v=0.000 ms ffn_svd_u=0.000 ms
[svd-offload-zero-profile] up_finish=0 up_cache=0 up_no_request=0 gate_finish=0 gate_cache=0 gate_no_request=0 down_finish=0 down_cache=0 down_no_request=0 other_finish=0 other_cache=0 other_no_request=0
[svd-local-timeout-profile] up_keep=0 up_drop=0 up_wait=0.000 ms gate_keep=0 gate_drop=0 gate_wait=0.000 ms down_keep=0 down_drop=0 down_wait=0.000 ms other_keep=0 other_drop=0 other_wait=0.000 ms
[svd-offload-client] up_gate_req=0 down_req=0 other_mat_req=0 ffn_req=0 gate_cache_hits=0 gate_cache_checks=0 miss_invalid=0 miss_layer=0 miss_rank=0 miss_hash=0 miss_output=0 miss_data=0 send_up_gate=0.000 ms send_down=0.000 ms send_other=0.000 ms send_ffn=0.000 ms wait_up_gate=0.000 ms wait_down=0.000 ms wait_other=0.000 ms wait_ffn=0.000 ms
[svd-offload-client-stage-profile] rpc_send_total=0.000 ms rpc_wait_total=0.000 ms
[svd-offload-client-debug] finish_fail_up_gate=0 finish_fail_down=0 finish_fail_other=0 finish_fail_ffn=0 cache_take_fail_up=0 cache_take_fail_gate=0 recv_up_sum_abs=0.000000e+00 recv_up_max_abs=0.000000e+00 recv_up_zero=0 recv_gate_sum_abs=0.000000e+00 recv_gate_max_abs=0.000000e+00 recv_gate_zero=0 recv_down_sum_abs=0.000000e+00 recv_down_max_abs=0.000000e+00 recv_down_zero=0 recv_other_sum_abs=0.000000e+00 recv_other_max_abs=0.000000e+00 recv_other_zero=0 recv_ffn_sum_abs=0.000000e+00 recv_ffn_max_abs=0.000000e+00 recv_ffn_zero=0
SUCCEED (one forward pass done)"
4c_balanced_high,0,major_only_no_svd,p=1;major=60,ok,"60,61,62,63","20,40,60,80",5.89628,5427.15,,,,,,190.477,7.0321080684661865,,,"llama_context: graph splits = 1
attach_threadpool: call
threads: decode=1 batch=1
prompt tokens: 4
running one forward pass (llama_decode) ...
Top-5 next-token candidates:
  id=11 logit=21.0211 piece="",""
  id=3837 logit=19.3304 piece=""，""
  id=1052 logit=19.1368 piece="" there""
  id=304 logit=19.024 piece="" in""
  id=264 logit=18.1601 piece="" a""
Autoregressive generation:
Generated text: , there was a little girl named Lily. She lived in a small village with her family. One day, Lily's mom told her about a magical forest that
Decode-only throughput: 5.89628 tokens/s (32 tokens in 5.42715 s of llama_decode)
End-to-end throughput: 5.88495 tokens/s (32 tokens in 5.4376 s)
[decode-stage-profile] model_load=1134.18 ms context_create=68.8977 ms tokenize=0.863122 ms prefill_decode=190.477 ms generation_decode=5427.15 ms generation_total=5437.6 ms program_total=6848.77 ms
[svd-local-op-profile] up_ops=0 gate_ops=0 down_ops=0 up_total=0.000 ms gate_total=0.000 ms down_total=0.000 ms up_v=0.000 ms gate_v=0.000 ms down_v=0.000 ms up_u=0.000 ms gate_u=0.000 ms down_u=0.000 ms
[svd-local-stage-profile] attention_total=52.303 ms ffn_total=4038.314 ms ffn_svd_total=0.000 ms ffn_svd_v=0.000 ms ffn_svd_u=0.000 ms
[svd-offload-zero-profile] up_finish=0 up_cache=0 up_no_request=0 gate_finish=0 gate_cache=0 gate_no_request=0 down_finish=0 down_cache=0 down_no_request=0 other_finish=0 other_cache=0 other_no_request=0
[svd-local-timeout-profile] up_keep=0 up_drop=0 up_wait=0.000 ms gate_keep=0 gate_drop=0 gate_wait=0.000 ms down_keep=0 down_drop=0 down_wait=0.000 ms other_keep=0 other_drop=0 other_wait=0.000 ms
[svd-offload-client] up_gate_req=0 down_req=0 other_mat_req=0 ffn_req=0 gate_cache_hits=0 gate_cache_checks=0 miss_invalid=0 miss_layer=0 miss_rank=0 miss_hash=0 miss_output=0 miss_data=0 send_up_gate=0.000 ms send_down=0.000 ms send_other=0.000 ms send_ffn=0.000 ms wait_up_gate=0.000 ms wait_down=0.000 ms wait_other=0.000 ms wait_ffn=0.000 ms
[svd-offload-client-stage-profile] rpc_send_total=0.000 ms rpc_wait_total=0.000 ms
[svd-offload-client-debug] finish_fail_up_gate=0 finish_fail_down=0 finish_fail_other=0 finish_fail_ffn=0 cache_take_fail_up=0 cache_take_fail_gate=0 recv_up_sum_abs=0.000000e+00 recv_up_max_abs=0.000000e+00 recv_up_zero=0 recv_gate_sum_abs=0.000000e+00 recv_gate_max_abs=0.000000e+00 recv_gate_zero=0 recv_down_sum_abs=0.000000e+00 recv_down_max_abs=0.000000e+00 recv_down_zero=0 recv_other_sum_abs=0.000000e+00 recv_other_max_abs=0.000000e+00 recv_other_zero=0 recv_ffn_sum_abs=0.000000e+00 recv_ffn_max_abs=0.000000e+00 recv_ffn_zero=0
SUCCEED (one forward pass done)"
4c_balanced_high,0,major_only_no_svd,"p=2;major=60,61",ok,"60,61,62,63","20,40,60,80",12.017,2662.89,,,,,,106.402,4.08198356628418,,,"llama_context: graph splits = 1
attach_threadpool: call
threads: decode=2 batch=2
prompt tokens: 4
running one forward pass (llama_decode) ...
Top-5 next-token candidates:
  id=11 logit=21.0211 piece="",""
  id=3837 logit=19.3304 piece=""，""
  id=1052 logit=19.1368 piece="" there""
  id=304 logit=19.024 piece="" in""
  id=264 logit=18.1601 piece="" a""
Autoregressive generation:
Generated text: , there was a little girl named Lily. She lived in a small village with her family. One day, Lily's mom told her about a magical forest that
Decode-only throughput: 12.017 tokens/s (32 tokens in 2.66289 s of llama_decode)
End-to-end throughput: 11.9699 tokens/s (32 tokens in 2.67338 s)
[decode-stage-profile] model_load=1007.78 ms context_create=59.1518 ms tokenize=0.453026 ms prefill_decode=106.402 ms generation_decode=2662.89 ms generation_total=2673.38 ms program_total=3864.9 ms
[svd-local-op-profile] up_ops=0 gate_ops=0 down_ops=0 up_total=0.000 ms gate_total=0.000 ms down_total=0.000 ms up_v=0.000 ms gate_v=0.000 ms down_v=0.000 ms up_u=0.000 ms gate_u=0.000 ms down_u=0.000 ms
[svd-local-stage-profile] attention_total=20.625 ms ffn_total=1937.174 ms ffn_svd_total=0.000 ms ffn_svd_v=0.000 ms ffn_svd_u=0.000 ms
[svd-offload-zero-profile] up_finish=0 up_cache=0 up_no_request=0 gate_finish=0 gate_cache=0 gate_no_request=0 down_finish=0 down_cache=0 down_no_request=0 other_finish=0 other_cache=0 other_no_request=0
[svd-local-timeout-profile] up_keep=0 up_drop=0 up_wait=0.000 ms gate_keep=0 gate_drop=0 gate_wait=0.000 ms down_keep=0 down_drop=0 down_wait=0.000 ms other_keep=0 other_drop=0 other_wait=0.000 ms
[svd-offload-client] up_gate_req=0 down_req=0 other_mat_req=0 ffn_req=0 gate_cache_hits=0 gate_cache_checks=0 miss_invalid=0 miss_layer=0 miss_rank=0 miss_hash=0 miss_output=0 miss_data=0 send_up_gate=0.000 ms send_down=0.000 ms send_other=0.000 ms send_ffn=0.000 ms wait_up_gate=0.000 ms wait_down=0.000 ms wait_other=0.000 ms wait_ffn=0.000 ms
[svd-offload-client-stage-profile] rpc_send_total=0.000 ms rpc_wait_total=0.000 ms
[svd-offload-client-debug] finish_fail_up_gate=0 finish_fail_down=0 finish_fail_other=0 finish_fail_ffn=0 cache_take_fail_up=0 cache_take_fail_gate=0 recv_up_sum_abs=0.000000e+00 recv_up_max_abs=0.000000e+00 recv_up_zero=0 recv_gate_sum_abs=0.000000e+00 recv_gate_max_abs=0.000000e+00 recv_gate_zero=0 recv_down_sum_abs=0.000000e+00 recv_down_max_abs=0.000000e+00 recv_down_zero=0 recv_other_sum_abs=0.000000e+00 recv_other_max_abs=0.000000e+00 recv_other_zero=0 recv_ffn_sum_abs=0.000000e+00 recv_ffn_max_abs=0.000000e+00 recv_ffn_zero=0
SUCCEED (one forward pass done)"
4c_balanced_high,0,major_only_no_svd,"p=3;major=60,61,62",ok,"60,61,62,63","20,40,60,80",17.1116,1870.07,,,,,,202.904,3.4269590377807617,,,"llama_context: graph splits = 1
attach_threadpool: call
threads: decode=3 batch=3
prompt tokens: 4
running one forward pass (llama_decode) ...
Top-5 next-token candidates:
  id=11 logit=21.0211 piece="",""
  id=3837 logit=19.3304 piece=""，""
  id=1052 logit=19.1368 piece="" there""
  id=304 logit=19.024 piece="" in""
  id=264 logit=18.1601 piece="" a""
Autoregressive generation:
Generated text: , there was a little girl named Lily. She lived in a small village with her family. One day, Lily's mom told her about a magical forest that
Decode-only throughput: 17.1116 tokens/s (32 tokens in 1.87007 s of llama_decode)
End-to-end throughput: 17.0149 tokens/s (32 tokens in 1.88071 s)
[decode-stage-profile] model_load=995.043 ms context_create=66.5872 ms tokenize=0.862976 ms prefill_decode=202.904 ms generation_decode=1870.07 ms generation_total=1880.71 ms program_total=3162.53 ms
[svd-local-op-profile] up_ops=0 gate_ops=0 down_ops=0 up_total=0.000 ms gate_total=0.000 ms down_total=0.000 ms up_v=0.000 ms gate_v=0.000 ms down_v=0.000 ms up_u=0.000 ms gate_u=0.000 ms down_u=0.000 ms
[svd-local-stage-profile] attention_total=68.907 ms ffn_total=1325.541 ms ffn_svd_total=0.000 ms ffn_svd_v=0.000 ms ffn_svd_u=0.000 ms
[svd-offload-zero-profile] up_finish=0 up_cache=0 up_no_request=0 gate_finish=0 gate_cache=0 gate_no_request=0 down_finish=0 down_cache=0 down_no_request=0 other_finish=0 other_cache=0 other_no_request=0
[svd-local-timeout-profile] up_keep=0 up_drop=0 up_wait=0.000 ms gate_keep=0 gate_drop=0 gate_wait=0.000 ms down_keep=0 down_drop=0 down_wait=0.000 ms other_keep=0 other_drop=0 other_wait=0.000 ms
[svd-offload-client] up_gate_req=0 down_req=0 other_mat_req=0 ffn_req=0 gate_cache_hits=0 gate_cache_checks=0 miss_invalid=0 miss_layer=0 miss_rank=0 miss_hash=0 miss_output=0 miss_data=0 send_up_gate=0.000 ms send_down=0.000 ms send_other=0.000 ms send_ffn=0.000 ms wait_up_gate=0.000 ms wait_down=0.000 ms wait_other=0.000 ms wait_ffn=0.000 ms
[svd-offload-client-stage-profile] rpc_send_total=0.000 ms rpc_wait_total=0.000 ms
[svd-offload-client-debug] finish_fail_up_gate=0 finish_fail_down=0 finish_fail_other=0 finish_fail_ffn=0 cache_take_fail_up=0 cache_take_fail_gate=0 recv_up_sum_abs=0.000000e+00 recv_up_max_abs=0.000000e+00 recv_up_zero=0 recv_gate_sum_abs=0.000000e+00 recv_gate_max_abs=0.000000e+00 recv_gate_zero=0 recv_down_sum_abs=0.000000e+00 recv_down_max_abs=0.000000e+00 recv_down_zero=0 recv_other_sum_abs=0.000000e+00 recv_other_max_abs=0.000000e+00 recv_other_zero=0 recv_ffn_sum_abs=0.000000e+00 recv_ffn_max_abs=0.000000e+00 recv_ffn_zero=0
SUCCEED (one forward pass done)"
4c_balanced_high,0,edge_end_no_svd,"M=2;PC=[0,2);Phone=[2,28)",ok,"60,61,62,63","20,40,60,80",16.9284,59.0722,32,1890.31,370.811,1067.88,451.505,,3.3869738578796387,4c_balanced_high_r0_M2_client.log,4c_balanced_high_r0_M2_server.log,
4c_balanced_high,0,edge_end_no_svd,"M=4;PC=[0,4);Phone=[4,28)",ok,"60,61,62,63","20,40,60,80",16.2579,61.5085,32,1968.27,581.109,856.241,530.79,,3.485405921936035,4c_balanced_high_r0_M4_client.log,4c_balanced_high_r0_M4_server.log,
4c_balanced_high,0,edge_end_no_svd,"M=6;PC=[0,6);Phone=[6,28)",ok,"60,61,62,63","20,40,60,80",13.5975,73.5429,32,2353.37,820.2,1003.74,529.302,,3.8704309463500977,4c_balanced_high_r0_M6_client.log,4c_balanced_high_r0_M6_server.log,
4c_balanced_high,0,edge_end_no_svd,"M=8;PC=[0,8);Phone=[8,28)",ok,"60,61,62,63","20,40,60,80",11.9078,83.9787,32,2687.32,1180.26,899.315,607.608,,4.431782960891724,4c_balanced_high_r0_M8_client.log,4c_balanced_high_r0_M8_server.log,
4c_balanced_high,0,edge_end_no_svd,"M=12;PC=[0,12);Phone=[12,28)",ok,"60,61,62,63","20,40,60,80",10.2212,97.8363,32,3130.76,1697.3,767.595,665.717,,4.791908025741577,4c_balanced_high_r0_M12_client.log,4c_balanced_high_r0_M12_server.log,
4c_balanced_high,0,edge_end_no_svd,"M=16;PC=[0,16);Phone=[16,28)",ok,"60,61,62,63","20,40,60,80",7.97085,125.457,32,4014.63,2296.56,982.484,735.418,,5.463620662689209,4c_balanced_high_r0_M16_client.log,4c_balanced_high_r0_M16_server.log,
4c_balanced_high,0,edge_end_no_svd,"M=20;PC=[0,20);Phone=[20,28)",ok,"60,61,62,63","20,40,60,80",6.60593,151.379,32,4844.13,2810.94,891.535,1141.45,,6.39818263053894,4c_balanced_high_r0_M20_client.log,4c_balanced_high_r0_M20_server.log,
4c_balanced_high,1,baseline_no_svd,"60,61,62,63",ok,"60,61,62,63","20,40,60,80",17.0619,1875.52,,,,,,148.402,3.3024532794952393,,,"llama_context: graph splits = 1
attach_threadpool: call
threads: decode=4 batch=4
prompt tokens: 4
running one forward pass (llama_decode) ...
Top-5 next-token candidates:
  id=11 logit=21.0211 piece="",""
  id=3837 logit=19.3304 piece=""，""
  id=1052 logit=19.1368 piece="" there""
  id=304 logit=19.024 piece="" in""
  id=264 logit=18.1601 piece="" a""
Autoregressive generation:
Generated text: , there was a little girl named Lily. She lived in a small village with her family. One day, Lily's mom told her about a magical forest that
Decode-only throughput: 17.0619 tokens/s (32 tokens in 1.87552 s of llama_decode)
End-to-end throughput: 16.9635 tokens/s (32 tokens in 1.88641 s)
[decode-stage-profile] model_load=938.532 ms context_create=66.1576 ms tokenize=0.827668 ms prefill_decode=148.402 ms generation_decode=1875.52 ms generation_total=1886.41 ms program_total=3057.09 ms
[svd-local-op-profile] up_ops=0 gate_ops=0 down_ops=0 up_total=0.000 ms gate_total=0.000 ms down_total=0.000 ms up_v=0.000 ms gate_v=0.000 ms down_v=0.000 ms up_u=0.000 ms gate_u=0.000 ms down_u=0.000 ms
[svd-local-stage-profile] attention_total=156.195 ms ffn_total=1172.161 ms ffn_svd_total=0.000 ms ffn_svd_v=0.000 ms ffn_svd_u=0.000 ms
[svd-offload-zero-profile] up_finish=0 up_cache=0 up_no_request=0 gate_finish=0 gate_cache=0 gate_no_request=0 down_finish=0 down_cache=0 down_no_request=0 other_finish=0 other_cache=0 other_no_request=0
[svd-local-timeout-profile] up_keep=0 up_drop=0 up_wait=0.000 ms gate_keep=0 gate_drop=0 gate_wait=0.000 ms down_keep=0 down_drop=0 down_wait=0.000 ms other_keep=0 other_drop=0 other_wait=0.000 ms
[svd-offload-client] up_gate_req=0 down_req=0 other_mat_req=0 ffn_req=0 gate_cache_hits=0 gate_cache_checks=0 miss_invalid=0 miss_layer=0 miss_rank=0 miss_hash=0 miss_output=0 miss_data=0 send_up_gate=0.000 ms send_down=0.000 ms send_other=0.000 ms send_ffn=0.000 ms wait_up_gate=0.000 ms wait_down=0.000 ms wait_other=0.000 ms wait_ffn=0.000 ms
[svd-offload-client-stage-profile] rpc_send_total=0.000 ms rpc_wait_total=0.000 ms
[svd-offload-client-debug] finish_fail_up_gate=0 finish_fail_down=0 finish_fail_other=0 finish_fail_ffn=0 cache_take_fail_up=0 cache_take_fail_gate=0 recv_up_sum_abs=0.000000e+00 recv_up_max_abs=0.000000e+00 recv_up_zero=0 recv_gate_sum_abs=0.000000e+00 recv_gate_max_abs=0.000000e+00 recv_gate_zero=0 recv_down_sum_abs=0.000000e+00 recv_down_max_abs=0.000000e+00 recv_down_zero=0 recv_other_sum_abs=0.000000e+00 recv_other_max_abs=0.000000e+00 recv_other_zero=0 recv_ffn_sum_abs=0.000000e+00 recv_ffn_max_abs=0.000000e+00 recv_ffn_zero=0
SUCCEED (one forward pass done)"
4c_balanced_high,1,major_only_no_svd,p=1;major=60,ok,"60,61,62,63","20,40,60,80",6.12908,5221.01,,,,,,188.894,6.640538692474365,,,"llama_context: graph splits = 1
attach_threadpool: call
threads: decode=1 batch=1
prompt tokens: 4
running one forward pass (llama_decode) ...
Top-5 next-token candidates:
  id=11 logit=21.0211 piece="",""
  id=3837 logit=19.3304 piece=""，""
  id=1052 logit=19.1368 piece="" there""
  id=304 logit=19.024 piece="" in""
  id=264 logit=18.1601 piece="" a""
Autoregressive generation:
Generated text: , there was a little girl named Lily. She lived in a small village with her family. One day, Lily's mom told her about a magical forest that
Decode-only throughput: 6.12908 tokens/s (32 tokens in 5.22101 s of llama_decode)
End-to-end throughput: 6.11652 tokens/s (32 tokens in 5.23174 s)
[decode-stage-profile] model_load=940.622 ms context_create=68.017 ms tokenize=0.466106 ms prefill_decode=188.894 ms generation_decode=5221.01 ms generation_total=5231.74 ms program_total=6446.18 ms
[svd-local-op-profile] up_ops=0 gate_ops=0 down_ops=0 up_total=0.000 ms gate_total=0.000 ms down_total=0.000 ms up_v=0.000 ms gate_v=0.000 ms down_v=0.000 ms up_u=0.000 ms gate_u=0.000 ms down_u=0.000 ms
[svd-local-stage-profile] attention_total=50.330 ms ffn_total=3881.114 ms ffn_svd_total=0.000 ms ffn_svd_v=0.000 ms ffn_svd_u=0.000 ms
[svd-offload-zero-profile] up_finish=0 up_cache=0 up_no_request=0 gate_finish=0 gate_cache=0 gate_no_request=0 down_finish=0 down_cache=0 down_no_request=0 other_finish=0 other_cache=0 other_no_request=0
[svd-local-timeout-profile] up_keep=0 up_drop=0 up_wait=0.000 ms gate_keep=0 gate_drop=0 gate_wait=0.000 ms down_keep=0 down_drop=0 down_wait=0.000 ms other_keep=0 other_drop=0 other_wait=0.000 ms
[svd-offload-client] up_gate_req=0 down_req=0 other_mat_req=0 ffn_req=0 gate_cache_hits=0 gate_cache_checks=0 miss_invalid=0 miss_layer=0 miss_rank=0 miss_hash=0 miss_output=0 miss_data=0 send_up_gate=0.000 ms send_down=0.000 ms send_other=0.000 ms send_ffn=0.000 ms wait_up_gate=0.000 ms wait_down=0.000 ms wait_other=0.000 ms wait_ffn=0.000 ms
[svd-offload-client-stage-profile] rpc_send_total=0.000 ms rpc_wait_total=0.000 ms
[svd-offload-client-debug] finish_fail_up_gate=0 finish_fail_down=0 finish_fail_other=0 finish_fail_ffn=0 cache_take_fail_up=0 cache_take_fail_gate=0 recv_up_sum_abs=0.000000e+00 recv_up_max_abs=0.000000e+00 recv_up_zero=0 recv_gate_sum_abs=0.000000e+00 recv_gate_max_abs=0.000000e+00 recv_gate_zero=0 recv_down_sum_abs=0.000000e+00 recv_down_max_abs=0.000000e+00 recv_down_zero=0 recv_other_sum_abs=0.000000e+00 recv_other_max_abs=0.000000e+00 recv_other_zero=0 recv_ffn_sum_abs=0.000000e+00 recv_ffn_max_abs=0.000000e+00 recv_ffn_zero=0
SUCCEED (one forward pass done)"
4c_balanced_high,1,major_only_no_svd,"p=2;major=60,61",ok,"60,61,62,63","20,40,60,80",11.7166,2731.18,,,,,,98.5412,4.064660549163818,,,"llama_context: graph splits = 1
attach_threadpool: call
threads: decode=2 batch=2
prompt tokens: 4
running one forward pass (llama_decode) ...
Top-5 next-token candidates:
  id=11 logit=21.0211 piece="",""
  id=3837 logit=19.3304 piece=""，""
  id=1052 logit=19.1368 piece="" there""
  id=304 logit=19.024 piece="" in""
  id=264 logit=18.1601 piece="" a""
Autoregressive generation:
Generated text: , there was a little girl named Lily. She lived in a small village with her family. One day, Lily's mom told her about a magical forest that
Decode-only throughput: 11.7166 tokens/s (32 tokens in 2.73118 s of llama_decode)
End-to-end throughput: 11.6715 tokens/s (32 tokens in 2.74172 s)
[decode-stage-profile] model_load=933.802 ms context_create=59.0861 ms tokenize=0.472827 ms prefill_decode=98.5412 ms generation_decode=2731.18 ms generation_total=2741.72 ms program_total=3850.25 ms
[svd-local-op-profile] up_ops=0 gate_ops=0 down_ops=0 up_total=0.000 ms gate_total=0.000 ms down_total=0.000 ms up_v=0.000 ms gate_v=0.000 ms down_v=0.000 ms up_u=0.000 ms gate_u=0.000 ms down_u=0.000 ms
[svd-local-stage-profile] attention_total=21.725 ms ffn_total=1994.390 ms ffn_svd_total=0.000 ms ffn_svd_v=0.000 ms ffn_svd_u=0.000 ms
[svd-offload-zero-profile] up_finish=0 up_cache=0 up_no_request=0 gate_finish=0 gate_cache=0 gate_no_request=0 down_finish=0 down_cache=0 down_no_request=0 other_finish=0 other_cache=0 other_no_request=0
[svd-local-timeout-profile] up_keep=0 up_drop=0 up_wait=0.000 ms gate_keep=0 gate_drop=0 gate_wait=0.000 ms down_keep=0 down_drop=0 down_wait=0.000 ms other_keep=0 other_drop=0 other_wait=0.000 ms
[svd-offload-client] up_gate_req=0 down_req=0 other_mat_req=0 ffn_req=0 gate_cache_hits=0 gate_cache_checks=0 miss_invalid=0 miss_layer=0 miss_rank=0 miss_hash=0 miss_output=0 miss_data=0 send_up_gate=0.000 ms send_down=0.000 ms send_other=0.000 ms send_ffn=0.000 ms wait_up_gate=0.000 ms wait_down=0.000 ms wait_other=0.000 ms wait_ffn=0.000 ms
[svd-offload-client-stage-profile] rpc_send_total=0.000 ms rpc_wait_total=0.000 ms
[svd-offload-client-debug] finish_fail_up_gate=0 finish_fail_down=0 finish_fail_other=0 finish_fail_ffn=0 cache_take_fail_up=0 cache_take_fail_gate=0 recv_up_sum_abs=0.000000e+00 recv_up_max_abs=0.000000e+00 recv_up_zero=0 recv_gate_sum_abs=0.000000e+00 recv_gate_max_abs=0.000000e+00 recv_gate_zero=0 recv_down_sum_abs=0.000000e+00 recv_down_max_abs=0.000000e+00 recv_down_zero=0 recv_other_sum_abs=0.000000e+00 recv_other_max_abs=0.000000e+00 recv_other_zero=0 recv_ffn_sum_abs=0.000000e+00 recv_ffn_max_abs=0.000000e+00 recv_ffn_zero=0
SUCCEED (one forward pass done)"
4c_balanced_high,1,major_only_no_svd,"p=3;major=60,61,62",ok,"60,61,62,63","20,40,60,80",17.5209,1826.39,,,,,,352.561,3.4440159797668457,,,"llama_context: graph splits = 1
attach_threadpool: call
threads: decode=3 batch=3
prompt tokens: 4
running one forward pass (llama_decode) ...
Top-5 next-token candidates:
  id=11 logit=21.0211 piece="",""
  id=3837 logit=19.3304 piece=""，""
  id=1052 logit=19.1368 piece="" there""
  id=304 logit=19.024 piece="" in""
  id=264 logit=18.1601 piece="" a""
Autoregressive generation:
Generated text: , there was a little girl named Lily. She lived in a small village with her family. One day, Lily's mom told her about a magical forest that
Decode-only throughput: 17.5209 tokens/s (32 tokens in 1.82639 s of llama_decode)
End-to-end throughput: 17.4181 tokens/s (32 tokens in 1.83717 s)
[decode-stage-profile] model_load=962.296 ms context_create=65.1403 ms tokenize=0.476934 ms prefill_decode=352.561 ms generation_decode=1826.39 ms generation_total=1837.17 ms program_total=3234.83 ms
[svd-local-op-profile] up_ops=0 gate_ops=0 down_ops=0 up_total=0.000 ms gate_total=0.000 ms down_total=0.000 ms up_v=0.000 ms gate_v=0.000 ms down_v=0.000 ms up_u=0.000 ms gate_u=0.000 ms down_u=0.000 ms
[svd-local-stage-profile] attention_total=77.189 ms ffn_total=1309.464 ms ffn_svd_total=0.000 ms ffn_svd_v=0.000 ms ffn_svd_u=0.000 ms
[svd-offload-zero-profile] up_finish=0 up_cache=0 up_no_request=0 gate_finish=0 gate_cache=0 gate_no_request=0 down_finish=0 down_cache=0 down_no_request=0 other_finish=0 other_cache=0 other_no_request=0
[svd-local-timeout-profile] up_keep=0 up_drop=0 up_wait=0.000 ms gate_keep=0 gate_drop=0 gate_wait=0.000 ms down_keep=0 down_drop=0 down_wait=0.000 ms other_keep=0 other_drop=0 other_wait=0.000 ms
[svd-offload-client] up_gate_req=0 down_req=0 other_mat_req=0 ffn_req=0 gate_cache_hits=0 gate_cache_checks=0 miss_invalid=0 miss_layer=0 miss_rank=0 miss_hash=0 miss_output=0 miss_data=0 send_up_gate=0.000 ms send_down=0.000 ms send_other=0.000 ms send_ffn=0.000 ms wait_up_gate=0.000 ms wait_down=0.000 ms wait_other=0.000 ms wait_ffn=0.000 ms
[svd-offload-client-stage-profile] rpc_send_total=0.000 ms rpc_wait_total=0.000 ms
[svd-offload-client-debug] finish_fail_up_gate=0 finish_fail_down=0 finish_fail_other=0 finish_fail_ffn=0 cache_take_fail_up=0 cache_take_fail_gate=0 recv_up_sum_abs=0.000000e+00 recv_up_max_abs=0.000000e+00 recv_up_zero=0 recv_gate_sum_abs=0.000000e+00 recv_gate_max_abs=0.000000e+00 recv_gate_zero=0 recv_down_sum_abs=0.000000e+00 recv_down_max_abs=0.000000e+00 recv_down_zero=0 recv_other_sum_abs=0.000000e+00 recv_other_max_abs=0.000000e+00 recv_other_zero=0 recv_ffn_sum_abs=0.000000e+00 recv_ffn_max_abs=0.000000e+00 recv_ffn_zero=0
SUCCEED (one forward pass done)"
4c_balanced_high,1,edge_end_no_svd,"M=2;PC=[0,2);Phone=[2,28)",ok,"60,61,62,63","20,40,60,80",16.7011,59.8763,32,1916.04,463.27,983.084,469.539,,3.428067684173584,4c_balanced_high_r1_M2_client.log,4c_balanced_high_r1_M2_server.log,
4c_balanced_high,1,edge_end_no_svd,"M=4;PC=[0,4);Phone=[4,28)",ok,"60,61,62,63","20,40,60,80",14.2039,70.403,32,2252.9,652.563,1160.49,439.715,,4.591226816177368,4c_balanced_high_r1_M4_client.log,4c_balanced_high_r1_M4_server.log,
4c_balanced_high,1,edge_end_no_svd,"M=6;PC=[0,6);Phone=[6,28)",ok,"60,61,62,63","20,40,60,80",12.7459,78.4566,32,2510.61,964.114,945.776,600.582,,4.221495628356934,4c_balanced_high_r1_M6_client.log,4c_balanced_high_r1_M6_server.log,
4c_balanced_high,1,edge_end_no_svd,"M=8;PC=[0,8);Phone=[8,28)",ok,"60,61,62,63","20,40,60,80",12.1281,82.4531,32,2638.5,1129.27,859.371,649.726,,4.572336912155151,4c_balanced_high_r1_M8_client.log,4c_balanced_high_r1_M8_server.log,
4c_balanced_high,1,edge_end_no_svd,"M=12;PC=[0,12);Phone=[12,28)",ok,"60,61,62,63","20,40,60,80",10.3027,97.0622,32,3105.99,1683.23,766.399,656.202,,4.562291860580444,4c_balanced_high_r1_M12_client.log,4c_balanced_high_r1_M12_server.log,
4c_balanced_high,1,edge_end_no_svd,"M=16;PC=[0,16);Phone=[16,28)",ok,"60,61,62,63","20,40,60,80",9.27368,107.832,32,3450.62,2175.75,752.705,522.031,,5.050705671310425,4c_balanced_high_r1_M16_client.log,4c_balanced_high_r1_M16_server.log,
4c_balanced_high,1,edge_end_no_svd,"M=20;PC=[0,20);Phone=[20,28)",ok,"60,61,62,63","20,40,60,80",6.68155,149.666,32,4789.31,2813.03,962.322,1013.8,,6.242786407470703,4c_balanced_high_r1_M20_client.log,4c_balanced_high_r1_M20_server.log,
4c_front_hot,0,baseline_no_svd,"60,61,62,63",ok,"60,61,62,63","90,70,20,0",11.1688,2865.13,,,,,,63.789,4.152963161468506,,,"llama_context: graph splits = 1
attach_threadpool: call
threads: decode=4 batch=4
prompt tokens: 4
running one forward pass (llama_decode) ...
Top-5 next-token candidates:
  id=11 logit=21.0211 piece="",""
  id=3837 logit=19.3304 piece=""，""
  id=1052 logit=19.1368 piece="" there""
  id=304 logit=19.024 piece="" in""
  id=264 logit=18.1601 piece="" a""
Autoregressive generation:
Generated text: , there was a little girl named Lily. She lived in a small village with her family. One day, Lily's mom told her about a magical forest that
Decode-only throughput: 11.1688 tokens/s (32 tokens in 2.86513 s of llama_decode)
End-to-end throughput: 11.1285 tokens/s (32 tokens in 2.8755 s)
[decode-stage-profile] model_load=940.014 ms context_create=57.366 ms tokenize=0.455783 ms prefill_decode=63.789 ms generation_decode=2865.13 ms generation_total=2875.5 ms program_total=3953.08 ms
[svd-local-op-profile] up_ops=0 gate_ops=0 down_ops=0 up_total=0.000 ms gate_total=0.000 ms down_total=0.000 ms up_v=0.000 ms gate_v=0.000 ms down_v=0.000 ms up_u=0.000 ms gate_u=0.000 ms down_u=0.000 ms
[svd-local-stage-profile] attention_total=418.756 ms ffn_total=1410.307 ms ffn_svd_total=0.000 ms ffn_svd_v=0.000 ms ffn_svd_u=0.000 ms
[svd-offload-zero-profile] up_finish=0 up_cache=0 up_no_request=0 gate_finish=0 gate_cache=0 gate_no_request=0 down_finish=0 down_cache=0 down_no_request=0 other_finish=0 other_cache=0 other_no_request=0
[svd-local-timeout-profile] up_keep=0 up_drop=0 up_wait=0.000 ms gate_keep=0 gate_drop=0 gate_wait=0.000 ms down_keep=0 down_drop=0 down_wait=0.000 ms other_keep=0 other_drop=0 other_wait=0.000 ms
[svd-offload-client] up_gate_req=0 down_req=0 other_mat_req=0 ffn_req=0 gate_cache_hits=0 gate_cache_checks=0 miss_invalid=0 miss_layer=0 miss_rank=0 miss_hash=0 miss_output=0 miss_data=0 send_up_gate=0.000 ms send_down=0.000 ms send_other=0.000 ms send_ffn=0.000 ms wait_up_gate=0.000 ms wait_down=0.000 ms wait_other=0.000 ms wait_ffn=0.000 ms
[svd-offload-client-stage-profile] rpc_send_total=0.000 ms rpc_wait_total=0.000 ms
[svd-offload-client-debug] finish_fail_up_gate=0 finish_fail_down=0 finish_fail_other=0 finish_fail_ffn=0 cache_take_fail_up=0 cache_take_fail_gate=0 recv_up_sum_abs=0.000000e+00 recv_up_max_abs=0.000000e+00 recv_up_zero=0 recv_gate_sum_abs=0.000000e+00 recv_gate_max_abs=0.000000e+00 recv_gate_zero=0 recv_down_sum_abs=0.000000e+00 recv_down_max_abs=0.000000e+00 recv_down_zero=0 recv_other_sum_abs=0.000000e+00 recv_other_max_abs=0.000000e+00 recv_other_zero=0 recv_ffn_sum_abs=0.000000e+00 recv_ffn_max_abs=0.000000e+00 recv_ffn_zero=0
SUCCEED (one forward pass done)"
4c_front_hot,0,major_only_no_svd,p=1;major=63,ok,"60,61,62,63","90,70,20,0",6.50904,4916.24,,,,,,165.993,6.434720277786255,,,"llama_context: graph splits = 1
attach_threadpool: call
threads: decode=1 batch=1
prompt tokens: 4
running one forward pass (llama_decode) ...
Top-5 next-token candidates:
  id=11 logit=21.0211 piece="",""
  id=3837 logit=19.3304 piece=""，""
  id=1052 logit=19.1368 piece="" there""
  id=304 logit=19.024 piece="" in""
  id=264 logit=18.1601 piece="" a""
Autoregressive generation:
Generated text: , there was a little girl named Lily. She lived in a small village with her family. One day, Lily's mom told her about a magical forest that
Decode-only throughput: 6.50904 tokens/s (32 tokens in 4.91624 s of llama_decode)
End-to-end throughput: 6.49535 tokens/s (32 tokens in 4.9266 s)
[decode-stage-profile] model_load=1070.21 ms context_create=57.4387 ms tokenize=0.452948 ms prefill_decode=165.993 ms generation_decode=4916.24 ms generation_total=4926.6 ms program_total=6238.43 ms
[svd-local-op-profile] up_ops=0 gate_ops=0 down_ops=0 up_total=0.000 ms gate_total=0.000 ms down_total=0.000 ms up_v=0.000 ms gate_v=0.000 ms down_v=0.000 ms up_u=0.000 ms gate_u=0.000 ms down_u=0.000 ms
[svd-local-stage-profile] attention_total=43.671 ms ffn_total=3670.144 ms ffn_svd_total=0.000 ms ffn_svd_v=0.000 ms ffn_svd_u=0.000 ms
[svd-offload-zero-profile] up_finish=0 up_cache=0 up_no_request=0 gate_finish=0 gate_cache=0 gate_no_request=0 down_finish=0 down_cache=0 down_no_request=0 other_finish=0 other_cache=0 other_no_request=0
[svd-local-timeout-profile] up_keep=0 up_drop=0 up_wait=0.000 ms gate_keep=0 gate_drop=0 gate_wait=0.000 ms down_keep=0 down_drop=0 down_wait=0.000 ms other_keep=0 other_drop=0 other_wait=0.000 ms
[svd-offload-client] up_gate_req=0 down_req=0 other_mat_req=0 ffn_req=0 gate_cache_hits=0 gate_cache_checks=0 miss_invalid=0 miss_layer=0 miss_rank=0 miss_hash=0 miss_output=0 miss_data=0 send_up_gate=0.000 ms send_down=0.000 ms send_other=0.000 ms send_ffn=0.000 ms wait_up_gate=0.000 ms wait_down=0.000 ms wait_other=0.000 ms wait_ffn=0.000 ms
[svd-offload-client-stage-profile] rpc_send_total=0.000 ms rpc_wait_total=0.000 ms
[svd-offload-client-debug] finish_fail_up_gate=0 finish_fail_down=0 finish_fail_other=0 finish_fail_ffn=0 cache_take_fail_up=0 cache_take_fail_gate=0 recv_up_sum_abs=0.000000e+00 recv_up_max_abs=0.000000e+00 recv_up_zero=0 recv_gate_sum_abs=0.000000e+00 recv_gate_max_abs=0.000000e+00 recv_gate_zero=0 recv_down_sum_abs=0.000000e+00 recv_down_max_abs=0.000000e+00 recv_down_zero=0 recv_other_sum_abs=0.000000e+00 recv_other_max_abs=0.000000e+00 recv_other_zero=0 recv_ffn_sum_abs=0.000000e+00 recv_ffn_max_abs=0.000000e+00 recv_ffn_zero=0
SUCCEED (one forward pass done)"
4c_front_hot,0,major_only_no_svd,"p=2;major=63,62",ok,"60,61,62,63","90,70,20,0",12.9998,2461.57,,,,,,91.3527,3.755908250808716,,,"llama_context: graph splits = 1
attach_threadpool: call
threads: decode=2 batch=2
prompt tokens: 4
running one forward pass (llama_decode) ...
Top-5 next-token candidates:
  id=11 logit=21.0211 piece="",""
  id=3837 logit=19.3304 piece=""，""
  id=1052 logit=19.1368 piece="" there""
  id=304 logit=19.024 piece="" in""
  id=264 logit=18.1601 piece="" a""
Autoregressive generation:
Generated text: , there was a little girl named Lily. She lived in a small village with her family. One day, Lily's mom told her about a magical forest that
Decode-only throughput: 12.9998 tokens/s (32 tokens in 2.46157 s of llama_decode)
End-to-end throughput: 12.9451 tokens/s (32 tokens in 2.47197 s)
[decode-stage-profile] model_load=919.787 ms context_create=61.0978 ms tokenize=0.475386 ms prefill_decode=91.3527 ms generation_decode=2461.57 ms generation_total=2471.97 ms program_total=3561.23 ms
[svd-local-op-profile] up_ops=0 gate_ops=0 down_ops=0 up_total=0.000 ms gate_total=0.000 ms down_total=0.000 ms up_v=0.000 ms gate_v=0.000 ms down_v=0.000 ms up_u=0.000 ms gate_u=0.000 ms down_u=0.000 ms
[svd-local-stage-profile] attention_total=19.375 ms ffn_total=1784.346 ms ffn_svd_total=0.000 ms ffn_svd_v=0.000 ms ffn_svd_u=0.000 ms
[svd-offload-zero-profile] up_finish=0 up_cache=0 up_no_request=0 gate_finish=0 gate_cache=0 gate_no_request=0 down_finish=0 down_cache=0 down_no_request=0 other_finish=0 other_cache=0 other_no_request=0
[svd-local-timeout-profile] up_keep=0 up_drop=0 up_wait=0.000 ms gate_keep=0 gate_drop=0 gate_wait=0.000 ms down_keep=0 down_drop=0 down_wait=0.000 ms other_keep=0 other_drop=0 other_wait=0.000 ms
[svd-offload-client] up_gate_req=0 down_req=0 other_mat_req=0 ffn_req=0 gate_cache_hits=0 gate_cache_checks=0 miss_invalid=0 miss_layer=0 miss_rank=0 miss_hash=0 miss_output=0 miss_data=0 send_up_gate=0.000 ms send_down=0.000 ms send_other=0.000 ms send_ffn=0.000 ms wait_up_gate=0.000 ms wait_down=0.000 ms wait_other=0.000 ms wait_ffn=0.000 ms
[svd-offload-client-stage-profile] rpc_send_total=0.000 ms rpc_wait_total=0.000 ms
[svd-offload-client-debug] finish_fail_up_gate=0 finish_fail_down=0 finish_fail_other=0 finish_fail_ffn=0 cache_take_fail_up=0 cache_take_fail_gate=0 recv_up_sum_abs=0.000000e+00 recv_up_max_abs=0.000000e+00 recv_up_zero=0 recv_gate_sum_abs=0.000000e+00 recv_gate_max_abs=0.000000e+00 recv_gate_zero=0 recv_down_sum_abs=0.000000e+00 recv_down_max_abs=0.000000e+00 recv_down_zero=0 recv_other_sum_abs=0.000000e+00 recv_other_max_abs=0.000000e+00 recv_other_zero=0 recv_ffn_sum_abs=0.000000e+00 recv_ffn_max_abs=0.000000e+00 recv_ffn_zero=0
SUCCEED (one forward pass done)"
4c_front_hot,0,major_only_no_svd,"p=3;major=63,62,61",ok,"60,61,62,63","90,70,20,0",14.4911,2208.25,,,,,,337.556,3.727038860321045,,,"llama_context: graph splits = 1
attach_threadpool: call
threads: decode=3 batch=3
prompt tokens: 4
running one forward pass (llama_decode) ...
Top-5 next-token candidates:
  id=11 logit=21.0211 piece="",""
  id=3837 logit=19.3304 piece=""，""
  id=1052 logit=19.1368 piece="" there""
  id=304 logit=19.024 piece="" in""
  id=264 logit=18.1601 piece="" a""
Autoregressive generation:
Generated text: , there was a little girl named Lily. She lived in a small village with her family. One day, Lily's mom told her about a magical forest that
Decode-only throughput: 14.4911 tokens/s (32 tokens in 2.20825 s of llama_decode)
End-to-end throughput: 14.403 tokens/s (32 tokens in 2.22176 s)
[decode-stage-profile] model_load=887.637 ms context_create=59.1989 ms tokenize=0.451664 ms prefill_decode=337.556 ms generation_decode=2208.25 ms generation_total=2221.76 ms program_total=3523.11 ms
[svd-local-op-profile] up_ops=0 gate_ops=0 down_ops=0 up_total=0.000 ms gate_total=0.000 ms down_total=0.000 ms up_v=0.000 ms gate_v=0.000 ms down_v=0.000 ms up_u=0.000 ms gate_u=0.000 ms down_u=0.000 ms
[svd-local-stage-profile] attention_total=207.727 ms ffn_total=1412.022 ms ffn_svd_total=0.000 ms ffn_svd_v=0.000 ms ffn_svd_u=0.000 ms
[svd-offload-zero-profile] up_finish=0 up_cache=0 up_no_request=0 gate_finish=0 gate_cache=0 gate_no_request=0 down_finish=0 down_cache=0 down_no_request=0 other_finish=0 other_cache=0 other_no_request=0
[svd-local-timeout-profile] up_keep=0 up_drop=0 up_wait=0.000 ms gate_keep=0 gate_drop=0 gate_wait=0.000 ms down_keep=0 down_drop=0 down_wait=0.000 ms other_keep=0 other_drop=0 other_wait=0.000 ms
[svd-offload-client] up_gate_req=0 down_req=0 other_mat_req=0 ffn_req=0 gate_cache_hits=0 gate_cache_checks=0 miss_invalid=0 miss_layer=0 miss_rank=0 miss_hash=0 miss_output=0 miss_data=0 send_up_gate=0.000 ms send_down=0.000 ms send_other=0.000 ms send_ffn=0.000 ms wait_up_gate=0.000 ms wait_down=0.000 ms wait_other=0.000 ms wait_ffn=0.000 ms
[svd-offload-client-stage-profile] rpc_send_total=0.000 ms rpc_wait_total=0.000 ms
[svd-offload-client-debug] finish_fail_up_gate=0 finish_fail_down=0 finish_fail_other=0 finish_fail_ffn=0 cache_take_fail_up=0 cache_take_fail_gate=0 recv_up_sum_abs=0.000000e+00 recv_up_max_abs=0.000000e+00 recv_up_zero=0 recv_gate_sum_abs=0.000000e+00 recv_gate_max_abs=0.000000e+00 recv_gate_zero=0 recv_down_sum_abs=0.000000e+00 recv_down_max_abs=0.000000e+00 recv_down_zero=0 recv_other_sum_abs=0.000000e+00 recv_other_max_abs=0.000000e+00 recv_other_zero=0 recv_ffn_sum_abs=0.000000e+00 recv_ffn_max_abs=0.000000e+00 recv_ffn_zero=0
SUCCEED (one forward pass done)"
4c_front_hot,0,edge_end_no_svd,"M=2;PC=[0,2);Phone=[2,28)",ok,"60,61,62,63","90,70,20,0",16.0483,62.3118,32,1993.98,540.214,1007.24,446.329,,3.41115665435791,4c_front_hot_r0_M2_client.log,4c_front_hot_r0_M2_server.log,
4c_front_hot,0,edge_end_no_svd,"M=4;PC=[0,4);Phone=[4,28)",ok,"60,61,62,63","90,70,20,0",14.8627,67.2827,32,2153.05,739.6,891.298,522.007,,3.610274314880371,4c_front_hot_r0_M4_client.log,4c_front_hot_r0_M4_server.log,
4c_front_hot,0,edge_end_no_svd,"M=6;PC=[0,6);Phone=[6,28)",ok,"60,61,62,63","90,70,20,0",12.1848,82.0697,32,2626.23,853.568,903.32,869.183,,5.931432247161865,4c_front_hot_r0_M6_client.log,4c_front_hot_r0_M6_server.log,
4c_front_hot,0,edge_end_no_svd,"M=8;PC=[0,8);Phone=[8,28)",ok,"60,61,62,63","90,70,20,0",9.55795,104.625,32,3348.0,1264.33,807.622,1275.89,,5.250020980834961,4c_front_hot_r0_M8_client.log,4c_front_hot_r0_M8_server.log,
4c_front_hot,0,edge_end_no_svd,"M=12;PC=[0,12);Phone=[12,28)",ok,"60,61,62,63","90,70,20,0",9.09978,109.893,32,3516.57,1674.47,689.696,1152.24,,5.840228319168091,4c_front_hot_r0_M12_client.log,4c_front_hot_r0_M12_server.log,
4c_front_hot,0,edge_end_no_svd,"M=16;PC=[0,16);Phone=[16,28)",ok,"60,61,62,63","90,70,20,0",8.29311,120.582,32,3858.62,2066.52,1152.52,639.446,,5.285628080368042,4c_front_hot_r0_M16_client.log,4c_front_hot_r0_M16_server.log,
4c_front_hot,0,edge_end_no_svd,"M=20;PC=[0,20);Phone=[20,28)",ok,"60,61,62,63","90,70,20,0",8.43834,118.507,32,3792.21,2384.91,841.825,565.314,,5.316727638244629,4c_front_hot_r0_M20_client.log,4c_front_hot_r0_M20_server.log,
4c_front_hot,1,baseline_no_svd,"60,61,62,63",ok,"60,61,62,63","90,70,20,0",10.2317,3127.55,,,,,,206.17,4.635049343109131,,,"llama_context: graph splits = 1
attach_threadpool: call
threads: decode=4 batch=4
prompt tokens: 4
running one forward pass (llama_decode) ...
Top-5 next-token candidates:
  id=11 logit=21.0211 piece="",""
  id=3837 logit=19.3304 piece=""，""
  id=1052 logit=19.1368 piece="" there""
  id=304 logit=19.024 piece="" in""
  id=264 logit=18.1601 piece="" a""
Autoregressive generation:
Generated text: , there was a little girl named Lily. She lived in a small village with her family. One day, Lily's mom told her about a magical forest that
Decode-only throughput: 10.2317 tokens/s (32 tokens in 3.12755 s of llama_decode)
End-to-end throughput: 10.1973 tokens/s (32 tokens in 3.1381 s)
[decode-stage-profile] model_load=976.021 ms context_create=60.899 ms tokenize=0.465488 ms prefill_decode=206.17 ms generation_decode=3127.55 ms generation_total=3138.1 ms program_total=4399.47 ms
[svd-local-op-profile] up_ops=0 gate_ops=0 down_ops=0 up_total=0.000 ms gate_total=0.000 ms down_total=0.000 ms up_v=0.000 ms gate_v=0.000 ms down_v=0.000 ms up_u=0.000 ms gate_u=0.000 ms down_u=0.000 ms
[svd-local-stage-profile] attention_total=535.992 ms ffn_total=1503.271 ms ffn_svd_total=0.000 ms ffn_svd_v=0.000 ms ffn_svd_u=0.000 ms
[svd-offload-zero-profile] up_finish=0 up_cache=0 up_no_request=0 gate_finish=0 gate_cache=0 gate_no_request=0 down_finish=0 down_cache=0 down_no_request=0 other_finish=0 other_cache=0 other_no_request=0
[svd-local-timeout-profile] up_keep=0 up_drop=0 up_wait=0.000 ms gate_keep=0 gate_drop=0 gate_wait=0.000 ms down_keep=0 down_drop=0 down_wait=0.000 ms other_keep=0 other_drop=0 other_wait=0.000 ms
[svd-offload-client] up_gate_req=0 down_req=0 other_mat_req=0 ffn_req=0 gate_cache_hits=0 gate_cache_checks=0 miss_invalid=0 miss_layer=0 miss_rank=0 miss_hash=0 miss_output=0 miss_data=0 send_up_gate=0.000 ms send_down=0.000 ms send_other=0.000 ms send_ffn=0.000 ms wait_up_gate=0.000 ms wait_down=0.000 ms wait_other=0.000 ms wait_ffn=0.000 ms
[svd-offload-client-stage-profile] rpc_send_total=0.000 ms rpc_wait_total=0.000 ms
[svd-offload-client-debug] finish_fail_up_gate=0 finish_fail_down=0 finish_fail_other=0 finish_fail_ffn=0 cache_take_fail_up=0 cache_take_fail_gate=0 recv_up_sum_abs=0.000000e+00 recv_up_max_abs=0.000000e+00 recv_up_zero=0 recv_gate_sum_abs=0.000000e+00 recv_gate_max_abs=0.000000e+00 recv_gate_zero=0 recv_down_sum_abs=0.000000e+00 recv_down_max_abs=0.000000e+00 recv_down_zero=0 recv_other_sum_abs=0.000000e+00 recv_other_max_abs=0.000000e+00 recv_other_zero=0 recv_ffn_sum_abs=0.000000e+00 recv_ffn_max_abs=0.000000e+00 recv_ffn_zero=0
SUCCEED (one forward pass done)"
4c_front_hot,1,major_only_no_svd,p=1;major=63,ok,"60,61,62,63","90,70,20,0",6.1988,5162.29,,,,,,171.277,6.5550010204315186,,,"llama_context: graph splits = 1
attach_threadpool: call
threads: decode=1 batch=1
prompt tokens: 4
running one forward pass (llama_decode) ...
Top-5 next-token candidates:
  id=11 logit=21.0211 piece="",""
  id=3837 logit=19.3304 piece=""，""
  id=1052 logit=19.1368 piece="" there""
  id=304 logit=19.024 piece="" in""
  id=264 logit=18.1601 piece="" a""
Autoregressive generation:
Generated text: , there was a little girl named Lily. She lived in a small village with her family. One day, Lily's mom told her about a magical forest that
Decode-only throughput: 6.1988 tokens/s (32 tokens in 5.16229 s of llama_decode)
End-to-end throughput: 6.18641 tokens/s (32 tokens in 5.17263 s)
[decode-stage-profile] model_load=922.454 ms context_create=59.6269 ms tokenize=0.472272 ms prefill_decode=171.277 ms generation_decode=5162.29 ms generation_total=5172.63 ms program_total=6342.77 ms
[svd-local-op-profile] up_ops=0 gate_ops=0 down_ops=0 up_total=0.000 ms gate_total=0.000 ms down_total=0.000 ms up_v=0.000 ms gate_v=0.000 ms down_v=0.000 ms up_u=0.000 ms gate_u=0.000 ms down_u=0.000 ms
[svd-local-stage-profile] attention_total=45.303 ms ffn_total=3877.025 ms ffn_svd_total=0.000 ms ffn_svd_v=0.000 ms ffn_svd_u=0.000 ms
[svd-offload-zero-profile] up_finish=0 up_cache=0 up_no_request=0 gate_finish=0 gate_cache=0 gate_no_request=0 down_finish=0 down_cache=0 down_no_request=0 other_finish=0 other_cache=0 other_no_request=0
[svd-local-timeout-profile] up_keep=0 up_drop=0 up_wait=0.000 ms gate_keep=0 gate_drop=0 gate_wait=0.000 ms down_keep=0 down_drop=0 down_wait=0.000 ms other_keep=0 other_drop=0 other_wait=0.000 ms
[svd-offload-client] up_gate_req=0 down_req=0 other_mat_req=0 ffn_req=0 gate_cache_hits=0 gate_cache_checks=0 miss_invalid=0 miss_layer=0 miss_rank=0 miss_hash=0 miss_output=0 miss_data=0 send_up_gate=0.000 ms send_down=0.000 ms send_other=0.000 ms send_ffn=0.000 ms wait_up_gate=0.000 ms wait_down=0.000 ms wait_other=0.000 ms wait_ffn=0.000 ms
[svd-offload-client-stage-profile] rpc_send_total=0.000 ms rpc_wait_total=0.000 ms
[svd-offload-client-debug] finish_fail_up_gate=0 finish_fail_down=0 finish_fail_other=0 finish_fail_ffn=0 cache_take_fail_up=0 cache_take_fail_gate=0 recv_up_sum_abs=0.000000e+00 recv_up_max_abs=0.000000e+00 recv_up_zero=0 recv_gate_sum_abs=0.000000e+00 recv_gate_max_abs=0.000000e+00 recv_gate_zero=0 recv_down_sum_abs=0.000000e+00 recv_down_max_abs=0.000000e+00 recv_down_zero=0 recv_other_sum_abs=0.000000e+00 recv_other_max_abs=0.000000e+00 recv_other_zero=0 recv_ffn_sum_abs=0.000000e+00 recv_ffn_max_abs=0.000000e+00 recv_ffn_zero=0
SUCCEED (one forward pass done)"
4c_front_hot,1,major_only_no_svd,"p=2;major=63,62",ok,"60,61,62,63","90,70,20,0",11.892,2690.89,,,,,,109.177,4.137593746185303,,,"llama_context: graph splits = 1
attach_threadpool: call
threads: decode=2 batch=2
prompt tokens: 4
running one forward pass (llama_decode) ...
Top-5 next-token candidates:
  id=11 logit=21.0211 piece="",""
  id=3837 logit=19.3304 piece=""，""
  id=1052 logit=19.1368 piece="" there""
  id=304 logit=19.024 piece="" in""
  id=264 logit=18.1601 piece="" a""
Autoregressive generation:
Generated text: , there was a little girl named Lily. She lived in a small village with her family. One day, Lily's mom told her about a magical forest that
Decode-only throughput: 11.892 tokens/s (32 tokens in 2.69089 s of llama_decode)
End-to-end throughput: 11.8469 tokens/s (32 tokens in 2.70113 s)
[decode-stage-profile] model_load=1040.37 ms context_create=65.1333 ms tokenize=0.662465 ms prefill_decode=109.177 ms generation_decode=2690.89 ms generation_total=2701.13 ms program_total=3935.11 ms
[svd-local-op-profile] up_ops=0 gate_ops=0 down_ops=0 up_total=0.000 ms gate_total=0.000 ms down_total=0.000 ms up_v=0.000 ms gate_v=0.000 ms down_v=0.000 ms up_u=0.000 ms gate_u=0.000 ms down_u=0.000 ms
[svd-local-stage-profile] attention_total=25.765 ms ffn_total=1974.550 ms ffn_svd_total=0.000 ms ffn_svd_v=0.000 ms ffn_svd_u=0.000 ms
[svd-offload-zero-profile] up_finish=0 up_cache=0 up_no_request=0 gate_finish=0 gate_cache=0 gate_no_request=0 down_finish=0 down_cache=0 down_no_request=0 other_finish=0 other_cache=0 other_no_request=0
[svd-local-timeout-profile] up_keep=0 up_drop=0 up_wait=0.000 ms gate_keep=0 gate_drop=0 gate_wait=0.000 ms down_keep=0 down_drop=0 down_wait=0.000 ms other_keep=0 other_drop=0 other_wait=0.000 ms
[svd-offload-client] up_gate_req=0 down_req=0 other_mat_req=0 ffn_req=0 gate_cache_hits=0 gate_cache_checks=0 miss_invalid=0 miss_layer=0 miss_rank=0 miss_hash=0 miss_output=0 miss_data=0 send_up_gate=0.000 ms send_down=0.000 ms send_other=0.000 ms send_ffn=0.000 ms wait_up_gate=0.000 ms wait_down=0.000 ms wait_other=0.000 ms wait_ffn=0.000 ms
[svd-offload-client-stage-profile] rpc_send_total=0.000 ms rpc_wait_total=0.000 ms
[svd-offload-client-debug] finish_fail_up_gate=0 finish_fail_down=0 finish_fail_other=0 finish_fail_ffn=0 cache_take_fail_up=0 cache_take_fail_gate=0 recv_up_sum_abs=0.000000e+00 recv_up_max_abs=0.000000e+00 recv_up_zero=0 recv_gate_sum_abs=0.000000e+00 recv_gate_max_abs=0.000000e+00 recv_gate_zero=0 recv_down_sum_abs=0.000000e+00 recv_down_max_abs=0.000000e+00 recv_down_zero=0 recv_other_sum_abs=0.000000e+00 recv_other_max_abs=0.000000e+00 recv_other_zero=0 recv_ffn_sum_abs=0.000000e+00 recv_ffn_max_abs=0.000000e+00 recv_ffn_zero=0
SUCCEED (one forward pass done)"
4c_front_hot,1,major_only_no_svd,"p=3;major=63,62,61",ok,"60,61,62,63","90,70,20,0",14.3836,2224.75,,,,,,218.512,3.6383442878723145,,,"llama_context: graph splits = 1
attach_threadpool: call
threads: decode=3 batch=3
prompt tokens: 4
running one forward pass (llama_decode) ...
Top-5 next-token candidates:
  id=11 logit=21.0211 piece="",""
  id=3837 logit=19.3304 piece=""，""
  id=1052 logit=19.1368 piece="" there""
  id=304 logit=19.024 piece="" in""
  id=264 logit=18.1601 piece="" a""
Autoregressive generation:
Generated text: , there was a little girl named Lily. She lived in a small village with her family. One day, Lily's mom told her about a magical forest that
Decode-only throughput: 14.3836 tokens/s (32 tokens in 2.22475 s of llama_decode)
End-to-end throughput: 14.3165 tokens/s (32 tokens in 2.23518 s)
[decode-stage-profile] model_load=904.616 ms context_create=58.6174 ms tokenize=0.447616 ms prefill_decode=218.512 ms generation_decode=2224.75 ms generation_total=2235.18 ms program_total=3433.89 ms
[svd-local-op-profile] up_ops=0 gate_ops=0 down_ops=0 up_total=0.000 ms gate_total=0.000 ms down_total=0.000 ms up_v=0.000 ms gate_v=0.000 ms down_v=0.000 ms up_u=0.000 ms gate_u=0.000 ms down_u=0.000 ms
[svd-local-stage-profile] attention_total=177.114 ms ffn_total=1438.779 ms ffn_svd_total=0.000 ms ffn_svd_v=0.000 ms ffn_svd_u=0.000 ms
[svd-offload-zero-profile] up_finish=0 up_cache=0 up_no_request=0 gate_finish=0 gate_cache=0 gate_no_request=0 down_finish=0 down_cache=0 down_no_request=0 other_finish=0 other_cache=0 other_no_request=0
[svd-local-timeout-profile] up_keep=0 up_drop=0 up_wait=0.000 ms gate_keep=0 gate_drop=0 gate_wait=0.000 ms down_keep=0 down_drop=0 down_wait=0.000 ms other_keep=0 other_drop=0 other_wait=0.000 ms
[svd-offload-client] up_gate_req=0 down_req=0 other_mat_req=0 ffn_req=0 gate_cache_hits=0 gate_cache_checks=0 miss_invalid=0 miss_layer=0 miss_rank=0 miss_hash=0 miss_output=0 miss_data=0 send_up_gate=0.000 ms send_down=0.000 ms send_other=0.000 ms send_ffn=0.000 ms wait_up_gate=0.000 ms wait_down=0.000 ms wait_other=0.000 ms wait_ffn=0.000 ms
[svd-offload-client-stage-profile] rpc_send_total=0.000 ms rpc_wait_total=0.000 ms
[svd-offload-client-debug] finish_fail_up_gate=0 finish_fail_down=0 finish_fail_other=0 finish_fail_ffn=0 cache_take_fail_up=0 cache_take_fail_gate=0 recv_up_sum_abs=0.000000e+00 recv_up_max_abs=0.000000e+00 recv_up_zero=0 recv_gate_sum_abs=0.000000e+00 recv_gate_max_abs=0.000000e+00 recv_gate_zero=0 recv_down_sum_abs=0.000000e+00 recv_down_max_abs=0.000000e+00 recv_down_zero=0 recv_other_sum_abs=0.000000e+00 recv_other_max_abs=0.000000e+00 recv_other_zero=0 recv_ffn_sum_abs=0.000000e+00 recv_ffn_max_abs=0.000000e+00 recv_ffn_zero=0
SUCCEED (one forward pass done)"
4c_front_hot,1,edge_end_no_svd,"M=2;PC=[0,2);Phone=[2,28)",ok,"60,61,62,63","90,70,20,0",15.6848,63.756,32,2040.19,536.417,1033.16,470.393,,3.561697244644165,4c_front_hot_r1_M2_client.log,4c_front_hot_r1_M2_server.log,
4c_front_hot,1,edge_end_no_svd,"M=4;PC=[0,4);Phone=[4,28)",ok,"60,61,62,63","90,70,20,0",13.4197,74.5173,32,2384.55,793.142,957.381,633.833,,4.0558576583862305,4c_front_hot_r1_M4_client.log,4c_front_hot_r1_M4_server.log,
4c_front_hot,1,edge_end_no_svd,"M=6;PC=[0,6);Phone=[6,28)",ok,"60,61,62,63","90,70,20,0",12.8807,77.6358,32,2484.34,952.251,934.379,597.545,,4.007343053817749,4c_front_hot_r1_M6_client.log,4c_front_hot_r1_M6_server.log,
4c_front_hot,1,edge_end_no_svd,"M=8;PC=[0,8);Phone=[8,28)",ok,"60,61,62,63","90,70,20,0",11.6942,85.5123,32,2736.39,1074.46,971.718,690.051,,4.186264514923096,4c_front_hot_r1_M8_client.log,4c_front_hot_r1_M8_server.log,
4c_front_hot,1,edge_end_no_svd,"M=12;PC=[0,12);Phone=[12,28)",ok,"60,61,62,63","90,70,20,0",11.5173,86.8258,32,2778.43,1498.17,697.193,582.887,,4.841052770614624,4c_front_hot_r1_M12_client.log,4c_front_hot_r1_M12_server.log,
4c_front_hot,1,edge_end_no_svd,"M=16;PC=[0,16);Phone=[16,28)",ok,"60,61,62,63","90,70,20,0",8.55333,116.914,32,3741.23,1952.42,1252.12,536.51,,5.1572723388671875,4c_front_hot_r1_M16_client.log,4c_front_hot_r1_M16_server.log,
4c_front_hot,1,edge_end_no_svd,"M=20;PC=[0,20);Phone=[20,28)",ok,"60,61,62,63","90,70,20,0",6.57916,151.995,32,4863.84,2506.31,1264.52,1092.87,,7.822299003601074,4c_front_hot_r1_M20_client.log,4c_front_hot_r1_M20_server.log,
4c_gradient,0,baseline_no_svd,"60,61,62,63",ok,"60,61,62,63","0,20,60,100",4.90683,6521.53,,,,,,2642.8,10.390756845474243,,,"llama_context: graph splits = 1
attach_threadpool: call
threads: decode=4 batch=4
prompt tokens: 4
running one forward pass (llama_decode) ...
Top-5 next-token candidates:
  id=11 logit=21.0211 piece="",""
  id=3837 logit=19.3304 piece=""，""
  id=1052 logit=19.1368 piece="" there""
  id=304 logit=19.024 piece="" in""
  id=264 logit=18.1601 piece="" a""
Autoregressive generation:
Generated text: , there was a little girl named Lily. She lived in a small village with her family. One day, Lily's mom told her about a magical forest that
Decode-only throughput: 4.90683 tokens/s (32 tokens in 6.52153 s of llama_decode)
End-to-end throughput: 4.8988 tokens/s (32 tokens in 6.53221 s)
[decode-stage-profile] model_load=922.317 ms context_create=57.9627 ms tokenize=0.44595 ms prefill_decode=2642.8 ms generation_decode=6521.53 ms generation_total=6532.21 ms program_total=10172.3 ms
[svd-local-op-profile] up_ops=0 gate_ops=0 down_ops=0 up_total=0.000 ms gate_total=0.000 ms down_total=0.000 ms up_v=0.000 ms gate_v=0.000 ms down_v=0.000 ms up_u=0.000 ms gate_u=0.000 ms down_u=0.000 ms
[svd-local-stage-profile] attention_total=2030.748 ms ffn_total=2532.797 ms ffn_svd_total=0.000 ms ffn_svd_v=0.000 ms ffn_svd_u=0.000 ms
[svd-offload-zero-profile] up_finish=0 up_cache=0 up_no_request=0 gate_finish=0 gate_cache=0 gate_no_request=0 down_finish=0 down_cache=0 down_no_request=0 other_finish=0 other_cache=0 other_no_request=0
[svd-local-timeout-profile] up_keep=0 up_drop=0 up_wait=0.000 ms gate_keep=0 gate_drop=0 gate_wait=0.000 ms down_keep=0 down_drop=0 down_wait=0.000 ms other_keep=0 other_drop=0 other_wait=0.000 ms
[svd-offload-client] up_gate_req=0 down_req=0 other_mat_req=0 ffn_req=0 gate_cache_hits=0 gate_cache_checks=0 miss_invalid=0 miss_layer=0 miss_rank=0 miss_hash=0 miss_output=0 miss_data=0 send_up_gate=0.000 ms send_down=0.000 ms send_other=0.000 ms send_ffn=0.000 ms wait_up_gate=0.000 ms wait_down=0.000 ms wait_other=0.000 ms wait_ffn=0.000 ms
[svd-offload-client-stage-profile] rpc_send_total=0.000 ms rpc_wait_total=0.000 ms
[svd-offload-client-debug] finish_fail_up_gate=0 finish_fail_down=0 finish_fail_other=0 finish_fail_ffn=0 cache_take_fail_up=0 cache_take_fail_gate=0 recv_up_sum_abs=0.000000e+00 recv_up_max_abs=0.000000e+00 recv_up_zero=0 recv_gate_sum_abs=0.000000e+00 recv_gate_max_abs=0.000000e+00 recv_gate_zero=0 recv_down_sum_abs=0.000000e+00 recv_down_max_abs=0.000000e+00 recv_down_zero=0 recv_other_sum_abs=0.000000e+00 recv_other_max_abs=0.000000e+00 recv_other_zero=0 recv_ffn_sum_abs=0.000000e+00 recv_ffn_max_abs=0.000000e+00 recv_ffn_zero=0
SUCCEED (one forward pass done)"
4c_gradient,0,major_only_no_svd,p=1;major=60,ok,"60,61,62,63","0,20,60,100",6.34575,5042.75,,,,,,173.17,6.421514272689819,,,"llama_context: graph splits = 1
attach_threadpool: call
threads: decode=1 batch=1
prompt tokens: 4
running one forward pass (llama_decode) ...
Top-5 next-token candidates:
  id=11 logit=21.0211 piece="",""
  id=3837 logit=19.3304 piece=""，""
  id=1052 logit=19.1368 piece="" there""
  id=304 logit=19.024 piece="" in""
  id=264 logit=18.1601 piece="" a""
Autoregressive generation:
Generated text: , there was a little girl named Lily. She lived in a small village with her family. One day, Lily's mom told her about a magical forest that
Decode-only throughput: 6.34575 tokens/s (32 tokens in 5.04275 s of llama_decode)
End-to-end throughput: 6.33227 tokens/s (32 tokens in 5.05348 s)
[decode-stage-profile] model_load=915.541 ms context_create=60.5386 ms tokenize=0.449773 ms prefill_decode=173.17 ms generation_decode=5042.75 ms generation_total=5053.48 ms program_total=6219.82 ms
[svd-local-op-profile] up_ops=0 gate_ops=0 down_ops=0 up_total=0.000 ms gate_total=0.000 ms down_total=0.000 ms up_v=0.000 ms gate_v=0.000 ms down_v=0.000 ms up_u=0.000 ms gate_u=0.000 ms down_u=0.000 ms
[svd-local-stage-profile] attention_total=48.368 ms ffn_total=3748.875 ms ffn_svd_total=0.000 ms ffn_svd_v=0.000 ms ffn_svd_u=0.000 ms
[svd-offload-zero-profile] up_finish=0 up_cache=0 up_no_request=0 gate_finish=0 gate_cache=0 gate_no_request=0 down_finish=0 down_cache=0 down_no_request=0 other_finish=0 other_cache=0 other_no_request=0
[svd-local-timeout-profile] up_keep=0 up_drop=0 up_wait=0.000 ms gate_keep=0 gate_drop=0 gate_wait=0.000 ms down_keep=0 down_drop=0 down_wait=0.000 ms other_keep=0 other_drop=0 other_wait=0.000 ms
[svd-offload-client] up_gate_req=0 down_req=0 other_mat_req=0 ffn_req=0 gate_cache_hits=0 gate_cache_checks=0 miss_invalid=0 miss_layer=0 miss_rank=0 miss_hash=0 miss_output=0 miss_data=0 send_up_gate=0.000 ms send_down=0.000 ms send_other=0.000 ms send_ffn=0.000 ms wait_up_gate=0.000 ms wait_down=0.000 ms wait_other=0.000 ms wait_ffn=0.000 ms
[svd-offload-client-stage-profile] rpc_send_total=0.000 ms rpc_wait_total=0.000 ms
[svd-offload-client-debug] finish_fail_up_gate=0 finish_fail_down=0 finish_fail_other=0 finish_fail_ffn=0 cache_take_fail_up=0 cache_take_fail_gate=0 recv_up_sum_abs=0.000000e+00 recv_up_max_abs=0.000000e+00 recv_up_zero=0 recv_gate_sum_abs=0.000000e+00 recv_gate_max_abs=0.000000e+00 recv_gate_zero=0 recv_down_sum_abs=0.000000e+00 recv_down_max_abs=0.000000e+00 recv_down_zero=0 recv_other_sum_abs=0.000000e+00 recv_other_max_abs=0.000000e+00 recv_other_zero=0 recv_ffn_sum_abs=0.000000e+00 recv_ffn_max_abs=0.000000e+00 recv_ffn_zero=0
SUCCEED (one forward pass done)"
4c_gradient,0,major_only_no_svd,"p=2;major=60,61",ok,"60,61,62,63","0,20,60,100",12.7978,2500.43,,,,,,100.667,4.086041688919067,,,"llama_context: graph splits = 1
attach_threadpool: call
threads: decode=2 batch=2
prompt tokens: 4
running one forward pass (llama_decode) ...
Top-5 next-token candidates:
  id=11 logit=21.0211 piece="",""
  id=3837 logit=19.3304 piece=""，""
  id=1052 logit=19.1368 piece="" there""
  id=304 logit=19.024 piece="" in""
  id=264 logit=18.1601 piece="" a""
Autoregressive generation:
Generated text: , there was a little girl named Lily. She lived in a small village with her family. One day, Lily's mom told her about a magical forest that
Decode-only throughput: 12.7978 tokens/s (32 tokens in 2.50043 s of llama_decode)
End-to-end throughput: 12.7429 tokens/s (32 tokens in 2.51121 s)
[decode-stage-profile] model_load=1189.6 ms context_create=65.8496 ms tokenize=0.786047 ms prefill_decode=100.667 ms generation_decode=2500.43 ms generation_total=2511.21 ms program_total=3886.91 ms
[svd-local-op-profile] up_ops=0 gate_ops=0 down_ops=0 up_total=0.000 ms gate_total=0.000 ms down_total=0.000 ms up_v=0.000 ms gate_v=0.000 ms down_v=0.000 ms up_u=0.000 ms gate_u=0.000 ms down_u=0.000 ms
[svd-local-stage-profile] attention_total=19.371 ms ffn_total=1808.058 ms ffn_svd_total=0.000 ms ffn_svd_v=0.000 ms ffn_svd_u=0.000 ms
[svd-offload-zero-profile] up_finish=0 up_cache=0 up_no_request=0 gate_finish=0 gate_cache=0 gate_no_request=0 down_finish=0 down_cache=0 down_no_request=0 other_finish=0 other_cache=0 other_no_request=0
[svd-local-timeout-profile] up_keep=0 up_drop=0 up_wait=0.000 ms gate_keep=0 gate_drop=0 gate_wait=0.000 ms down_keep=0 down_drop=0 down_wait=0.000 ms other_keep=0 other_drop=0 other_wait=0.000 ms
[svd-offload-client] up_gate_req=0 down_req=0 other_mat_req=0 ffn_req=0 gate_cache_hits=0 gate_cache_checks=0 miss_invalid=0 miss_layer=0 miss_rank=0 miss_hash=0 miss_output=0 miss_data=0 send_up_gate=0.000 ms send_down=0.000 ms send_other=0.000 ms send_ffn=0.000 ms wait_up_gate=0.000 ms wait_down=0.000 ms wait_other=0.000 ms wait_ffn=0.000 ms
[svd-offload-client-stage-profile] rpc_send_total=0.000 ms rpc_wait_total=0.000 ms
[svd-offload-client-debug] finish_fail_up_gate=0 finish_fail_down=0 finish_fail_other=0 finish_fail_ffn=0 cache_take_fail_up=0 cache_take_fail_gate=0 recv_up_sum_abs=0.000000e+00 recv_up_max_abs=0.000000e+00 recv_up_zero=0 recv_gate_sum_abs=0.000000e+00 recv_gate_max_abs=0.000000e+00 recv_gate_zero=0 recv_down_sum_abs=0.000000e+00 recv_down_max_abs=0.000000e+00 recv_down_zero=0 recv_other_sum_abs=0.000000e+00 recv_other_max_abs=0.000000e+00 recv_other_zero=0 recv_ffn_sum_abs=0.000000e+00 recv_ffn_max_abs=0.000000e+00 recv_ffn_zero=0
SUCCEED (one forward pass done)"
4c_gradient,0,major_only_no_svd,"p=3;major=60,61,62",ok,"60,61,62,63","0,20,60,100",11.2027,2856.44,,,,,,201.696,4.293387174606323,,,"llama_context: graph splits = 1
attach_threadpool: call
threads: decode=3 batch=3
prompt tokens: 4
running one forward pass (llama_decode) ...
Top-5 next-token candidates:
  id=11 logit=21.0211 piece="",""
  id=3837 logit=19.3304 piece=""，""
  id=1052 logit=19.1368 piece="" there""
  id=304 logit=19.024 piece="" in""
  id=264 logit=18.1601 piece="" a""
Autoregressive generation:
Generated text: , there was a little girl named Lily. She lived in a small village with her family. One day, Lily's mom told her about a magical forest that
Decode-only throughput: 11.2027 tokens/s (32 tokens in 2.85644 s of llama_decode)
End-to-end throughput: 11.1601 tokens/s (32 tokens in 2.86735 s)
[decode-stage-profile] model_load=947.571 ms context_create=57.864 ms tokenize=0.44973 ms prefill_decode=201.696 ms generation_decode=2856.44 ms generation_total=2867.35 ms program_total=4091.58 ms
[svd-local-op-profile] up_ops=0 gate_ops=0 down_ops=0 up_total=0.000 ms gate_total=0.000 ms down_total=0.000 ms up_v=0.000 ms gate_v=0.000 ms down_v=0.000 ms up_u=0.000 ms gate_u=0.000 ms down_u=0.000 ms
[svd-local-stage-profile] attention_total=288.733 ms ffn_total=1664.721 ms ffn_svd_total=0.000 ms ffn_svd_v=0.000 ms ffn_svd_u=0.000 ms
[svd-offload-zero-profile] up_finish=0 up_cache=0 up_no_request=0 gate_finish=0 gate_cache=0 gate_no_request=0 down_finish=0 down_cache=0 down_no_request=0 other_finish=0 other_cache=0 other_no_request=0
[svd-local-timeout-profile] up_keep=0 up_drop=0 up_wait=0.000 ms gate_keep=0 gate_drop=0 gate_wait=0.000 ms down_keep=0 down_drop=0 down_wait=0.000 ms other_keep=0 other_drop=0 other_wait=0.000 ms
[svd-offload-client] up_gate_req=0 down_req=0 other_mat_req=0 ffn_req=0 gate_cache_hits=0 gate_cache_checks=0 miss_invalid=0 miss_layer=0 miss_rank=0 miss_hash=0 miss_output=0 miss_data=0 send_up_gate=0.000 ms send_down=0.000 ms send_other=0.000 ms send_ffn=0.000 ms wait_up_gate=0.000 ms wait_down=0.000 ms wait_other=0.000 ms wait_ffn=0.000 ms
[svd-offload-client-stage-profile] rpc_send_total=0.000 ms rpc_wait_total=0.000 ms
[svd-offload-client-debug] finish_fail_up_gate=0 finish_fail_down=0 finish_fail_other=0 finish_fail_ffn=0 cache_take_fail_up=0 cache_take_fail_gate=0 recv_up_sum_abs=0.000000e+00 recv_up_max_abs=0.000000e+00 recv_up_zero=0 recv_gate_sum_abs=0.000000e+00 recv_gate_max_abs=0.000000e+00 recv_gate_zero=0 recv_down_sum_abs=0.000000e+00 recv_down_max_abs=0.000000e+00 recv_down_zero=0 recv_other_sum_abs=0.000000e+00 recv_other_max_abs=0.000000e+00 recv_other_zero=0 recv_ffn_sum_abs=0.000000e+00 recv_ffn_max_abs=0.000000e+00 recv_ffn_zero=0
SUCCEED (one forward pass done)"
4c_gradient,0,edge_end_no_svd,"M=2;PC=[0,2);Phone=[2,28)",ok,"60,61,62,63","0,20,60,100",18.2754,54.7184,32,1750.99,427.508,861.668,461.662,,3.8593590259552,4c_gradient_r0_M2_client.log,4c_gradient_r0_M2_server.log,
4c_gradient,0,edge_end_no_svd,"M=4;PC=[0,4);Phone=[4,28)",ok,"60,61,62,63","0,20,60,100",16.0138,62.4462,32,1998.28,550.862,974.028,473.252,,3.544645309448242,4c_gradient_r0_M4_client.log,4c_gradient_r0_M4_server.log,
4c_gradient,0,edge_end_no_svd,"M=6;PC=[0,6);Phone=[6,28)",ok,"60,61,62,63","0,20,60,100",13.5133,74.0014,32,2368.05,846.745,918.116,603.046,,3.797374963760376,4c_gradient_r0_M6_client.log,4c_gradient_r0_M6_server.log,
4c_gradient,0,edge_end_no_svd,"M=8;PC=[0,8);Phone=[8,28)",ok,"60,61,62,63","0,20,60,100",13.2285,75.5946,32,2419.03,1017.53,792.332,609.03,,3.9617056846618652,4c_gradient_r0_M8_client.log,4c_gradient_r0_M8_server.log,
4c_gradient,0,edge_end_no_svd,"M=12;PC=[0,12);Phone=[12,28)",ok,"60,61,62,63","0,20,60,100",8.07949,123.77,32,3960.65,1527.39,1255.74,1177.32,,5.565738677978516,4c_gradient_r0_M12_client.log,4c_gradient_r0_M12_server.log,
4c_gradient,0,edge_end_no_svd,"M=16;PC=[0,16);Phone=[16,28)",ok,"60,61,62,63","0,20,60,100",8.79319,113.724,32,3639.18,1994.03,980.654,664.335,,5.356506109237671,4c_gradient_r0_M16_client.log,4c_gradient_r0_M16_server.log,
4c_gradient,0,edge_end_no_svd,"M=20;PC=[0,20);Phone=[20,28)",ok,"60,61,62,63","0,20,60,100",9.02911,110.753,32,3544.09,2382.59,541.034,620.311,,5.03188943862915,4c_gradient_r0_M20_client.log,4c_gradient_r0_M20_server.log,
4c_gradient,1,baseline_no_svd,"60,61,62,63",ok,"60,61,62,63","0,20,60,100",19.0382,1680.83,,,,,,5198.11,8.136912107467651,,,"llama_context: graph splits = 1
attach_threadpool: call
threads: decode=4 batch=4
prompt tokens: 4
running one forward pass (llama_decode) ...
Top-5 next-token candidates:
  id=11 logit=21.0211 piece="",""
  id=3837 logit=19.3304 piece=""，""
  id=1052 logit=19.1368 piece="" there""
  id=304 logit=19.024 piece="" in""
  id=264 logit=18.1601 piece="" a""
Autoregressive generation:
Generated text: , there was a little girl named Lily. She lived in a small village with her family. One day, Lily's mom told her about a magical forest that
Decode-only throughput: 19.0382 tokens/s (32 tokens in 1.68083 s of llama_decode)
End-to-end throughput: 18.9133 tokens/s (32 tokens in 1.69193 s)
[decode-stage-profile] model_load=919.729 ms context_create=58.5323 ms tokenize=0.452657 ms prefill_decode=5198.11 ms generation_decode=1680.83 ms generation_total=1691.93 ms program_total=7885.77 ms
[svd-local-op-profile] up_ops=0 gate_ops=0 down_ops=0 up_total=0.000 ms gate_total=0.000 ms down_total=0.000 ms up_v=0.000 ms gate_v=0.000 ms down_v=0.000 ms up_u=0.000 ms gate_u=0.000 ms down_u=0.000 ms
[svd-local-stage-profile] attention_total=832.128 ms ffn_total=1714.726 ms ffn_svd_total=0.000 ms ffn_svd_v=0.000 ms ffn_svd_u=0.000 ms
[svd-offload-zero-profile] up_finish=0 up_cache=0 up_no_request=0 gate_finish=0 gate_cache=0 gate_no_request=0 down_finish=0 down_cache=0 down_no_request=0 other_finish=0 other_cache=0 other_no_request=0
[svd-local-timeout-profile] up_keep=0 up_drop=0 up_wait=0.000 ms gate_keep=0 gate_drop=0 gate_wait=0.000 ms down_keep=0 down_drop=0 down_wait=0.000 ms other_keep=0 other_drop=0 other_wait=0.000 ms
[svd-offload-client] up_gate_req=0 down_req=0 other_mat_req=0 ffn_req=0 gate_cache_hits=0 gate_cache_checks=0 miss_invalid=0 miss_layer=0 miss_rank=0 miss_hash=0 miss_output=0 miss_data=0 send_up_gate=0.000 ms send_down=0.000 ms send_other=0.000 ms send_ffn=0.000 ms wait_up_gate=0.000 ms wait_down=0.000 ms wait_other=0.000 ms wait_ffn=0.000 ms
[svd-offload-client-stage-profile] rpc_send_total=0.000 ms rpc_wait_total=0.000 ms
[svd-offload-client-debug] finish_fail_up_gate=0 finish_fail_down=0 finish_fail_other=0 finish_fail_ffn=0 cache_take_fail_up=0 cache_take_fail_gate=0 recv_up_sum_abs=0.000000e+00 recv_up_max_abs=0.000000e+00 recv_up_zero=0 recv_gate_sum_abs=0.000000e+00 recv_gate_max_abs=0.000000e+00 recv_gate_zero=0 recv_down_sum_abs=0.000000e+00 recv_down_max_abs=0.000000e+00 recv_down_zero=0 recv_other_sum_abs=0.000000e+00 recv_other_max_abs=0.000000e+00 recv_other_zero=0 recv_ffn_sum_abs=0.000000e+00 recv_ffn_max_abs=0.000000e+00 recv_ffn_zero=0
SUCCEED (one forward pass done)"
4c_gradient,1,major_only_no_svd,p=1;major=60,ok,"60,61,62,63","0,20,60,100",6.14319,5209.02,,,,,,188.432,6.6318628787994385,,,"llama_context: graph splits = 1
attach_threadpool: call
threads: decode=1 batch=1
prompt tokens: 4
running one forward pass (llama_decode) ...
Top-5 next-token candidates:
  id=11 logit=21.0211 piece="",""
  id=3837 logit=19.3304 piece=""，""
  id=1052 logit=19.1368 piece="" there""
  id=304 logit=19.024 piece="" in""
  id=264 logit=18.1601 piece="" a""
Autoregressive generation:
Generated text: , there was a little girl named Lily. She lived in a small village with her family. One day, Lily's mom told her about a magical forest that
Decode-only throughput: 6.14319 tokens/s (32 tokens in 5.20902 s of llama_decode)
End-to-end throughput: 6.13029 tokens/s (32 tokens in 5.21999 s)
[decode-stage-profile] model_load=904.655 ms context_create=59.8224 ms tokenize=0.447308 ms prefill_decode=188.432 ms generation_decode=5209.02 ms generation_total=5219.99 ms program_total=6389.82 ms
[svd-local-op-profile] up_ops=0 gate_ops=0 down_ops=0 up_total=0.000 ms gate_total=0.000 ms down_total=0.000 ms up_v=0.000 ms gate_v=0.000 ms down_v=0.000 ms up_u=0.000 ms gate_u=0.000 ms down_u=0.000 ms
[svd-local-stage-profile] attention_total=50.142 ms ffn_total=3841.689 ms ffn_svd_total=0.000 ms ffn_svd_v=0.000 ms ffn_svd_u=0.000 ms
[svd-offload-zero-profile] up_finish=0 up_cache=0 up_no_request=0 gate_finish=0 gate_cache=0 gate_no_request=0 down_finish=0 down_cache=0 down_no_request=0 other_finish=0 other_cache=0 other_no_request=0
[svd-local-timeout-profile] up_keep=0 up_drop=0 up_wait=0.000 ms gate_keep=0 gate_drop=0 gate_wait=0.000 ms down_keep=0 down_drop=0 down_wait=0.000 ms other_keep=0 other_drop=0 other_wait=0.000 ms
[svd-offload-client] up_gate_req=0 down_req=0 other_mat_req=0 ffn_req=0 gate_cache_hits=0 gate_cache_checks=0 miss_invalid=0 miss_layer=0 miss_rank=0 miss_hash=0 miss_output=0 miss_data=0 send_up_gate=0.000 ms send_down=0.000 ms send_other=0.000 ms send_ffn=0.000 ms wait_up_gate=0.000 ms wait_down=0.000 ms wait_other=0.000 ms wait_ffn=0.000 ms
[svd-offload-client-stage-profile] rpc_send_total=0.000 ms rpc_wait_total=0.000 ms
[svd-offload-client-debug] finish_fail_up_gate=0 finish_fail_down=0 finish_fail_other=0 finish_fail_ffn=0 cache_take_fail_up=0 cache_take_fail_gate=0 recv_up_sum_abs=0.000000e+00 recv_up_max_abs=0.000000e+00 recv_up_zero=0 recv_gate_sum_abs=0.000000e+00 recv_gate_max_abs=0.000000e+00 recv_gate_zero=0 recv_down_sum_abs=0.000000e+00 recv_down_max_abs=0.000000e+00 recv_down_zero=0 recv_other_sum_abs=0.000000e+00 recv_other_max_abs=0.000000e+00 recv_other_zero=0 recv_ffn_sum_abs=0.000000e+00 recv_ffn_max_abs=0.000000e+00 recv_ffn_zero=0
SUCCEED (one forward pass done)"
4c_gradient,1,major_only_no_svd,"p=2;major=60,61",ok,"60,61,62,63","0,20,60,100",12.2751,2606.9,,,,,,109.007,4.220142841339111,,,"llama_context: graph splits = 1
attach_threadpool: call
threads: decode=2 batch=2
prompt tokens: 4
running one forward pass (llama_decode) ...
Top-5 next-token candidates:
  id=11 logit=21.0211 piece="",""
  id=3837 logit=19.3304 piece=""，""
  id=1052 logit=19.1368 piece="" there""
  id=304 logit=19.024 piece="" in""
  id=264 logit=18.1601 piece="" a""
Autoregressive generation:
Generated text: , there was a little girl named Lily. She lived in a small village with her family. One day, Lily's mom told her about a magical forest that
Decode-only throughput: 12.2751 tokens/s (32 tokens in 2.6069 s of llama_decode)
End-to-end throughput: 12.224 tokens/s (32 tokens in 2.6178 s)
[decode-stage-profile] model_load=1202.73 ms context_create=63.2928 ms tokenize=0.836634 ms prefill_decode=109.007 ms generation_decode=2606.9 ms generation_total=2617.8 ms program_total=4010.64 ms
[svd-local-op-profile] up_ops=0 gate_ops=0 down_ops=0 up_total=0.000 ms gate_total=0.000 ms down_total=0.000 ms up_v=0.000 ms gate_v=0.000 ms down_v=0.000 ms up_u=0.000 ms gate_u=0.000 ms down_u=0.000 ms
[svd-local-stage-profile] attention_total=26.514 ms ffn_total=1911.943 ms ffn_svd_total=0.000 ms ffn_svd_v=0.000 ms ffn_svd_u=0.000 ms
[svd-offload-zero-profile] up_finish=0 up_cache=0 up_no_request=0 gate_finish=0 gate_cache=0 gate_no_request=0 down_finish=0 down_cache=0 down_no_request=0 other_finish=0 other_cache=0 other_no_request=0
[svd-local-timeout-profile] up_keep=0 up_drop=0 up_wait=0.000 ms gate_keep=0 gate_drop=0 gate_wait=0.000 ms down_keep=0 down_drop=0 down_wait=0.000 ms other_keep=0 other_drop=0 other_wait=0.000 ms
[svd-offload-client] up_gate_req=0 down_req=0 other_mat_req=0 ffn_req=0 gate_cache_hits=0 gate_cache_checks=0 miss_invalid=0 miss_layer=0 miss_rank=0 miss_hash=0 miss_output=0 miss_data=0 send_up_gate=0.000 ms send_down=0.000 ms send_other=0.000 ms send_ffn=0.000 ms wait_up_gate=0.000 ms wait_down=0.000 ms wait_other=0.000 ms wait_ffn=0.000 ms
[svd-offload-client-stage-profile] rpc_send_total=0.000 ms rpc_wait_total=0.000 ms
[svd-offload-client-debug] finish_fail_up_gate=0 finish_fail_down=0 finish_fail_other=0 finish_fail_ffn=0 cache_take_fail_up=0 cache_take_fail_gate=0 recv_up_sum_abs=0.000000e+00 recv_up_max_abs=0.000000e+00 recv_up_zero=0 recv_gate_sum_abs=0.000000e+00 recv_gate_max_abs=0.000000e+00 recv_gate_zero=0 recv_down_sum_abs=0.000000e+00 recv_down_max_abs=0.000000e+00 recv_down_zero=0 recv_other_sum_abs=0.000000e+00 recv_other_max_abs=0.000000e+00 recv_other_zero=0 recv_ffn_sum_abs=0.000000e+00 recv_ffn_max_abs=0.000000e+00 recv_ffn_zero=0
SUCCEED (one forward pass done)"
4c_gradient,1,major_only_no_svd,"p=3;major=60,61,62",ok,"60,61,62,63","0,20,60,100",12.344,2592.35,,,,,,72.2217,3.853012800216675,,,"llama_context: graph splits = 1
attach_threadpool: call
threads: decode=3 batch=3
prompt tokens: 4
running one forward pass (llama_decode) ...
Top-5 next-token candidates:
  id=11 logit=21.0211 piece="",""
  id=3837 logit=19.3304 piece=""，""
  id=1052 logit=19.1368 piece="" there""
  id=304 logit=19.024 piece="" in""
  id=264 logit=18.1601 piece="" a""
Autoregressive generation:
Generated text: , there was a little girl named Lily. She lived in a small village with her family. One day, Lily's mom told her about a magical forest that
Decode-only throughput: 12.344 tokens/s (32 tokens in 2.59235 s of llama_decode)
End-to-end throughput: 12.2902 tokens/s (32 tokens in 2.6037 s)
[decode-stage-profile] model_load=905.566 ms context_create=60.2343 ms tokenize=0.445276 ms prefill_decode=72.2217 ms generation_decode=2592.35 ms generation_total=2603.7 ms program_total=3658.7 ms
[svd-local-op-profile] up_ops=0 gate_ops=0 down_ops=0 up_total=0.000 ms gate_total=0.000 ms down_total=0.000 ms up_v=0.000 ms gate_v=0.000 ms down_v=0.000 ms up_u=0.000 ms gate_u=0.000 ms down_u=0.000 ms
[svd-local-stage-profile] attention_total=237.002 ms ffn_total=1518.894 ms ffn_svd_total=0.000 ms ffn_svd_v=0.000 ms ffn_svd_u=0.000 ms
[svd-offload-zero-profile] up_finish=0 up_cache=0 up_no_request=0 gate_finish=0 gate_cache=0 gate_no_request=0 down_finish=0 down_cache=0 down_no_request=0 other_finish=0 other_cache=0 other_no_request=0
[svd-local-timeout-profile] up_keep=0 up_drop=0 up_wait=0.000 ms gate_keep=0 gate_drop=0 gate_wait=0.000 ms down_keep=0 down_drop=0 down_wait=0.000 ms other_keep=0 other_drop=0 other_wait=0.000 ms
[svd-offload-client] up_gate_req=0 down_req=0 other_mat_req=0 ffn_req=0 gate_cache_hits=0 gate_cache_checks=0 miss_invalid=0 miss_layer=0 miss_rank=0 miss_hash=0 miss_output=0 miss_data=0 send_up_gate=0.000 ms send_down=0.000 ms send_other=0.000 ms send_ffn=0.000 ms wait_up_gate=0.000 ms wait_down=0.000 ms wait_other=0.000 ms wait_ffn=0.000 ms
[svd-offload-client-stage-profile] rpc_send_total=0.000 ms rpc_wait_total=0.000 ms
[svd-offload-client-debug] finish_fail_up_gate=0 finish_fail_down=0 finish_fail_other=0 finish_fail_ffn=0 cache_take_fail_up=0 cache_take_fail_gate=0 recv_up_sum_abs=0.000000e+00 recv_up_max_abs=0.000000e+00 recv_up_zero=0 recv_gate_sum_abs=0.000000e+00 recv_gate_max_abs=0.000000e+00 recv_gate_zero=0 recv_down_sum_abs=0.000000e+00 recv_down_max_abs=0.000000e+00 recv_down_zero=0 recv_other_sum_abs=0.000000e+00 recv_other_max_abs=0.000000e+00 recv_other_zero=0 recv_ffn_sum_abs=0.000000e+00 recv_ffn_max_abs=0.000000e+00 recv_ffn_zero=0
SUCCEED (one forward pass done)"
4c_gradient,1,edge_end_no_svd,"M=2;PC=[0,2);Phone=[2,28)",ok,"60,61,62,63","0,20,60,100",16.0294,62.3853,32,1996.33,422.226,1118.39,455.564,,3.668273687362671,4c_gradient_r1_M2_client.log,4c_gradient_r1_M2_server.log,
4c_gradient,1,edge_end_no_svd,"M=4;PC=[0,4);Phone=[4,28)",ok,"60,61,62,63","0,20,60,100",14.8959,67.1328,32,2148.25,676.44,960.272,511.37,,3.7669599056243896,4c_gradient_r1_M4_client.log,4c_gradient_r1_M4_server.log,
4c_gradient,1,edge_end_no_svd,"M=6;PC=[0,6);Phone=[6,28)",ok,"60,61,62,63","0,20,60,100",15.3117,65.3094,32,2089.9,736.775,890.941,462.05,,3.7541980743408203,4c_gradient_r1_M6_client.log,4c_gradient_r1_M6_server.log,
4c_gradient,1,edge_end_no_svd,"M=8;PC=[0,8);Phone=[8,28)",ok,"60,61,62,63","0,20,60,100",12.3771,80.7945,32,2585.42,986.475,941.422,657.397,,3.9657506942749023,4c_gradient_r1_M8_client.log,4c_gradient_r1_M8_server.log,
4c_gradient,1,edge_end_no_svd,"M=12;PC=[0,12);Phone=[12,28)",ok,"60,61,62,63","0,20,60,100",11.9955,83.3649,32,2667.68,1355.98,729.036,582.532,,4.087002515792847,4c_gradient_r1_M12_client.log,4c_gradient_r1_M12_server.log,
4c_gradient,1,edge_end_no_svd,"M=16;PC=[0,16);Phone=[16,28)",ok,"60,61,62,63","0,20,60,100",8.00567,124.911,32,3997.16,1904.8,1414.19,678.02,,5.536859750747681,4c_gradient_r1_M16_client.log,4c_gradient_r1_M16_server.log,
4c_gradient,1,edge_end_no_svd,"M=20;PC=[0,20);Phone=[20,28)",ok,"60,61,62,63","0,20,60,100",8.16898,122.414,32,3917.26,2328.47,967.654,620.985,,5.566115379333496,4c_gradient_r1_M20_client.log,4c_gradient_r1_M20_server.log,
4c_high,0,baseline_no_svd,"60,61,62,63",ok,"60,61,62,63","70,80,90,100",21.1365,1513.97,,,,,,4960.56,7.755132436752319,,,"llama_context: graph splits = 1
attach_threadpool: call
threads: decode=4 batch=4
prompt tokens: 4
running one forward pass (llama_decode) ...
Top-5 next-token candidates:
  id=11 logit=21.0211 piece="",""
  id=3837 logit=19.3304 piece=""，""
  id=1052 logit=19.1368 piece="" there""
  id=304 logit=19.024 piece="" in""
  id=264 logit=18.1601 piece="" a""
Autoregressive generation:
Generated text: , there was a little girl named Lily. She lived in a small village with her family. One day, Lily's mom told her about a magical forest that
Decode-only throughput: 21.1365 tokens/s (32 tokens in 1.51397 s of llama_decode)
End-to-end throughput: 20.9811 tokens/s (32 tokens in 1.52518 s)
[decode-stage-profile] model_load=951.907 ms context_create=61.8919 ms tokenize=0.471633 ms prefill_decode=4960.56 ms generation_decode=1513.97 ms generation_total=1525.18 ms program_total=7517.36 ms
[svd-local-op-profile] up_ops=0 gate_ops=0 down_ops=0 up_total=0.000 ms gate_total=0.000 ms down_total=0.000 ms up_v=0.000 ms gate_v=0.000 ms down_v=0.000 ms up_u=0.000 ms gate_u=0.000 ms down_u=0.000 ms
[svd-local-stage-profile] attention_total=833.821 ms ffn_total=1571.897 ms ffn_svd_total=0.000 ms ffn_svd_v=0.000 ms ffn_svd_u=0.000 ms
[svd-offload-zero-profile] up_finish=0 up_cache=0 up_no_request=0 gate_finish=0 gate_cache=0 gate_no_request=0 down_finish=0 down_cache=0 down_no_request=0 other_finish=0 other_cache=0 other_no_request=0
[svd-local-timeout-profile] up_keep=0 up_drop=0 up_wait=0.000 ms gate_keep=0 gate_drop=0 gate_wait=0.000 ms down_keep=0 down_drop=0 down_wait=0.000 ms other_keep=0 other_drop=0 other_wait=0.000 ms
[svd-offload-client] up_gate_req=0 down_req=0 other_mat_req=0 ffn_req=0 gate_cache_hits=0 gate_cache_checks=0 miss_invalid=0 miss_layer=0 miss_rank=0 miss_hash=0 miss_output=0 miss_data=0 send_up_gate=0.000 ms send_down=0.000 ms send_other=0.000 ms send_ffn=0.000 ms wait_up_gate=0.000 ms wait_down=0.000 ms wait_other=0.000 ms wait_ffn=0.000 ms
[svd-offload-client-stage-profile] rpc_send_total=0.000 ms rpc_wait_total=0.000 ms
[svd-offload-client-debug] finish_fail_up_gate=0 finish_fail_down=0 finish_fail_other=0 finish_fail_ffn=0 cache_take_fail_up=0 cache_take_fail_gate=0 recv_up_sum_abs=0.000000e+00 recv_up_max_abs=0.000000e+00 recv_up_zero=0 recv_gate_sum_abs=0.000000e+00 recv_gate_max_abs=0.000000e+00 recv_gate_zero=0 recv_down_sum_abs=0.000000e+00 recv_down_max_abs=0.000000e+00 recv_down_zero=0 recv_other_sum_abs=0.000000e+00 recv_other_max_abs=0.000000e+00 recv_other_zero=0 recv_ffn_sum_abs=0.000000e+00 recv_ffn_max_abs=0.000000e+00 recv_ffn_zero=0
SUCCEED (one forward pass done)"
4c_high,0,major_only_no_svd,p=1;major=60,ok,"60,61,62,63","70,80,90,100",6.43298,4974.37,,,,,,182.007,6.396952867507935,,,"llama_context: graph splits = 1
attach_threadpool: call
threads: decode=1 batch=1
prompt tokens: 4
running one forward pass (llama_decode) ...
Top-5 next-token candidates:
  id=11 logit=21.0211 piece="",""
  id=3837 logit=19.3304 piece=""，""
  id=1052 logit=19.1368 piece="" there""
  id=304 logit=19.024 piece="" in""
  id=264 logit=18.1601 piece="" a""
Autoregressive generation:
Generated text: , there was a little girl named Lily. She lived in a small village with her family. One day, Lily's mom told her about a magical forest that
Decode-only throughput: 6.43298 tokens/s (32 tokens in 4.97437 s of llama_decode)
End-to-end throughput: 6.41902 tokens/s (32 tokens in 4.98519 s)
[decode-stage-profile] model_load=955.779 ms context_create=60.9403 ms tokenize=0.46917 ms prefill_decode=182.007 ms generation_decode=4974.37 ms generation_total=4985.19 ms program_total=6200.6 ms
[svd-local-op-profile] up_ops=0 gate_ops=0 down_ops=0 up_total=0.000 ms gate_total=0.000 ms down_total=0.000 ms up_v=0.000 ms gate_v=0.000 ms down_v=0.000 ms up_u=0.000 ms gate_u=0.000 ms down_u=0.000 ms
[svd-local-stage-profile] attention_total=47.009 ms ffn_total=3669.689 ms ffn_svd_total=0.000 ms ffn_svd_v=0.000 ms ffn_svd_u=0.000 ms
[svd-offload-zero-profile] up_finish=0 up_cache=0 up_no_request=0 gate_finish=0 gate_cache=0 gate_no_request=0 down_finish=0 down_cache=0 down_no_request=0 other_finish=0 other_cache=0 other_no_request=0
[svd-local-timeout-profile] up_keep=0 up_drop=0 up_wait=0.000 ms gate_keep=0 gate_drop=0 gate_wait=0.000 ms down_keep=0 down_drop=0 down_wait=0.000 ms other_keep=0 other_drop=0 other_wait=0.000 ms
[svd-offload-client] up_gate_req=0 down_req=0 other_mat_req=0 ffn_req=0 gate_cache_hits=0 gate_cache_checks=0 miss_invalid=0 miss_layer=0 miss_rank=0 miss_hash=0 miss_output=0 miss_data=0 send_up_gate=0.000 ms send_down=0.000 ms send_other=0.000 ms send_ffn=0.000 ms wait_up_gate=0.000 ms wait_down=0.000 ms wait_other=0.000 ms wait_ffn=0.000 ms
[svd-offload-client-stage-profile] rpc_send_total=0.000 ms rpc_wait_total=0.000 ms
[svd-offload-client-debug] finish_fail_up_gate=0 finish_fail_down=0 finish_fail_other=0 finish_fail_ffn=0 cache_take_fail_up=0 cache_take_fail_gate=0 recv_up_sum_abs=0.000000e+00 recv_up_max_abs=0.000000e+00 recv_up_zero=0 recv_gate_sum_abs=0.000000e+00 recv_gate_max_abs=0.000000e+00 recv_gate_zero=0 recv_down_sum_abs=0.000000e+00 recv_down_max_abs=0.000000e+00 recv_down_zero=0 recv_other_sum_abs=0.000000e+00 recv_other_max_abs=0.000000e+00 recv_other_zero=0 recv_ffn_sum_abs=0.000000e+00 recv_ffn_max_abs=0.000000e+00 recv_ffn_zero=0
SUCCEED (one forward pass done)"
4c_high,0,major_only_no_svd,"p=2;major=60,61",ok,"60,61,62,63","70,80,90,100",13.0965,2443.4,,,,,,101.78,3.802135944366455,,,"llama_context: graph splits = 1
attach_threadpool: call
threads: decode=2 batch=2
prompt tokens: 4
running one forward pass (llama_decode) ...
Top-5 next-token candidates:
  id=11 logit=21.0211 piece="",""
  id=3837 logit=19.3304 piece=""，""
  id=1052 logit=19.1368 piece="" there""
  id=304 logit=19.024 piece="" in""
  id=264 logit=18.1601 piece="" a""
Autoregressive generation:
Generated text: , there was a little girl named Lily. She lived in a small village with her family. One day, Lily's mom told her about a magical forest that
Decode-only throughput: 13.0965 tokens/s (32 tokens in 2.4434 s of llama_decode)
End-to-end throughput: 13.0382 tokens/s (32 tokens in 2.45433 s)
[decode-stage-profile] model_load=940.275 ms context_create=63.8704 ms tokenize=0.470159 ms prefill_decode=101.78 ms generation_decode=2443.4 ms generation_total=2454.33 ms program_total=3577.64 ms
[svd-local-op-profile] up_ops=0 gate_ops=0 down_ops=0 up_total=0.000 ms gate_total=0.000 ms down_total=0.000 ms up_v=0.000 ms gate_v=0.000 ms down_v=0.000 ms up_u=0.000 ms gate_u=0.000 ms down_u=0.000 ms
[svd-local-stage-profile] attention_total=20.082 ms ffn_total=1763.889 ms ffn_svd_total=0.000 ms ffn_svd_v=0.000 ms ffn_svd_u=0.000 ms
[svd-offload-zero-profile] up_finish=0 up_cache=0 up_no_request=0 gate_finish=0 gate_cache=0 gate_no_request=0 down_finish=0 down_cache=0 down_no_request=0 other_finish=0 other_cache=0 other_no_request=0
[svd-local-timeout-profile] up_keep=0 up_drop=0 up_wait=0.000 ms gate_keep=0 gate_drop=0 gate_wait=0.000 ms down_keep=0 down_drop=0 down_wait=0.000 ms other_keep=0 other_drop=0 other_wait=0.000 ms
[svd-offload-client] up_gate_req=0 down_req=0 other_mat_req=0 ffn_req=0 gate_cache_hits=0 gate_cache_checks=0 miss_invalid=0 miss_layer=0 miss_rank=0 miss_hash=0 miss_output=0 miss_data=0 send_up_gate=0.000 ms send_down=0.000 ms send_other=0.000 ms send_ffn=0.000 ms wait_up_gate=0.000 ms wait_down=0.000 ms wait_other=0.000 ms wait_ffn=0.000 ms
[svd-offload-client-stage-profile] rpc_send_total=0.000 ms rpc_wait_total=0.000 ms
[svd-offload-client-debug] finish_fail_up_gate=0 finish_fail_down=0 finish_fail_other=0 finish_fail_ffn=0 cache_take_fail_up=0 cache_take_fail_gate=0 recv_up_sum_abs=0.000000e+00 recv_up_max_abs=0.000000e+00 recv_up_zero=0 recv_gate_sum_abs=0.000000e+00 recv_gate_max_abs=0.000000e+00 recv_gate_zero=0 recv_down_sum_abs=0.000000e+00 recv_down_max_abs=0.000000e+00 recv_down_zero=0 recv_other_sum_abs=0.000000e+00 recv_other_max_abs=0.000000e+00 recv_other_zero=0 recv_ffn_sum_abs=0.000000e+00 recv_ffn_max_abs=0.000000e+00 recv_ffn_zero=0
SUCCEED (one forward pass done)"
4c_high,0,major_only_no_svd,"p=3;major=60,61,62",ok,"60,61,62,63","70,80,90,100",16.6009,1927.6,,,,,,73.2314,3.2768590450286865,,,"llama_context: graph splits = 1
attach_threadpool: call
threads: decode=3 batch=3
prompt tokens: 4
running one forward pass (llama_decode) ...
Top-5 next-token candidates:
  id=11 logit=21.0211 piece="",""
  id=3837 logit=19.3304 piece=""，""
  id=1052 logit=19.1368 piece="" there""
  id=304 logit=19.024 piece="" in""
  id=264 logit=18.1601 piece="" a""
Autoregressive generation:
Generated text: , there was a little girl named Lily. She lived in a small village with her family. One day, Lily's mom told her about a magical forest that
Decode-only throughput: 16.6009 tokens/s (32 tokens in 1.9276 s of llama_decode)
End-to-end throughput: 16.5058 tokens/s (32 tokens in 1.93872 s)
[decode-stage-profile] model_load=925.34 ms context_create=60.9685 ms tokenize=0.467602 ms prefill_decode=73.2314 ms generation_decode=1927.6 ms generation_total=1938.72 ms program_total=3015.05 ms
[svd-local-op-profile] up_ops=0 gate_ops=0 down_ops=0 up_total=0.000 ms gate_total=0.000 ms down_total=0.000 ms up_v=0.000 ms gate_v=0.000 ms down_v=0.000 ms up_u=0.000 ms gate_u=0.000 ms down_u=0.000 ms
[svd-local-stage-profile] attention_total=29.226 ms ffn_total=1385.751 ms ffn_svd_total=0.000 ms ffn_svd_v=0.000 ms ffn_svd_u=0.000 ms
[svd-offload-zero-profile] up_finish=0 up_cache=0 up_no_request=0 gate_finish=0 gate_cache=0 gate_no_request=0 down_finish=0 down_cache=0 down_no_request=0 other_finish=0 other_cache=0 other_no_request=0
[svd-local-timeout-profile] up_keep=0 up_drop=0 up_wait=0.000 ms gate_keep=0 gate_drop=0 gate_wait=0.000 ms down_keep=0 down_drop=0 down_wait=0.000 ms other_keep=0 other_drop=0 other_wait=0.000 ms
[svd-offload-client] up_gate_req=0 down_req=0 other_mat_req=0 ffn_req=0 gate_cache_hits=0 gate_cache_checks=0 miss_invalid=0 miss_layer=0 miss_rank=0 miss_hash=0 miss_output=0 miss_data=0 send_up_gate=0.000 ms send_down=0.000 ms send_other=0.000 ms send_ffn=0.000 ms wait_up_gate=0.000 ms wait_down=0.000 ms wait_other=0.000 ms wait_ffn=0.000 ms
[svd-offload-client-stage-profile] rpc_send_total=0.000 ms rpc_wait_total=0.000 ms
[svd-offload-client-debug] finish_fail_up_gate=0 finish_fail_down=0 finish_fail_other=0 finish_fail_ffn=0 cache_take_fail_up=0 cache_take_fail_gate=0 recv_up_sum_abs=0.000000e+00 recv_up_max_abs=0.000000e+00 recv_up_zero=0 recv_gate_sum_abs=0.000000e+00 recv_gate_max_abs=0.000000e+00 recv_gate_zero=0 recv_down_sum_abs=0.000000e+00 recv_down_max_abs=0.000000e+00 recv_down_zero=0 recv_other_sum_abs=0.000000e+00 recv_other_max_abs=0.000000e+00 recv_other_zero=0 recv_ffn_sum_abs=0.000000e+00 recv_ffn_max_abs=0.000000e+00 recv_ffn_zero=0
SUCCEED (one forward pass done)"
4c_high,0,edge_end_no_svd,"M=2;PC=[0,2);Phone=[2,28)",ok,"60,61,62,63","70,80,90,100",15.5421,64.3413,32,2058.92,593.8,988.65,476.262,,5.527646780014038,4c_high_r0_M2_client.log,4c_high_r0_M2_server.log,
4c_high,0,edge_end_no_svd,"M=4;PC=[0,4);Phone=[4,28)",ok,"60,61,62,63","70,80,90,100",11.4103,87.6405,32,2804.5,1133.55,1014.16,656.652,,5.175462484359741,4c_high_r0_M4_client.log,4c_high_r0_M4_server.log,
4c_high,0,edge_end_no_svd,"M=6;PC=[0,6);Phone=[6,28)",ok,"60,61,62,63","70,80,90,100",9.28183,107.737,32,3447.59,1635.98,1161.15,650.332,,6.106914520263672,4c_high_r0_M6_client.log,4c_high_r0_M6_server.log,
4c_high,0,edge_end_no_svd,"M=8;PC=[0,8);Phone=[8,28)",ok,"60,61,62,63","70,80,90,100",8.16788,122.431,32,3917.79,2570.43,846.899,500.32,,6.465636730194092,4c_high_r0_M8_client.log,4c_high_r0_M8_server.log,
4c_high,0,edge_end_no_svd,"M=12;PC=[0,12);Phone=[12,28)",ok,"60,61,62,63","70,80,90,100",3.14954,317.507,32,10160.2,3782.76,1225.78,5151.48,,13.20918893814087,4c_high_r0_M12_client.log,4c_high_r0_M12_server.log,
4c_high,0,edge_end_no_svd,"M=16;PC=[0,16);Phone=[16,28)",ok,"60,61,62,63","70,80,90,100",3.90612,256.008,32,8192.27,5116.47,934.895,2140.73,,14.740086555480957,4c_high_r0_M16_client.log,4c_high_r0_M16_server.log,
4c_high,0,edge_end_no_svd,"M=20;PC=[0,20);Phone=[20,28)",ok,"60,61,62,63","70,80,90,100",1.65578,603.943,32,19326.2,5749.23,1554.67,12022.1,,22.450917720794678,4c_high_r0_M20_client.log,4c_high_r0_M20_server.log,
4c_high,1,baseline_no_svd,"60,61,62,63",ok,"60,61,62,63","70,80,90,100",18.56,1724.14,,,,,,1267.1,4.3478710651397705,,,"llama_context: graph splits = 1
attach_threadpool: call
threads: decode=4 batch=4
prompt tokens: 4
running one forward pass (llama_decode) ...
Top-5 next-token candidates:
  id=11 logit=21.0211 piece="",""
  id=3837 logit=19.3304 piece=""，""
  id=1052 logit=19.1368 piece="" there""
  id=304 logit=19.024 piece="" in""
  id=264 logit=18.1601 piece="" a""
Autoregressive generation:
Generated text: , there was a little girl named Lily. She lived in a small village with her family. One day, Lily's mom told her about a magical forest that
Decode-only throughput: 18.56 tokens/s (32 tokens in 1.72414 s of llama_decode)
End-to-end throughput: 18.4447 tokens/s (32 tokens in 1.73491 s)
[decode-stage-profile] model_load=999.325 ms context_create=60.8916 ms tokenize=0.475392 ms prefill_decode=1267.1 ms generation_decode=1724.14 ms generation_total=1734.91 ms program_total=4080.21 ms
[svd-local-op-profile] up_ops=0 gate_ops=0 down_ops=0 up_total=0.000 ms gate_total=0.000 ms down_total=0.000 ms up_v=0.000 ms gate_v=0.000 ms down_v=0.000 ms up_u=0.000 ms gate_u=0.000 ms down_u=0.000 ms
[svd-local-stage-profile] attention_total=271.228 ms ffn_total=1338.196 ms ffn_svd_total=0.000 ms ffn_svd_v=0.000 ms ffn_svd_u=0.000 ms
[svd-offload-zero-profile] up_finish=0 up_cache=0 up_no_request=0 gate_finish=0 gate_cache=0 gate_no_request=0 down_finish=0 down_cache=0 down_no_request=0 other_finish=0 other_cache=0 other_no_request=0
[svd-local-timeout-profile] up_keep=0 up_drop=0 up_wait=0.000 ms gate_keep=0 gate_drop=0 gate_wait=0.000 ms down_keep=0 down_drop=0 down_wait=0.000 ms other_keep=0 other_drop=0 other_wait=0.000 ms
[svd-offload-client] up_gate_req=0 down_req=0 other_mat_req=0 ffn_req=0 gate_cache_hits=0 gate_cache_checks=0 miss_invalid=0 miss_layer=0 miss_rank=0 miss_hash=0 miss_output=0 miss_data=0 send_up_gate=0.000 ms send_down=0.000 ms send_other=0.000 ms send_ffn=0.000 ms wait_up_gate=0.000 ms wait_down=0.000 ms wait_other=0.000 ms wait_ffn=0.000 ms
[svd-offload-client-stage-profile] rpc_send_total=0.000 ms rpc_wait_total=0.000 ms
[svd-offload-client-debug] finish_fail_up_gate=0 finish_fail_down=0 finish_fail_other=0 finish_fail_ffn=0 cache_take_fail_up=0 cache_take_fail_gate=0 recv_up_sum_abs=0.000000e+00 recv_up_max_abs=0.000000e+00 recv_up_zero=0 recv_gate_sum_abs=0.000000e+00 recv_gate_max_abs=0.000000e+00 recv_gate_zero=0 recv_down_sum_abs=0.000000e+00 recv_down_max_abs=0.000000e+00 recv_down_zero=0 recv_other_sum_abs=0.000000e+00 recv_other_max_abs=0.000000e+00 recv_other_zero=0 recv_ffn_sum_abs=0.000000e+00 recv_ffn_max_abs=0.000000e+00 recv_ffn_zero=0
SUCCEED (one forward pass done)"
4c_high,1,major_only_no_svd,p=1;major=60,ok,"60,61,62,63","70,80,90,100",6.21367,5149.94,,,,,,190.062,6.640969753265381,,,"llama_context: graph splits = 1
attach_threadpool: call
threads: decode=1 batch=1
prompt tokens: 4
running one forward pass (llama_decode) ...
Top-5 next-token candidates:
  id=11 logit=21.0211 piece="",""
  id=3837 logit=19.3304 piece=""，""
  id=1052 logit=19.1368 piece="" there""
  id=304 logit=19.024 piece="" in""
  id=264 logit=18.1601 piece="" a""
Autoregressive generation:
Generated text: , there was a little girl named Lily. She lived in a small village with her family. One day, Lily's mom told her about a magical forest that
Decode-only throughput: 6.21367 tokens/s (32 tokens in 5.14994 s of llama_decode)
End-to-end throughput: 6.20089 tokens/s (32 tokens in 5.16055 s)
[decode-stage-profile] model_load=982.341 ms context_create=72.286 ms tokenize=0.894746 ms prefill_decode=190.062 ms generation_decode=5149.94 ms generation_total=5160.55 ms program_total=6423.06 ms
[svd-local-op-profile] up_ops=0 gate_ops=0 down_ops=0 up_total=0.000 ms gate_total=0.000 ms down_total=0.000 ms up_v=0.000 ms gate_v=0.000 ms down_v=0.000 ms up_u=0.000 ms gate_u=0.000 ms down_u=0.000 ms
[svd-local-stage-profile] attention_total=52.924 ms ffn_total=3764.557 ms ffn_svd_total=0.000 ms ffn_svd_v=0.000 ms ffn_svd_u=0.000 ms
[svd-offload-zero-profile] up_finish=0 up_cache=0 up_no_request=0 gate_finish=0 gate_cache=0 gate_no_request=0 down_finish=0 down_cache=0 down_no_request=0 other_finish=0 other_cache=0 other_no_request=0
[svd-local-timeout-profile] up_keep=0 up_drop=0 up_wait=0.000 ms gate_keep=0 gate_drop=0 gate_wait=0.000 ms down_keep=0 down_drop=0 down_wait=0.000 ms other_keep=0 other_drop=0 other_wait=0.000 ms
[svd-offload-client] up_gate_req=0 down_req=0 other_mat_req=0 ffn_req=0 gate_cache_hits=0 gate_cache_checks=0 miss_invalid=0 miss_layer=0 miss_rank=0 miss_hash=0 miss_output=0 miss_data=0 send_up_gate=0.000 ms send_down=0.000 ms send_other=0.000 ms send_ffn=0.000 ms wait_up_gate=0.000 ms wait_down=0.000 ms wait_other=0.000 ms wait_ffn=0.000 ms
[svd-offload-client-stage-profile] rpc_send_total=0.000 ms rpc_wait_total=0.000 ms
[svd-offload-client-debug] finish_fail_up_gate=0 finish_fail_down=0 finish_fail_other=0 finish_fail_ffn=0 cache_take_fail_up=0 cache_take_fail_gate=0 recv_up_sum_abs=0.000000e+00 recv_up_max_abs=0.000000e+00 recv_up_zero=0 recv_gate_sum_abs=0.000000e+00 recv_gate_max_abs=0.000000e+00 recv_gate_zero=0 recv_down_sum_abs=0.000000e+00 recv_down_max_abs=0.000000e+00 recv_down_zero=0 recv_other_sum_abs=0.000000e+00 recv_other_max_abs=0.000000e+00 recv_other_zero=0 recv_ffn_sum_abs=0.000000e+00 recv_ffn_max_abs=0.000000e+00 recv_ffn_zero=0
SUCCEED (one forward pass done)"
4c_high,1,major_only_no_svd,"p=2;major=60,61",ok,"60,61,62,63","70,80,90,100",12.6562,2528.4,,,,,,104.852,3.863499164581299,,,"llama_context: graph splits = 1
attach_threadpool: call
threads: decode=2 batch=2
prompt tokens: 4
running one forward pass (llama_decode) ...
Top-5 next-token candidates:
  id=11 logit=21.0211 piece="",""
  id=3837 logit=19.3304 piece=""，""
  id=1052 logit=19.1368 piece="" there""
  id=304 logit=19.024 piece="" in""
  id=264 logit=18.1601 piece="" a""
Autoregressive generation:
Generated text: , there was a little girl named Lily. She lived in a small village with her family. One day, Lily's mom told her about a magical forest that
Decode-only throughput: 12.6562 tokens/s (32 tokens in 2.5284 s of llama_decode)
End-to-end throughput: 12.6006 tokens/s (32 tokens in 2.53956 s)
[decode-stage-profile] model_load=930.563 ms context_create=72.8821 ms tokenize=0.89394 ms prefill_decode=104.852 ms generation_decode=2528.4 ms generation_total=2539.56 ms program_total=3667.38 ms
[svd-local-op-profile] up_ops=0 gate_ops=0 down_ops=0 up_total=0.000 ms gate_total=0.000 ms down_total=0.000 ms up_v=0.000 ms gate_v=0.000 ms down_v=0.000 ms up_u=0.000 ms gate_u=0.000 ms down_u=0.000 ms
[svd-local-stage-profile] attention_total=21.137 ms ffn_total=1833.106 ms ffn_svd_total=0.000 ms ffn_svd_v=0.000 ms ffn_svd_u=0.000 ms
[svd-offload-zero-profile] up_finish=0 up_cache=0 up_no_request=0 gate_finish=0 gate_cache=0 gate_no_request=0 down_finish=0 down_cache=0 down_no_request=0 other_finish=0 other_cache=0 other_no_request=0
[svd-local-timeout-profile] up_keep=0 up_drop=0 up_wait=0.000 ms gate_keep=0 gate_drop=0 gate_wait=0.000 ms down_keep=0 down_drop=0 down_wait=0.000 ms other_keep=0 other_drop=0 other_wait=0.000 ms
[svd-offload-client] up_gate_req=0 down_req=0 other_mat_req=0 ffn_req=0 gate_cache_hits=0 gate_cache_checks=0 miss_invalid=0 miss_layer=0 miss_rank=0 miss_hash=0 miss_output=0 miss_data=0 send_up_gate=0.000 ms send_down=0.000 ms send_other=0.000 ms send_ffn=0.000 ms wait_up_gate=0.000 ms wait_down=0.000 ms wait_other=0.000 ms wait_ffn=0.000 ms
[svd-offload-client-stage-profile] rpc_send_total=0.000 ms rpc_wait_total=0.000 ms
[svd-offload-client-debug] finish_fail_up_gate=0 finish_fail_down=0 finish_fail_other=0 finish_fail_ffn=0 cache_take_fail_up=0 cache_take_fail_gate=0 recv_up_sum_abs=0.000000e+00 recv_up_max_abs=0.000000e+00 recv_up_zero=0 recv_gate_sum_abs=0.000000e+00 recv_gate_max_abs=0.000000e+00 recv_gate_zero=0 recv_down_sum_abs=0.000000e+00 recv_down_max_abs=0.000000e+00 recv_down_zero=0 recv_other_sum_abs=0.000000e+00 recv_other_max_abs=0.000000e+00 recv_other_zero=0 recv_ffn_sum_abs=0.000000e+00 recv_ffn_max_abs=0.000000e+00 recv_ffn_zero=0
SUCCEED (one forward pass done)"
4c_high,1,major_only_no_svd,"p=3;major=60,61,62",ok,"60,61,62,63","70,80,90,100",18.1215,1765.86,,,,,,74.0909,3.086369752883911,,,"llama_context: graph splits = 1
attach_threadpool: call
threads: decode=3 batch=3
prompt tokens: 4
running one forward pass (llama_decode) ...
Top-5 next-token candidates:
  id=11 logit=21.0211 piece="",""
  id=3837 logit=19.3304 piece=""，""
  id=1052 logit=19.1368 piece="" there""
  id=304 logit=19.024 piece="" in""
  id=264 logit=18.1601 piece="" a""
Autoregressive generation:
Generated text: , there was a little girl named Lily. She lived in a small village with her family. One day, Lily's mom told her about a magical forest that
Decode-only throughput: 18.1215 tokens/s (32 tokens in 1.76586 s of llama_decode)
End-to-end throughput: 18.0088 tokens/s (32 tokens in 1.77691 s)
[decode-stage-profile] model_load=951.337 ms context_create=61.8684 ms tokenize=0.4786 ms prefill_decode=74.0909 ms generation_decode=1765.86 ms generation_total=1776.91 ms program_total=2881.03 ms
[svd-local-op-profile] up_ops=0 gate_ops=0 down_ops=0 up_total=0.000 ms gate_total=0.000 ms down_total=0.000 ms up_v=0.000 ms gate_v=0.000 ms down_v=0.000 ms up_u=0.000 ms gate_u=0.000 ms down_u=0.000 ms
[svd-local-stage-profile] attention_total=17.850 ms ffn_total=1267.781 ms ffn_svd_total=0.000 ms ffn_svd_v=0.000 ms ffn_svd_u=0.000 ms
[svd-offload-zero-profile] up_finish=0 up_cache=0 up_no_request=0 gate_finish=0 gate_cache=0 gate_no_request=0 down_finish=0 down_cache=0 down_no_request=0 other_finish=0 other_cache=0 other_no_request=0
[svd-local-timeout-profile] up_keep=0 up_drop=0 up_wait=0.000 ms gate_keep=0 gate_drop=0 gate_wait=0.000 ms down_keep=0 down_drop=0 down_wait=0.000 ms other_keep=0 other_drop=0 other_wait=0.000 ms
[svd-offload-client] up_gate_req=0 down_req=0 other_mat_req=0 ffn_req=0 gate_cache_hits=0 gate_cache_checks=0 miss_invalid=0 miss_layer=0 miss_rank=0 miss_hash=0 miss_output=0 miss_data=0 send_up_gate=0.000 ms send_down=0.000 ms send_other=0.000 ms send_ffn=0.000 ms wait_up_gate=0.000 ms wait_down=0.000 ms wait_other=0.000 ms wait_ffn=0.000 ms
[svd-offload-client-stage-profile] rpc_send_total=0.000 ms rpc_wait_total=0.000 ms
[svd-offload-client-debug] finish_fail_up_gate=0 finish_fail_down=0 finish_fail_other=0 finish_fail_ffn=0 cache_take_fail_up=0 cache_take_fail_gate=0 recv_up_sum_abs=0.000000e+00 recv_up_max_abs=0.000000e+00 recv_up_zero=0 recv_gate_sum_abs=0.000000e+00 recv_gate_max_abs=0.000000e+00 recv_gate_zero=0 recv_down_sum_abs=0.000000e+00 recv_down_max_abs=0.000000e+00 recv_down_zero=0 recv_other_sum_abs=0.000000e+00 recv_other_max_abs=0.000000e+00 recv_other_zero=0 recv_ffn_sum_abs=0.000000e+00 recv_ffn_max_abs=0.000000e+00 recv_ffn_zero=0
SUCCEED (one forward pass done)"
4c_high,1,edge_end_no_svd,"M=2;PC=[0,2);Phone=[2,28)",ok,"60,61,62,63","70,80,90,100",16.3211,61.2703,32,1960.65,475.959,985.745,498.844,,5.001899242401123,4c_high_r1_M2_client.log,4c_high_r1_M2_server.log,
4c_high,1,edge_end_no_svd,"M=4;PC=[0,4);Phone=[4,28)",ok,"60,61,62,63","70,80,90,100",12.596,79.3904,32,2540.49,961.847,1011.63,566.915,,5.492284059524536,4c_high_r1_M4_client.log,4c_high_r1_M4_server.log,
4c_high,1,edge_end_no_svd,"M=6;PC=[0,6);Phone=[6,28)",ok,"60,61,62,63","70,80,90,100",10.3178,96.9198,32,3101.43,1579.19,798.471,723.653,,5.344486236572266,4c_high_r1_M6_client.log,4c_high_r1_M6_server.log,
4c_high,1,edge_end_no_svd,"M=8;PC=[0,8);Phone=[8,28)",ok,"60,61,62,63","70,80,90,100",8.57691,116.592,32,3730.95,2345.61,754.178,631.024,,6.411766052246094,4c_high_r1_M8_client.log,4c_high_r1_M8_server.log,
4c_high,1,edge_end_no_svd,"M=12;PC=[0,12);Phone=[12,28)",ok,"60,61,62,63","70,80,90,100",4.65318,214.907,32,6877.02,3718.13,641.156,2517.56,,9.875088930130005,4c_high_r1_M12_client.log,4c_high_r1_M12_server.log,
4c_high,1,edge_end_no_svd,"M=16;PC=[0,16);Phone=[16,28)",ok,"60,61,62,63","70,80,90,100",2.48049,403.147,32,12900.7,4445.63,1938.07,6516.84,,16.081836462020874,4c_high_r1_M16_client.log,4c_high_r1_M16_server.log,
4c_high,1,edge_end_no_svd,"M=20;PC=[0,20);Phone=[20,28)",ok,"60,61,62,63","70,80,90,100",3.24475,308.19,32,9862.08,5796.39,992.301,3073.18,,13.251185417175293,4c_high_r1_M20_client.log,4c_high_r1_M20_server.log,
8c_high,0,baseline_no_svd,"60,61,62,63,64,65,66,67",ok,"60,61,62,63,64,65,66,67","30,40,50,60,70,80,90,100",29.3004,1092.14,,,,,,6743.42,9.212002992630005,,,"llama_context: graph splits = 1
attach_threadpool: call
threads: decode=8 batch=8
prompt tokens: 4
running one forward pass (llama_decode) ...
Top-5 next-token candidates:
  id=11 logit=21.0211 piece="",""
  id=3837 logit=19.3304 piece=""，""
  id=1052 logit=19.1368 piece="" there""
  id=304 logit=19.024 piece="" in""
  id=264 logit=18.1601 piece="" a""
Autoregressive generation:
Generated text: , there was a little girl named Lily. She lived in a small village with her family. One day, Lily's mom told her about a magical forest that
Decode-only throughput: 29.3004 tokens/s (32 tokens in 1.09214 s of llama_decode)
End-to-end throughput: 28.9995 tokens/s (32 tokens in 1.10347 s)
[decode-stage-profile] model_load=1073.21 ms context_create=73.0653 ms tokenize=0.818907 ms prefill_decode=6743.42 ms generation_decode=1092.14 ms generation_total=1103.47 ms program_total=9012.82 ms
[svd-local-op-profile] up_ops=0 gate_ops=0 down_ops=0 up_total=0.000 ms gate_total=0.000 ms down_total=0.000 ms up_v=0.000 ms gate_v=0.000 ms down_v=0.000 ms up_u=0.000 ms gate_u=0.000 ms down_u=0.000 ms
[svd-local-stage-profile] attention_total=1130.475 ms ffn_total=1425.888 ms ffn_svd_total=0.000 ms ffn_svd_v=0.000 ms ffn_svd_u=0.000 ms
[svd-offload-zero-profile] up_finish=0 up_cache=0 up_no_request=0 gate_finish=0 gate_cache=0 gate_no_request=0 down_finish=0 down_cache=0 down_no_request=0 other_finish=0 other_cache=0 other_no_request=0
[svd-local-timeout-profile] up_keep=0 up_drop=0 up_wait=0.000 ms gate_keep=0 gate_drop=0 gate_wait=0.000 ms down_keep=0 down_drop=0 down_wait=0.000 ms other_keep=0 other_drop=0 other_wait=0.000 ms
[svd-offload-client] up_gate_req=0 down_req=0 other_mat_req=0 ffn_req=0 gate_cache_hits=0 gate_cache_checks=0 miss_invalid=0 miss_layer=0 miss_rank=0 miss_hash=0 miss_output=0 miss_data=0 send_up_gate=0.000 ms send_down=0.000 ms send_other=0.000 ms send_ffn=0.000 ms wait_up_gate=0.000 ms wait_down=0.000 ms wait_other=0.000 ms wait_ffn=0.000 ms
[svd-offload-client-stage-profile] rpc_send_total=0.000 ms rpc_wait_total=0.000 ms
[svd-offload-client-debug] finish_fail_up_gate=0 finish_fail_down=0 finish_fail_other=0 finish_fail_ffn=0 cache_take_fail_up=0 cache_take_fail_gate=0 recv_up_sum_abs=0.000000e+00 recv_up_max_abs=0.000000e+00 recv_up_zero=0 recv_gate_sum_abs=0.000000e+00 recv_gate_max_abs=0.000000e+00 recv_gate_zero=0 recv_down_sum_abs=0.000000e+00 recv_down_max_abs=0.000000e+00 recv_down_zero=0 recv_other_sum_abs=0.000000e+00 recv_other_max_abs=0.000000e+00 recv_other_zero=0 recv_ffn_sum_abs=0.000000e+00 recv_ffn_max_abs=0.000000e+00 recv_ffn_zero=0
SUCCEED (one forward pass done)"
8c_high,0,major_only_no_svd,"p=4;major=60,61,62,63",ok,"60,61,62,63,64,65,66,67","30,40,50,60,70,80,90,100",21.0898,1517.32,,,,,,133.967,2.937052011489868,,,"llama_context: graph splits = 1
attach_threadpool: call
threads: decode=4 batch=4
prompt tokens: 4
running one forward pass (llama_decode) ...
Top-5 next-token candidates:
  id=11 logit=21.0211 piece="",""
  id=3837 logit=19.3304 piece=""，""
  id=1052 logit=19.1368 piece="" there""
  id=304 logit=19.024 piece="" in""
  id=264 logit=18.1601 piece="" a""
Autoregressive generation:
Generated text: , there was a little girl named Lily. She lived in a small village with her family. One day, Lily's mom told her about a magical forest that
Decode-only throughput: 21.0898 tokens/s (32 tokens in 1.51732 s of llama_decode)
End-to-end throughput: 20.9332 tokens/s (32 tokens in 1.52867 s)
[decode-stage-profile] model_load=993.255 ms context_create=72.0491 ms tokenize=0.490566 ms prefill_decode=133.967 ms generation_decode=1517.32 ms generation_total=1528.67 ms program_total=2749.7 ms
[svd-local-op-profile] up_ops=0 gate_ops=0 down_ops=0 up_total=0.000 ms gate_total=0.000 ms down_total=0.000 ms up_v=0.000 ms gate_v=0.000 ms down_v=0.000 ms up_u=0.000 ms gate_u=0.000 ms down_u=0.000 ms
[svd-local-stage-profile] attention_total=51.507 ms ffn_total=1060.766 ms ffn_svd_total=0.000 ms ffn_svd_v=0.000 ms ffn_svd_u=0.000 ms
[svd-offload-zero-profile] up_finish=0 up_cache=0 up_no_request=0 gate_finish=0 gate_cache=0 gate_no_request=0 down_finish=0 down_cache=0 down_no_request=0 other_finish=0 other_cache=0 other_no_request=0
[svd-local-timeout-profile] up_keep=0 up_drop=0 up_wait=0.000 ms gate_keep=0 gate_drop=0 gate_wait=0.000 ms down_keep=0 down_drop=0 down_wait=0.000 ms other_keep=0 other_drop=0 other_wait=0.000 ms
[svd-offload-client] up_gate_req=0 down_req=0 other_mat_req=0 ffn_req=0 gate_cache_hits=0 gate_cache_checks=0 miss_invalid=0 miss_layer=0 miss_rank=0 miss_hash=0 miss_output=0 miss_data=0 send_up_gate=0.000 ms send_down=0.000 ms send_other=0.000 ms send_ffn=0.000 ms wait_up_gate=0.000 ms wait_down=0.000 ms wait_other=0.000 ms wait_ffn=0.000 ms
[svd-offload-client-stage-profile] rpc_send_total=0.000 ms rpc_wait_total=0.000 ms
[svd-offload-client-debug] finish_fail_up_gate=0 finish_fail_down=0 finish_fail_other=0 finish_fail_ffn=0 cache_take_fail_up=0 cache_take_fail_gate=0 recv_up_sum_abs=0.000000e+00 recv_up_max_abs=0.000000e+00 recv_up_zero=0 recv_gate_sum_abs=0.000000e+00 recv_gate_max_abs=0.000000e+00 recv_gate_zero=0 recv_down_sum_abs=0.000000e+00 recv_down_max_abs=0.000000e+00 recv_down_zero=0 recv_other_sum_abs=0.000000e+00 recv_other_max_abs=0.000000e+00 recv_other_zero=0 recv_ffn_sum_abs=0.000000e+00 recv_ffn_max_abs=0.000000e+00 recv_ffn_zero=0
SUCCEED (one forward pass done)"
8c_high,0,major_only_no_svd,"p=6;major=60,61,62,63,64,65",ok,"60,61,62,63,64,65,66,67","30,40,50,60,70,80,90,100",25.5044,1254.69,,,,,,395.079,3.1310553550720215,,,"llama_context: graph splits = 1
attach_threadpool: call
threads: decode=6 batch=6
prompt tokens: 4
running one forward pass (llama_decode) ...
Top-5 next-token candidates:
  id=11 logit=21.0211 piece="",""
  id=3837 logit=19.3304 piece=""，""
  id=1052 logit=19.1368 piece="" there""
  id=304 logit=19.024 piece="" in""
  id=264 logit=18.1601 piece="" a""
Autoregressive generation:
Generated text: , there was a little girl named Lily. She lived in a small village with her family. One day, Lily's mom told her about a magical forest that
Decode-only throughput: 25.5044 tokens/s (32 tokens in 1.25469 s of llama_decode)
End-to-end throughput: 25.2703 tokens/s (32 tokens in 1.26631 s)
[decode-stage-profile] model_load=1175.83 ms context_create=54.8727 ms tokenize=0.445324 ms prefill_decode=395.079 ms generation_decode=1254.69 ms generation_total=1266.31 ms program_total=2908.2 ms
[svd-local-op-profile] up_ops=0 gate_ops=0 down_ops=0 up_total=0.000 ms gate_total=0.000 ms down_total=0.000 ms up_v=0.000 ms gate_v=0.000 ms down_v=0.000 ms up_u=0.000 ms gate_u=0.000 ms down_u=0.000 ms
[svd-local-stage-profile] attention_total=101.118 ms ffn_total=880.057 ms ffn_svd_total=0.000 ms ffn_svd_v=0.000 ms ffn_svd_u=0.000 ms
[svd-offload-zero-profile] up_finish=0 up_cache=0 up_no_request=0 gate_finish=0 gate_cache=0 gate_no_request=0 down_finish=0 down_cache=0 down_no_request=0 other_finish=0 other_cache=0 other_no_request=0
[svd-local-timeout-profile] up_keep=0 up_drop=0 up_wait=0.000 ms gate_keep=0 gate_drop=0 gate_wait=0.000 ms down_keep=0 down_drop=0 down_wait=0.000 ms other_keep=0 other_drop=0 other_wait=0.000 ms
[svd-offload-client] up_gate_req=0 down_req=0 other_mat_req=0 ffn_req=0 gate_cache_hits=0 gate_cache_checks=0 miss_invalid=0 miss_layer=0 miss_rank=0 miss_hash=0 miss_output=0 miss_data=0 send_up_gate=0.000 ms send_down=0.000 ms send_other=0.000 ms send_ffn=0.000 ms wait_up_gate=0.000 ms wait_down=0.000 ms wait_other=0.000 ms wait_ffn=0.000 ms
[svd-offload-client-stage-profile] rpc_send_total=0.000 ms rpc_wait_total=0.000 ms
[svd-offload-client-debug] finish_fail_up_gate=0 finish_fail_down=0 finish_fail_other=0 finish_fail_ffn=0 cache_take_fail_up=0 cache_take_fail_gate=0 recv_up_sum_abs=0.000000e+00 recv_up_max_abs=0.000000e+00 recv_up_zero=0 recv_gate_sum_abs=0.000000e+00 recv_gate_max_abs=0.000000e+00 recv_gate_zero=0 recv_down_sum_abs=0.000000e+00 recv_down_max_abs=0.000000e+00 recv_down_zero=0 recv_other_sum_abs=0.000000e+00 recv_other_max_abs=0.000000e+00 recv_other_zero=0 recv_ffn_sum_abs=0.000000e+00 recv_ffn_max_abs=0.000000e+00 recv_ffn_zero=0
SUCCEED (one forward pass done)"
8c_high,0,major_only_no_svd,"p=7;major=60,61,62,63,64,65,66",ok,"60,61,62,63,64,65,66,67","30,40,50,60,70,80,90,100",26.6438,1201.03,,,,,,799.163,3.428236484527588,,,"llama_context: graph splits = 1
attach_threadpool: call
threads: decode=7 batch=7
prompt tokens: 4
running one forward pass (llama_decode) ...
Top-5 next-token candidates:
  id=11 logit=21.0211 piece="",""
  id=3837 logit=19.3304 piece=""，""
  id=1052 logit=19.1368 piece="" there""
  id=304 logit=19.024 piece="" in""
  id=264 logit=18.1601 piece="" a""
Autoregressive generation:
Generated text: , there was a little girl named Lily. She lived in a small village with her family. One day, Lily's mom told her about a magical forest that
Decode-only throughput: 26.6438 tokens/s (32 tokens in 1.20103 s of llama_decode)
End-to-end throughput: 26.3729 tokens/s (32 tokens in 1.21337 s)
[decode-stage-profile] model_load=1150.52 ms context_create=56.7474 ms tokenize=0.476866 ms prefill_decode=799.163 ms generation_decode=1201.03 ms generation_total=1213.37 ms program_total=3237.36 ms
[svd-local-op-profile] up_ops=0 gate_ops=0 down_ops=0 up_total=0.000 ms gate_total=0.000 ms down_total=0.000 ms up_v=0.000 ms gate_v=0.000 ms down_v=0.000 ms up_u=0.000 ms gate_u=0.000 ms down_u=0.000 ms
[svd-local-stage-profile] attention_total=139.499 ms ffn_total=926.472 ms ffn_svd_total=0.000 ms ffn_svd_v=0.000 ms ffn_svd_u=0.000 ms
[svd-offload-zero-profile] up_finish=0 up_cache=0 up_no_request=0 gate_finish=0 gate_cache=0 gate_no_request=0 down_finish=0 down_cache=0 down_no_request=0 other_finish=0 other_cache=0 other_no_request=0
[svd-local-timeout-profile] up_keep=0 up_drop=0 up_wait=0.000 ms gate_keep=0 gate_drop=0 gate_wait=0.000 ms down_keep=0 down_drop=0 down_wait=0.000 ms other_keep=0 other_drop=0 other_wait=0.000 ms
[svd-offload-client] up_gate_req=0 down_req=0 other_mat_req=0 ffn_req=0 gate_cache_hits=0 gate_cache_checks=0 miss_invalid=0 miss_layer=0 miss_rank=0 miss_hash=0 miss_output=0 miss_data=0 send_up_gate=0.000 ms send_down=0.000 ms send_other=0.000 ms send_ffn=0.000 ms wait_up_gate=0.000 ms wait_down=0.000 ms wait_other=0.000 ms wait_ffn=0.000 ms
[svd-offload-client-stage-profile] rpc_send_total=0.000 ms rpc_wait_total=0.000 ms
[svd-offload-client-debug] finish_fail_up_gate=0 finish_fail_down=0 finish_fail_other=0 finish_fail_ffn=0 cache_take_fail_up=0 cache_take_fail_gate=0 recv_up_sum_abs=0.000000e+00 recv_up_max_abs=0.000000e+00 recv_up_zero=0 recv_gate_sum_abs=0.000000e+00 recv_gate_max_abs=0.000000e+00 recv_gate_zero=0 recv_down_sum_abs=0.000000e+00 recv_down_max_abs=0.000000e+00 recv_down_zero=0 recv_other_sum_abs=0.000000e+00 recv_other_max_abs=0.000000e+00 recv_other_zero=0 recv_ffn_sum_abs=0.000000e+00 recv_ffn_max_abs=0.000000e+00 recv_ffn_zero=0
SUCCEED (one forward pass done)"
8c_high,1,baseline_no_svd,"60,61,62,63,64,65,66,67",ok,"60,61,62,63,64,65,66,67","30,40,50,60,70,80,90,100",28.3973,1126.87,,,,,,6838.94,9.406611204147339,,,"llama_context: graph splits = 1
attach_threadpool: call
threads: decode=8 batch=8
prompt tokens: 4
running one forward pass (llama_decode) ...
Top-5 next-token candidates:
  id=11 logit=21.0211 piece="",""
  id=3837 logit=19.3304 piece=""，""
  id=1052 logit=19.1368 piece="" there""
  id=304 logit=19.024 piece="" in""
  id=264 logit=18.1601 piece="" a""
Autoregressive generation:
Generated text: , there was a little girl named Lily. She lived in a small village with her family. One day, Lily's mom told her about a magical forest that
Decode-only throughput: 28.3973 tokens/s (32 tokens in 1.12687 s of llama_decode)
End-to-end throughput: 28.1141 tokens/s (32 tokens in 1.13822 s)
[decode-stage-profile] model_load=1089.67 ms context_create=62.063 ms tokenize=0.492369 ms prefill_decode=6838.94 ms generation_decode=1126.87 ms generation_total=1138.22 ms program_total=9145.71 ms
[svd-local-op-profile] up_ops=0 gate_ops=0 down_ops=0 up_total=0.000 ms gate_total=0.000 ms down_total=0.000 ms up_v=0.000 ms gate_v=0.000 ms down_v=0.000 ms up_u=0.000 ms gate_u=0.000 ms down_u=0.000 ms
[svd-local-stage-profile] attention_total=1140.343 ms ffn_total=1500.031 ms ffn_svd_total=0.000 ms ffn_svd_v=0.000 ms ffn_svd_u=0.000 ms
[svd-offload-zero-profile] up_finish=0 up_cache=0 up_no_request=0 gate_finish=0 gate_cache=0 gate_no_request=0 down_finish=0 down_cache=0 down_no_request=0 other_finish=0 other_cache=0 other_no_request=0
[svd-local-timeout-profile] up_keep=0 up_drop=0 up_wait=0.000 ms gate_keep=0 gate_drop=0 gate_wait=0.000 ms down_keep=0 down_drop=0 down_wait=0.000 ms other_keep=0 other_drop=0 other_wait=0.000 ms
[svd-offload-client] up_gate_req=0 down_req=0 other_mat_req=0 ffn_req=0 gate_cache_hits=0 gate_cache_checks=0 miss_invalid=0 miss_layer=0 miss_rank=0 miss_hash=0 miss_output=0 miss_data=0 send_up_gate=0.000 ms send_down=0.000 ms send_other=0.000 ms send_ffn=0.000 ms wait_up_gate=0.000 ms wait_down=0.000 ms wait_other=0.000 ms wait_ffn=0.000 ms
[svd-offload-client-stage-profile] rpc_send_total=0.000 ms rpc_wait_total=0.000 ms
[svd-offload-client-debug] finish_fail_up_gate=0 finish_fail_down=0 finish_fail_other=0 finish_fail_ffn=0 cache_take_fail_up=0 cache_take_fail_gate=0 recv_up_sum_abs=0.000000e+00 recv_up_max_abs=0.000000e+00 recv_up_zero=0 recv_gate_sum_abs=0.000000e+00 recv_gate_max_abs=0.000000e+00 recv_gate_zero=0 recv_down_sum_abs=0.000000e+00 recv_down_max_abs=0.000000e+00 recv_down_zero=0 recv_other_sum_abs=0.000000e+00 recv_other_max_abs=0.000000e+00 recv_other_zero=0 recv_ffn_sum_abs=0.000000e+00 recv_ffn_max_abs=0.000000e+00 recv_ffn_zero=0
SUCCEED (one forward pass done)"
8c_high,1,major_only_no_svd,"p=4;major=60,61,62,63",ok,"60,61,62,63,64,65,66,67","30,40,50,60,70,80,90,100",19.7677,1618.8,,,,,,401.808,3.3592848777770996,,,"llama_context: graph splits = 1
attach_threadpool: call
threads: decode=4 batch=4
prompt tokens: 4
running one forward pass (llama_decode) ...
Top-5 next-token candidates:
  id=11 logit=21.0211 piece="",""
  id=3837 logit=19.3304 piece=""，""
  id=1052 logit=19.1368 piece="" there""
  id=304 logit=19.024 piece="" in""
  id=264 logit=18.1601 piece="" a""
Autoregressive generation:
Generated text: , there was a little girl named Lily. She lived in a small village with her family. One day, Lily's mom told her about a magical forest that
Decode-only throughput: 19.7677 tokens/s (32 tokens in 1.6188 s of llama_decode)
End-to-end throughput: 19.6179 tokens/s (32 tokens in 1.63116 s)
[decode-stage-profile] model_load=1030.67 ms context_create=73.0104 ms tokenize=0.969036 ms prefill_decode=401.808 ms generation_decode=1618.8 ms generation_total=1631.16 ms program_total=3153.62 ms
[svd-local-op-profile] up_ops=0 gate_ops=0 down_ops=0 up_total=0.000 ms gate_total=0.000 ms down_total=0.000 ms up_v=0.000 ms gate_v=0.000 ms down_v=0.000 ms up_u=0.000 ms gate_u=0.000 ms down_u=0.000 ms
[svd-local-stage-profile] attention_total=78.805 ms ffn_total=1159.549 ms ffn_svd_total=0.000 ms ffn_svd_v=0.000 ms ffn_svd_u=0.000 ms
[svd-offload-zero-profile] up_finish=0 up_cache=0 up_no_request=0 gate_finish=0 gate_cache=0 gate_no_request=0 down_finish=0 down_cache=0 down_no_request=0 other_finish=0 other_cache=0 other_no_request=0
[svd-local-timeout-profile] up_keep=0 up_drop=0 up_wait=0.000 ms gate_keep=0 gate_drop=0 gate_wait=0.000 ms down_keep=0 down_drop=0 down_wait=0.000 ms other_keep=0 other_drop=0 other_wait=0.000 ms
[svd-offload-client] up_gate_req=0 down_req=0 other_mat_req=0 ffn_req=0 gate_cache_hits=0 gate_cache_checks=0 miss_invalid=0 miss_layer=0 miss_rank=0 miss_hash=0 miss_output=0 miss_data=0 send_up_gate=0.000 ms send_down=0.000 ms send_other=0.000 ms send_ffn=0.000 ms wait_up_gate=0.000 ms wait_down=0.000 ms wait_other=0.000 ms wait_ffn=0.000 ms
[svd-offload-client-stage-profile] rpc_send_total=0.000 ms rpc_wait_total=0.000 ms
[svd-offload-client-debug] finish_fail_up_gate=0 finish_fail_down=0 finish_fail_other=0 finish_fail_ffn=0 cache_take_fail_up=0 cache_take_fail_gate=0 recv_up_sum_abs=0.000000e+00 recv_up_max_abs=0.000000e+00 recv_up_zero=0 recv_gate_sum_abs=0.000000e+00 recv_gate_max_abs=0.000000e+00 recv_gate_zero=0 recv_down_sum_abs=0.000000e+00 recv_down_max_abs=0.000000e+00 recv_down_zero=0 recv_other_sum_abs=0.000000e+00 recv_other_max_abs=0.000000e+00 recv_other_zero=0 recv_ffn_sum_abs=0.000000e+00 recv_ffn_max_abs=0.000000e+00 recv_ffn_zero=0
SUCCEED (one forward pass done)"
8c_high,1,major_only_no_svd,"p=6;major=60,61,62,63,64,65",ok,"60,61,62,63,64,65,66,67","30,40,50,60,70,80,90,100",26.4275,1210.86,,,,,,754.296,3.258784055709839,,,"llama_context: graph splits = 1
attach_threadpool: call
threads: decode=6 batch=6
prompt tokens: 4
running one forward pass (llama_decode) ...
Top-5 next-token candidates:
  id=11 logit=21.0211 piece="",""
  id=3837 logit=19.3304 piece=""，""
  id=1052 logit=19.1368 piece="" there""
  id=304 logit=19.024 piece="" in""
  id=264 logit=18.1601 piece="" a""
Autoregressive generation:
Generated text: , there was a little girl named Lily. She lived in a small village with her family. One day, Lily's mom told her about a magical forest that
Decode-only throughput: 26.4275 tokens/s (32 tokens in 1.21086 s of llama_decode)
End-to-end throughput: 26.1708 tokens/s (32 tokens in 1.22274 s)
[decode-stage-profile] model_load=966.027 ms context_create=74.641 ms tokenize=1.05472 ms prefill_decode=754.296 ms generation_decode=1210.86 ms generation_total=1222.74 ms program_total=3036.33 ms
[svd-local-op-profile] up_ops=0 gate_ops=0 down_ops=0 up_total=0.000 ms gate_total=0.000 ms down_total=0.000 ms up_v=0.000 ms gate_v=0.000 ms down_v=0.000 ms up_u=0.000 ms gate_u=0.000 ms down_u=0.000 ms
[svd-local-stage-profile] attention_total=142.459 ms ffn_total=882.125 ms ffn_svd_total=0.000 ms ffn_svd_v=0.000 ms ffn_svd_u=0.000 ms
[svd-offload-zero-profile] up_finish=0 up_cache=0 up_no_request=0 gate_finish=0 gate_cache=0 gate_no_request=0 down_finish=0 down_cache=0 down_no_request=0 other_finish=0 other_cache=0 other_no_request=0
[svd-local-timeout-profile] up_keep=0 up_drop=0 up_wait=0.000 ms gate_keep=0 gate_drop=0 gate_wait=0.000 ms down_keep=0 down_drop=0 down_wait=0.000 ms other_keep=0 other_drop=0 other_wait=0.000 ms
[svd-offload-client] up_gate_req=0 down_req=0 other_mat_req=0 ffn_req=0 gate_cache_hits=0 gate_cache_checks=0 miss_invalid=0 miss_layer=0 miss_rank=0 miss_hash=0 miss_output=0 miss_data=0 send_up_gate=0.000 ms send_down=0.000 ms send_other=0.000 ms send_ffn=0.000 ms wait_up_gate=0.000 ms wait_down=0.000 ms wait_other=0.000 ms wait_ffn=0.000 ms
[svd-offload-client-stage-profile] rpc_send_total=0.000 ms rpc_wait_total=0.000 ms
[svd-offload-client-debug] finish_fail_up_gate=0 finish_fail_down=0 finish_fail_other=0 finish_fail_ffn=0 cache_take_fail_up=0 cache_take_fail_gate=0 recv_up_sum_abs=0.000000e+00 recv_up_max_abs=0.000000e+00 recv_up_zero=0 recv_gate_sum_abs=0.000000e+00 recv_gate_max_abs=0.000000e+00 recv_gate_zero=0 recv_down_sum_abs=0.000000e+00 recv_down_max_abs=0.000000e+00 recv_down_zero=0 recv_other_sum_abs=0.000000e+00 recv_other_max_abs=0.000000e+00 recv_other_zero=0 recv_ffn_sum_abs=0.000000e+00 recv_ffn_max_abs=0.000000e+00 recv_ffn_zero=0
SUCCEED (one forward pass done)"
8c_high,1,major_only_no_svd,"p=7;major=60,61,62,63,64,65,66",ok,"60,61,62,63,64,65,66,67","30,40,50,60,70,80,90,100",28.0671,1140.13,,,,,,878.841,3.449352741241455,,,"llama_context: graph splits = 1
attach_threadpool: call
threads: decode=7 batch=7
prompt tokens: 4
running one forward pass (llama_decode) ...
Top-5 next-token candidates:
  id=11 logit=21.0211 piece="",""
  id=3837 logit=19.3304 piece=""，""
  id=1052 logit=19.1368 piece="" there""
  id=304 logit=19.024 piece="" in""
  id=264 logit=18.1601 piece="" a""
Autoregressive generation:
Generated text: , there was a little girl named Lily. She lived in a small village with her family. One day, Lily's mom told her about a magical forest that
Decode-only throughput: 28.0671 tokens/s (32 tokens in 1.14013 s of llama_decode)
End-to-end throughput: 27.7926 tokens/s (32 tokens in 1.15139 s)
[decode-stage-profile] model_load=1141.34 ms context_create=60.9284 ms tokenize=0.483792 ms prefill_decode=878.841 ms generation_decode=1140.13 ms generation_total=1151.39 ms program_total=3249.29 ms
[svd-local-op-profile] up_ops=0 gate_ops=0 down_ops=0 up_total=0.000 ms gate_total=0.000 ms down_total=0.000 ms up_v=0.000 ms gate_v=0.000 ms down_v=0.000 ms up_u=0.000 ms gate_u=0.000 ms down_u=0.000 ms
[svd-local-stage-profile] attention_total=194.075 ms ffn_total=868.326 ms ffn_svd_total=0.000 ms ffn_svd_v=0.000 ms ffn_svd_u=0.000 ms
[svd-offload-zero-profile] up_finish=0 up_cache=0 up_no_request=0 gate_finish=0 gate_cache=0 gate_no_request=0 down_finish=0 down_cache=0 down_no_request=0 other_finish=0 other_cache=0 other_no_request=0
[svd-local-timeout-profile] up_keep=0 up_drop=0 up_wait=0.000 ms gate_keep=0 gate_drop=0 gate_wait=0.000 ms down_keep=0 down_drop=0 down_wait=0.000 ms other_keep=0 other_drop=0 other_wait=0.000 ms
[svd-offload-client] up_gate_req=0 down_req=0 other_mat_req=0 ffn_req=0 gate_cache_hits=0 gate_cache_checks=0 miss_invalid=0 miss_layer=0 miss_rank=0 miss_hash=0 miss_output=0 miss_data=0 send_up_gate=0.000 ms send_down=0.000 ms send_other=0.000 ms send_ffn=0.000 ms wait_up_gate=0.000 ms wait_down=0.000 ms wait_other=0.000 ms wait_ffn=0.000 ms
[svd-offload-client-stage-profile] rpc_send_total=0.000 ms rpc_wait_total=0.000 ms
[svd-offload-client-debug] finish_fail_up_gate=0 finish_fail_down=0 finish_fail_other=0 finish_fail_ffn=0 cache_take_fail_up=0 cache_take_fail_gate=0 recv_up_sum_abs=0.000000e+00 recv_up_max_abs=0.000000e+00 recv_up_zero=0 recv_gate_sum_abs=0.000000e+00 recv_gate_max_abs=0.000000e+00 recv_gate_zero=0 recv_down_sum_abs=0.000000e+00 recv_down_max_abs=0.000000e+00 recv_down_zero=0 recv_other_sum_abs=0.000000e+00 recv_other_max_abs=0.000000e+00 recv_other_zero=0 recv_ffn_sum_abs=0.000000e+00 recv_ffn_max_abs=0.000000e+00 recv_ffn_zero=0
SUCCEED (one forward pass done)"
