phase,scenario,repeat,role,selected_policy,n_cores,cpus,loads,policy,status,decode_tok_s,generation_decode_ms,prefill_decode_ms,elapsed_s,succeed,top1_id,top1_piece,output_tail
calibration,2c_balanced_mid,0,,,2,"60,61","50,50",baseline_no_svd,ok,9.76939,102.361,153.338,0.8533406257629395,True,11,",","llama_context: graph splits = 1
attach_threadpool: call
threads: decode=2 batch=2
prompt tokens: 4
running one forward pass (llama_decode) ...
Top-5 next-token candidates:
  id=11 logit=20.2053 piece="",""
  id=304 logit=18.9277 piece="" in""
  id=3837 logit=18.7558 piece=""，""
  id=1052 logit=18.5616 piece="" there""
  id=358 logit=17.8374 piece="" I""
Autoregressive generation:
Generated text: ,
Decode-only throughput: 9.76939 tokens/s (1 tokens in 0.102361 s of llama_decode)
End-to-end throughput: 9.74022 tokens/s (1 tokens in 0.102667 s)
[decode-stage-profile] model_load=380.214 ms context_create=57.7891 ms tokenize=0.460824 ms prefill_decode=153.338 ms generation_decode=102.361 ms generation_total=102.667 ms program_total=711.289 ms
[svd-local-op-profile] up_ops=56 gate_ops=56 down_ops=56 up_total=73.833 ms gate_total=70.566 ms down_total=57.953 ms up_v=10.766 ms gate_v=10.702 ms down_v=47.376 ms up_u=63.060 ms gate_u=59.859 ms down_u=10.573 ms
[svd-local-stage-profile] attention_total=1.579 ms ffn_total=204.255 ms ffn_svd_total=202.352 ms ffn_svd_v=68.844 ms ffn_svd_u=133.492 ms
[svd-offload-zero-profile] up_finish=0 up_cache=0 up_no_request=27 gate_finish=0 gate_cache=0 gate_no_request=27 down_finish=0 down_cache=0 down_no_request=27 other_finish=0 other_cache=0 other_no_request=0
[svd-local-timeout-profile] up_keep=0 up_drop=0 up_wait=0.000 ms gate_keep=0 gate_drop=0 gate_wait=0.000 ms down_keep=0 down_drop=0 down_wait=0.000 ms other_keep=0 other_drop=0 other_wait=0.000 ms
[svd-offload-client] up_gate_req=0 down_req=0 other_mat_req=0 ffn_req=0 gate_cache_hits=0 gate_cache_checks=0 miss_invalid=0 miss_layer=0 miss_rank=0 miss_hash=0 miss_output=0 miss_data=0 send_up_gate=0.000 ms send_down=0.000 ms send_other=0.000 ms send_ffn=0.000 ms wait_up_gate=0.000 ms wait_down=0.000 ms wait_other=0.000 ms wait_ffn=0.000 ms
[svd-offload-client-stage-profile] rpc_send_total=0.000 ms rpc_wait_total=0.000 ms
[svd-offload-client-debug] finish_fail_up_gate=0 finish_fail_down=0 finish_fail_other=0 finish_fail_ffn=0 cache_take_fail_up=0 cache_take_fail_gate=0 recv_up_sum_abs=0.000000e+00 recv_up_max_abs=0.000000e+00 recv_up_zero=0 recv_gate_sum_abs=0.000000e+00 recv_gate_max_abs=0.000000e+00 recv_gate_zero=0 recv_down_sum_abs=0.000000e+00 recv_down_max_abs=0.000000e+00 recv_down_zero=0 recv_other_sum_abs=0.000000e+00 recv_other_max_abs=0.000000e+00 recv_other_zero=0 recv_ffn_sum_abs=0.000000e+00 recv_ffn_max_abs=0.000000e+00 recv_ffn_zero=0
SUCCEED (one forward pass done)"
calibration,2c_balanced_mid,0,,,2,"60,61","50,50",trunc_even_0.8,ok,13.1468,76.0639,111.017,0.8860576152801514,True,3,$,"llama_context: graph splits = 1
attach_threadpool: call
threads: decode=2 batch=2
prompt tokens: 4
running one forward pass (llama_decode) ...
Top-5 next-token candidates:
  id=3 logit=0 piece=""$""
  id=4 logit=0 piece=""%""
  id=1 logit=0 piece=""""""
  id=0 logit=0 piece=""!""
  id=2 logit=0 piece=""#""
Autoregressive generation:
Generated text: !
Decode-only throughput: 13.1468 tokens/s (1 tokens in 0.0760639 s of llama_decode)
End-to-end throughput: 13.0921 tokens/s (1 tokens in 0.0763819 s)
[decode-stage-profile] model_load=425.354 ms context_create=69.6882 ms tokenize=0.456044 ms prefill_decode=111.017 ms generation_decode=76.0639 ms generation_total=76.3819 ms program_total=699.68 ms
[svd-local-op-profile] up_ops=56 gate_ops=56 down_ops=56 up_total=50.833 ms gate_total=50.502 ms down_total=36.485 ms up_v=6.104 ms gate_v=5.979 ms down_v=28.368 ms up_u=44.722 ms gate_u=44.499 ms down_u=8.112 ms
[svd-local-stage-profile] attention_total=1.439 ms ffn_total=139.564 ms ffn_svd_total=137.820 ms ffn_svd_v=40.451 ms ffn_svd_u=97.333 ms
[svd-offload-zero-profile] up_finish=0 up_cache=0 up_no_request=27 gate_finish=0 gate_cache=0 gate_no_request=27 down_finish=0 down_cache=0 down_no_request=27 other_finish=0 other_cache=0 other_no_request=0
[svd-local-timeout-profile] up_keep=0 up_drop=0 up_wait=0.000 ms gate_keep=0 gate_drop=0 gate_wait=0.000 ms down_keep=0 down_drop=0 down_wait=0.000 ms other_keep=0 other_drop=0 other_wait=0.000 ms
[svd-offload-client] up_gate_req=0 down_req=0 other_mat_req=0 ffn_req=0 gate_cache_hits=0 gate_cache_checks=0 miss_invalid=0 miss_layer=0 miss_rank=0 miss_hash=0 miss_output=0 miss_data=0 send_up_gate=0.000 ms send_down=0.000 ms send_other=0.000 ms send_ffn=0.000 ms wait_up_gate=0.000 ms wait_down=0.000 ms wait_other=0.000 ms wait_ffn=0.000 ms
[svd-offload-client-stage-profile] rpc_send_total=0.000 ms rpc_wait_total=0.000 ms
[svd-offload-client-debug] finish_fail_up_gate=0 finish_fail_down=0 finish_fail_other=0 finish_fail_ffn=0 cache_take_fail_up=0 cache_take_fail_gate=0 recv_up_sum_abs=0.000000e+00 recv_up_max_abs=0.000000e+00 recv_up_zero=0 recv_gate_sum_abs=0.000000e+00 recv_gate_max_abs=0.000000e+00 recv_gate_zero=0 recv_down_sum_abs=0.000000e+00 recv_down_max_abs=0.000000e+00 recv_down_zero=0 recv_other_sum_abs=0.000000e+00 recv_other_max_abs=0.000000e+00 recv_other_zero=0 recv_ffn_sum_abs=0.000000e+00 recv_ffn_max_abs=0.000000e+00 recv_ffn_zero=0
SUCCEED (one forward pass done)"
calibration,2c_balanced_mid,0,,,2,"60,61","50,50",trunc_even_0.85,ok,13.4033,74.6083,135.109,0.8844382762908936,True,3,$,"llama_context: graph splits = 1
attach_threadpool: call
threads: decode=2 batch=2
prompt tokens: 4
running one forward pass (llama_decode) ...
Top-5 next-token candidates:
  id=3 logit=0 piece=""$""
  id=4 logit=0 piece=""%""
  id=1 logit=0 piece=""""""
  id=0 logit=0 piece=""!""
  id=2 logit=0 piece=""#""
Autoregressive generation:
Generated text: !
Decode-only throughput: 13.4033 tokens/s (1 tokens in 0.0746083 s of llama_decode)
End-to-end throughput: 13.349 tokens/s (1 tokens in 0.0749118 s)
[decode-stage-profile] model_load=449.529 ms context_create=56.8258 ms tokenize=0.449144 ms prefill_decode=135.109 ms generation_decode=74.6083 ms generation_total=74.9118 ms program_total=733.976 ms
[svd-local-op-profile] up_ops=56 gate_ops=56 down_ops=56 up_total=65.939 ms gate_total=56.484 ms down_total=37.409 ms up_v=7.003 ms gate_v=6.773 ms down_v=28.517 ms up_u=58.930 ms gate_u=49.705 ms down_u=8.886 ms
[svd-local-stage-profile] attention_total=1.509 ms ffn_total=161.433 ms ffn_svd_total=159.832 ms ffn_svd_v=42.293 ms ffn_svd_u=117.521 ms
[svd-offload-zero-profile] up_finish=0 up_cache=0 up_no_request=27 gate_finish=0 gate_cache=0 gate_no_request=27 down_finish=0 down_cache=0 down_no_request=27 other_finish=0 other_cache=0 other_no_request=0
[svd-local-timeout-profile] up_keep=0 up_drop=0 up_wait=0.000 ms gate_keep=0 gate_drop=0 gate_wait=0.000 ms down_keep=0 down_drop=0 down_wait=0.000 ms other_keep=0 other_drop=0 other_wait=0.000 ms
[svd-offload-client] up_gate_req=0 down_req=0 other_mat_req=0 ffn_req=0 gate_cache_hits=0 gate_cache_checks=0 miss_invalid=0 miss_layer=0 miss_rank=0 miss_hash=0 miss_output=0 miss_data=0 send_up_gate=0.000 ms send_down=0.000 ms send_other=0.000 ms send_ffn=0.000 ms wait_up_gate=0.000 ms wait_down=0.000 ms wait_other=0.000 ms wait_ffn=0.000 ms
[svd-offload-client-stage-profile] rpc_send_total=0.000 ms rpc_wait_total=0.000 ms
[svd-offload-client-debug] finish_fail_up_gate=0 finish_fail_down=0 finish_fail_other=0 finish_fail_ffn=0 cache_take_fail_up=0 cache_take_fail_gate=0 recv_up_sum_abs=0.000000e+00 recv_up_max_abs=0.000000e+00 recv_up_zero=0 recv_gate_sum_abs=0.000000e+00 recv_gate_max_abs=0.000000e+00 recv_gate_zero=0 recv_down_sum_abs=0.000000e+00 recv_down_max_abs=0.000000e+00 recv_down_zero=0 recv_other_sum_abs=0.000000e+00 recv_other_max_abs=0.000000e+00 recv_other_zero=0 recv_ffn_sum_abs=0.000000e+00 recv_ffn_max_abs=0.000000e+00 recv_ffn_zero=0
SUCCEED (one forward pass done)"
calibration,2c_balanced_mid,0,,,2,"60,61","50,50",trunc_even_0.9,ok,14.3047,69.9072,138.136,0.9553983211517334,True,3,$,"llama_context: graph splits = 1
attach_threadpool: call
threads: decode=2 batch=2
prompt tokens: 4
running one forward pass (llama_decode) ...
Top-5 next-token candidates:
  id=3 logit=0 piece=""$""
  id=4 logit=0 piece=""%""
  id=1 logit=0 piece=""""""
  id=0 logit=0 piece=""!""
  id=2 logit=0 piece=""#""
Autoregressive generation:
Generated text: !
Decode-only throughput: 14.3047 tokens/s (1 tokens in 0.0699072 s of llama_decode)
End-to-end throughput: 14.2428 tokens/s (1 tokens in 0.070211 s)
[decode-stage-profile] model_load=525.854 ms context_create=55.1632 ms tokenize=0.435691 ms prefill_decode=138.136 ms generation_decode=69.9072 ms generation_total=70.211 ms program_total=806.832 ms
[svd-local-op-profile] up_ops=56 gate_ops=56 down_ops=56 up_total=59.238 ms gate_total=55.610 ms down_total=42.102 ms up_v=7.245 ms gate_v=6.893 ms down_v=29.401 ms up_u=51.989 ms gate_u=48.714 ms down_u=12.695 ms
[svd-local-stage-profile] attention_total=1.575 ms ffn_total=158.537 ms ffn_svd_total=156.950 ms ffn_svd_v=43.539 ms ffn_svd_u=113.398 ms
[svd-offload-zero-profile] up_finish=0 up_cache=0 up_no_request=27 gate_finish=0 gate_cache=0 gate_no_request=27 down_finish=0 down_cache=0 down_no_request=27 other_finish=0 other_cache=0 other_no_request=0
[svd-local-timeout-profile] up_keep=0 up_drop=0 up_wait=0.000 ms gate_keep=0 gate_drop=0 gate_wait=0.000 ms down_keep=0 down_drop=0 down_wait=0.000 ms other_keep=0 other_drop=0 other_wait=0.000 ms
[svd-offload-client] up_gate_req=0 down_req=0 other_mat_req=0 ffn_req=0 gate_cache_hits=0 gate_cache_checks=0 miss_invalid=0 miss_layer=0 miss_rank=0 miss_hash=0 miss_output=0 miss_data=0 send_up_gate=0.000 ms send_down=0.000 ms send_other=0.000 ms send_ffn=0.000 ms wait_up_gate=0.000 ms wait_down=0.000 ms wait_other=0.000 ms wait_ffn=0.000 ms
[svd-offload-client-stage-profile] rpc_send_total=0.000 ms rpc_wait_total=0.000 ms
[svd-offload-client-debug] finish_fail_up_gate=0 finish_fail_down=0 finish_fail_other=0 finish_fail_ffn=0 cache_take_fail_up=0 cache_take_fail_gate=0 recv_up_sum_abs=0.000000e+00 recv_up_max_abs=0.000000e+00 recv_up_zero=0 recv_gate_sum_abs=0.000000e+00 recv_gate_max_abs=0.000000e+00 recv_gate_zero=0 recv_down_sum_abs=0.000000e+00 recv_down_max_abs=0.000000e+00 recv_down_zero=0 recv_other_sum_abs=0.000000e+00 recv_other_max_abs=0.000000e+00 recv_other_zero=0 recv_ffn_sum_abs=0.000000e+00 recv_ffn_max_abs=0.000000e+00 recv_ffn_zero=0
SUCCEED (one forward pass done)"
validation,2c_balanced_mid,0,baseline,trunc_even_0.8,2,"60,61","50,50",baseline_no_svd,ok,11.86,84.3169,182.333,0.9915783405303955,True,11,",","llama_context: graph splits = 1
attach_threadpool: call
threads: decode=2 batch=2
prompt tokens: 4
running one forward pass (llama_decode) ...
Top-5 next-token candidates:
  id=11 logit=20.2053 piece="",""
  id=304 logit=18.9277 piece="" in""
  id=3837 logit=18.7558 piece=""，""
  id=1052 logit=18.5616 piece="" there""
  id=358 logit=17.8374 piece="" I""
Autoregressive generation:
Generated text: ,
Decode-only throughput: 11.86 tokens/s (1 tokens in 0.0843169 s of llama_decode)
End-to-end throughput: 11.8195 tokens/s (1 tokens in 0.0846058 s)
[decode-stage-profile] model_load=510.557 ms context_create=55.8382 ms tokenize=0.429752 ms prefill_decode=182.333 ms generation_decode=84.3169 ms generation_total=84.6058 ms program_total=850.776 ms
[svd-local-op-profile] up_ops=56 gate_ops=56 down_ops=56 up_total=75.400 ms gate_total=74.115 ms down_total=66.907 ms up_v=11.143 ms gate_v=11.152 ms down_v=55.800 ms up_u=64.255 ms gate_u=62.957 ms down_u=11.102 ms
[svd-local-stage-profile] attention_total=1.491 ms ffn_total=218.146 ms ffn_svd_total=216.422 ms ffn_svd_v=78.095 ms ffn_svd_u=138.314 ms
[svd-offload-zero-profile] up_finish=0 up_cache=0 up_no_request=27 gate_finish=0 gate_cache=0 gate_no_request=27 down_finish=0 down_cache=0 down_no_request=27 other_finish=0 other_cache=0 other_no_request=0
[svd-local-timeout-profile] up_keep=0 up_drop=0 up_wait=0.000 ms gate_keep=0 gate_drop=0 gate_wait=0.000 ms down_keep=0 down_drop=0 down_wait=0.000 ms other_keep=0 other_drop=0 other_wait=0.000 ms
[svd-offload-client] up_gate_req=0 down_req=0 other_mat_req=0 ffn_req=0 gate_cache_hits=0 gate_cache_checks=0 miss_invalid=0 miss_layer=0 miss_rank=0 miss_hash=0 miss_output=0 miss_data=0 send_up_gate=0.000 ms send_down=0.000 ms send_other=0.000 ms send_ffn=0.000 ms wait_up_gate=0.000 ms wait_down=0.000 ms wait_other=0.000 ms wait_ffn=0.000 ms
[svd-offload-client-stage-profile] rpc_send_total=0.000 ms rpc_wait_total=0.000 ms
[svd-offload-client-debug] finish_fail_up_gate=0 finish_fail_down=0 finish_fail_other=0 finish_fail_ffn=0 cache_take_fail_up=0 cache_take_fail_gate=0 recv_up_sum_abs=0.000000e+00 recv_up_max_abs=0.000000e+00 recv_up_zero=0 recv_gate_sum_abs=0.000000e+00 recv_gate_max_abs=0.000000e+00 recv_gate_zero=0 recv_down_sum_abs=0.000000e+00 recv_down_max_abs=0.000000e+00 recv_down_zero=0 recv_other_sum_abs=0.000000e+00 recv_other_max_abs=0.000000e+00 recv_other_zero=0 recv_ffn_sum_abs=0.000000e+00 recv_ffn_max_abs=0.000000e+00 recv_ffn_zero=0
SUCCEED (one forward pass done)"
validation,2c_balanced_mid,0,scheduler,trunc_even_0.8,2,"60,61","50,50",trunc_even_0.8,ok,11.2241,89.0938,143.425,0.8747098445892334,True,3,$,"llama_context: graph splits = 1
attach_threadpool: call
threads: decode=2 batch=2
prompt tokens: 4
running one forward pass (llama_decode) ...
Top-5 next-token candidates:
  id=3 logit=0 piece=""$""
  id=4 logit=0 piece=""%""
  id=1 logit=0 piece=""""""
  id=0 logit=0 piece=""!""
  id=2 logit=0 piece=""#""
Autoregressive generation:
Generated text: !
Decode-only throughput: 11.2241 tokens/s (1 tokens in 0.0890938 s of llama_decode)
End-to-end throughput: 11.1858 tokens/s (1 tokens in 0.0893991 s)
[decode-stage-profile] model_load=396.344 ms context_create=71.931 ms tokenize=0.839071 ms prefill_decode=143.425 ms generation_decode=89.0938 ms generation_total=89.3991 ms program_total=718.848 ms
[svd-local-op-profile] up_ops=56 gate_ops=56 down_ops=56 up_total=67.938 ms gate_total=65.450 ms down_total=45.143 ms up_v=8.382 ms gate_v=8.174 ms down_v=35.049 ms up_u=59.551 ms gate_u=57.274 ms down_u=10.085 ms
[svd-local-stage-profile] attention_total=1.734 ms ffn_total=180.516 ms ffn_svd_total=178.531 ms ffn_svd_v=51.605 ms ffn_svd_u=126.910 ms
[svd-offload-zero-profile] up_finish=0 up_cache=0 up_no_request=27 gate_finish=0 gate_cache=0 gate_no_request=27 down_finish=0 down_cache=0 down_no_request=27 other_finish=0 other_cache=0 other_no_request=0
[svd-local-timeout-profile] up_keep=0 up_drop=0 up_wait=0.000 ms gate_keep=0 gate_drop=0 gate_wait=0.000 ms down_keep=0 down_drop=0 down_wait=0.000 ms other_keep=0 other_drop=0 other_wait=0.000 ms
[svd-offload-client] up_gate_req=0 down_req=0 other_mat_req=0 ffn_req=0 gate_cache_hits=0 gate_cache_checks=0 miss_invalid=0 miss_layer=0 miss_rank=0 miss_hash=0 miss_output=0 miss_data=0 send_up_gate=0.000 ms send_down=0.000 ms send_other=0.000 ms send_ffn=0.000 ms wait_up_gate=0.000 ms wait_down=0.000 ms wait_other=0.000 ms wait_ffn=0.000 ms
[svd-offload-client-stage-profile] rpc_send_total=0.000 ms rpc_wait_total=0.000 ms
[svd-offload-client-debug] finish_fail_up_gate=0 finish_fail_down=0 finish_fail_other=0 finish_fail_ffn=0 cache_take_fail_up=0 cache_take_fail_gate=0 recv_up_sum_abs=0.000000e+00 recv_up_max_abs=0.000000e+00 recv_up_zero=0 recv_gate_sum_abs=0.000000e+00 recv_gate_max_abs=0.000000e+00 recv_gate_zero=0 recv_down_sum_abs=0.000000e+00 recv_down_max_abs=0.000000e+00 recv_down_zero=0 recv_other_sum_abs=0.000000e+00 recv_other_max_abs=0.000000e+00 recv_other_zero=0 recv_ffn_sum_abs=0.000000e+00 recv_ffn_max_abs=0.000000e+00 recv_ffn_zero=0
SUCCEED (one forward pass done)"
validation,2c_balanced_mid,1,baseline,trunc_even_0.8,2,"60,61","50,50",baseline_no_svd,ok,11.5044,86.9229,202.781,1.005878210067749,True,11,",","llama_context: graph splits = 1
attach_threadpool: call
threads: decode=2 batch=2
prompt tokens: 4
running one forward pass (llama_decode) ...
Top-5 next-token candidates:
  id=11 logit=20.2053 piece="",""
  id=304 logit=18.9277 piece="" in""
  id=3837 logit=18.7558 piece=""，""
  id=1052 logit=18.5616 piece="" there""
  id=358 logit=17.8374 piece="" I""
Autoregressive generation:
Generated text: ,
Decode-only throughput: 11.5044 tokens/s (1 tokens in 0.0869229 s of llama_decode)
End-to-end throughput: 11.4659 tokens/s (1 tokens in 0.0872151 s)
[decode-stage-profile] model_load=493.318 ms context_create=57.6548 ms tokenize=0.452682 ms prefill_decode=202.781 ms generation_decode=86.9229 ms generation_total=87.2151 ms program_total=858.386 ms
[svd-local-op-profile] up_ops=56 gate_ops=56 down_ops=56 up_total=86.000 ms gate_total=85.245 ms down_total=66.461 ms up_v=12.199 ms gate_v=15.317 ms down_v=53.858 ms up_u=73.797 ms gate_u=69.923 ms down_u=12.601 ms
[svd-local-stage-profile] attention_total=1.555 ms ffn_total=239.433 ms ffn_svd_total=237.706 ms ffn_svd_v=81.374 ms ffn_svd_u=156.321 ms
[svd-offload-zero-profile] up_finish=0 up_cache=0 up_no_request=27 gate_finish=0 gate_cache=0 gate_no_request=27 down_finish=0 down_cache=0 down_no_request=27 other_finish=0 other_cache=0 other_no_request=0
[svd-local-timeout-profile] up_keep=0 up_drop=0 up_wait=0.000 ms gate_keep=0 gate_drop=0 gate_wait=0.000 ms down_keep=0 down_drop=0 down_wait=0.000 ms other_keep=0 other_drop=0 other_wait=0.000 ms
[svd-offload-client] up_gate_req=0 down_req=0 other_mat_req=0 ffn_req=0 gate_cache_hits=0 gate_cache_checks=0 miss_invalid=0 miss_layer=0 miss_rank=0 miss_hash=0 miss_output=0 miss_data=0 send_up_gate=0.000 ms send_down=0.000 ms send_other=0.000 ms send_ffn=0.000 ms wait_up_gate=0.000 ms wait_down=0.000 ms wait_other=0.000 ms wait_ffn=0.000 ms
[svd-offload-client-stage-profile] rpc_send_total=0.000 ms rpc_wait_total=0.000 ms
[svd-offload-client-debug] finish_fail_up_gate=0 finish_fail_down=0 finish_fail_other=0 finish_fail_ffn=0 cache_take_fail_up=0 cache_take_fail_gate=0 recv_up_sum_abs=0.000000e+00 recv_up_max_abs=0.000000e+00 recv_up_zero=0 recv_gate_sum_abs=0.000000e+00 recv_gate_max_abs=0.000000e+00 recv_gate_zero=0 recv_down_sum_abs=0.000000e+00 recv_down_max_abs=0.000000e+00 recv_down_zero=0 recv_other_sum_abs=0.000000e+00 recv_other_max_abs=0.000000e+00 recv_other_zero=0 recv_ffn_sum_abs=0.000000e+00 recv_ffn_max_abs=0.000000e+00 recv_ffn_zero=0
SUCCEED (one forward pass done)"
validation,2c_balanced_mid,1,scheduler,trunc_even_0.8,2,"60,61","50,50",trunc_even_0.8,ok,10.7352,93.1511,146.403,0.9115180969238281,True,3,$,"llama_context: graph splits = 1
attach_threadpool: call
threads: decode=2 batch=2
prompt tokens: 4
running one forward pass (llama_decode) ...
Top-5 next-token candidates:
  id=3 logit=0 piece=""$""
  id=4 logit=0 piece=""%""
  id=1 logit=0 piece=""""""
  id=0 logit=0 piece=""!""
  id=2 logit=0 piece=""#""
Autoregressive generation:
Generated text: !
Decode-only throughput: 10.7352 tokens/s (1 tokens in 0.0931511 s of llama_decode)
End-to-end throughput: 10.6988 tokens/s (1 tokens in 0.0934685 s)
[decode-stage-profile] model_load=430.466 ms context_create=67.3624 ms tokenize=0.896575 ms prefill_decode=146.403 ms generation_decode=93.1511 ms generation_total=93.4685 ms program_total=755.491 ms
[svd-local-op-profile] up_ops=56 gate_ops=56 down_ops=56 up_total=69.861 ms gate_total=65.624 ms down_total=45.443 ms up_v=8.319 ms gate_v=8.176 ms down_v=35.241 ms up_u=61.537 ms gate_u=57.442 ms down_u=10.197 ms
[svd-local-stage-profile] attention_total=1.684 ms ffn_total=186.713 ms ffn_svd_total=180.928 ms ffn_svd_v=51.736 ms ffn_svd_u=129.176 ms
[svd-offload-zero-profile] up_finish=0 up_cache=0 up_no_request=27 gate_finish=0 gate_cache=0 gate_no_request=27 down_finish=0 down_cache=0 down_no_request=27 other_finish=0 other_cache=0 other_no_request=0
[svd-local-timeout-profile] up_keep=0 up_drop=0 up_wait=0.000 ms gate_keep=0 gate_drop=0 gate_wait=0.000 ms down_keep=0 down_drop=0 down_wait=0.000 ms other_keep=0 other_drop=0 other_wait=0.000 ms
[svd-offload-client] up_gate_req=0 down_req=0 other_mat_req=0 ffn_req=0 gate_cache_hits=0 gate_cache_checks=0 miss_invalid=0 miss_layer=0 miss_rank=0 miss_hash=0 miss_output=0 miss_data=0 send_up_gate=0.000 ms send_down=0.000 ms send_other=0.000 ms send_ffn=0.000 ms wait_up_gate=0.000 ms wait_down=0.000 ms wait_other=0.000 ms wait_ffn=0.000 ms
[svd-offload-client-stage-profile] rpc_send_total=0.000 ms rpc_wait_total=0.000 ms
[svd-offload-client-debug] finish_fail_up_gate=0 finish_fail_down=0 finish_fail_other=0 finish_fail_ffn=0 cache_take_fail_up=0 cache_take_fail_gate=0 recv_up_sum_abs=0.000000e+00 recv_up_max_abs=0.000000e+00 recv_up_zero=0 recv_gate_sum_abs=0.000000e+00 recv_gate_max_abs=0.000000e+00 recv_gate_zero=0 recv_down_sum_abs=0.000000e+00 recv_down_max_abs=0.000000e+00 recv_down_zero=0 recv_other_sum_abs=0.000000e+00 recv_other_max_abs=0.000000e+00 recv_other_zero=0 recv_ffn_sum_abs=0.000000e+00 recv_ffn_max_abs=0.000000e+00 recv_ffn_zero=0
SUCCEED (one forward pass done)"
validation,2c_balanced_mid,2,baseline,trunc_even_0.8,2,"60,61","50,50",baseline_no_svd,ok,9.32094,107.285,200.398,0.9243736267089844,True,11,",","llama_context: graph splits = 1
attach_threadpool: call
threads: decode=2 batch=2
prompt tokens: 4
running one forward pass (llama_decode) ...
Top-5 next-token candidates:
  id=11 logit=20.2053 piece="",""
  id=304 logit=18.9277 piece="" in""
  id=3837 logit=18.7558 piece=""，""
  id=1052 logit=18.5616 piece="" there""
  id=358 logit=17.8374 piece="" I""
Autoregressive generation:
Generated text: ,
Decode-only throughput: 9.32094 tokens/s (1 tokens in 0.107285 s of llama_decode)
End-to-end throughput: 9.29467 tokens/s (1 tokens in 0.107589 s)
[decode-stage-profile] model_load=392.93 ms context_create=57.4591 ms tokenize=0.435505 ms prefill_decode=200.398 ms generation_decode=107.285 ms generation_total=107.589 ms program_total=775.884 ms
[svd-local-op-profile] up_ops=56 gate_ops=56 down_ops=56 up_total=86.977 ms gate_total=91.696 ms down_total=75.145 ms up_v=13.280 ms gate_v=13.296 ms down_v=61.796 ms up_u=73.692 ms gate_u=78.398 ms down_u=13.348 ms
[svd-local-stage-profile] attention_total=1.591 ms ffn_total=255.649 ms ffn_svd_total=253.818 ms ffn_svd_v=88.372 ms ffn_svd_u=165.438 ms
[svd-offload-zero-profile] up_finish=0 up_cache=0 up_no_request=27 gate_finish=0 gate_cache=0 gate_no_request=27 down_finish=0 down_cache=0 down_no_request=27 other_finish=0 other_cache=0 other_no_request=0
[svd-local-timeout-profile] up_keep=0 up_drop=0 up_wait=0.000 ms gate_keep=0 gate_drop=0 gate_wait=0.000 ms down_keep=0 down_drop=0 down_wait=0.000 ms other_keep=0 other_drop=0 other_wait=0.000 ms
[svd-offload-client] up_gate_req=0 down_req=0 other_mat_req=0 ffn_req=0 gate_cache_hits=0 gate_cache_checks=0 miss_invalid=0 miss_layer=0 miss_rank=0 miss_hash=0 miss_output=0 miss_data=0 send_up_gate=0.000 ms send_down=0.000 ms send_other=0.000 ms send_ffn=0.000 ms wait_up_gate=0.000 ms wait_down=0.000 ms wait_other=0.000 ms wait_ffn=0.000 ms
[svd-offload-client-stage-profile] rpc_send_total=0.000 ms rpc_wait_total=0.000 ms
[svd-offload-client-debug] finish_fail_up_gate=0 finish_fail_down=0 finish_fail_other=0 finish_fail_ffn=0 cache_take_fail_up=0 cache_take_fail_gate=0 recv_up_sum_abs=0.000000e+00 recv_up_max_abs=0.000000e+00 recv_up_zero=0 recv_gate_sum_abs=0.000000e+00 recv_gate_max_abs=0.000000e+00 recv_gate_zero=0 recv_down_sum_abs=0.000000e+00 recv_down_max_abs=0.000000e+00 recv_down_zero=0 recv_other_sum_abs=0.000000e+00 recv_other_max_abs=0.000000e+00 recv_other_zero=0 recv_ffn_sum_abs=0.000000e+00 recv_ffn_max_abs=0.000000e+00 recv_ffn_zero=0
SUCCEED (one forward pass done)"
validation,2c_balanced_mid,2,scheduler,trunc_even_0.8,2,"60,61","50,50",trunc_even_0.8,ok,11.1746,89.4887,147.917,0.96297287940979,True,3,$,"llama_context: graph splits = 1
attach_threadpool: call
threads: decode=2 batch=2
prompt tokens: 4
running one forward pass (llama_decode) ...
Top-5 next-token candidates:
  id=3 logit=0 piece=""$""
  id=4 logit=0 piece=""%""
  id=1 logit=0 piece=""""""
  id=0 logit=0 piece=""!""
  id=2 logit=0 piece=""#""
Autoregressive generation:
Generated text: !
Decode-only throughput: 11.1746 tokens/s (1 tokens in 0.0894887 s of llama_decode)
End-to-end throughput: 11.1363 tokens/s (1 tokens in 0.0897967 s)
[decode-stage-profile] model_load=494.204 ms context_create=58.3071 ms tokenize=0.45422 ms prefill_decode=147.917 ms generation_decode=89.4887 ms generation_total=89.7967 ms program_total=807.191 ms
[svd-local-op-profile] up_ops=56 gate_ops=56 down_ops=56 up_total=66.729 ms gate_total=65.330 ms down_total=49.588 ms up_v=8.241 ms gate_v=8.015 ms down_v=39.201 ms up_u=58.479 ms gate_u=57.314 ms down_u=10.381 ms
[svd-local-stage-profile] attention_total=1.630 ms ffn_total=183.472 ms ffn_svd_total=181.647 ms ffn_svd_v=55.457 ms ffn_svd_u=126.174 ms
[svd-offload-zero-profile] up_finish=0 up_cache=0 up_no_request=27 gate_finish=0 gate_cache=0 gate_no_request=27 down_finish=0 down_cache=0 down_no_request=27 other_finish=0 other_cache=0 other_no_request=0
[svd-local-timeout-profile] up_keep=0 up_drop=0 up_wait=0.000 ms gate_keep=0 gate_drop=0 gate_wait=0.000 ms down_keep=0 down_drop=0 down_wait=0.000 ms other_keep=0 other_drop=0 other_wait=0.000 ms
[svd-offload-client] up_gate_req=0 down_req=0 other_mat_req=0 ffn_req=0 gate_cache_hits=0 gate_cache_checks=0 miss_invalid=0 miss_layer=0 miss_rank=0 miss_hash=0 miss_output=0 miss_data=0 send_up_gate=0.000 ms send_down=0.000 ms send_other=0.000 ms send_ffn=0.000 ms wait_up_gate=0.000 ms wait_down=0.000 ms wait_other=0.000 ms wait_ffn=0.000 ms
[svd-offload-client-stage-profile] rpc_send_total=0.000 ms rpc_wait_total=0.000 ms
[svd-offload-client-debug] finish_fail_up_gate=0 finish_fail_down=0 finish_fail_other=0 finish_fail_ffn=0 cache_take_fail_up=0 cache_take_fail_gate=0 recv_up_sum_abs=0.000000e+00 recv_up_max_abs=0.000000e+00 recv_up_zero=0 recv_gate_sum_abs=0.000000e+00 recv_gate_max_abs=0.000000e+00 recv_gate_zero=0 recv_down_sum_abs=0.000000e+00 recv_down_max_abs=0.000000e+00 recv_down_zero=0 recv_other_sum_abs=0.000000e+00 recv_other_max_abs=0.000000e+00 recv_other_zero=0 recv_ffn_sum_abs=0.000000e+00 recv_ffn_max_abs=0.000000e+00 recv_ffn_zero=0
SUCCEED (one forward pass done)"
calibration,2c_asym_low_high,0,,,2,"60,61","20,80",baseline_no_svd,ok,11.9005,84.0304,188.761,1.0693256855010986,True,11,",","llama_context: graph splits = 1
attach_threadpool: call
threads: decode=2 batch=2
prompt tokens: 4
running one forward pass (llama_decode) ...
Top-5 next-token candidates:
  id=11 logit=20.2053 piece="",""
  id=304 logit=18.9277 piece="" in""
  id=3837 logit=18.7558 piece=""，""
  id=1052 logit=18.5616 piece="" there""
  id=358 logit=17.8374 piece="" I""
Autoregressive generation:
Generated text: ,
Decode-only throughput: 11.9005 tokens/s (1 tokens in 0.0840304 s of llama_decode)
End-to-end throughput: 11.8568 tokens/s (1 tokens in 0.08434 s)
[decode-stage-profile] model_load=553.176 ms context_create=72.6952 ms tokenize=0.923062 ms prefill_decode=188.761 ms generation_decode=84.0304 ms generation_total=84.34 ms program_total=916.937 ms
[svd-local-op-profile] up_ops=56 gate_ops=56 down_ops=56 up_total=79.301 ms gate_total=78.066 ms down_total=62.176 ms up_v=11.957 ms gate_v=11.690 ms down_v=50.443 ms up_u=67.342 ms gate_u=66.371 ms down_u=11.731 ms
[svd-local-stage-profile] attention_total=1.599 ms ffn_total=221.360 ms ffn_svd_total=219.543 ms ffn_svd_v=74.090 ms ffn_svd_u=145.444 ms
[svd-offload-zero-profile] up_finish=0 up_cache=0 up_no_request=27 gate_finish=0 gate_cache=0 gate_no_request=27 down_finish=0 down_cache=0 down_no_request=27 other_finish=0 other_cache=0 other_no_request=0
[svd-local-timeout-profile] up_keep=0 up_drop=0 up_wait=0.000 ms gate_keep=0 gate_drop=0 gate_wait=0.000 ms down_keep=0 down_drop=0 down_wait=0.000 ms other_keep=0 other_drop=0 other_wait=0.000 ms
[svd-offload-client] up_gate_req=0 down_req=0 other_mat_req=0 ffn_req=0 gate_cache_hits=0 gate_cache_checks=0 miss_invalid=0 miss_layer=0 miss_rank=0 miss_hash=0 miss_output=0 miss_data=0 send_up_gate=0.000 ms send_down=0.000 ms send_other=0.000 ms send_ffn=0.000 ms wait_up_gate=0.000 ms wait_down=0.000 ms wait_other=0.000 ms wait_ffn=0.000 ms
[svd-offload-client-stage-profile] rpc_send_total=0.000 ms rpc_wait_total=0.000 ms
[svd-offload-client-debug] finish_fail_up_gate=0 finish_fail_down=0 finish_fail_other=0 finish_fail_ffn=0 cache_take_fail_up=0 cache_take_fail_gate=0 recv_up_sum_abs=0.000000e+00 recv_up_max_abs=0.000000e+00 recv_up_zero=0 recv_gate_sum_abs=0.000000e+00 recv_gate_max_abs=0.000000e+00 recv_gate_zero=0 recv_down_sum_abs=0.000000e+00 recv_down_max_abs=0.000000e+00 recv_down_zero=0 recv_other_sum_abs=0.000000e+00 recv_other_max_abs=0.000000e+00 recv_other_zero=0 recv_ffn_sum_abs=0.000000e+00 recv_ffn_max_abs=0.000000e+00 recv_ffn_zero=0
SUCCEED (one forward pass done)"
calibration,2c_asym_low_high,0,,,2,"60,61","20,80",trunc_even_0.8,ok,13.5131,74.0022,135.06,1.0124461650848389,True,3,$,"llama_context: graph splits = 1
attach_threadpool: call
threads: decode=2 batch=2
prompt tokens: 4
running one forward pass (llama_decode) ...
Top-5 next-token candidates:
  id=3 logit=0 piece=""$""
  id=4 logit=0 piece=""%""
  id=1 logit=0 piece=""""""
  id=0 logit=0 piece=""!""
  id=2 logit=0 piece=""#""
Autoregressive generation:
Generated text: !
Decode-only throughput: 13.5131 tokens/s (1 tokens in 0.0740022 s of llama_decode)
End-to-end throughput: 13.4566 tokens/s (1 tokens in 0.074313 s)
[decode-stage-profile] model_load=561.387 ms context_create=69.027 ms tokenize=0.892333 ms prefill_decode=135.06 ms generation_decode=74.0022 ms generation_total=74.313 ms program_total=860.986 ms
[svd-local-op-profile] up_ops=56 gate_ops=56 down_ops=56 up_total=61.946 ms gate_total=56.678 ms down_total=37.674 ms up_v=11.143 ms gate_v=6.868 ms down_v=28.897 ms up_u=50.798 ms gate_u=49.808 ms down_u=8.769 ms
[svd-local-stage-profile] attention_total=1.517 ms ffn_total=157.973 ms ffn_svd_total=156.298 ms ffn_svd_v=46.908 ms ffn_svd_u=109.375 ms
[svd-offload-zero-profile] up_finish=0 up_cache=0 up_no_request=27 gate_finish=0 gate_cache=0 gate_no_request=27 down_finish=0 down_cache=0 down_no_request=27 other_finish=0 other_cache=0 other_no_request=0
[svd-local-timeout-profile] up_keep=0 up_drop=0 up_wait=0.000 ms gate_keep=0 gate_drop=0 gate_wait=0.000 ms down_keep=0 down_drop=0 down_wait=0.000 ms other_keep=0 other_drop=0 other_wait=0.000 ms
[svd-offload-client] up_gate_req=0 down_req=0 other_mat_req=0 ffn_req=0 gate_cache_hits=0 gate_cache_checks=0 miss_invalid=0 miss_layer=0 miss_rank=0 miss_hash=0 miss_output=0 miss_data=0 send_up_gate=0.000 ms send_down=0.000 ms send_other=0.000 ms send_ffn=0.000 ms wait_up_gate=0.000 ms wait_down=0.000 ms wait_other=0.000 ms wait_ffn=0.000 ms
[svd-offload-client-stage-profile] rpc_send_total=0.000 ms rpc_wait_total=0.000 ms
[svd-offload-client-debug] finish_fail_up_gate=0 finish_fail_down=0 finish_fail_other=0 finish_fail_ffn=0 cache_take_fail_up=0 cache_take_fail_gate=0 recv_up_sum_abs=0.000000e+00 recv_up_max_abs=0.000000e+00 recv_up_zero=0 recv_gate_sum_abs=0.000000e+00 recv_gate_max_abs=0.000000e+00 recv_gate_zero=0 recv_down_sum_abs=0.000000e+00 recv_down_max_abs=0.000000e+00 recv_down_zero=0 recv_other_sum_abs=0.000000e+00 recv_other_max_abs=0.000000e+00 recv_other_zero=0 recv_ffn_sum_abs=0.000000e+00 recv_ffn_max_abs=0.000000e+00 recv_ffn_zero=0
SUCCEED (one forward pass done)"
calibration,2c_asym_low_high,0,,,2,"60,61","20,80",trunc_even_0.85,ok,11.4417,87.3997,141.344,0.8520326614379883,True,3,$,"llama_context: graph splits = 1
attach_threadpool: call
threads: decode=2 batch=2
prompt tokens: 4
running one forward pass (llama_decode) ...
Top-5 next-token candidates:
  id=3 logit=0 piece=""$""
  id=4 logit=0 piece=""%""
  id=1 logit=0 piece=""""""
  id=0 logit=0 piece=""!""
  id=2 logit=0 piece=""#""
Autoregressive generation:
Generated text: !
Decode-only throughput: 11.4417 tokens/s (1 tokens in 0.0873997 s of llama_decode)
End-to-end throughput: 11.4011 tokens/s (1 tokens in 0.087711 s)
[decode-stage-profile] model_load=374.539 ms context_create=69.2295 ms tokenize=0.893282 ms prefill_decode=141.344 ms generation_decode=87.3997 ms generation_total=87.711 ms program_total=690.751 ms
[svd-local-op-profile] up_ops=56 gate_ops=56 down_ops=56 up_total=67.839 ms gate_total=64.177 ms down_total=42.838 ms up_v=8.079 ms gate_v=7.972 ms down_v=32.955 ms up_u=59.757 ms gate_u=56.198 ms down_u=9.876 ms
[svd-local-stage-profile] attention_total=1.692 ms ffn_total=176.727 ms ffn_svd_total=174.854 ms ffn_svd_v=49.006 ms ffn_svd_u=125.831 ms
[svd-offload-zero-profile] up_finish=0 up_cache=0 up_no_request=27 gate_finish=0 gate_cache=0 gate_no_request=27 down_finish=0 down_cache=0 down_no_request=27 other_finish=0 other_cache=0 other_no_request=0
[svd-local-timeout-profile] up_keep=0 up_drop=0 up_wait=0.000 ms gate_keep=0 gate_drop=0 gate_wait=0.000 ms down_keep=0 down_drop=0 down_wait=0.000 ms other_keep=0 other_drop=0 other_wait=0.000 ms
[svd-offload-client] up_gate_req=0 down_req=0 other_mat_req=0 ffn_req=0 gate_cache_hits=0 gate_cache_checks=0 miss_invalid=0 miss_layer=0 miss_rank=0 miss_hash=0 miss_output=0 miss_data=0 send_up_gate=0.000 ms send_down=0.000 ms send_other=0.000 ms send_ffn=0.000 ms wait_up_gate=0.000 ms wait_down=0.000 ms wait_other=0.000 ms wait_ffn=0.000 ms
[svd-offload-client-stage-profile] rpc_send_total=0.000 ms rpc_wait_total=0.000 ms
[svd-offload-client-debug] finish_fail_up_gate=0 finish_fail_down=0 finish_fail_other=0 finish_fail_ffn=0 cache_take_fail_up=0 cache_take_fail_gate=0 recv_up_sum_abs=0.000000e+00 recv_up_max_abs=0.000000e+00 recv_up_zero=0 recv_gate_sum_abs=0.000000e+00 recv_gate_max_abs=0.000000e+00 recv_gate_zero=0 recv_down_sum_abs=0.000000e+00 recv_down_max_abs=0.000000e+00 recv_down_zero=0 recv_other_sum_abs=0.000000e+00 recv_other_max_abs=0.000000e+00 recv_other_zero=0 recv_ffn_sum_abs=0.000000e+00 recv_ffn_max_abs=0.000000e+00 recv_ffn_zero=0
SUCCEED (one forward pass done)"
calibration,2c_asym_low_high,0,,,2,"60,61","20,80",trunc_even_0.9,ok,11.6734,85.6647,143.781,0.9914896488189697,True,3,$,"llama_context: graph splits = 1
attach_threadpool: call
threads: decode=2 batch=2
prompt tokens: 4
running one forward pass (llama_decode) ...
Top-5 next-token candidates:
  id=3 logit=0 piece=""$""
  id=4 logit=0 piece=""%""
  id=1 logit=0 piece=""""""
  id=0 logit=0 piece=""!""
  id=2 logit=0 piece=""#""
Autoregressive generation:
Generated text: !
Decode-only throughput: 11.6734 tokens/s (1 tokens in 0.0856647 s of llama_decode)
End-to-end throughput: 11.6287 tokens/s (1 tokens in 0.0859938 s)
[decode-stage-profile] model_load=508.085 ms context_create=67.2001 ms tokenize=0.888129 ms prefill_decode=143.781 ms generation_decode=85.6647 ms generation_total=85.9938 ms program_total=823.497 ms
[svd-local-op-profile] up_ops=56 gate_ops=56 down_ops=56 up_total=67.172 ms gate_total=62.750 ms down_total=41.848 ms up_v=7.616 ms gate_v=7.426 ms down_v=32.057 ms up_u=59.555 ms gate_u=55.319 ms down_u=9.786 ms
[svd-local-stage-profile] attention_total=1.720 ms ffn_total=176.686 ms ffn_svd_total=171.770 ms ffn_svd_v=47.099 ms ffn_svd_u=124.660 ms
[svd-offload-zero-profile] up_finish=0 up_cache=0 up_no_request=27 gate_finish=0 gate_cache=0 gate_no_request=27 down_finish=0 down_cache=0 down_no_request=27 other_finish=0 other_cache=0 other_no_request=0
[svd-local-timeout-profile] up_keep=0 up_drop=0 up_wait=0.000 ms gate_keep=0 gate_drop=0 gate_wait=0.000 ms down_keep=0 down_drop=0 down_wait=0.000 ms other_keep=0 other_drop=0 other_wait=0.000 ms
[svd-offload-client] up_gate_req=0 down_req=0 other_mat_req=0 ffn_req=0 gate_cache_hits=0 gate_cache_checks=0 miss_invalid=0 miss_layer=0 miss_rank=0 miss_hash=0 miss_output=0 miss_data=0 send_up_gate=0.000 ms send_down=0.000 ms send_other=0.000 ms send_ffn=0.000 ms wait_up_gate=0.000 ms wait_down=0.000 ms wait_other=0.000 ms wait_ffn=0.000 ms
[svd-offload-client-stage-profile] rpc_send_total=0.000 ms rpc_wait_total=0.000 ms
[svd-offload-client-debug] finish_fail_up_gate=0 finish_fail_down=0 finish_fail_other=0 finish_fail_ffn=0 cache_take_fail_up=0 cache_take_fail_gate=0 recv_up_sum_abs=0.000000e+00 recv_up_max_abs=0.000000e+00 recv_up_zero=0 recv_gate_sum_abs=0.000000e+00 recv_gate_max_abs=0.000000e+00 recv_gate_zero=0 recv_down_sum_abs=0.000000e+00 recv_down_max_abs=0.000000e+00 recv_down_zero=0 recv_other_sum_abs=0.000000e+00 recv_other_max_abs=0.000000e+00 recv_other_zero=0 recv_ffn_sum_abs=0.000000e+00 recv_ffn_max_abs=0.000000e+00 recv_ffn_zero=0
SUCCEED (one forward pass done)"
validation,2c_asym_low_high,0,baseline,trunc_even_0.8,2,"60,61","20,80",baseline_no_svd,ok,10.6382,94.0013,201.214,1.06834077835083,True,11,",","llama_context: graph splits = 1
attach_threadpool: call
threads: decode=2 batch=2
prompt tokens: 4
running one forward pass (llama_decode) ...
Top-5 next-token candidates:
  id=11 logit=20.2053 piece="",""
  id=304 logit=18.9277 piece="" in""
  id=3837 logit=18.7558 piece=""，""
  id=1052 logit=18.5616 piece="" there""
  id=358 logit=17.8374 piece="" I""
Autoregressive generation:
Generated text: ,
Decode-only throughput: 10.6382 tokens/s (1 tokens in 0.0940013 s of llama_decode)
End-to-end throughput: 10.6033 tokens/s (1 tokens in 0.0943104 s)
[decode-stage-profile] model_load=527.897 ms context_create=70.1646 ms tokenize=0.891856 ms prefill_decode=201.214 ms generation_decode=94.0013 ms generation_total=94.3104 ms program_total=915.801 ms
[svd-local-op-profile] up_ops=56 gate_ops=56 down_ops=56 up_total=85.144 ms gate_total=85.150 ms down_total=71.864 ms up_v=12.972 ms gate_v=12.780 ms down_v=58.948 ms up_u=72.167 ms gate_u=72.365 ms down_u=12.912 ms
[svd-local-stage-profile] attention_total=1.665 ms ffn_total=244.219 ms ffn_svd_total=242.158 ms ffn_svd_v=84.700 ms ffn_svd_u=157.444 ms
[svd-offload-zero-profile] up_finish=0 up_cache=0 up_no_request=27 gate_finish=0 gate_cache=0 gate_no_request=27 down_finish=0 down_cache=0 down_no_request=27 other_finish=0 other_cache=0 other_no_request=0
[svd-local-timeout-profile] up_keep=0 up_drop=0 up_wait=0.000 ms gate_keep=0 gate_drop=0 gate_wait=0.000 ms down_keep=0 down_drop=0 down_wait=0.000 ms other_keep=0 other_drop=0 other_wait=0.000 ms
[svd-offload-client] up_gate_req=0 down_req=0 other_mat_req=0 ffn_req=0 gate_cache_hits=0 gate_cache_checks=0 miss_invalid=0 miss_layer=0 miss_rank=0 miss_hash=0 miss_output=0 miss_data=0 send_up_gate=0.000 ms send_down=0.000 ms send_other=0.000 ms send_ffn=0.000 ms wait_up_gate=0.000 ms wait_down=0.000 ms wait_other=0.000 ms wait_ffn=0.000 ms
[svd-offload-client-stage-profile] rpc_send_total=0.000 ms rpc_wait_total=0.000 ms
[svd-offload-client-debug] finish_fail_up_gate=0 finish_fail_down=0 finish_fail_other=0 finish_fail_ffn=0 cache_take_fail_up=0 cache_take_fail_gate=0 recv_up_sum_abs=0.000000e+00 recv_up_max_abs=0.000000e+00 recv_up_zero=0 recv_gate_sum_abs=0.000000e+00 recv_gate_max_abs=0.000000e+00 recv_gate_zero=0 recv_down_sum_abs=0.000000e+00 recv_down_max_abs=0.000000e+00 recv_down_zero=0 recv_other_sum_abs=0.000000e+00 recv_other_max_abs=0.000000e+00 recv_other_zero=0 recv_ffn_sum_abs=0.000000e+00 recv_ffn_max_abs=0.000000e+00 recv_ffn_zero=0
SUCCEED (one forward pass done)"
validation,2c_asym_low_high,0,scheduler,trunc_even_0.8,2,"60,61","20,80",trunc_even_0.8,ok,12.097,82.6649,150.523,1.01515531539917,True,3,$,"llama_context: graph splits = 1
attach_threadpool: call
threads: decode=2 batch=2
prompt tokens: 4
running one forward pass (llama_decode) ...
Top-5 next-token candidates:
  id=3 logit=0 piece=""$""
  id=4 logit=0 piece=""%""
  id=1 logit=0 piece=""""""
  id=0 logit=0 piece=""!""
  id=2 logit=0 piece=""#""
Autoregressive generation:
Generated text: !
Decode-only throughput: 12.097 tokens/s (1 tokens in 0.0826649 s of llama_decode)
End-to-end throughput: 12.051 tokens/s (1 tokens in 0.0829806 s)
[decode-stage-profile] model_load=547.426 ms context_create=69.4775 ms tokenize=0.911138 ms prefill_decode=150.523 ms generation_decode=82.6649 ms generation_total=82.9806 ms program_total=868.321 ms
[svd-local-op-profile] up_ops=56 gate_ops=56 down_ops=56 up_total=68.868 ms gate_total=67.156 ms down_total=43.951 ms up_v=12.118 ms gate_v=7.949 ms down_v=33.841 ms up_u=56.746 ms gate_u=59.201 ms down_u=10.107 ms
[svd-local-stage-profile] attention_total=1.636 ms ffn_total=181.834 ms ffn_svd_total=179.975 ms ffn_svd_v=53.908 ms ffn_svd_u=126.054 ms
[svd-offload-zero-profile] up_finish=0 up_cache=0 up_no_request=27 gate_finish=0 gate_cache=0 gate_no_request=27 down_finish=0 down_cache=0 down_no_request=27 other_finish=0 other_cache=0 other_no_request=0
[svd-local-timeout-profile] up_keep=0 up_drop=0 up_wait=0.000 ms gate_keep=0 gate_drop=0 gate_wait=0.000 ms down_keep=0 down_drop=0 down_wait=0.000 ms other_keep=0 other_drop=0 other_wait=0.000 ms
[svd-offload-client] up_gate_req=0 down_req=0 other_mat_req=0 ffn_req=0 gate_cache_hits=0 gate_cache_checks=0 miss_invalid=0 miss_layer=0 miss_rank=0 miss_hash=0 miss_output=0 miss_data=0 send_up_gate=0.000 ms send_down=0.000 ms send_other=0.000 ms send_ffn=0.000 ms wait_up_gate=0.000 ms wait_down=0.000 ms wait_other=0.000 ms wait_ffn=0.000 ms
[svd-offload-client-stage-profile] rpc_send_total=0.000 ms rpc_wait_total=0.000 ms
[svd-offload-client-debug] finish_fail_up_gate=0 finish_fail_down=0 finish_fail_other=0 finish_fail_ffn=0 cache_take_fail_up=0 cache_take_fail_gate=0 recv_up_sum_abs=0.000000e+00 recv_up_max_abs=0.000000e+00 recv_up_zero=0 recv_gate_sum_abs=0.000000e+00 recv_gate_max_abs=0.000000e+00 recv_gate_zero=0 recv_down_sum_abs=0.000000e+00 recv_down_max_abs=0.000000e+00 recv_down_zero=0 recv_other_sum_abs=0.000000e+00 recv_other_max_abs=0.000000e+00 recv_other_zero=0 recv_ffn_sum_abs=0.000000e+00 recv_ffn_max_abs=0.000000e+00 recv_ffn_zero=0
SUCCEED (one forward pass done)"
validation,2c_asym_low_high,1,baseline,trunc_even_0.8,2,"60,61","20,80",baseline_no_svd,ok,11.6182,86.0716,316.253,1.0694777965545654,True,11,",","llama_context: graph splits = 1
attach_threadpool: call
threads: decode=2 batch=2
prompt tokens: 4
running one forward pass (llama_decode) ...
Top-5 next-token candidates:
  id=11 logit=20.2053 piece="",""
  id=304 logit=18.9277 piece="" in""
  id=3837 logit=18.7558 piece=""，""
  id=1052 logit=18.5616 piece="" there""
  id=358 logit=17.8374 piece="" I""
Autoregressive generation:
Generated text: ,
Decode-only throughput: 11.6182 tokens/s (1 tokens in 0.0860716 s of llama_decode)
End-to-end throughput: 11.5744 tokens/s (1 tokens in 0.0863973 s)
[decode-stage-profile] model_load=435.28 ms context_create=57.0606 ms tokenize=0.455336 ms prefill_decode=316.253 ms generation_decode=86.0716 ms generation_total=86.3973 ms program_total=912.251 ms
[svd-local-op-profile] up_ops=56 gate_ops=56 down_ops=56 up_total=87.096 ms gate_total=84.778 ms down_total=75.744 ms up_v=15.768 ms gate_v=16.547 ms down_v=52.325 ms up_u=71.324 ms gate_u=68.228 ms down_u=23.413 ms
[svd-local-stage-profile] attention_total=56.998 ms ffn_total=270.264 ms ffn_svd_total=247.618 ms ffn_svd_v=84.640 ms ffn_svd_u=162.965 ms
[svd-offload-zero-profile] up_finish=0 up_cache=0 up_no_request=27 gate_finish=0 gate_cache=0 gate_no_request=27 down_finish=0 down_cache=0 down_no_request=27 other_finish=0 other_cache=0 other_no_request=0
[svd-local-timeout-profile] up_keep=0 up_drop=0 up_wait=0.000 ms gate_keep=0 gate_drop=0 gate_wait=0.000 ms down_keep=0 down_drop=0 down_wait=0.000 ms other_keep=0 other_drop=0 other_wait=0.000 ms
[svd-offload-client] up_gate_req=0 down_req=0 other_mat_req=0 ffn_req=0 gate_cache_hits=0 gate_cache_checks=0 miss_invalid=0 miss_layer=0 miss_rank=0 miss_hash=0 miss_output=0 miss_data=0 send_up_gate=0.000 ms send_down=0.000 ms send_other=0.000 ms send_ffn=0.000 ms wait_up_gate=0.000 ms wait_down=0.000 ms wait_other=0.000 ms wait_ffn=0.000 ms
[svd-offload-client-stage-profile] rpc_send_total=0.000 ms rpc_wait_total=0.000 ms
[svd-offload-client-debug] finish_fail_up_gate=0 finish_fail_down=0 finish_fail_other=0 finish_fail_ffn=0 cache_take_fail_up=0 cache_take_fail_gate=0 recv_up_sum_abs=0.000000e+00 recv_up_max_abs=0.000000e+00 recv_up_zero=0 recv_gate_sum_abs=0.000000e+00 recv_gate_max_abs=0.000000e+00 recv_gate_zero=0 recv_down_sum_abs=0.000000e+00 recv_down_max_abs=0.000000e+00 recv_down_zero=0 recv_other_sum_abs=0.000000e+00 recv_other_max_abs=0.000000e+00 recv_other_zero=0 recv_ffn_sum_abs=0.000000e+00 recv_ffn_max_abs=0.000000e+00 recv_ffn_zero=0
SUCCEED (one forward pass done)"
validation,2c_asym_low_high,1,scheduler,trunc_even_0.8,2,"60,61","20,80",trunc_even_0.8,ok,12.9253,77.3676,114.402,0.7973735332489014,True,3,$,"llama_context: graph splits = 1
attach_threadpool: call
threads: decode=2 batch=2
prompt tokens: 4
running one forward pass (llama_decode) ...
Top-5 next-token candidates:
  id=3 logit=0 piece=""$""
  id=4 logit=0 piece=""%""
  id=1 logit=0 piece=""""""
  id=0 logit=0 piece=""!""
  id=2 logit=0 piece=""#""
Autoregressive generation:
Generated text: !
Decode-only throughput: 12.9253 tokens/s (1 tokens in 0.0773676 s of llama_decode)
End-to-end throughput: 12.8751 tokens/s (1 tokens in 0.0776695 s)
[decode-stage-profile] model_load=384.035 ms context_create=58.2962 ms tokenize=0.467648 ms prefill_decode=114.402 ms generation_decode=77.3676 ms generation_total=77.6695 ms program_total=651.71 ms
[svd-local-op-profile] up_ops=56 gate_ops=56 down_ops=56 up_total=54.818 ms gate_total=50.397 ms down_total=37.087 ms up_v=6.172 ms gate_v=6.000 ms down_v=29.100 ms up_u=48.640 ms gate_u=44.387 ms down_u=7.983 ms
[svd-local-stage-profile] attention_total=1.473 ms ffn_total=144.088 ms ffn_svd_total=142.302 ms ffn_svd_v=41.272 ms ffn_svd_u=101.010 ms
[svd-offload-zero-profile] up_finish=0 up_cache=0 up_no_request=27 gate_finish=0 gate_cache=0 gate_no_request=27 down_finish=0 down_cache=0 down_no_request=27 other_finish=0 other_cache=0 other_no_request=0
[svd-local-timeout-profile] up_keep=0 up_drop=0 up_wait=0.000 ms gate_keep=0 gate_drop=0 gate_wait=0.000 ms down_keep=0 down_drop=0 down_wait=0.000 ms other_keep=0 other_drop=0 other_wait=0.000 ms
[svd-offload-client] up_gate_req=0 down_req=0 other_mat_req=0 ffn_req=0 gate_cache_hits=0 gate_cache_checks=0 miss_invalid=0 miss_layer=0 miss_rank=0 miss_hash=0 miss_output=0 miss_data=0 send_up_gate=0.000 ms send_down=0.000 ms send_other=0.000 ms send_ffn=0.000 ms wait_up_gate=0.000 ms wait_down=0.000 ms wait_other=0.000 ms wait_ffn=0.000 ms
[svd-offload-client-stage-profile] rpc_send_total=0.000 ms rpc_wait_total=0.000 ms
[svd-offload-client-debug] finish_fail_up_gate=0 finish_fail_down=0 finish_fail_other=0 finish_fail_ffn=0 cache_take_fail_up=0 cache_take_fail_gate=0 recv_up_sum_abs=0.000000e+00 recv_up_max_abs=0.000000e+00 recv_up_zero=0 recv_gate_sum_abs=0.000000e+00 recv_gate_max_abs=0.000000e+00 recv_gate_zero=0 recv_down_sum_abs=0.000000e+00 recv_down_max_abs=0.000000e+00 recv_down_zero=0 recv_other_sum_abs=0.000000e+00 recv_other_max_abs=0.000000e+00 recv_other_zero=0 recv_ffn_sum_abs=0.000000e+00 recv_ffn_max_abs=0.000000e+00 recv_ffn_zero=0
SUCCEED (one forward pass done)"
validation,2c_asym_low_high,2,baseline,trunc_even_0.8,2,"60,61","20,80",baseline_no_svd,ok,11.6542,85.8057,150.223,0.8471791744232178,True,11,",","llama_context: graph splits = 1
attach_threadpool: call
threads: decode=2 batch=2
prompt tokens: 4
running one forward pass (llama_decode) ...
Top-5 next-token candidates:
  id=11 logit=20.2053 piece="",""
  id=304 logit=18.9277 piece="" in""
  id=3837 logit=18.7558 piece=""，""
  id=1052 logit=18.5616 piece="" there""
  id=358 logit=17.8374 piece="" I""
Autoregressive generation:
Generated text: ,
Decode-only throughput: 11.6542 tokens/s (1 tokens in 0.0858057 s of llama_decode)
End-to-end throughput: 11.611 tokens/s (1 tokens in 0.0861254 s)
[decode-stage-profile] model_load=382.82 ms context_create=56.95 ms tokenize=0.45399 ms prefill_decode=150.223 ms generation_decode=85.8057 ms generation_total=86.1254 ms program_total=693.483 ms
[svd-local-op-profile] up_ops=56 gate_ops=56 down_ops=56 up_total=67.900 ms gate_total=67.025 ms down_total=51.425 ms up_v=9.760 ms gate_v=9.593 ms down_v=41.721 ms up_u=58.132 ms gate_u=57.425 ms down_u=9.698 ms
[svd-local-stage-profile] attention_total=1.446 ms ffn_total=188.146 ms ffn_svd_total=186.350 ms ffn_svd_v=61.074 ms ffn_svd_u=125.255 ms
[svd-offload-zero-profile] up_finish=0 up_cache=0 up_no_request=27 gate_finish=0 gate_cache=0 gate_no_request=27 down_finish=0 down_cache=0 down_no_request=27 other_finish=0 other_cache=0 other_no_request=0
[svd-local-timeout-profile] up_keep=0 up_drop=0 up_wait=0.000 ms gate_keep=0 gate_drop=0 gate_wait=0.000 ms down_keep=0 down_drop=0 down_wait=0.000 ms other_keep=0 other_drop=0 other_wait=0.000 ms
[svd-offload-client] up_gate_req=0 down_req=0 other_mat_req=0 ffn_req=0 gate_cache_hits=0 gate_cache_checks=0 miss_invalid=0 miss_layer=0 miss_rank=0 miss_hash=0 miss_output=0 miss_data=0 send_up_gate=0.000 ms send_down=0.000 ms send_other=0.000 ms send_ffn=0.000 ms wait_up_gate=0.000 ms wait_down=0.000 ms wait_other=0.000 ms wait_ffn=0.000 ms
[svd-offload-client-stage-profile] rpc_send_total=0.000 ms rpc_wait_total=0.000 ms
[svd-offload-client-debug] finish_fail_up_gate=0 finish_fail_down=0 finish_fail_other=0 finish_fail_ffn=0 cache_take_fail_up=0 cache_take_fail_gate=0 recv_up_sum_abs=0.000000e+00 recv_up_max_abs=0.000000e+00 recv_up_zero=0 recv_gate_sum_abs=0.000000e+00 recv_gate_max_abs=0.000000e+00 recv_gate_zero=0 recv_down_sum_abs=0.000000e+00 recv_down_max_abs=0.000000e+00 recv_down_zero=0 recv_other_sum_abs=0.000000e+00 recv_other_max_abs=0.000000e+00 recv_other_zero=0 recv_ffn_sum_abs=0.000000e+00 recv_ffn_max_abs=0.000000e+00 recv_ffn_zero=0
SUCCEED (one forward pass done)"
validation,2c_asym_low_high,2,scheduler,trunc_even_0.8,2,"60,61","20,80",trunc_even_0.8,ok,13.2038,75.736,111.008,0.8170790672302246,True,3,$,"llama_context: graph splits = 1
attach_threadpool: call
threads: decode=2 batch=2
prompt tokens: 4
running one forward pass (llama_decode) ...
Top-5 next-token candidates:
  id=3 logit=0 piece=""$""
  id=4 logit=0 piece=""%""
  id=1 logit=0 piece=""""""
  id=0 logit=0 piece=""!""
  id=2 logit=0 piece=""#""
Autoregressive generation:
Generated text: !
Decode-only throughput: 13.2038 tokens/s (1 tokens in 0.075736 s of llama_decode)
End-to-end throughput: 13.1503 tokens/s (1 tokens in 0.0760441 s)
[decode-stage-profile] model_load=401.738 ms context_create=56.1706 ms tokenize=0.465239 ms prefill_decode=111.008 ms generation_decode=75.736 ms generation_total=76.0441 ms program_total=662.283 ms
[svd-local-op-profile] up_ops=56 gate_ops=56 down_ops=56 up_total=50.481 ms gate_total=50.568 ms down_total=37.049 ms up_v=6.189 ms gate_v=5.962 ms down_v=29.135 ms up_u=44.289 ms gate_u=44.600 ms down_u=7.910 ms
[svd-local-stage-profile] attention_total=1.487 ms ffn_total=139.896 ms ffn_svd_total=138.098 ms ffn_svd_v=41.286 ms ffn_svd_u=96.799 ms
[svd-offload-zero-profile] up_finish=0 up_cache=0 up_no_request=27 gate_finish=0 gate_cache=0 gate_no_request=27 down_finish=0 down_cache=0 down_no_request=27 other_finish=0 other_cache=0 other_no_request=0
[svd-local-timeout-profile] up_keep=0 up_drop=0 up_wait=0.000 ms gate_keep=0 gate_drop=0 gate_wait=0.000 ms down_keep=0 down_drop=0 down_wait=0.000 ms other_keep=0 other_drop=0 other_wait=0.000 ms
[svd-offload-client] up_gate_req=0 down_req=0 other_mat_req=0 ffn_req=0 gate_cache_hits=0 gate_cache_checks=0 miss_invalid=0 miss_layer=0 miss_rank=0 miss_hash=0 miss_output=0 miss_data=0 send_up_gate=0.000 ms send_down=0.000 ms send_other=0.000 ms send_ffn=0.000 ms wait_up_gate=0.000 ms wait_down=0.000 ms wait_other=0.000 ms wait_ffn=0.000 ms
[svd-offload-client-stage-profile] rpc_send_total=0.000 ms rpc_wait_total=0.000 ms
[svd-offload-client-debug] finish_fail_up_gate=0 finish_fail_down=0 finish_fail_other=0 finish_fail_ffn=0 cache_take_fail_up=0 cache_take_fail_gate=0 recv_up_sum_abs=0.000000e+00 recv_up_max_abs=0.000000e+00 recv_up_zero=0 recv_gate_sum_abs=0.000000e+00 recv_gate_max_abs=0.000000e+00 recv_gate_zero=0 recv_down_sum_abs=0.000000e+00 recv_down_max_abs=0.000000e+00 recv_down_zero=0 recv_other_sum_abs=0.000000e+00 recv_other_max_abs=0.000000e+00 recv_other_zero=0 recv_ffn_sum_abs=0.000000e+00 recv_ffn_max_abs=0.000000e+00 recv_ffn_zero=0
SUCCEED (one forward pass done)"
calibration,2c_idle_saturated,0,,,2,"60,61","0,100",baseline_no_svd,ok,11.7074,85.4164,146.536,0.8438894748687744,True,11,",","llama_context: graph splits = 1
attach_threadpool: call
threads: decode=2 batch=2
prompt tokens: 4
running one forward pass (llama_decode) ...
Top-5 next-token candidates:
  id=11 logit=20.2053 piece="",""
  id=304 logit=18.9277 piece="" in""
  id=3837 logit=18.7558 piece=""，""
  id=1052 logit=18.5616 piece="" there""
  id=358 logit=17.8374 piece="" I""
Autoregressive generation:
Generated text: ,
Decode-only throughput: 11.7074 tokens/s (1 tokens in 0.0854164 s of llama_decode)
End-to-end throughput: 11.6649 tokens/s (1 tokens in 0.0857272 s)
[decode-stage-profile] model_load=382.645 ms context_create=56.1409 ms tokenize=0.472191 ms prefill_decode=146.536 ms generation_decode=85.4164 ms generation_total=85.7272 ms program_total=688.547 ms
[svd-local-op-profile] up_ops=56 gate_ops=56 down_ops=56 up_total=63.771 ms gate_total=63.789 ms down_total=54.615 ms up_v=9.831 ms gate_v=9.572 ms down_v=44.881 ms up_u=53.936 ms gate_u=54.201 ms down_u=9.732 ms
[svd-local-stage-profile] attention_total=1.481 ms ffn_total=184.051 ms ffn_svd_total=182.175 ms ffn_svd_v=64.284 ms ffn_svd_u=117.869 ms
[svd-offload-zero-profile] up_finish=0 up_cache=0 up_no_request=27 gate_finish=0 gate_cache=0 gate_no_request=27 down_finish=0 down_cache=0 down_no_request=27 other_finish=0 other_cache=0 other_no_request=0
[svd-local-timeout-profile] up_keep=0 up_drop=0 up_wait=0.000 ms gate_keep=0 gate_drop=0 gate_wait=0.000 ms down_keep=0 down_drop=0 down_wait=0.000 ms other_keep=0 other_drop=0 other_wait=0.000 ms
[svd-offload-client] up_gate_req=0 down_req=0 other_mat_req=0 ffn_req=0 gate_cache_hits=0 gate_cache_checks=0 miss_invalid=0 miss_layer=0 miss_rank=0 miss_hash=0 miss_output=0 miss_data=0 send_up_gate=0.000 ms send_down=0.000 ms send_other=0.000 ms send_ffn=0.000 ms wait_up_gate=0.000 ms wait_down=0.000 ms wait_other=0.000 ms wait_ffn=0.000 ms
[svd-offload-client-stage-profile] rpc_send_total=0.000 ms rpc_wait_total=0.000 ms
[svd-offload-client-debug] finish_fail_up_gate=0 finish_fail_down=0 finish_fail_other=0 finish_fail_ffn=0 cache_take_fail_up=0 cache_take_fail_gate=0 recv_up_sum_abs=0.000000e+00 recv_up_max_abs=0.000000e+00 recv_up_zero=0 recv_gate_sum_abs=0.000000e+00 recv_gate_max_abs=0.000000e+00 recv_gate_zero=0 recv_down_sum_abs=0.000000e+00 recv_down_max_abs=0.000000e+00 recv_down_zero=0 recv_other_sum_abs=0.000000e+00 recv_other_max_abs=0.000000e+00 recv_other_zero=0 recv_ffn_sum_abs=0.000000e+00 recv_ffn_max_abs=0.000000e+00 recv_ffn_zero=0
SUCCEED (one forward pass done)"
calibration,2c_idle_saturated,0,,,2,"60,61","0,100",trunc_even_0.8,ok,13.1483,76.0554,112.848,0.7948095798492432,True,3,$,"llama_context: graph splits = 1
attach_threadpool: call
threads: decode=2 batch=2
prompt tokens: 4
running one forward pass (llama_decode) ...
Top-5 next-token candidates:
  id=3 logit=0 piece=""$""
  id=4 logit=0 piece=""%""
  id=1 logit=0 piece=""""""
  id=0 logit=0 piece=""!""
  id=2 logit=0 piece=""#""
Autoregressive generation:
Generated text: !
Decode-only throughput: 13.1483 tokens/s (1 tokens in 0.0760554 s of llama_decode)
End-to-end throughput: 13.0912 tokens/s (1 tokens in 0.0763875 s)
[decode-stage-profile] model_load=385.138 ms context_create=57.1926 ms tokenize=0.45535 ms prefill_decode=112.848 ms generation_decode=76.0554 ms generation_total=76.3875 ms program_total=649.097 ms
[svd-local-op-profile] up_ops=56 gate_ops=56 down_ops=56 up_total=50.825 ms gate_total=50.430 ms down_total=38.319 ms up_v=6.127 ms gate_v=5.904 ms down_v=26.259 ms up_u=44.691 ms gate_u=44.515 ms down_u=12.059 ms
[svd-local-stage-profile] attention_total=1.478 ms ffn_total=141.292 ms ffn_svd_total=139.574 ms ffn_svd_v=38.290 ms ffn_svd_u=101.265 ms
[svd-offload-zero-profile] up_finish=0 up_cache=0 up_no_request=27 gate_finish=0 gate_cache=0 gate_no_request=27 down_finish=0 down_cache=0 down_no_request=27 other_finish=0 other_cache=0 other_no_request=0
[svd-local-timeout-profile] up_keep=0 up_drop=0 up_wait=0.000 ms gate_keep=0 gate_drop=0 gate_wait=0.000 ms down_keep=0 down_drop=0 down_wait=0.000 ms other_keep=0 other_drop=0 other_wait=0.000 ms
[svd-offload-client] up_gate_req=0 down_req=0 other_mat_req=0 ffn_req=0 gate_cache_hits=0 gate_cache_checks=0 miss_invalid=0 miss_layer=0 miss_rank=0 miss_hash=0 miss_output=0 miss_data=0 send_up_gate=0.000 ms send_down=0.000 ms send_other=0.000 ms send_ffn=0.000 ms wait_up_gate=0.000 ms wait_down=0.000 ms wait_other=0.000 ms wait_ffn=0.000 ms
[svd-offload-client-stage-profile] rpc_send_total=0.000 ms rpc_wait_total=0.000 ms
[svd-offload-client-debug] finish_fail_up_gate=0 finish_fail_down=0 finish_fail_other=0 finish_fail_ffn=0 cache_take_fail_up=0 cache_take_fail_gate=0 recv_up_sum_abs=0.000000e+00 recv_up_max_abs=0.000000e+00 recv_up_zero=0 recv_gate_sum_abs=0.000000e+00 recv_gate_max_abs=0.000000e+00 recv_gate_zero=0 recv_down_sum_abs=0.000000e+00 recv_down_max_abs=0.000000e+00 recv_down_zero=0 recv_other_sum_abs=0.000000e+00 recv_other_max_abs=0.000000e+00 recv_other_zero=0 recv_ffn_sum_abs=0.000000e+00 recv_ffn_max_abs=0.000000e+00 recv_ffn_zero=0
SUCCEED (one forward pass done)"
calibration,2c_idle_saturated,0,,,2,"60,61","0,100",trunc_even_0.85,ok,13.3026,75.1733,111.199,0.7919812202453613,True,3,$,"llama_context: graph splits = 1
attach_threadpool: call
threads: decode=2 batch=2
prompt tokens: 4
running one forward pass (llama_decode) ...
Top-5 next-token candidates:
  id=3 logit=0 piece=""$""
  id=4 logit=0 piece=""%""
  id=1 logit=0 piece=""""""
  id=0 logit=0 piece=""!""
  id=2 logit=0 piece=""#""
Autoregressive generation:
Generated text: !
Decode-only throughput: 13.3026 tokens/s (1 tokens in 0.0751733 s of llama_decode)
End-to-end throughput: 13.2477 tokens/s (1 tokens in 0.0754847 s)
[decode-stage-profile] model_load=383.115 ms context_create=57.0495 ms tokenize=0.48394 ms prefill_decode=111.199 ms generation_decode=75.1733 ms generation_total=75.4847 ms program_total=644.52 ms
[svd-local-op-profile] up_ops=56 gate_ops=56 down_ops=56 up_total=49.772 ms gate_total=49.539 ms down_total=33.450 ms up_v=5.940 ms gate_v=5.847 ms down_v=25.510 ms up_u=43.823 ms gate_u=43.685 ms down_u=7.934 ms
[svd-local-stage-profile] attention_total=1.460 ms ffn_total=134.483 ms ffn_svd_total=132.761 ms ffn_svd_v=37.297 ms ffn_svd_u=95.442 ms
[svd-offload-zero-profile] up_finish=0 up_cache=0 up_no_request=27 gate_finish=0 gate_cache=0 gate_no_request=27 down_finish=0 down_cache=0 down_no_request=27 other_finish=0 other_cache=0 other_no_request=0
[svd-local-timeout-profile] up_keep=0 up_drop=0 up_wait=0.000 ms gate_keep=0 gate_drop=0 gate_wait=0.000 ms down_keep=0 down_drop=0 down_wait=0.000 ms other_keep=0 other_drop=0 other_wait=0.000 ms
[svd-offload-client] up_gate_req=0 down_req=0 other_mat_req=0 ffn_req=0 gate_cache_hits=0 gate_cache_checks=0 miss_invalid=0 miss_layer=0 miss_rank=0 miss_hash=0 miss_output=0 miss_data=0 send_up_gate=0.000 ms send_down=0.000 ms send_other=0.000 ms send_ffn=0.000 ms wait_up_gate=0.000 ms wait_down=0.000 ms wait_other=0.000 ms wait_ffn=0.000 ms
[svd-offload-client-stage-profile] rpc_send_total=0.000 ms rpc_wait_total=0.000 ms
[svd-offload-client-debug] finish_fail_up_gate=0 finish_fail_down=0 finish_fail_other=0 finish_fail_ffn=0 cache_take_fail_up=0 cache_take_fail_gate=0 recv_up_sum_abs=0.000000e+00 recv_up_max_abs=0.000000e+00 recv_up_zero=0 recv_gate_sum_abs=0.000000e+00 recv_gate_max_abs=0.000000e+00 recv_gate_zero=0 recv_down_sum_abs=0.000000e+00 recv_down_max_abs=0.000000e+00 recv_down_zero=0 recv_other_sum_abs=0.000000e+00 recv_other_max_abs=0.000000e+00 recv_other_zero=0 recv_ffn_sum_abs=0.000000e+00 recv_ffn_max_abs=0.000000e+00 recv_ffn_zero=0
SUCCEED (one forward pass done)"
calibration,2c_idle_saturated,0,,,2,"60,61","0,100",trunc_even_0.9,ok,15.4009,64.9312,103.811,0.7835707664489746,True,3,$,"llama_context: graph splits = 1
attach_threadpool: call
threads: decode=2 batch=2
prompt tokens: 4
running one forward pass (llama_decode) ...
Top-5 next-token candidates:
  id=3 logit=0 piece=""$""
  id=4 logit=0 piece=""%""
  id=1 logit=0 piece=""""""
  id=0 logit=0 piece=""!""
  id=2 logit=0 piece=""#""
Autoregressive generation:
Generated text: !
Decode-only throughput: 15.4009 tokens/s (1 tokens in 0.0649312 s of llama_decode)
End-to-end throughput: 15.3336 tokens/s (1 tokens in 0.0652163 s)
[decode-stage-profile] model_load=388.593 ms context_create=57.3781 ms tokenize=0.433688 ms prefill_decode=103.811 ms generation_decode=64.9312 ms generation_total=65.2163 ms program_total=632.642 ms
[svd-local-op-profile] up_ops=56 gate_ops=56 down_ops=56 up_total=47.647 ms gate_total=43.467 ms down_total=29.476 ms up_v=5.486 ms gate_v=5.383 ms down_v=22.629 ms up_u=42.157 ms gate_u=38.081 ms down_u=6.844 ms
[svd-local-stage-profile] attention_total=1.487 ms ffn_total=122.111 ms ffn_svd_total=120.590 ms ffn_svd_v=33.498 ms ffn_svd_u=87.082 ms
[svd-offload-zero-profile] up_finish=0 up_cache=0 up_no_request=27 gate_finish=0 gate_cache=0 gate_no_request=27 down_finish=0 down_cache=0 down_no_request=27 other_finish=0 other_cache=0 other_no_request=0
[svd-local-timeout-profile] up_keep=0 up_drop=0 up_wait=0.000 ms gate_keep=0 gate_drop=0 gate_wait=0.000 ms down_keep=0 down_drop=0 down_wait=0.000 ms other_keep=0 other_drop=0 other_wait=0.000 ms
[svd-offload-client] up_gate_req=0 down_req=0 other_mat_req=0 ffn_req=0 gate_cache_hits=0 gate_cache_checks=0 miss_invalid=0 miss_layer=0 miss_rank=0 miss_hash=0 miss_output=0 miss_data=0 send_up_gate=0.000 ms send_down=0.000 ms send_other=0.000 ms send_ffn=0.000 ms wait_up_gate=0.000 ms wait_down=0.000 ms wait_other=0.000 ms wait_ffn=0.000 ms
[svd-offload-client-stage-profile] rpc_send_total=0.000 ms rpc_wait_total=0.000 ms
[svd-offload-client-debug] finish_fail_up_gate=0 finish_fail_down=0 finish_fail_other=0 finish_fail_ffn=0 cache_take_fail_up=0 cache_take_fail_gate=0 recv_up_sum_abs=0.000000e+00 recv_up_max_abs=0.000000e+00 recv_up_zero=0 recv_gate_sum_abs=0.000000e+00 recv_gate_max_abs=0.000000e+00 recv_gate_zero=0 recv_down_sum_abs=0.000000e+00 recv_down_max_abs=0.000000e+00 recv_down_zero=0 recv_other_sum_abs=0.000000e+00 recv_other_max_abs=0.000000e+00 recv_other_zero=0 recv_ffn_sum_abs=0.000000e+00 recv_ffn_max_abs=0.000000e+00 recv_ffn_zero=0
SUCCEED (one forward pass done)"
validation,2c_idle_saturated,0,baseline,trunc_even_0.8,2,"60,61","0,100",baseline_no_svd,ok,11.6603,85.761,147.849,0.8309330940246582,True,11,",","llama_context: graph splits = 1
attach_threadpool: call
threads: decode=2 batch=2
prompt tokens: 4
running one forward pass (llama_decode) ...
Top-5 next-token candidates:
  id=11 logit=20.2053 piece="",""
  id=304 logit=18.9277 piece="" in""
  id=3837 logit=18.7558 piece=""，""
  id=1052 logit=18.5616 piece="" there""
  id=358 logit=17.8374 piece="" I""
Autoregressive generation:
Generated text: ,
Decode-only throughput: 11.6603 tokens/s (1 tokens in 0.085761 s of llama_decode)
End-to-end throughput: 11.6187 tokens/s (1 tokens in 0.0860681 s)
[decode-stage-profile] model_load=375.069 ms context_create=56.5904 ms tokenize=0.45328 ms prefill_decode=147.849 ms generation_decode=85.761 ms generation_total=86.0681 ms program_total=683.138 ms
[svd-local-op-profile] up_ops=56 gate_ops=56 down_ops=56 up_total=67.369 ms gate_total=63.932 ms down_total=52.394 ms up_v=9.804 ms gate_v=9.614 ms down_v=42.746 ms up_u=57.562 ms gate_u=54.310 ms down_u=9.642 ms
[svd-local-stage-profile] attention_total=1.459 ms ffn_total=185.559 ms ffn_svd_total=183.695 ms ffn_svd_v=62.164 ms ffn_svd_u=121.514 ms
[svd-offload-zero-profile] up_finish=0 up_cache=0 up_no_request=27 gate_finish=0 gate_cache=0 gate_no_request=27 down_finish=0 down_cache=0 down_no_request=27 other_finish=0 other_cache=0 other_no_request=0
[svd-local-timeout-profile] up_keep=0 up_drop=0 up_wait=0.000 ms gate_keep=0 gate_drop=0 gate_wait=0.000 ms down_keep=0 down_drop=0 down_wait=0.000 ms other_keep=0 other_drop=0 other_wait=0.000 ms
[svd-offload-client] up_gate_req=0 down_req=0 other_mat_req=0 ffn_req=0 gate_cache_hits=0 gate_cache_checks=0 miss_invalid=0 miss_layer=0 miss_rank=0 miss_hash=0 miss_output=0 miss_data=0 send_up_gate=0.000 ms send_down=0.000 ms send_other=0.000 ms send_ffn=0.000 ms wait_up_gate=0.000 ms wait_down=0.000 ms wait_other=0.000 ms wait_ffn=0.000 ms
[svd-offload-client-stage-profile] rpc_send_total=0.000 ms rpc_wait_total=0.000 ms
[svd-offload-client-debug] finish_fail_up_gate=0 finish_fail_down=0 finish_fail_other=0 finish_fail_ffn=0 cache_take_fail_up=0 cache_take_fail_gate=0 recv_up_sum_abs=0.000000e+00 recv_up_max_abs=0.000000e+00 recv_up_zero=0 recv_gate_sum_abs=0.000000e+00 recv_gate_max_abs=0.000000e+00 recv_gate_zero=0 recv_down_sum_abs=0.000000e+00 recv_down_max_abs=0.000000e+00 recv_down_zero=0 recv_other_sum_abs=0.000000e+00 recv_other_max_abs=0.000000e+00 recv_other_zero=0 recv_ffn_sum_abs=0.000000e+00 recv_ffn_max_abs=0.000000e+00 recv_ffn_zero=0
SUCCEED (one forward pass done)"
validation,2c_idle_saturated,0,scheduler,trunc_even_0.8,2,"60,61","0,100",trunc_even_0.8,ok,13.1617,75.9779,111.789,0.813356876373291,True,3,$,"llama_context: graph splits = 1
attach_threadpool: call
threads: decode=2 batch=2
prompt tokens: 4
running one forward pass (llama_decode) ...
Top-5 next-token candidates:
  id=3 logit=0 piece=""$""
  id=4 logit=0 piece=""%""
  id=1 logit=0 piece=""""""
  id=0 logit=0 piece=""!""
  id=2 logit=0 piece=""#""
Autoregressive generation:
Generated text: !
Decode-only throughput: 13.1617 tokens/s (1 tokens in 0.0759779 s of llama_decode)
End-to-end throughput: 13.11 tokens/s (1 tokens in 0.0762776 s)
[decode-stage-profile] model_load=393.848 ms context_create=57.1873 ms tokenize=0.488955 ms prefill_decode=111.789 ms generation_decode=75.9779 ms generation_total=76.2776 ms program_total=656.692 ms
[svd-local-op-profile] up_ops=56 gate_ops=56 down_ops=56 up_total=50.916 ms gate_total=50.358 ms down_total=37.253 ms up_v=6.151 ms gate_v=5.959 ms down_v=29.318 ms up_u=44.754 ms gate_u=44.394 ms down_u=7.932 ms
[svd-local-stage-profile] attention_total=1.445 ms ffn_total=140.296 ms ffn_svd_total=138.527 ms ffn_svd_v=41.428 ms ffn_svd_u=97.080 ms
[svd-offload-zero-profile] up_finish=0 up_cache=0 up_no_request=27 gate_finish=0 gate_cache=0 gate_no_request=27 down_finish=0 down_cache=0 down_no_request=27 other_finish=0 other_cache=0 other_no_request=0
[svd-local-timeout-profile] up_keep=0 up_drop=0 up_wait=0.000 ms gate_keep=0 gate_drop=0 gate_wait=0.000 ms down_keep=0 down_drop=0 down_wait=0.000 ms other_keep=0 other_drop=0 other_wait=0.000 ms
[svd-offload-client] up_gate_req=0 down_req=0 other_mat_req=0 ffn_req=0 gate_cache_hits=0 gate_cache_checks=0 miss_invalid=0 miss_layer=0 miss_rank=0 miss_hash=0 miss_output=0 miss_data=0 send_up_gate=0.000 ms send_down=0.000 ms send_other=0.000 ms send_ffn=0.000 ms wait_up_gate=0.000 ms wait_down=0.000 ms wait_other=0.000 ms wait_ffn=0.000 ms
[svd-offload-client-stage-profile] rpc_send_total=0.000 ms rpc_wait_total=0.000 ms
[svd-offload-client-debug] finish_fail_up_gate=0 finish_fail_down=0 finish_fail_other=0 finish_fail_ffn=0 cache_take_fail_up=0 cache_take_fail_gate=0 recv_up_sum_abs=0.000000e+00 recv_up_max_abs=0.000000e+00 recv_up_zero=0 recv_gate_sum_abs=0.000000e+00 recv_gate_max_abs=0.000000e+00 recv_gate_zero=0 recv_down_sum_abs=0.000000e+00 recv_down_max_abs=0.000000e+00 recv_down_zero=0 recv_other_sum_abs=0.000000e+00 recv_other_max_abs=0.000000e+00 recv_other_zero=0 recv_ffn_sum_abs=0.000000e+00 recv_ffn_max_abs=0.000000e+00 recv_ffn_zero=0
SUCCEED (one forward pass done)"
validation,2c_idle_saturated,1,baseline,trunc_even_0.8,2,"60,61","0,100",baseline_no_svd,ok,11.8492,84.3941,146.377,0.859245777130127,True,11,",","llama_context: graph splits = 1
attach_threadpool: call
threads: decode=2 batch=2
prompt tokens: 4
running one forward pass (llama_decode) ...
Top-5 next-token candidates:
  id=11 logit=20.2053 piece="",""
  id=304 logit=18.9277 piece="" in""
  id=3837 logit=18.7558 piece=""，""
  id=1052 logit=18.5616 piece="" there""
  id=358 logit=17.8374 piece="" I""
Autoregressive generation:
Generated text: ,
Decode-only throughput: 11.8492 tokens/s (1 tokens in 0.0843941 s of llama_decode)
End-to-end throughput: 11.8066 tokens/s (1 tokens in 0.0846982 s)
[decode-stage-profile] model_load=398.651 ms context_create=57.9079 ms tokenize=0.460731 ms prefill_decode=146.377 ms generation_decode=84.3941 ms generation_total=84.6982 ms program_total=705.248 ms
[svd-local-op-profile] up_ops=56 gate_ops=56 down_ops=56 up_total=62.938 ms gate_total=63.298 ms down_total=55.121 ms up_v=9.678 ms gate_v=9.517 ms down_v=45.372 ms up_u=53.254 ms gate_u=53.776 ms down_u=9.745 ms
[svd-local-stage-profile] attention_total=1.453 ms ffn_total=183.184 ms ffn_svd_total=181.357 ms ffn_svd_v=64.567 ms ffn_svd_u=116.775 ms
[svd-offload-zero-profile] up_finish=0 up_cache=0 up_no_request=27 gate_finish=0 gate_cache=0 gate_no_request=27 down_finish=0 down_cache=0 down_no_request=27 other_finish=0 other_cache=0 other_no_request=0
[svd-local-timeout-profile] up_keep=0 up_drop=0 up_wait=0.000 ms gate_keep=0 gate_drop=0 gate_wait=0.000 ms down_keep=0 down_drop=0 down_wait=0.000 ms other_keep=0 other_drop=0 other_wait=0.000 ms
[svd-offload-client] up_gate_req=0 down_req=0 other_mat_req=0 ffn_req=0 gate_cache_hits=0 gate_cache_checks=0 miss_invalid=0 miss_layer=0 miss_rank=0 miss_hash=0 miss_output=0 miss_data=0 send_up_gate=0.000 ms send_down=0.000 ms send_other=0.000 ms send_ffn=0.000 ms wait_up_gate=0.000 ms wait_down=0.000 ms wait_other=0.000 ms wait_ffn=0.000 ms
[svd-offload-client-stage-profile] rpc_send_total=0.000 ms rpc_wait_total=0.000 ms
[svd-offload-client-debug] finish_fail_up_gate=0 finish_fail_down=0 finish_fail_other=0 finish_fail_ffn=0 cache_take_fail_up=0 cache_take_fail_gate=0 recv_up_sum_abs=0.000000e+00 recv_up_max_abs=0.000000e+00 recv_up_zero=0 recv_gate_sum_abs=0.000000e+00 recv_gate_max_abs=0.000000e+00 recv_gate_zero=0 recv_down_sum_abs=0.000000e+00 recv_down_max_abs=0.000000e+00 recv_down_zero=0 recv_other_sum_abs=0.000000e+00 recv_other_max_abs=0.000000e+00 recv_other_zero=0 recv_ffn_sum_abs=0.000000e+00 recv_ffn_max_abs=0.000000e+00 recv_ffn_zero=0
SUCCEED (one forward pass done)"
validation,2c_idle_saturated,1,scheduler,trunc_even_0.8,2,"60,61","0,100",trunc_even_0.8,ok,13.1785,75.8813,111.615,0.79866623878479,True,3,$,"llama_context: graph splits = 1
attach_threadpool: call
threads: decode=2 batch=2
prompt tokens: 4
running one forward pass (llama_decode) ...
Top-5 next-token candidates:
  id=3 logit=0 piece=""$""
  id=4 logit=0 piece=""%""
  id=1 logit=0 piece=""""""
  id=0 logit=0 piece=""!""
  id=2 logit=0 piece=""#""
Autoregressive generation:
Generated text: !
Decode-only throughput: 13.1785 tokens/s (1 tokens in 0.0758813 s of llama_decode)
End-to-end throughput: 13.1243 tokens/s (1 tokens in 0.0761947 s)
[decode-stage-profile] model_load=384.262 ms context_create=56.9606 ms tokenize=0.45314 ms prefill_decode=111.615 ms generation_decode=75.8813 ms generation_total=76.1947 ms program_total=646.944 ms
[svd-local-op-profile] up_ops=56 gate_ops=56 down_ops=56 up_total=50.832 ms gate_total=54.296 ms down_total=33.337 ms up_v=6.190 ms gate_v=9.881 ms down_v=25.252 ms up_u=44.632 ms gate_u=44.411 ms down_u=8.080 ms
[svd-local-stage-profile] attention_total=1.490 ms ffn_total=140.255 ms ffn_svd_total=138.465 ms ffn_svd_v=41.323 ms ffn_svd_u=97.123 ms
[svd-offload-zero-profile] up_finish=0 up_cache=0 up_no_request=27 gate_finish=0 gate_cache=0 gate_no_request=27 down_finish=0 down_cache=0 down_no_request=27 other_finish=0 other_cache=0 other_no_request=0
[svd-local-timeout-profile] up_keep=0 up_drop=0 up_wait=0.000 ms gate_keep=0 gate_drop=0 gate_wait=0.000 ms down_keep=0 down_drop=0 down_wait=0.000 ms other_keep=0 other_drop=0 other_wait=0.000 ms
[svd-offload-client] up_gate_req=0 down_req=0 other_mat_req=0 ffn_req=0 gate_cache_hits=0 gate_cache_checks=0 miss_invalid=0 miss_layer=0 miss_rank=0 miss_hash=0 miss_output=0 miss_data=0 send_up_gate=0.000 ms send_down=0.000 ms send_other=0.000 ms send_ffn=0.000 ms wait_up_gate=0.000 ms wait_down=0.000 ms wait_other=0.000 ms wait_ffn=0.000 ms
[svd-offload-client-stage-profile] rpc_send_total=0.000 ms rpc_wait_total=0.000 ms
[svd-offload-client-debug] finish_fail_up_gate=0 finish_fail_down=0 finish_fail_other=0 finish_fail_ffn=0 cache_take_fail_up=0 cache_take_fail_gate=0 recv_up_sum_abs=0.000000e+00 recv_up_max_abs=0.000000e+00 recv_up_zero=0 recv_gate_sum_abs=0.000000e+00 recv_gate_max_abs=0.000000e+00 recv_gate_zero=0 recv_down_sum_abs=0.000000e+00 recv_down_max_abs=0.000000e+00 recv_down_zero=0 recv_other_sum_abs=0.000000e+00 recv_other_max_abs=0.000000e+00 recv_other_zero=0 recv_ffn_sum_abs=0.000000e+00 recv_ffn_max_abs=0.000000e+00 recv_ffn_zero=0
SUCCEED (one forward pass done)"
validation,2c_idle_saturated,2,baseline,trunc_even_0.8,2,"60,61","0,100",baseline_no_svd,ok,11.894,84.076,145.889,0.8294050693511963,True,11,",","llama_context: graph splits = 1
attach_threadpool: call
threads: decode=2 batch=2
prompt tokens: 4
running one forward pass (llama_decode) ...
Top-5 next-token candidates:
  id=11 logit=20.2053 piece="",""
  id=304 logit=18.9277 piece="" in""
  id=3837 logit=18.7558 piece=""，""
  id=1052 logit=18.5616 piece="" there""
  id=358 logit=17.8374 piece="" I""
Autoregressive generation:
Generated text: ,
Decode-only throughput: 11.894 tokens/s (1 tokens in 0.084076 s of llama_decode)
End-to-end throughput: 11.8514 tokens/s (1 tokens in 0.0843781 s)
[decode-stage-profile] model_load=380.138 ms context_create=56.169 ms tokenize=0.450214 ms prefill_decode=145.889 ms generation_decode=84.076 ms generation_total=84.3781 ms program_total=684.054 ms
[svd-local-op-profile] up_ops=56 gate_ops=56 down_ops=56 up_total=63.083 ms gate_total=63.342 ms down_total=54.294 ms up_v=9.596 ms gate_v=9.561 ms down_v=44.437 ms up_u=53.481 ms gate_u=53.778 ms down_u=9.850 ms
[svd-local-stage-profile] attention_total=1.456 ms ffn_total=182.495 ms ffn_svd_total=180.719 ms ffn_svd_v=63.594 ms ffn_svd_u=117.109 ms
[svd-offload-zero-profile] up_finish=0 up_cache=0 up_no_request=27 gate_finish=0 gate_cache=0 gate_no_request=27 down_finish=0 down_cache=0 down_no_request=27 other_finish=0 other_cache=0 other_no_request=0
[svd-local-timeout-profile] up_keep=0 up_drop=0 up_wait=0.000 ms gate_keep=0 gate_drop=0 gate_wait=0.000 ms down_keep=0 down_drop=0 down_wait=0.000 ms other_keep=0 other_drop=0 other_wait=0.000 ms
[svd-offload-client] up_gate_req=0 down_req=0 other_mat_req=0 ffn_req=0 gate_cache_hits=0 gate_cache_checks=0 miss_invalid=0 miss_layer=0 miss_rank=0 miss_hash=0 miss_output=0 miss_data=0 send_up_gate=0.000 ms send_down=0.000 ms send_other=0.000 ms send_ffn=0.000 ms wait_up_gate=0.000 ms wait_down=0.000 ms wait_other=0.000 ms wait_ffn=0.000 ms
[svd-offload-client-stage-profile] rpc_send_total=0.000 ms rpc_wait_total=0.000 ms
[svd-offload-client-debug] finish_fail_up_gate=0 finish_fail_down=0 finish_fail_other=0 finish_fail_ffn=0 cache_take_fail_up=0 cache_take_fail_gate=0 recv_up_sum_abs=0.000000e+00 recv_up_max_abs=0.000000e+00 recv_up_zero=0 recv_gate_sum_abs=0.000000e+00 recv_gate_max_abs=0.000000e+00 recv_gate_zero=0 recv_down_sum_abs=0.000000e+00 recv_down_max_abs=0.000000e+00 recv_down_zero=0 recv_other_sum_abs=0.000000e+00 recv_other_max_abs=0.000000e+00 recv_other_zero=0 recv_ffn_sum_abs=0.000000e+00 recv_ffn_max_abs=0.000000e+00 recv_ffn_zero=0
SUCCEED (one forward pass done)"
validation,2c_idle_saturated,2,scheduler,trunc_even_0.8,2,"60,61","0,100",trunc_even_0.8,ok,13.4551,74.3214,110.0,0.7942163944244385,True,3,$,"llama_context: graph splits = 1
attach_threadpool: call
threads: decode=2 batch=2
prompt tokens: 4
running one forward pass (llama_decode) ...
Top-5 next-token candidates:
  id=3 logit=0 piece=""$""
  id=4 logit=0 piece=""%""
  id=1 logit=0 piece=""""""
  id=0 logit=0 piece=""!""
  id=2 logit=0 piece=""#""
Autoregressive generation:
Generated text: !
Decode-only throughput: 13.4551 tokens/s (1 tokens in 0.0743214 s of llama_decode)
End-to-end throughput: 13.4026 tokens/s (1 tokens in 0.0746126 s)
[decode-stage-profile] model_load=385.112 ms context_create=55.7932 ms tokenize=0.470893 ms prefill_decode=110 ms generation_decode=74.3214 ms generation_total=74.6126 ms program_total=643.162 ms
[svd-local-op-profile] up_ops=56 gate_ops=56 down_ops=56 up_total=53.915 ms gate_total=49.342 ms down_total=32.542 ms up_v=6.053 ms gate_v=5.777 ms down_v=24.757 ms up_u=47.855 ms gate_u=43.559 ms down_u=7.783 ms
[svd-local-stage-profile] attention_total=1.466 ms ffn_total=137.553 ms ffn_svd_total=135.799 ms ffn_svd_v=36.587 ms ffn_svd_u=99.197 ms
[svd-offload-zero-profile] up_finish=0 up_cache=0 up_no_request=27 gate_finish=0 gate_cache=0 gate_no_request=27 down_finish=0 down_cache=0 down_no_request=27 other_finish=0 other_cache=0 other_no_request=0
[svd-local-timeout-profile] up_keep=0 up_drop=0 up_wait=0.000 ms gate_keep=0 gate_drop=0 gate_wait=0.000 ms down_keep=0 down_drop=0 down_wait=0.000 ms other_keep=0 other_drop=0 other_wait=0.000 ms
[svd-offload-client] up_gate_req=0 down_req=0 other_mat_req=0 ffn_req=0 gate_cache_hits=0 gate_cache_checks=0 miss_invalid=0 miss_layer=0 miss_rank=0 miss_hash=0 miss_output=0 miss_data=0 send_up_gate=0.000 ms send_down=0.000 ms send_other=0.000 ms send_ffn=0.000 ms wait_up_gate=0.000 ms wait_down=0.000 ms wait_other=0.000 ms wait_ffn=0.000 ms
[svd-offload-client-stage-profile] rpc_send_total=0.000 ms rpc_wait_total=0.000 ms
[svd-offload-client-debug] finish_fail_up_gate=0 finish_fail_down=0 finish_fail_other=0 finish_fail_ffn=0 cache_take_fail_up=0 cache_take_fail_gate=0 recv_up_sum_abs=0.000000e+00 recv_up_max_abs=0.000000e+00 recv_up_zero=0 recv_gate_sum_abs=0.000000e+00 recv_gate_max_abs=0.000000e+00 recv_gate_zero=0 recv_down_sum_abs=0.000000e+00 recv_down_max_abs=0.000000e+00 recv_down_zero=0 recv_other_sum_abs=0.000000e+00 recv_other_max_abs=0.000000e+00 recv_other_zero=0 recv_ffn_sum_abs=0.000000e+00 recv_ffn_max_abs=0.000000e+00 recv_ffn_zero=0
SUCCEED (one forward pass done)"
calibration,2c_high,0,,,2,"60,61","80,100",baseline_no_svd,ok,11.8098,84.6753,146.613,0.8303074836730957,True,11,",","llama_context: graph splits = 1
attach_threadpool: call
threads: decode=2 batch=2
prompt tokens: 4
running one forward pass (llama_decode) ...
Top-5 next-token candidates:
  id=11 logit=20.2053 piece="",""
  id=304 logit=18.9277 piece="" in""
  id=3837 logit=18.7558 piece=""，""
  id=1052 logit=18.5616 piece="" there""
  id=358 logit=17.8374 piece="" I""
Autoregressive generation:
Generated text: ,
Decode-only throughput: 11.8098 tokens/s (1 tokens in 0.0846753 s of llama_decode)
End-to-end throughput: 11.7658 tokens/s (1 tokens in 0.0849924 s)
[decode-stage-profile] model_load=379.981 ms context_create=57.2811 ms tokenize=0.465028 ms prefill_decode=146.613 ms generation_decode=84.6753 ms generation_total=84.9924 ms program_total=686.053 ms
[svd-local-op-profile] up_ops=56 gate_ops=56 down_ops=56 up_total=66.203 ms gate_total=62.381 ms down_total=53.412 ms up_v=9.485 ms gate_v=9.311 ms down_v=43.854 ms up_u=56.711 ms gate_u=53.067 ms down_u=9.556 ms
[svd-local-stage-profile] attention_total=1.438 ms ffn_total=183.669 ms ffn_svd_total=181.996 ms ffn_svd_v=62.650 ms ffn_svd_u=119.334 ms
[svd-offload-zero-profile] up_finish=0 up_cache=0 up_no_request=27 gate_finish=0 gate_cache=0 gate_no_request=27 down_finish=0 down_cache=0 down_no_request=27 other_finish=0 other_cache=0 other_no_request=0
[svd-local-timeout-profile] up_keep=0 up_drop=0 up_wait=0.000 ms gate_keep=0 gate_drop=0 gate_wait=0.000 ms down_keep=0 down_drop=0 down_wait=0.000 ms other_keep=0 other_drop=0 other_wait=0.000 ms
[svd-offload-client] up_gate_req=0 down_req=0 other_mat_req=0 ffn_req=0 gate_cache_hits=0 gate_cache_checks=0 miss_invalid=0 miss_layer=0 miss_rank=0 miss_hash=0 miss_output=0 miss_data=0 send_up_gate=0.000 ms send_down=0.000 ms send_other=0.000 ms send_ffn=0.000 ms wait_up_gate=0.000 ms wait_down=0.000 ms wait_other=0.000 ms wait_ffn=0.000 ms
[svd-offload-client-stage-profile] rpc_send_total=0.000 ms rpc_wait_total=0.000 ms
[svd-offload-client-debug] finish_fail_up_gate=0 finish_fail_down=0 finish_fail_other=0 finish_fail_ffn=0 cache_take_fail_up=0 cache_take_fail_gate=0 recv_up_sum_abs=0.000000e+00 recv_up_max_abs=0.000000e+00 recv_up_zero=0 recv_gate_sum_abs=0.000000e+00 recv_gate_max_abs=0.000000e+00 recv_gate_zero=0 recv_down_sum_abs=0.000000e+00 recv_down_max_abs=0.000000e+00 recv_down_zero=0 recv_other_sum_abs=0.000000e+00 recv_other_max_abs=0.000000e+00 recv_other_zero=0 recv_ffn_sum_abs=0.000000e+00 recv_ffn_max_abs=0.000000e+00 recv_ffn_zero=0
SUCCEED (one forward pass done)"
calibration,2c_high,0,,,2,"60,61","80,100",trunc_even_0.8,ok,12.6029,79.347,113.342,0.7949888706207275,True,3,$,"llama_context: graph splits = 1
attach_threadpool: call
threads: decode=2 batch=2
prompt tokens: 4
running one forward pass (llama_decode) ...
Top-5 next-token candidates:
  id=3 logit=0 piece=""$""
  id=4 logit=0 piece=""%""
  id=1 logit=0 piece=""""""
  id=0 logit=0 piece=""!""
  id=2 logit=0 piece=""#""
Autoregressive generation:
Generated text: !
Decode-only throughput: 12.6029 tokens/s (1 tokens in 0.079347 s of llama_decode)
End-to-end throughput: 12.5546 tokens/s (1 tokens in 0.0796518 s)
[decode-stage-profile] model_load=376.369 ms context_create=56.7709 ms tokenize=0.463106 ms prefill_decode=113.342 ms generation_decode=79.347 ms generation_total=79.6518 ms program_total=643.101 ms
[svd-local-op-profile] up_ops=56 gate_ops=56 down_ops=56 up_total=51.009 ms gate_total=54.621 ms down_total=37.627 ms up_v=6.398 ms gate_v=5.950 ms down_v=29.563 ms up_u=44.606 ms gate_u=48.666 ms down_u=8.050 ms
[svd-local-stage-profile] attention_total=1.451 ms ffn_total=145.056 ms ffn_svd_total=143.257 ms ffn_svd_v=41.911 ms ffn_svd_u=101.322 ms
[svd-offload-zero-profile] up_finish=0 up_cache=0 up_no_request=27 gate_finish=0 gate_cache=0 gate_no_request=27 down_finish=0 down_cache=0 down_no_request=27 other_finish=0 other_cache=0 other_no_request=0
[svd-local-timeout-profile] up_keep=0 up_drop=0 up_wait=0.000 ms gate_keep=0 gate_drop=0 gate_wait=0.000 ms down_keep=0 down_drop=0 down_wait=0.000 ms other_keep=0 other_drop=0 other_wait=0.000 ms
[svd-offload-client] up_gate_req=0 down_req=0 other_mat_req=0 ffn_req=0 gate_cache_hits=0 gate_cache_checks=0 miss_invalid=0 miss_layer=0 miss_rank=0 miss_hash=0 miss_output=0 miss_data=0 send_up_gate=0.000 ms send_down=0.000 ms send_other=0.000 ms send_ffn=0.000 ms wait_up_gate=0.000 ms wait_down=0.000 ms wait_other=0.000 ms wait_ffn=0.000 ms
[svd-offload-client-stage-profile] rpc_send_total=0.000 ms rpc_wait_total=0.000 ms
[svd-offload-client-debug] finish_fail_up_gate=0 finish_fail_down=0 finish_fail_other=0 finish_fail_ffn=0 cache_take_fail_up=0 cache_take_fail_gate=0 recv_up_sum_abs=0.000000e+00 recv_up_max_abs=0.000000e+00 recv_up_zero=0 recv_gate_sum_abs=0.000000e+00 recv_gate_max_abs=0.000000e+00 recv_gate_zero=0 recv_down_sum_abs=0.000000e+00 recv_down_max_abs=0.000000e+00 recv_down_zero=0 recv_other_sum_abs=0.000000e+00 recv_other_max_abs=0.000000e+00 recv_other_zero=0 recv_ffn_sum_abs=0.000000e+00 recv_ffn_max_abs=0.000000e+00 recv_ffn_zero=0
SUCCEED (one forward pass done)"
calibration,2c_high,0,,,2,"60,61","80,100",trunc_even_0.85,ok,13.5035,74.0547,108.111,0.7867965698242188,True,3,$,"llama_context: graph splits = 1
attach_threadpool: call
threads: decode=2 batch=2
prompt tokens: 4
running one forward pass (llama_decode) ...
Top-5 next-token candidates:
  id=3 logit=0 piece=""$""
  id=4 logit=0 piece=""%""
  id=1 logit=0 piece=""""""
  id=0 logit=0 piece=""!""
  id=2 logit=0 piece=""#""
Autoregressive generation:
Generated text: !
Decode-only throughput: 13.5035 tokens/s (1 tokens in 0.0740547 s of llama_decode)
End-to-end throughput: 13.4487 tokens/s (1 tokens in 0.0743568 s)
[decode-stage-profile] model_load=378.029 ms context_create=57.0462 ms tokenize=0.457391 ms prefill_decode=108.111 ms generation_decode=74.0547 ms generation_total=74.3568 ms program_total=634.439 ms
[svd-local-op-profile] up_ops=56 gate_ops=56 down_ops=56 up_total=53.111 ms gate_total=48.910 ms down_total=31.783 ms up_v=5.786 ms gate_v=5.805 ms down_v=24.064 ms up_u=47.322 ms gate_u=43.099 ms down_u=7.717 ms
[svd-local-stage-profile] attention_total=1.459 ms ffn_total=135.336 ms ffn_svd_total=133.804 ms ffn_svd_v=35.655 ms ffn_svd_u=98.138 ms
[svd-offload-zero-profile] up_finish=0 up_cache=0 up_no_request=27 gate_finish=0 gate_cache=0 gate_no_request=27 down_finish=0 down_cache=0 down_no_request=27 other_finish=0 other_cache=0 other_no_request=0
[svd-local-timeout-profile] up_keep=0 up_drop=0 up_wait=0.000 ms gate_keep=0 gate_drop=0 gate_wait=0.000 ms down_keep=0 down_drop=0 down_wait=0.000 ms other_keep=0 other_drop=0 other_wait=0.000 ms
[svd-offload-client] up_gate_req=0 down_req=0 other_mat_req=0 ffn_req=0 gate_cache_hits=0 gate_cache_checks=0 miss_invalid=0 miss_layer=0 miss_rank=0 miss_hash=0 miss_output=0 miss_data=0 send_up_gate=0.000 ms send_down=0.000 ms send_other=0.000 ms send_ffn=0.000 ms wait_up_gate=0.000 ms wait_down=0.000 ms wait_other=0.000 ms wait_ffn=0.000 ms
[svd-offload-client-stage-profile] rpc_send_total=0.000 ms rpc_wait_total=0.000 ms
[svd-offload-client-debug] finish_fail_up_gate=0 finish_fail_down=0 finish_fail_other=0 finish_fail_ffn=0 cache_take_fail_up=0 cache_take_fail_gate=0 recv_up_sum_abs=0.000000e+00 recv_up_max_abs=0.000000e+00 recv_up_zero=0 recv_gate_sum_abs=0.000000e+00 recv_gate_max_abs=0.000000e+00 recv_gate_zero=0 recv_down_sum_abs=0.000000e+00 recv_down_max_abs=0.000000e+00 recv_down_zero=0 recv_other_sum_abs=0.000000e+00 recv_other_max_abs=0.000000e+00 recv_other_zero=0 recv_ffn_sum_abs=0.000000e+00 recv_ffn_max_abs=0.000000e+00 recv_ffn_zero=0
SUCCEED (one forward pass done)"
calibration,2c_high,0,,,2,"60,61","80,100",trunc_even_0.9,ok,15.0773,66.325,102.672,0.7614593505859375,True,3,$,"llama_context: graph splits = 1
attach_threadpool: call
threads: decode=2 batch=2
prompt tokens: 4
running one forward pass (llama_decode) ...
Top-5 next-token candidates:
  id=3 logit=0 piece=""$""
  id=4 logit=0 piece=""%""
  id=1 logit=0 piece=""""""
  id=0 logit=0 piece=""!""
  id=2 logit=0 piece=""#""
Autoregressive generation:
Generated text: !
Decode-only throughput: 15.0773 tokens/s (1 tokens in 0.066325 s of llama_decode)
End-to-end throughput: 15.0099 tokens/s (1 tokens in 0.0666229 s)
[decode-stage-profile] model_load=372.518 ms context_create=61.2873 ms tokenize=0.45481 ms prefill_decode=102.672 ms generation_decode=66.325 ms generation_total=66.6229 ms program_total=620.109 ms
[svd-local-op-profile] up_ops=56 gate_ops=56 down_ops=56 up_total=46.942 ms gate_total=43.599 ms down_total=29.933 ms up_v=5.621 ms gate_v=5.470 ms down_v=22.978 ms up_u=41.318 ms gate_u=38.116 ms down_u=6.953 ms
[svd-local-stage-profile] attention_total=1.463 ms ffn_total=121.998 ms ffn_svd_total=120.474 ms ffn_svd_v=34.069 ms ffn_svd_u=86.387 ms
[svd-offload-zero-profile] up_finish=0 up_cache=0 up_no_request=27 gate_finish=0 gate_cache=0 gate_no_request=27 down_finish=0 down_cache=0 down_no_request=27 other_finish=0 other_cache=0 other_no_request=0
[svd-local-timeout-profile] up_keep=0 up_drop=0 up_wait=0.000 ms gate_keep=0 gate_drop=0 gate_wait=0.000 ms down_keep=0 down_drop=0 down_wait=0.000 ms other_keep=0 other_drop=0 other_wait=0.000 ms
[svd-offload-client] up_gate_req=0 down_req=0 other_mat_req=0 ffn_req=0 gate_cache_hits=0 gate_cache_checks=0 miss_invalid=0 miss_layer=0 miss_rank=0 miss_hash=0 miss_output=0 miss_data=0 send_up_gate=0.000 ms send_down=0.000 ms send_other=0.000 ms send_ffn=0.000 ms wait_up_gate=0.000 ms wait_down=0.000 ms wait_other=0.000 ms wait_ffn=0.000 ms
[svd-offload-client-stage-profile] rpc_send_total=0.000 ms rpc_wait_total=0.000 ms
[svd-offload-client-debug] finish_fail_up_gate=0 finish_fail_down=0 finish_fail_other=0 finish_fail_ffn=0 cache_take_fail_up=0 cache_take_fail_gate=0 recv_up_sum_abs=0.000000e+00 recv_up_max_abs=0.000000e+00 recv_up_zero=0 recv_gate_sum_abs=0.000000e+00 recv_gate_max_abs=0.000000e+00 recv_gate_zero=0 recv_down_sum_abs=0.000000e+00 recv_down_max_abs=0.000000e+00 recv_down_zero=0 recv_other_sum_abs=0.000000e+00 recv_other_max_abs=0.000000e+00 recv_other_zero=0 recv_ffn_sum_abs=0.000000e+00 recv_ffn_max_abs=0.000000e+00 recv_ffn_zero=0
SUCCEED (one forward pass done)"
validation,2c_high,0,baseline,trunc_even_0.85,2,"60,61","80,100",baseline_no_svd,ok,11.1186,89.939,149.091,0.8467674255371094,True,11,",","llama_context: graph splits = 1
attach_threadpool: call
threads: decode=2 batch=2
prompt tokens: 4
running one forward pass (llama_decode) ...
Top-5 next-token candidates:
  id=11 logit=20.2053 piece="",""
  id=304 logit=18.9277 piece="" in""
  id=3837 logit=18.7558 piece=""，""
  id=1052 logit=18.5616 piece="" there""
  id=358 logit=17.8374 piece="" I""
Autoregressive generation:
Generated text: ,
Decode-only throughput: 11.1186 tokens/s (1 tokens in 0.089939 s of llama_decode)
End-to-end throughput: 11.0794 tokens/s (1 tokens in 0.0902577 s)
[decode-stage-profile] model_load=373.452 ms context_create=56.8418 ms tokenize=0.47571 ms prefill_decode=149.091 ms generation_decode=89.939 ms generation_total=90.2577 ms program_total=686.59 ms
[svd-local-op-profile] up_ops=56 gate_ops=56 down_ops=56 up_total=68.836 ms gate_total=67.765 ms down_total=52.321 ms up_v=10.052 ms gate_v=9.718 ms down_v=42.535 ms up_u=58.778 ms gate_u=58.041 ms down_u=9.784 ms
[svd-local-stage-profile] attention_total=1.559 ms ffn_total=190.743 ms ffn_svd_total=188.922 ms ffn_svd_v=62.305 ms ffn_svd_u=126.603 ms
[svd-offload-zero-profile] up_finish=0 up_cache=0 up_no_request=27 gate_finish=0 gate_cache=0 gate_no_request=27 down_finish=0 down_cache=0 down_no_request=27 other_finish=0 other_cache=0 other_no_request=0
[svd-local-timeout-profile] up_keep=0 up_drop=0 up_wait=0.000 ms gate_keep=0 gate_drop=0 gate_wait=0.000 ms down_keep=0 down_drop=0 down_wait=0.000 ms other_keep=0 other_drop=0 other_wait=0.000 ms
[svd-offload-client] up_gate_req=0 down_req=0 other_mat_req=0 ffn_req=0 gate_cache_hits=0 gate_cache_checks=0 miss_invalid=0 miss_layer=0 miss_rank=0 miss_hash=0 miss_output=0 miss_data=0 send_up_gate=0.000 ms send_down=0.000 ms send_other=0.000 ms send_ffn=0.000 ms wait_up_gate=0.000 ms wait_down=0.000 ms wait_other=0.000 ms wait_ffn=0.000 ms
[svd-offload-client-stage-profile] rpc_send_total=0.000 ms rpc_wait_total=0.000 ms
[svd-offload-client-debug] finish_fail_up_gate=0 finish_fail_down=0 finish_fail_other=0 finish_fail_ffn=0 cache_take_fail_up=0 cache_take_fail_gate=0 recv_up_sum_abs=0.000000e+00 recv_up_max_abs=0.000000e+00 recv_up_zero=0 recv_gate_sum_abs=0.000000e+00 recv_gate_max_abs=0.000000e+00 recv_gate_zero=0 recv_down_sum_abs=0.000000e+00 recv_down_max_abs=0.000000e+00 recv_down_zero=0 recv_other_sum_abs=0.000000e+00 recv_other_max_abs=0.000000e+00 recv_other_zero=0 recv_ffn_sum_abs=0.000000e+00 recv_ffn_max_abs=0.000000e+00 recv_ffn_zero=0
SUCCEED (one forward pass done)"
validation,2c_high,0,scheduler,trunc_even_0.85,2,"60,61","80,100",trunc_even_0.85,ok,13.3147,75.1051,108.403,0.8101260662078857,True,3,$,"llama_context: graph splits = 1
attach_threadpool: call
threads: decode=2 batch=2
prompt tokens: 4
running one forward pass (llama_decode) ...
Top-5 next-token candidates:
  id=3 logit=0 piece=""$""
  id=4 logit=0 piece=""%""
  id=1 logit=0 piece=""""""
  id=0 logit=0 piece=""!""
  id=2 logit=0 piece=""#""
Autoregressive generation:
Generated text: !
Decode-only throughput: 13.3147 tokens/s (1 tokens in 0.0751051 s of llama_decode)
End-to-end throughput: 13.2591 tokens/s (1 tokens in 0.07542 s)
[decode-stage-profile] model_load=405.589 ms context_create=56.0576 ms tokenize=0.432971 ms prefill_decode=108.403 ms generation_decode=75.1051 ms generation_total=75.42 ms program_total=662.476 ms
[svd-local-op-profile] up_ops=56 gate_ops=56 down_ops=56 up_total=50.258 ms gate_total=48.710 ms down_total=35.769 ms up_v=5.840 ms gate_v=5.711 ms down_v=23.975 ms up_u=44.406 ms gate_u=42.994 ms down_u=11.787 ms
[svd-local-stage-profile] attention_total=1.439 ms ffn_total=136.339 ms ffn_svd_total=134.737 ms ffn_svd_v=35.526 ms ffn_svd_u=99.187 ms
[svd-offload-zero-profile] up_finish=0 up_cache=0 up_no_request=27 gate_finish=0 gate_cache=0 gate_no_request=27 down_finish=0 down_cache=0 down_no_request=27 other_finish=0 other_cache=0 other_no_request=0
[svd-local-timeout-profile] up_keep=0 up_drop=0 up_wait=0.000 ms gate_keep=0 gate_drop=0 gate_wait=0.000 ms down_keep=0 down_drop=0 down_wait=0.000 ms other_keep=0 other_drop=0 other_wait=0.000 ms
[svd-offload-client] up_gate_req=0 down_req=0 other_mat_req=0 ffn_req=0 gate_cache_hits=0 gate_cache_checks=0 miss_invalid=0 miss_layer=0 miss_rank=0 miss_hash=0 miss_output=0 miss_data=0 send_up_gate=0.000 ms send_down=0.000 ms send_other=0.000 ms send_ffn=0.000 ms wait_up_gate=0.000 ms wait_down=0.000 ms wait_other=0.000 ms wait_ffn=0.000 ms
[svd-offload-client-stage-profile] rpc_send_total=0.000 ms rpc_wait_total=0.000 ms
[svd-offload-client-debug] finish_fail_up_gate=0 finish_fail_down=0 finish_fail_other=0 finish_fail_ffn=0 cache_take_fail_up=0 cache_take_fail_gate=0 recv_up_sum_abs=0.000000e+00 recv_up_max_abs=0.000000e+00 recv_up_zero=0 recv_gate_sum_abs=0.000000e+00 recv_gate_max_abs=0.000000e+00 recv_gate_zero=0 recv_down_sum_abs=0.000000e+00 recv_down_max_abs=0.000000e+00 recv_down_zero=0 recv_other_sum_abs=0.000000e+00 recv_other_max_abs=0.000000e+00 recv_other_zero=0 recv_ffn_sum_abs=0.000000e+00 recv_ffn_max_abs=0.000000e+00 recv_ffn_zero=0
SUCCEED (one forward pass done)"
validation,2c_high,1,baseline,trunc_even_0.85,2,"60,61","80,100",baseline_no_svd,ok,12.0822,82.7661,145.919,0.8309757709503174,True,11,",","llama_context: graph splits = 1
attach_threadpool: call
threads: decode=2 batch=2
prompt tokens: 4
running one forward pass (llama_decode) ...
Top-5 next-token candidates:
  id=11 logit=20.2053 piece="",""
  id=304 logit=18.9277 piece="" in""
  id=3837 logit=18.7558 piece=""，""
  id=1052 logit=18.5616 piece="" there""
  id=358 logit=17.8374 piece="" I""
Autoregressive generation:
Generated text: ,
Decode-only throughput: 12.0822 tokens/s (1 tokens in 0.0827661 s of llama_decode)
End-to-end throughput: 12.0409 tokens/s (1 tokens in 0.0830504 s)
[decode-stage-profile] model_load=374.69 ms context_create=57.7266 ms tokenize=0.451564 ms prefill_decode=145.919 ms generation_decode=82.7661 ms generation_total=83.0504 ms program_total=678.186 ms
[svd-local-op-profile] up_ops=56 gate_ops=56 down_ops=56 up_total=62.045 ms gate_total=65.889 ms down_total=52.541 ms up_v=9.433 ms gate_v=9.283 ms down_v=43.105 ms up_u=52.609 ms gate_u=56.599 ms down_u=9.432 ms
[svd-local-stage-profile] attention_total=1.476 ms ffn_total=182.167 ms ffn_svd_total=180.475 ms ffn_svd_v=61.821 ms ffn_svd_u=118.640 ms
[svd-offload-zero-profile] up_finish=0 up_cache=0 up_no_request=27 gate_finish=0 gate_cache=0 gate_no_request=27 down_finish=0 down_cache=0 down_no_request=27 other_finish=0 other_cache=0 other_no_request=0
[svd-local-timeout-profile] up_keep=0 up_drop=0 up_wait=0.000 ms gate_keep=0 gate_drop=0 gate_wait=0.000 ms down_keep=0 down_drop=0 down_wait=0.000 ms other_keep=0 other_drop=0 other_wait=0.000 ms
[svd-offload-client] up_gate_req=0 down_req=0 other_mat_req=0 ffn_req=0 gate_cache_hits=0 gate_cache_checks=0 miss_invalid=0 miss_layer=0 miss_rank=0 miss_hash=0 miss_output=0 miss_data=0 send_up_gate=0.000 ms send_down=0.000 ms send_other=0.000 ms send_ffn=0.000 ms wait_up_gate=0.000 ms wait_down=0.000 ms wait_other=0.000 ms wait_ffn=0.000 ms
[svd-offload-client-stage-profile] rpc_send_total=0.000 ms rpc_wait_total=0.000 ms
[svd-offload-client-debug] finish_fail_up_gate=0 finish_fail_down=0 finish_fail_other=0 finish_fail_ffn=0 cache_take_fail_up=0 cache_take_fail_gate=0 recv_up_sum_abs=0.000000e+00 recv_up_max_abs=0.000000e+00 recv_up_zero=0 recv_gate_sum_abs=0.000000e+00 recv_gate_max_abs=0.000000e+00 recv_gate_zero=0 recv_down_sum_abs=0.000000e+00 recv_down_max_abs=0.000000e+00 recv_down_zero=0 recv_other_sum_abs=0.000000e+00 recv_other_max_abs=0.000000e+00 recv_other_zero=0 recv_ffn_sum_abs=0.000000e+00 recv_ffn_max_abs=0.000000e+00 recv_ffn_zero=0
SUCCEED (one forward pass done)"
validation,2c_high,1,scheduler,trunc_even_0.85,2,"60,61","80,100",trunc_even_0.85,ok,13.5896,73.5858,108.984,0.7939376831054688,True,3,$,"llama_context: graph splits = 1
attach_threadpool: call
threads: decode=2 batch=2
prompt tokens: 4
running one forward pass (llama_decode) ...
Top-5 next-token candidates:
  id=3 logit=0 piece=""$""
  id=4 logit=0 piece=""%""
  id=1 logit=0 piece=""""""
  id=0 logit=0 piece=""!""
  id=2 logit=0 piece=""#""
Autoregressive generation:
Generated text: !
Decode-only throughput: 13.5896 tokens/s (1 tokens in 0.0735858 s of llama_decode)
End-to-end throughput: 13.5321 tokens/s (1 tokens in 0.0738986 s)
[decode-stage-profile] model_load=381.163 ms context_create=58.0629 ms tokenize=0.454664 ms prefill_decode=108.984 ms generation_decode=73.5858 ms generation_total=73.8986 ms program_total=639.185 ms
[svd-local-op-profile] up_ops=56 gate_ops=56 down_ops=56 up_total=48.922 ms gate_total=48.716 ms down_total=34.530 ms up_v=5.892 ms gate_v=5.703 ms down_v=26.853 ms up_u=43.026 ms gate_u=43.007 ms down_u=7.662 ms
[svd-local-stage-profile] attention_total=1.520 ms ffn_total=133.751 ms ffn_svd_total=132.168 ms ffn_svd_v=38.448 ms ffn_svd_u=93.695 ms
[svd-offload-zero-profile] up_finish=0 up_cache=0 up_no_request=27 gate_finish=0 gate_cache=0 gate_no_request=27 down_finish=0 down_cache=0 down_no_request=27 other_finish=0 other_cache=0 other_no_request=0
[svd-local-timeout-profile] up_keep=0 up_drop=0 up_wait=0.000 ms gate_keep=0 gate_drop=0 gate_wait=0.000 ms down_keep=0 down_drop=0 down_wait=0.000 ms other_keep=0 other_drop=0 other_wait=0.000 ms
[svd-offload-client] up_gate_req=0 down_req=0 other_mat_req=0 ffn_req=0 gate_cache_hits=0 gate_cache_checks=0 miss_invalid=0 miss_layer=0 miss_rank=0 miss_hash=0 miss_output=0 miss_data=0 send_up_gate=0.000 ms send_down=0.000 ms send_other=0.000 ms send_ffn=0.000 ms wait_up_gate=0.000 ms wait_down=0.000 ms wait_other=0.000 ms wait_ffn=0.000 ms
[svd-offload-client-stage-profile] rpc_send_total=0.000 ms rpc_wait_total=0.000 ms
[svd-offload-client-debug] finish_fail_up_gate=0 finish_fail_down=0 finish_fail_other=0 finish_fail_ffn=0 cache_take_fail_up=0 cache_take_fail_gate=0 recv_up_sum_abs=0.000000e+00 recv_up_max_abs=0.000000e+00 recv_up_zero=0 recv_gate_sum_abs=0.000000e+00 recv_gate_max_abs=0.000000e+00 recv_gate_zero=0 recv_down_sum_abs=0.000000e+00 recv_down_max_abs=0.000000e+00 recv_down_zero=0 recv_other_sum_abs=0.000000e+00 recv_other_max_abs=0.000000e+00 recv_other_zero=0 recv_ffn_sum_abs=0.000000e+00 recv_ffn_max_abs=0.000000e+00 recv_ffn_zero=0
SUCCEED (one forward pass done)"
validation,2c_high,2,baseline,trunc_even_0.85,2,"60,61","80,100",baseline_no_svd,ok,11.7394,85.1832,149.522,0.8526043891906738,True,11,",","llama_context: graph splits = 1
attach_threadpool: call
threads: decode=2 batch=2
prompt tokens: 4
running one forward pass (llama_decode) ...
Top-5 next-token candidates:
  id=11 logit=20.2053 piece="",""
  id=304 logit=18.9277 piece="" in""
  id=3837 logit=18.7558 piece=""，""
  id=1052 logit=18.5616 piece="" there""
  id=358 logit=17.8374 piece="" I""
Autoregressive generation:
Generated text: ,
Decode-only throughput: 11.7394 tokens/s (1 tokens in 0.0851832 s of llama_decode)
End-to-end throughput: 11.6981 tokens/s (1 tokens in 0.0854841 s)
[decode-stage-profile] model_load=386.892 ms context_create=57.17 ms tokenize=0.465816 ms prefill_decode=149.522 ms generation_decode=85.1832 ms generation_total=85.4841 ms program_total=695.804 ms
[svd-local-op-profile] up_ops=56 gate_ops=56 down_ops=56 up_total=67.240 ms gate_total=63.520 ms down_total=51.348 ms up_v=9.780 ms gate_v=9.502 ms down_v=41.652 ms up_u=57.455 ms gate_u=54.007 ms down_u=9.692 ms
[svd-local-stage-profile] attention_total=1.459 ms ffn_total=183.965 ms ffn_svd_total=182.108 ms ffn_svd_v=60.934 ms ffn_svd_u=121.154 ms
[svd-offload-zero-profile] up_finish=0 up_cache=0 up_no_request=27 gate_finish=0 gate_cache=0 gate_no_request=27 down_finish=0 down_cache=0 down_no_request=27 other_finish=0 other_cache=0 other_no_request=0
[svd-local-timeout-profile] up_keep=0 up_drop=0 up_wait=0.000 ms gate_keep=0 gate_drop=0 gate_wait=0.000 ms down_keep=0 down_drop=0 down_wait=0.000 ms other_keep=0 other_drop=0 other_wait=0.000 ms
[svd-offload-client] up_gate_req=0 down_req=0 other_mat_req=0 ffn_req=0 gate_cache_hits=0 gate_cache_checks=0 miss_invalid=0 miss_layer=0 miss_rank=0 miss_hash=0 miss_output=0 miss_data=0 send_up_gate=0.000 ms send_down=0.000 ms send_other=0.000 ms send_ffn=0.000 ms wait_up_gate=0.000 ms wait_down=0.000 ms wait_other=0.000 ms wait_ffn=0.000 ms
[svd-offload-client-stage-profile] rpc_send_total=0.000 ms rpc_wait_total=0.000 ms
[svd-offload-client-debug] finish_fail_up_gate=0 finish_fail_down=0 finish_fail_other=0 finish_fail_ffn=0 cache_take_fail_up=0 cache_take_fail_gate=0 recv_up_sum_abs=0.000000e+00 recv_up_max_abs=0.000000e+00 recv_up_zero=0 recv_gate_sum_abs=0.000000e+00 recv_gate_max_abs=0.000000e+00 recv_gate_zero=0 recv_down_sum_abs=0.000000e+00 recv_down_max_abs=0.000000e+00 recv_down_zero=0 recv_other_sum_abs=0.000000e+00 recv_other_max_abs=0.000000e+00 recv_other_zero=0 recv_ffn_sum_abs=0.000000e+00 recv_ffn_max_abs=0.000000e+00 recv_ffn_zero=0
SUCCEED (one forward pass done)"
validation,2c_high,2,scheduler,trunc_even_0.85,2,"60,61","80,100",trunc_even_0.85,ok,13.1223,76.2064,108.243,0.7904074192047119,True,3,$,"llama_context: graph splits = 1
attach_threadpool: call
threads: decode=2 batch=2
prompt tokens: 4
running one forward pass (llama_decode) ...
Top-5 next-token candidates:
  id=3 logit=0 piece=""$""
  id=4 logit=0 piece=""%""
  id=1 logit=0 piece=""""""
  id=0 logit=0 piece=""!""
  id=2 logit=0 piece=""#""
Autoregressive generation:
Generated text: !
Decode-only throughput: 13.1223 tokens/s (1 tokens in 0.0762064 s of llama_decode)
End-to-end throughput: 13.0684 tokens/s (1 tokens in 0.0765202 s)
[decode-stage-profile] model_load=382.495 ms context_create=58.095 ms tokenize=0.455089 ms prefill_decode=108.243 ms generation_decode=76.2064 ms generation_total=76.5202 ms program_total=642.43 ms
[svd-local-op-profile] up_ops=56 gate_ops=56 down_ops=56 up_total=53.001 ms gate_total=48.527 ms down_total=34.502 ms up_v=5.880 ms gate_v=5.744 ms down_v=26.896 ms up_u=47.115 ms gate_u=42.777 ms down_u=7.605 ms
[svd-local-stage-profile] attention_total=1.455 ms ffn_total=137.654 ms ffn_svd_total=136.030 ms ffn_svd_v=38.520 ms ffn_svd_u=97.497 ms
[svd-offload-zero-profile] up_finish=0 up_cache=0 up_no_request=27 gate_finish=0 gate_cache=0 gate_no_request=27 down_finish=0 down_cache=0 down_no_request=27 other_finish=0 other_cache=0 other_no_request=0
[svd-local-timeout-profile] up_keep=0 up_drop=0 up_wait=0.000 ms gate_keep=0 gate_drop=0 gate_wait=0.000 ms down_keep=0 down_drop=0 down_wait=0.000 ms other_keep=0 other_drop=0 other_wait=0.000 ms
[svd-offload-client] up_gate_req=0 down_req=0 other_mat_req=0 ffn_req=0 gate_cache_hits=0 gate_cache_checks=0 miss_invalid=0 miss_layer=0 miss_rank=0 miss_hash=0 miss_output=0 miss_data=0 send_up_gate=0.000 ms send_down=0.000 ms send_other=0.000 ms send_ffn=0.000 ms wait_up_gate=0.000 ms wait_down=0.000 ms wait_other=0.000 ms wait_ffn=0.000 ms
[svd-offload-client-stage-profile] rpc_send_total=0.000 ms rpc_wait_total=0.000 ms
[svd-offload-client-debug] finish_fail_up_gate=0 finish_fail_down=0 finish_fail_other=0 finish_fail_ffn=0 cache_take_fail_up=0 cache_take_fail_gate=0 recv_up_sum_abs=0.000000e+00 recv_up_max_abs=0.000000e+00 recv_up_zero=0 recv_gate_sum_abs=0.000000e+00 recv_gate_max_abs=0.000000e+00 recv_gate_zero=0 recv_down_sum_abs=0.000000e+00 recv_down_max_abs=0.000000e+00 recv_down_zero=0 recv_other_sum_abs=0.000000e+00 recv_other_max_abs=0.000000e+00 recv_other_zero=0 recv_ffn_sum_abs=0.000000e+00 recv_ffn_max_abs=0.000000e+00 recv_ffn_zero=0
SUCCEED (one forward pass done)"
calibration,4c_gradient,0,,,4,"60,61,62,63","0,20,60,100",baseline_no_svd,ok,15.5921,64.1349,8038.13,8.725903749465942,True,11,",","llama_context: graph splits = 1
attach_threadpool: call
threads: decode=4 batch=4
prompt tokens: 4
running one forward pass (llama_decode) ...
Top-5 next-token candidates:
  id=11 logit=20.2053 piece="",""
  id=304 logit=18.9277 piece="" in""
  id=3837 logit=18.7558 piece=""，""
  id=1052 logit=18.5616 piece="" there""
  id=358 logit=17.8374 piece="" I""
Autoregressive generation:
Generated text: ,
Decode-only throughput: 15.5921 tokens/s (1 tokens in 0.0641349 s of llama_decode)
End-to-end throughput: 15.5144 tokens/s (1 tokens in 0.0644562 s)
[decode-stage-profile] model_load=386.531 ms context_create=55.8559 ms tokenize=0.471923 ms prefill_decode=8038.13 ms generation_decode=64.1349 ms generation_total=64.4562 ms program_total=8562.87 ms
[svd-local-op-profile] up_ops=56 gate_ops=56 down_ops=56 up_total=463.826 ms gate_total=455.746 ms down_total=458.024 ms up_v=147.592 ms gate_v=146.349 ms down_v=170.858 ms up_u=316.230 ms gate_u=309.393 ms down_u=287.162 ms
[svd-local-stage-profile] attention_total=1062.177 ms ffn_total=2072.875 ms ffn_svd_total=1377.596 ms ffn_svd_v=464.799 ms ffn_svd_u=912.785 ms
[svd-offload-zero-profile] up_finish=0 up_cache=0 up_no_request=27 gate_finish=0 gate_cache=0 gate_no_request=27 down_finish=0 down_cache=0 down_no_request=27 other_finish=0 other_cache=0 other_no_request=0
[svd-local-timeout-profile] up_keep=0 up_drop=0 up_wait=0.000 ms gate_keep=0 gate_drop=0 gate_wait=0.000 ms down_keep=0 down_drop=0 down_wait=0.000 ms other_keep=0 other_drop=0 other_wait=0.000 ms
[svd-offload-client] up_gate_req=0 down_req=0 other_mat_req=0 ffn_req=0 gate_cache_hits=0 gate_cache_checks=0 miss_invalid=0 miss_layer=0 miss_rank=0 miss_hash=0 miss_output=0 miss_data=0 send_up_gate=0.000 ms send_down=0.000 ms send_other=0.000 ms send_ffn=0.000 ms wait_up_gate=0.000 ms wait_down=0.000 ms wait_other=0.000 ms wait_ffn=0.000 ms
[svd-offload-client-stage-profile] rpc_send_total=0.000 ms rpc_wait_total=0.000 ms
[svd-offload-client-debug] finish_fail_up_gate=0 finish_fail_down=0 finish_fail_other=0 finish_fail_ffn=0 cache_take_fail_up=0 cache_take_fail_gate=0 recv_up_sum_abs=0.000000e+00 recv_up_max_abs=0.000000e+00 recv_up_zero=0 recv_gate_sum_abs=0.000000e+00 recv_gate_max_abs=0.000000e+00 recv_gate_zero=0 recv_down_sum_abs=0.000000e+00 recv_down_max_abs=0.000000e+00 recv_down_zero=0 recv_other_sum_abs=0.000000e+00 recv_other_max_abs=0.000000e+00 recv_other_zero=0 recv_ffn_sum_abs=0.000000e+00 recv_ffn_max_abs=0.000000e+00 recv_ffn_zero=0
SUCCEED (one forward pass done)"
calibration,4c_gradient,0,,,4,"60,61,62,63","0,20,60,100",trunc_even_0.8,ok,19.3898,51.5736,8240.68,8.919987440109253,True,3,$,"llama_context: graph splits = 1
attach_threadpool: call
threads: decode=4 batch=4
prompt tokens: 4
running one forward pass (llama_decode) ...
Top-5 next-token candidates:
  id=3 logit=0 piece=""$""
  id=4 logit=0 piece=""%""
  id=1 logit=0 piece=""""""
  id=0 logit=0 piece=""!""
  id=2 logit=0 piece=""#""
Autoregressive generation:
Generated text: !
Decode-only throughput: 19.3898 tokens/s (1 tokens in 0.0515736 s of llama_decode)
End-to-end throughput: 19.2695 tokens/s (1 tokens in 0.0518954 s)
[decode-stage-profile] model_load=388.846 ms context_create=57.6155 ms tokenize=0.454996 ms prefill_decode=8240.68 ms generation_decode=51.5736 ms generation_total=51.8954 ms program_total=8757.07 ms
[svd-local-op-profile] up_ops=56 gate_ops=56 down_ops=56 up_total=463.571 ms gate_total=452.306 ms down_total=449.406 ms up_v=151.072 ms gate_v=144.069 ms down_v=152.114 ms up_u=312.487 ms gate_u=308.233 ms down_u=297.288 ms
[svd-local-stage-profile] attention_total=1097.514 ms ffn_total=2055.398 ms ffn_svd_total=1365.283 ms ffn_svd_v=447.255 ms ffn_svd_u=918.008 ms
[svd-offload-zero-profile] up_finish=0 up_cache=0 up_no_request=27 gate_finish=0 gate_cache=0 gate_no_request=27 down_finish=0 down_cache=0 down_no_request=27 other_finish=0 other_cache=0 other_no_request=0
[svd-local-timeout-profile] up_keep=0 up_drop=0 up_wait=0.000 ms gate_keep=0 gate_drop=0 gate_wait=0.000 ms down_keep=0 down_drop=0 down_wait=0.000 ms other_keep=0 other_drop=0 other_wait=0.000 ms
[svd-offload-client] up_gate_req=0 down_req=0 other_mat_req=0 ffn_req=0 gate_cache_hits=0 gate_cache_checks=0 miss_invalid=0 miss_layer=0 miss_rank=0 miss_hash=0 miss_output=0 miss_data=0 send_up_gate=0.000 ms send_down=0.000 ms send_other=0.000 ms send_ffn=0.000 ms wait_up_gate=0.000 ms wait_down=0.000 ms wait_other=0.000 ms wait_ffn=0.000 ms
[svd-offload-client-stage-profile] rpc_send_total=0.000 ms rpc_wait_total=0.000 ms
[svd-offload-client-debug] finish_fail_up_gate=0 finish_fail_down=0 finish_fail_other=0 finish_fail_ffn=0 cache_take_fail_up=0 cache_take_fail_gate=0 recv_up_sum_abs=0.000000e+00 recv_up_max_abs=0.000000e+00 recv_up_zero=0 recv_gate_sum_abs=0.000000e+00 recv_gate_max_abs=0.000000e+00 recv_gate_zero=0 recv_down_sum_abs=0.000000e+00 recv_down_max_abs=0.000000e+00 recv_down_zero=0 recv_other_sum_abs=0.000000e+00 recv_other_max_abs=0.000000e+00 recv_other_zero=0 recv_ffn_sum_abs=0.000000e+00 recv_ffn_max_abs=0.000000e+00 recv_ffn_zero=0
SUCCEED (one forward pass done)"
calibration,4c_gradient,0,,,4,"60,61,62,63","0,20,60,100",trunc_even_0.85,ok,22.2151,45.0144,5721.72,6.405043840408325,True,3,$,"llama_context: graph splits = 1
attach_threadpool: call
threads: decode=4 batch=4
prompt tokens: 4
running one forward pass (llama_decode) ...
Top-5 next-token candidates:
  id=3 logit=0 piece=""$""
  id=4 logit=0 piece=""%""
  id=1 logit=0 piece=""""""
  id=0 logit=0 piece=""!""
  id=2 logit=0 piece=""#""
Autoregressive generation:
Generated text: !
Decode-only throughput: 22.2151 tokens/s (1 tokens in 0.0450144 s of llama_decode)
End-to-end throughput: 22.0604 tokens/s (1 tokens in 0.0453301 s)
[decode-stage-profile] model_load=390.749 ms context_create=58.2224 ms tokenize=0.482233 ms prefill_decode=5721.72 ms generation_decode=45.0144 ms generation_total=45.3301 ms program_total=6233.94 ms
[svd-local-op-profile] up_ops=56 gate_ops=56 down_ops=56 up_total=326.031 ms gate_total=324.295 ms down_total=315.693 ms up_v=104.425 ms gate_v=104.991 ms down_v=112.687 ms up_u=221.605 ms gate_u=219.297 ms down_u=203.001 ms
[svd-local-stage-profile] attention_total=781.257 ms ffn_total=1479.774 ms ffn_svd_total=966.019 ms ffn_svd_v=322.103 ms ffn_svd_u=643.903 ms
[svd-offload-zero-profile] up_finish=0 up_cache=0 up_no_request=27 gate_finish=0 gate_cache=0 gate_no_request=27 down_finish=0 down_cache=0 down_no_request=27 other_finish=0 other_cache=0 other_no_request=0
[svd-local-timeout-profile] up_keep=0 up_drop=0 up_wait=0.000 ms gate_keep=0 gate_drop=0 gate_wait=0.000 ms down_keep=0 down_drop=0 down_wait=0.000 ms other_keep=0 other_drop=0 other_wait=0.000 ms
[svd-offload-client] up_gate_req=0 down_req=0 other_mat_req=0 ffn_req=0 gate_cache_hits=0 gate_cache_checks=0 miss_invalid=0 miss_layer=0 miss_rank=0 miss_hash=0 miss_output=0 miss_data=0 send_up_gate=0.000 ms send_down=0.000 ms send_other=0.000 ms send_ffn=0.000 ms wait_up_gate=0.000 ms wait_down=0.000 ms wait_other=0.000 ms wait_ffn=0.000 ms
[svd-offload-client-stage-profile] rpc_send_total=0.000 ms rpc_wait_total=0.000 ms
[svd-offload-client-debug] finish_fail_up_gate=0 finish_fail_down=0 finish_fail_other=0 finish_fail_ffn=0 cache_take_fail_up=0 cache_take_fail_gate=0 recv_up_sum_abs=0.000000e+00 recv_up_max_abs=0.000000e+00 recv_up_zero=0 recv_gate_sum_abs=0.000000e+00 recv_gate_max_abs=0.000000e+00 recv_gate_zero=0 recv_down_sum_abs=0.000000e+00 recv_down_max_abs=0.000000e+00 recv_down_zero=0 recv_other_sum_abs=0.000000e+00 recv_other_max_abs=0.000000e+00 recv_other_zero=0 recv_ffn_sum_abs=0.000000e+00 recv_ffn_max_abs=0.000000e+00 recv_ffn_zero=0
SUCCEED (one forward pass done)"
calibration,4c_gradient,0,,,4,"60,61,62,63","0,20,60,100",trunc_even_0.9,ok,24.2881,41.1725,3177.91,3.8471927642822266,True,3,$,"llama_context: graph splits = 1
attach_threadpool: call
threads: decode=4 batch=4
prompt tokens: 4
running one forward pass (llama_decode) ...
Top-5 next-token candidates:
  id=3 logit=0 piece=""$""
  id=4 logit=0 piece=""%""
  id=1 logit=0 piece=""""""
  id=0 logit=0 piece=""!""
  id=2 logit=0 piece=""#""
Autoregressive generation:
Generated text: !
Decode-only throughput: 24.2881 tokens/s (1 tokens in 0.0411725 s of llama_decode)
End-to-end throughput: 24.1017 tokens/s (1 tokens in 0.0414909 s)
[decode-stage-profile] model_load=387.035 ms context_create=57.3385 ms tokenize=0.468403 ms prefill_decode=3177.91 ms generation_decode=41.1725 ms generation_total=41.4909 ms program_total=3681.86 ms
[svd-local-op-profile] up_ops=56 gate_ops=56 down_ops=56 up_total=176.988 ms gate_total=177.017 ms down_total=168.051 ms up_v=58.172 ms gate_v=53.729 ms down_v=63.420 ms up_u=118.807 ms gate_u=123.284 ms down_u=104.629 ms
[svd-local-stage-profile] attention_total=464.445 ms ffn_total=752.998 ms ffn_svd_total=522.056 ms ffn_svd_v=175.321 ms ffn_svd_u=346.720 ms
[svd-offload-zero-profile] up_finish=0 up_cache=0 up_no_request=27 gate_finish=0 gate_cache=0 gate_no_request=27 down_finish=0 down_cache=0 down_no_request=27 other_finish=0 other_cache=0 other_no_request=0
[svd-local-timeout-profile] up_keep=0 up_drop=0 up_wait=0.000 ms gate_keep=0 gate_drop=0 gate_wait=0.000 ms down_keep=0 down_drop=0 down_wait=0.000 ms other_keep=0 other_drop=0 other_wait=0.000 ms
[svd-offload-client] up_gate_req=0 down_req=0 other_mat_req=0 ffn_req=0 gate_cache_hits=0 gate_cache_checks=0 miss_invalid=0 miss_layer=0 miss_rank=0 miss_hash=0 miss_output=0 miss_data=0 send_up_gate=0.000 ms send_down=0.000 ms send_other=0.000 ms send_ffn=0.000 ms wait_up_gate=0.000 ms wait_down=0.000 ms wait_other=0.000 ms wait_ffn=0.000 ms
[svd-offload-client-stage-profile] rpc_send_total=0.000 ms rpc_wait_total=0.000 ms
[svd-offload-client-debug] finish_fail_up_gate=0 finish_fail_down=0 finish_fail_other=0 finish_fail_ffn=0 cache_take_fail_up=0 cache_take_fail_gate=0 recv_up_sum_abs=0.000000e+00 recv_up_max_abs=0.000000e+00 recv_up_zero=0 recv_gate_sum_abs=0.000000e+00 recv_gate_max_abs=0.000000e+00 recv_gate_zero=0 recv_down_sum_abs=0.000000e+00 recv_down_max_abs=0.000000e+00 recv_down_zero=0 recv_other_sum_abs=0.000000e+00 recv_other_max_abs=0.000000e+00 recv_other_zero=0 recv_ffn_sum_abs=0.000000e+00 recv_ffn_max_abs=0.000000e+00 recv_ffn_zero=0
SUCCEED (one forward pass done)"
validation,4c_gradient,0,baseline,trunc_even_0.8,4,"60,61,62,63","0,20,60,100",baseline_no_svd,ok,15.413,64.8804,3163.54,3.855087995529175,True,11,",","llama_context: graph splits = 1
attach_threadpool: call
threads: decode=4 batch=4
prompt tokens: 4
running one forward pass (llama_decode) ...
Top-5 next-token candidates:
  id=11 logit=20.2053 piece="",""
  id=304 logit=18.9277 piece="" in""
  id=3837 logit=18.7558 piece=""，""
  id=1052 logit=18.5616 piece="" there""
  id=358 logit=17.8374 piece="" I""
Autoregressive generation:
Generated text: ,
Decode-only throughput: 15.413 tokens/s (1 tokens in 0.0648804 s of llama_decode)
End-to-end throughput: 15.3325 tokens/s (1 tokens in 0.0652208 s)
[decode-stage-profile] model_load=385.972 ms context_create=58.1329 ms tokenize=0.463384 ms prefill_decode=3163.54 ms generation_decode=64.8804 ms generation_total=65.2208 ms program_total=3690.77 ms
[svd-local-op-profile] up_ops=56 gate_ops=56 down_ops=56 up_total=173.043 ms gate_total=181.193 ms down_total=175.692 ms up_v=56.145 ms gate_v=55.845 ms down_v=74.018 ms up_u=116.892 ms gate_u=125.342 ms down_u=101.669 ms
[svd-local-stage-profile] attention_total=459.713 ms ffn_total=785.207 ms ffn_svd_total=529.928 ms ffn_svd_v=186.008 ms ffn_svd_u=343.903 ms
[svd-offload-zero-profile] up_finish=0 up_cache=0 up_no_request=27 gate_finish=0 gate_cache=0 gate_no_request=27 down_finish=0 down_cache=0 down_no_request=27 other_finish=0 other_cache=0 other_no_request=0
[svd-local-timeout-profile] up_keep=0 up_drop=0 up_wait=0.000 ms gate_keep=0 gate_drop=0 gate_wait=0.000 ms down_keep=0 down_drop=0 down_wait=0.000 ms other_keep=0 other_drop=0 other_wait=0.000 ms
[svd-offload-client] up_gate_req=0 down_req=0 other_mat_req=0 ffn_req=0 gate_cache_hits=0 gate_cache_checks=0 miss_invalid=0 miss_layer=0 miss_rank=0 miss_hash=0 miss_output=0 miss_data=0 send_up_gate=0.000 ms send_down=0.000 ms send_other=0.000 ms send_ffn=0.000 ms wait_up_gate=0.000 ms wait_down=0.000 ms wait_other=0.000 ms wait_ffn=0.000 ms
[svd-offload-client-stage-profile] rpc_send_total=0.000 ms rpc_wait_total=0.000 ms
[svd-offload-client-debug] finish_fail_up_gate=0 finish_fail_down=0 finish_fail_other=0 finish_fail_ffn=0 cache_take_fail_up=0 cache_take_fail_gate=0 recv_up_sum_abs=0.000000e+00 recv_up_max_abs=0.000000e+00 recv_up_zero=0 recv_gate_sum_abs=0.000000e+00 recv_gate_max_abs=0.000000e+00 recv_gate_zero=0 recv_down_sum_abs=0.000000e+00 recv_down_max_abs=0.000000e+00 recv_down_zero=0 recv_other_sum_abs=0.000000e+00 recv_other_max_abs=0.000000e+00 recv_other_zero=0 recv_ffn_sum_abs=0.000000e+00 recv_ffn_max_abs=0.000000e+00 recv_ffn_zero=0
SUCCEED (one forward pass done)"
validation,4c_gradient,0,scheduler,trunc_even_0.8,4,"60,61,62,63","0,20,60,100",trunc_even_0.8,ok,21.78,45.9138,3145.93,3.813695192337036,True,3,$,"llama_context: graph splits = 1
attach_threadpool: call
threads: decode=4 batch=4
prompt tokens: 4
running one forward pass (llama_decode) ...
Top-5 next-token candidates:
  id=3 logit=0 piece=""$""
  id=4 logit=0 piece=""%""
  id=1 logit=0 piece=""""""
  id=0 logit=0 piece=""!""
  id=2 logit=0 piece=""#""
Autoregressive generation:
Generated text: !
Decode-only throughput: 21.78 tokens/s (1 tokens in 0.0459138 s of llama_decode)
End-to-end throughput: 21.6286 tokens/s (1 tokens in 0.0462351 s)
[decode-stage-profile] model_load=384.831 ms context_create=58.1148 ms tokenize=0.464765 ms prefill_decode=3145.93 ms generation_decode=45.9138 ms generation_total=46.2351 ms program_total=3653 ms
[svd-local-op-profile] up_ops=56 gate_ops=56 down_ops=56 up_total=178.919 ms gate_total=173.980 ms down_total=169.124 ms up_v=53.316 ms gate_v=57.643 ms down_v=59.876 ms up_u=125.600 ms gate_u=116.330 ms down_u=109.246 ms
[svd-local-stage-profile] attention_total=423.738 ms ffn_total=796.991 ms ffn_svd_total=522.023 ms ffn_svd_v=170.835 ms ffn_svd_u=351.176 ms
[svd-offload-zero-profile] up_finish=0 up_cache=0 up_no_request=27 gate_finish=0 gate_cache=0 gate_no_request=27 down_finish=0 down_cache=0 down_no_request=27 other_finish=0 other_cache=0 other_no_request=0
[svd-local-timeout-profile] up_keep=0 up_drop=0 up_wait=0.000 ms gate_keep=0 gate_drop=0 gate_wait=0.000 ms down_keep=0 down_drop=0 down_wait=0.000 ms other_keep=0 other_drop=0 other_wait=0.000 ms
[svd-offload-client] up_gate_req=0 down_req=0 other_mat_req=0 ffn_req=0 gate_cache_hits=0 gate_cache_checks=0 miss_invalid=0 miss_layer=0 miss_rank=0 miss_hash=0 miss_output=0 miss_data=0 send_up_gate=0.000 ms send_down=0.000 ms send_other=0.000 ms send_ffn=0.000 ms wait_up_gate=0.000 ms wait_down=0.000 ms wait_other=0.000 ms wait_ffn=0.000 ms
[svd-offload-client-stage-profile] rpc_send_total=0.000 ms rpc_wait_total=0.000 ms
[svd-offload-client-debug] finish_fail_up_gate=0 finish_fail_down=0 finish_fail_other=0 finish_fail_ffn=0 cache_take_fail_up=0 cache_take_fail_gate=0 recv_up_sum_abs=0.000000e+00 recv_up_max_abs=0.000000e+00 recv_up_zero=0 recv_gate_sum_abs=0.000000e+00 recv_gate_max_abs=0.000000e+00 recv_gate_zero=0 recv_down_sum_abs=0.000000e+00 recv_down_max_abs=0.000000e+00 recv_down_zero=0 recv_other_sum_abs=0.000000e+00 recv_other_max_abs=0.000000e+00 recv_other_zero=0 recv_ffn_sum_abs=0.000000e+00 recv_ffn_max_abs=0.000000e+00 recv_ffn_zero=0
SUCCEED (one forward pass done)"
validation,4c_gradient,1,baseline,trunc_even_0.8,4,"60,61,62,63","0,20,60,100",baseline_no_svd,ok,16.5927,60.2674,5577.46,6.405494928359985,True,11,",","llama_context: graph splits = 1
attach_threadpool: call
threads: decode=4 batch=4
prompt tokens: 4
running one forward pass (llama_decode) ...
Top-5 next-token candidates:
  id=11 logit=20.2053 piece="",""
  id=304 logit=18.9277 piece="" in""
  id=3837 logit=18.7558 piece=""，""
  id=1052 logit=18.5616 piece="" there""
  id=358 logit=17.8374 piece="" I""
Autoregressive generation:
Generated text: ,
Decode-only throughput: 16.5927 tokens/s (1 tokens in 0.0602674 s of llama_decode)
End-to-end throughput: 16.5044 tokens/s (1 tokens in 0.06059 s)
[decode-stage-profile] model_load=535.518 ms context_create=57.8104 ms tokenize=0.472329 ms prefill_decode=5577.46 ms generation_decode=60.2674 ms generation_total=60.59 ms program_total=6249.25 ms
[svd-local-op-profile] up_ops=56 gate_ops=56 down_ops=56 up_total=314.424 ms gate_total=318.534 ms down_total=306.511 ms up_v=101.418 ms gate_v=103.147 ms down_v=122.050 ms up_u=213.005 ms gate_u=215.381 ms down_u=184.458 ms
[svd-local-stage-profile] attention_total=699.621 ms ffn_total=1462.559 ms ffn_svd_total=939.469 ms ffn_svd_v=326.615 ms ffn_svd_u=612.844 ms
[svd-offload-zero-profile] up_finish=0 up_cache=0 up_no_request=27 gate_finish=0 gate_cache=0 gate_no_request=27 down_finish=0 down_cache=0 down_no_request=27 other_finish=0 other_cache=0 other_no_request=0
[svd-local-timeout-profile] up_keep=0 up_drop=0 up_wait=0.000 ms gate_keep=0 gate_drop=0 gate_wait=0.000 ms down_keep=0 down_drop=0 down_wait=0.000 ms other_keep=0 other_drop=0 other_wait=0.000 ms
[svd-offload-client] up_gate_req=0 down_req=0 other_mat_req=0 ffn_req=0 gate_cache_hits=0 gate_cache_checks=0 miss_invalid=0 miss_layer=0 miss_rank=0 miss_hash=0 miss_output=0 miss_data=0 send_up_gate=0.000 ms send_down=0.000 ms send_other=0.000 ms send_ffn=0.000 ms wait_up_gate=0.000 ms wait_down=0.000 ms wait_other=0.000 ms wait_ffn=0.000 ms
[svd-offload-client-stage-profile] rpc_send_total=0.000 ms rpc_wait_total=0.000 ms
[svd-offload-client-debug] finish_fail_up_gate=0 finish_fail_down=0 finish_fail_other=0 finish_fail_ffn=0 cache_take_fail_up=0 cache_take_fail_gate=0 recv_up_sum_abs=0.000000e+00 recv_up_max_abs=0.000000e+00 recv_up_zero=0 recv_gate_sum_abs=0.000000e+00 recv_gate_max_abs=0.000000e+00 recv_gate_zero=0 recv_down_sum_abs=0.000000e+00 recv_down_max_abs=0.000000e+00 recv_down_zero=0 recv_other_sum_abs=0.000000e+00 recv_other_max_abs=0.000000e+00 recv_other_zero=0 recv_ffn_sum_abs=0.000000e+00 recv_ffn_max_abs=0.000000e+00 recv_ffn_zero=0
SUCCEED (one forward pass done)"
validation,4c_gradient,1,scheduler,trunc_even_0.8,4,"60,61,62,63","0,20,60,100",trunc_even_0.8,ok,3.58818,278.693,3097.44,4.058854818344116,True,3,$,"llama_context: graph splits = 1
attach_threadpool: call
threads: decode=4 batch=4
prompt tokens: 4
running one forward pass (llama_decode) ...
Top-5 next-token candidates:
  id=3 logit=0 piece=""$""
  id=4 logit=0 piece=""%""
  id=1 logit=0 piece=""""""
  id=0 logit=0 piece=""!""
  id=2 logit=0 piece=""#""
Autoregressive generation:
Generated text: !
Decode-only throughput: 3.58818 tokens/s (1 tokens in 0.278693 s of llama_decode)
End-to-end throughput: 3.58382 tokens/s (1 tokens in 0.279032 s)
[decode-stage-profile] model_load=440.794 ms context_create=68.4199 ms tokenize=0.886946 ms prefill_decode=3097.44 ms generation_decode=278.693 ms generation_total=279.032 ms program_total=3904.22 ms
[svd-local-op-profile] up_ops=56 gate_ops=56 down_ops=56 up_total=191.317 ms gate_total=204.609 ms down_total=187.632 ms up_v=54.381 ms gate_v=63.382 ms down_v=76.270 ms up_u=136.928 ms gate_u=141.222 ms down_u=111.357 ms
[svd-local-stage-profile] attention_total=500.626 ms ffn_total=882.156 ms ffn_svd_total=583.558 ms ffn_svd_v=194.033 ms ffn_svd_u=389.507 ms
[svd-offload-zero-profile] up_finish=0 up_cache=0 up_no_request=27 gate_finish=0 gate_cache=0 gate_no_request=27 down_finish=0 down_cache=0 down_no_request=27 other_finish=0 other_cache=0 other_no_request=0
[svd-local-timeout-profile] up_keep=0 up_drop=0 up_wait=0.000 ms gate_keep=0 gate_drop=0 gate_wait=0.000 ms down_keep=0 down_drop=0 down_wait=0.000 ms other_keep=0 other_drop=0 other_wait=0.000 ms
[svd-offload-client] up_gate_req=0 down_req=0 other_mat_req=0 ffn_req=0 gate_cache_hits=0 gate_cache_checks=0 miss_invalid=0 miss_layer=0 miss_rank=0 miss_hash=0 miss_output=0 miss_data=0 send_up_gate=0.000 ms send_down=0.000 ms send_other=0.000 ms send_ffn=0.000 ms wait_up_gate=0.000 ms wait_down=0.000 ms wait_other=0.000 ms wait_ffn=0.000 ms
[svd-offload-client-stage-profile] rpc_send_total=0.000 ms rpc_wait_total=0.000 ms
[svd-offload-client-debug] finish_fail_up_gate=0 finish_fail_down=0 finish_fail_other=0 finish_fail_ffn=0 cache_take_fail_up=0 cache_take_fail_gate=0 recv_up_sum_abs=0.000000e+00 recv_up_max_abs=0.000000e+00 recv_up_zero=0 recv_gate_sum_abs=0.000000e+00 recv_gate_max_abs=0.000000e+00 recv_gate_zero=0 recv_down_sum_abs=0.000000e+00 recv_down_max_abs=0.000000e+00 recv_down_zero=0 recv_other_sum_abs=0.000000e+00 recv_other_max_abs=0.000000e+00 recv_other_zero=0 recv_ffn_sum_abs=0.000000e+00 recv_ffn_max_abs=0.000000e+00 recv_ffn_zero=0
SUCCEED (one forward pass done)"
validation,4c_gradient,2,baseline,trunc_even_0.8,4,"60,61,62,63","0,20,60,100",baseline_no_svd,ok,18.2983,54.6498,3167.28,3.8432812690734863,True,11,",","llama_context: graph splits = 1
attach_threadpool: call
threads: decode=4 batch=4
prompt tokens: 4
running one forward pass (llama_decode) ...
Top-5 next-token candidates:
  id=11 logit=20.2053 piece="",""
  id=304 logit=18.9277 piece="" in""
  id=3837 logit=18.7558 piece=""，""
  id=1052 logit=18.5616 piece="" there""
  id=358 logit=17.8374 piece="" I""
Autoregressive generation:
Generated text: ,
Decode-only throughput: 18.2983 tokens/s (1 tokens in 0.0546498 s of llama_decode)
End-to-end throughput: 18.1905 tokens/s (1 tokens in 0.0549738 s)
[decode-stage-profile] model_load=381.79 ms context_create=56.6599 ms tokenize=0.470758 ms prefill_decode=3167.28 ms generation_decode=54.6498 ms generation_total=54.9738 ms program_total=3678.43 ms
[svd-local-op-profile] up_ops=56 gate_ops=56 down_ops=56 up_total=181.896 ms gate_total=175.498 ms down_total=180.664 ms up_v=57.669 ms gate_v=50.086 ms down_v=76.126 ms up_u=124.223 ms gate_u=125.407 ms down_u=104.532 ms
[svd-local-stage-profile] attention_total=431.182 ms ffn_total=795.690 ms ffn_svd_total=538.058 ms ffn_svd_v=183.881 ms ffn_svd_u=354.162 ms
[svd-offload-zero-profile] up_finish=0 up_cache=0 up_no_request=27 gate_finish=0 gate_cache=0 gate_no_request=27 down_finish=0 down_cache=0 down_no_request=27 other_finish=0 other_cache=0 other_no_request=0
[svd-local-timeout-profile] up_keep=0 up_drop=0 up_wait=0.000 ms gate_keep=0 gate_drop=0 gate_wait=0.000 ms down_keep=0 down_drop=0 down_wait=0.000 ms other_keep=0 other_drop=0 other_wait=0.000 ms
[svd-offload-client] up_gate_req=0 down_req=0 other_mat_req=0 ffn_req=0 gate_cache_hits=0 gate_cache_checks=0 miss_invalid=0 miss_layer=0 miss_rank=0 miss_hash=0 miss_output=0 miss_data=0 send_up_gate=0.000 ms send_down=0.000 ms send_other=0.000 ms send_ffn=0.000 ms wait_up_gate=0.000 ms wait_down=0.000 ms wait_other=0.000 ms wait_ffn=0.000 ms
[svd-offload-client-stage-profile] rpc_send_total=0.000 ms rpc_wait_total=0.000 ms
[svd-offload-client-debug] finish_fail_up_gate=0 finish_fail_down=0 finish_fail_other=0 finish_fail_ffn=0 cache_take_fail_up=0 cache_take_fail_gate=0 recv_up_sum_abs=0.000000e+00 recv_up_max_abs=0.000000e+00 recv_up_zero=0 recv_gate_sum_abs=0.000000e+00 recv_gate_max_abs=0.000000e+00 recv_gate_zero=0 recv_down_sum_abs=0.000000e+00 recv_down_max_abs=0.000000e+00 recv_down_zero=0 recv_other_sum_abs=0.000000e+00 recv_other_max_abs=0.000000e+00 recv_other_zero=0 recv_ffn_sum_abs=0.000000e+00 recv_ffn_max_abs=0.000000e+00 recv_ffn_zero=0
SUCCEED (one forward pass done)"
validation,4c_gradient,2,scheduler,trunc_even_0.8,4,"60,61,62,63","0,20,60,100",trunc_even_0.8,ok,21.6125,46.2696,3143.06,3.819024085998535,True,3,$,"llama_context: graph splits = 1
attach_threadpool: call
threads: decode=4 batch=4
prompt tokens: 4
running one forward pass (llama_decode) ...
Top-5 next-token candidates:
  id=3 logit=0 piece=""$""
  id=4 logit=0 piece=""%""
  id=1 logit=0 piece=""""""
  id=0 logit=0 piece=""!""
  id=2 logit=0 piece=""#""
Autoregressive generation:
Generated text: !
Decode-only throughput: 21.6125 tokens/s (1 tokens in 0.0462696 s of llama_decode)
End-to-end throughput: 21.4646 tokens/s (1 tokens in 0.0465883 s)
[decode-stage-profile] model_load=383.265 ms context_create=57.6865 ms tokenize=0.455343 ms prefill_decode=3143.06 ms generation_decode=46.2696 ms generation_total=46.5883 ms program_total=3648.57 ms
[svd-local-op-profile] up_ops=56 gate_ops=56 down_ops=56 up_total=180.099 ms gate_total=173.009 ms down_total=166.148 ms up_v=56.557 ms gate_v=49.957 ms down_v=63.193 ms up_u=123.539 ms gate_u=123.043 ms down_u=102.946 ms
[svd-local-stage-profile] attention_total=450.604 ms ffn_total=757.793 ms ffn_svd_total=519.256 ms ffn_svd_v=169.707 ms ffn_svd_u=349.528 ms
[svd-offload-zero-profile] up_finish=0 up_cache=0 up_no_request=27 gate_finish=0 gate_cache=0 gate_no_request=27 down_finish=0 down_cache=0 down_no_request=27 other_finish=0 other_cache=0 other_no_request=0
[svd-local-timeout-profile] up_keep=0 up_drop=0 up_wait=0.000 ms gate_keep=0 gate_drop=0 gate_wait=0.000 ms down_keep=0 down_drop=0 down_wait=0.000 ms other_keep=0 other_drop=0 other_wait=0.000 ms
[svd-offload-client] up_gate_req=0 down_req=0 other_mat_req=0 ffn_req=0 gate_cache_hits=0 gate_cache_checks=0 miss_invalid=0 miss_layer=0 miss_rank=0 miss_hash=0 miss_output=0 miss_data=0 send_up_gate=0.000 ms send_down=0.000 ms send_other=0.000 ms send_ffn=0.000 ms wait_up_gate=0.000 ms wait_down=0.000 ms wait_other=0.000 ms wait_ffn=0.000 ms
[svd-offload-client-stage-profile] rpc_send_total=0.000 ms rpc_wait_total=0.000 ms
[svd-offload-client-debug] finish_fail_up_gate=0 finish_fail_down=0 finish_fail_other=0 finish_fail_ffn=0 cache_take_fail_up=0 cache_take_fail_gate=0 recv_up_sum_abs=0.000000e+00 recv_up_max_abs=0.000000e+00 recv_up_zero=0 recv_gate_sum_abs=0.000000e+00 recv_gate_max_abs=0.000000e+00 recv_gate_zero=0 recv_down_sum_abs=0.000000e+00 recv_down_max_abs=0.000000e+00 recv_down_zero=0 recv_other_sum_abs=0.000000e+00 recv_other_max_abs=0.000000e+00 recv_other_zero=0 recv_ffn_sum_abs=0.000000e+00 recv_ffn_max_abs=0.000000e+00 recv_ffn_zero=0
SUCCEED (one forward pass done)"
calibration,4c_balanced_high,0,,,4,"60,61,62,63","20,40,60,80",baseline_no_svd,ok,4.65388,214.874,239.351,1.0543169975280762,True,11,",","llama_context: graph splits = 1
attach_threadpool: call
threads: decode=4 batch=4
prompt tokens: 4
running one forward pass (llama_decode) ...
Top-5 next-token candidates:
  id=11 logit=20.2053 piece="",""
  id=304 logit=18.9277 piece="" in""
  id=3837 logit=18.7558 piece=""，""
  id=1052 logit=18.5616 piece="" there""
  id=358 logit=17.8374 piece="" I""
Autoregressive generation:
Generated text: ,
Decode-only throughput: 4.65388 tokens/s (1 tokens in 0.214874 s of llama_decode)
End-to-end throughput: 4.64698 tokens/s (1 tokens in 0.215194 s)
[decode-stage-profile] model_load=375.896 ms context_create=57.3864 ms tokenize=0.464787 ms prefill_decode=239.351 ms generation_decode=214.874 ms generation_total=215.194 ms program_total=904.893 ms
[svd-local-op-profile] up_ops=56 gate_ops=56 down_ops=56 up_total=45.617 ms gate_total=40.459 ms down_total=51.340 ms up_v=12.233 ms gate_v=5.268 ms down_v=24.334 ms up_u=33.379 ms gate_u=35.187 ms down_u=27.002 ms
[svd-local-stage-profile] attention_total=101.587 ms ffn_total=177.708 ms ffn_svd_total=137.416 ms ffn_svd_v=41.835 ms ffn_svd_u=95.568 ms
[svd-offload-zero-profile] up_finish=0 up_cache=0 up_no_request=27 gate_finish=0 gate_cache=0 gate_no_request=27 down_finish=0 down_cache=0 down_no_request=27 other_finish=0 other_cache=0 other_no_request=0
[svd-local-timeout-profile] up_keep=0 up_drop=0 up_wait=0.000 ms gate_keep=0 gate_drop=0 gate_wait=0.000 ms down_keep=0 down_drop=0 down_wait=0.000 ms other_keep=0 other_drop=0 other_wait=0.000 ms
[svd-offload-client] up_gate_req=0 down_req=0 other_mat_req=0 ffn_req=0 gate_cache_hits=0 gate_cache_checks=0 miss_invalid=0 miss_layer=0 miss_rank=0 miss_hash=0 miss_output=0 miss_data=0 send_up_gate=0.000 ms send_down=0.000 ms send_other=0.000 ms send_ffn=0.000 ms wait_up_gate=0.000 ms wait_down=0.000 ms wait_other=0.000 ms wait_ffn=0.000 ms
[svd-offload-client-stage-profile] rpc_send_total=0.000 ms rpc_wait_total=0.000 ms
[svd-offload-client-debug] finish_fail_up_gate=0 finish_fail_down=0 finish_fail_other=0 finish_fail_ffn=0 cache_take_fail_up=0 cache_take_fail_gate=0 recv_up_sum_abs=0.000000e+00 recv_up_max_abs=0.000000e+00 recv_up_zero=0 recv_gate_sum_abs=0.000000e+00 recv_gate_max_abs=0.000000e+00 recv_gate_zero=0 recv_down_sum_abs=0.000000e+00 recv_down_max_abs=0.000000e+00 recv_down_zero=0 recv_other_sum_abs=0.000000e+00 recv_other_max_abs=0.000000e+00 recv_other_zero=0 recv_ffn_sum_abs=0.000000e+00 recv_ffn_max_abs=0.000000e+00 recv_ffn_zero=0
SUCCEED (one forward pass done)"
calibration,4c_balanced_high,0,,,4,"60,61,62,63","20,40,60,80",trunc_even_0.8,ok,2.5813,387.402,227.35,1.2008388042449951,True,3,$,"llama_context: graph splits = 1
attach_threadpool: call
threads: decode=4 batch=4
prompt tokens: 4
running one forward pass (llama_decode) ...
Top-5 next-token candidates:
  id=3 logit=0 piece=""$""
  id=4 logit=0 piece=""%""
  id=1 logit=0 piece=""""""
  id=0 logit=0 piece=""!""
  id=2 logit=0 piece=""#""
Autoregressive generation:
Generated text: !
Decode-only throughput: 2.5813 tokens/s (1 tokens in 0.387402 s of llama_decode)
End-to-end throughput: 2.57923 tokens/s (1 tokens in 0.387713 s)
[decode-stage-profile] model_load=372.29 ms context_create=57.842 ms tokenize=0.465917 ms prefill_decode=227.35 ms generation_decode=387.402 ms generation_total=387.713 ms program_total=1062.41 ms
[svd-local-op-profile] up_ops=56 gate_ops=56 down_ops=56 up_total=40.826 ms gate_total=36.730 ms down_total=59.782 ms up_v=6.729 ms gate_v=6.818 ms down_v=24.574 ms up_u=34.091 ms gate_u=29.900 ms down_u=35.205 ms
[svd-local-stage-profile] attention_total=152.742 ms ffn_total=211.492 ms ffn_svd_total=137.338 ms ffn_svd_v=38.121 ms ffn_svd_u=99.196 ms
[svd-offload-zero-profile] up_finish=0 up_cache=0 up_no_request=27 gate_finish=0 gate_cache=0 gate_no_request=27 down_finish=0 down_cache=0 down_no_request=27 other_finish=0 other_cache=0 other_no_request=0
[svd-local-timeout-profile] up_keep=0 up_drop=0 up_wait=0.000 ms gate_keep=0 gate_drop=0 gate_wait=0.000 ms down_keep=0 down_drop=0 down_wait=0.000 ms other_keep=0 other_drop=0 other_wait=0.000 ms
[svd-offload-client] up_gate_req=0 down_req=0 other_mat_req=0 ffn_req=0 gate_cache_hits=0 gate_cache_checks=0 miss_invalid=0 miss_layer=0 miss_rank=0 miss_hash=0 miss_output=0 miss_data=0 send_up_gate=0.000 ms send_down=0.000 ms send_other=0.000 ms send_ffn=0.000 ms wait_up_gate=0.000 ms wait_down=0.000 ms wait_other=0.000 ms wait_ffn=0.000 ms
[svd-offload-client-stage-profile] rpc_send_total=0.000 ms rpc_wait_total=0.000 ms
[svd-offload-client-debug] finish_fail_up_gate=0 finish_fail_down=0 finish_fail_other=0 finish_fail_ffn=0 cache_take_fail_up=0 cache_take_fail_gate=0 recv_up_sum_abs=0.000000e+00 recv_up_max_abs=0.000000e+00 recv_up_zero=0 recv_gate_sum_abs=0.000000e+00 recv_gate_max_abs=0.000000e+00 recv_gate_zero=0 recv_down_sum_abs=0.000000e+00 recv_down_max_abs=0.000000e+00 recv_down_zero=0 recv_other_sum_abs=0.000000e+00 recv_other_max_abs=0.000000e+00 recv_other_zero=0 recv_ffn_sum_abs=0.000000e+00 recv_ffn_max_abs=0.000000e+00 recv_ffn_zero=0
SUCCEED (one forward pass done)"
calibration,4c_balanced_high,0,,,4,"60,61,62,63","20,40,60,80",trunc_even_0.85,ok,24.5371,40.7546,313.963,0.9619081020355225,True,3,$,"llama_context: graph splits = 1
attach_threadpool: call
threads: decode=4 batch=4
prompt tokens: 4
running one forward pass (llama_decode) ...
Top-5 next-token candidates:
  id=3 logit=0 piece=""$""
  id=4 logit=0 piece=""%""
  id=1 logit=0 piece=""""""
  id=0 logit=0 piece=""!""
  id=2 logit=0 piece=""#""
Autoregressive generation:
Generated text: !
Decode-only throughput: 24.5371 tokens/s (1 tokens in 0.0407546 s of llama_decode)
End-to-end throughput: 24.3529 tokens/s (1 tokens in 0.0410629 s)
[decode-stage-profile] model_load=378.782 ms context_create=57.0662 ms tokenize=0.456818 ms prefill_decode=313.963 ms generation_decode=40.7546 ms generation_total=41.0629 ms program_total=811.857 ms
[svd-local-op-profile] up_ops=56 gate_ops=56 down_ops=56 up_total=30.666 ms gate_total=26.415 ms down_total=17.213 ms up_v=3.472 ms gate_v=3.444 ms down_v=12.777 ms up_u=27.189 ms gate_u=22.965 ms down_u=4.429 ms
[svd-local-stage-profile] attention_total=70.354 ms ffn_total=75.455 ms ffn_svd_total=74.294 ms ffn_svd_v=19.693 ms ffn_svd_u=54.583 ms
[svd-offload-zero-profile] up_finish=0 up_cache=0 up_no_request=27 gate_finish=0 gate_cache=0 gate_no_request=27 down_finish=0 down_cache=0 down_no_request=27 other_finish=0 other_cache=0 other_no_request=0
[svd-local-timeout-profile] up_keep=0 up_drop=0 up_wait=0.000 ms gate_keep=0 gate_drop=0 gate_wait=0.000 ms down_keep=0 down_drop=0 down_wait=0.000 ms other_keep=0 other_drop=0 other_wait=0.000 ms
[svd-offload-client] up_gate_req=0 down_req=0 other_mat_req=0 ffn_req=0 gate_cache_hits=0 gate_cache_checks=0 miss_invalid=0 miss_layer=0 miss_rank=0 miss_hash=0 miss_output=0 miss_data=0 send_up_gate=0.000 ms send_down=0.000 ms send_other=0.000 ms send_ffn=0.000 ms wait_up_gate=0.000 ms wait_down=0.000 ms wait_other=0.000 ms wait_ffn=0.000 ms
[svd-offload-client-stage-profile] rpc_send_total=0.000 ms rpc_wait_total=0.000 ms
[svd-offload-client-debug] finish_fail_up_gate=0 finish_fail_down=0 finish_fail_other=0 finish_fail_ffn=0 cache_take_fail_up=0 cache_take_fail_gate=0 recv_up_sum_abs=0.000000e+00 recv_up_max_abs=0.000000e+00 recv_up_zero=0 recv_gate_sum_abs=0.000000e+00 recv_gate_max_abs=0.000000e+00 recv_gate_zero=0 recv_down_sum_abs=0.000000e+00 recv_down_max_abs=0.000000e+00 recv_down_zero=0 recv_other_sum_abs=0.000000e+00 recv_other_max_abs=0.000000e+00 recv_other_zero=0 recv_ffn_sum_abs=0.000000e+00 recv_ffn_max_abs=0.000000e+00 recv_ffn_zero=0
SUCCEED (one forward pass done)"
calibration,4c_balanced_high,0,,,4,"60,61,62,63","20,40,60,80",trunc_even_0.9,ok,2.68663,372.214,256.568,1.2429039478302002,True,3,$,"llama_context: graph splits = 1
attach_threadpool: call
threads: decode=4 batch=4
prompt tokens: 4
running one forward pass (llama_decode) ...
Top-5 next-token candidates:
  id=3 logit=0 piece=""$""
  id=4 logit=0 piece=""%""
  id=1 logit=0 piece=""""""
  id=0 logit=0 piece=""!""
  id=2 logit=0 piece=""#""
Autoregressive generation:
Generated text: !
Decode-only throughput: 2.68663 tokens/s (1 tokens in 0.372214 s of llama_decode)
End-to-end throughput: 2.68437 tokens/s (1 tokens in 0.372527 s)
[decode-stage-profile] model_load=380.122 ms context_create=57.0082 ms tokenize=0.462879 ms prefill_decode=256.568 ms generation_decode=372.214 ms generation_total=372.527 ms program_total=1083.04 ms
[svd-local-op-profile] up_ops=56 gate_ops=56 down_ops=56 up_total=35.527 ms gate_total=37.402 ms down_total=44.222 ms up_v=3.205 ms gate_v=10.158 ms down_v=26.503 ms up_u=32.314 ms gate_u=27.239 ms down_u=17.717 ms
[svd-local-stage-profile] attention_total=178.023 ms ffn_total=167.557 ms ffn_svd_total=117.151 ms ffn_svd_v=39.866 ms ffn_svd_u=77.270 ms
[svd-offload-zero-profile] up_finish=0 up_cache=0 up_no_request=27 gate_finish=0 gate_cache=0 gate_no_request=27 down_finish=0 down_cache=0 down_no_request=27 other_finish=0 other_cache=0 other_no_request=0
[svd-local-timeout-profile] up_keep=0 up_drop=0 up_wait=0.000 ms gate_keep=0 gate_drop=0 gate_wait=0.000 ms down_keep=0 down_drop=0 down_wait=0.000 ms other_keep=0 other_drop=0 other_wait=0.000 ms
[svd-offload-client] up_gate_req=0 down_req=0 other_mat_req=0 ffn_req=0 gate_cache_hits=0 gate_cache_checks=0 miss_invalid=0 miss_layer=0 miss_rank=0 miss_hash=0 miss_output=0 miss_data=0 send_up_gate=0.000 ms send_down=0.000 ms send_other=0.000 ms send_ffn=0.000 ms wait_up_gate=0.000 ms wait_down=0.000 ms wait_other=0.000 ms wait_ffn=0.000 ms
[svd-offload-client-stage-profile] rpc_send_total=0.000 ms rpc_wait_total=0.000 ms
[svd-offload-client-debug] finish_fail_up_gate=0 finish_fail_down=0 finish_fail_other=0 finish_fail_ffn=0 cache_take_fail_up=0 cache_take_fail_gate=0 recv_up_sum_abs=0.000000e+00 recv_up_max_abs=0.000000e+00 recv_up_zero=0 recv_gate_sum_abs=0.000000e+00 recv_gate_max_abs=0.000000e+00 recv_gate_zero=0 recv_down_sum_abs=0.000000e+00 recv_down_max_abs=0.000000e+00 recv_down_zero=0 recv_other_sum_abs=0.000000e+00 recv_other_max_abs=0.000000e+00 recv_other_zero=0 recv_ffn_sum_abs=0.000000e+00 recv_ffn_max_abs=0.000000e+00 recv_ffn_zero=0
SUCCEED (one forward pass done)"
validation,4c_balanced_high,0,baseline,trunc_even_0.85,4,"60,61,62,63","20,40,60,80",baseline_no_svd,ok,4.97249,201.106,737.434,1.5639405250549316,True,11,",","llama_context: graph splits = 1
attach_threadpool: call
threads: decode=4 batch=4
prompt tokens: 4
running one forward pass (llama_decode) ...
Top-5 next-token candidates:
  id=11 logit=20.2053 piece="",""
  id=304 logit=18.9277 piece="" in""
  id=3837 logit=18.7558 piece=""，""
  id=1052 logit=18.5616 piece="" there""
  id=358 logit=17.8374 piece="" I""
Autoregressive generation:
Generated text: ,
Decode-only throughput: 4.97249 tokens/s (1 tokens in 0.201106 s of llama_decode)
End-to-end throughput: 4.96462 tokens/s (1 tokens in 0.201425 s)
[decode-stage-profile] model_load=377.163 ms context_create=56.6322 ms tokenize=0.453878 ms prefill_decode=737.434 ms generation_decode=201.106 ms generation_total=201.425 ms program_total=1389.47 ms
[svd-local-op-profile] up_ops=56 gate_ops=56 down_ops=56 up_total=66.009 ms gate_total=67.761 ms down_total=78.910 ms up_v=16.435 ms gate_v=13.091 ms down_v=37.608 ms up_u=49.568 ms gate_u=54.668 ms down_u=41.296 ms
[svd-local-stage-profile] attention_total=157.396 ms ffn_total=303.109 ms ffn_svd_total=212.680 ms ffn_svd_v=67.134 ms ffn_svd_u=145.532 ms
[svd-offload-zero-profile] up_finish=0 up_cache=0 up_no_request=27 gate_finish=0 gate_cache=0 gate_no_request=27 down_finish=0 down_cache=0 down_no_request=27 other_finish=0 other_cache=0 other_no_request=0
[svd-local-timeout-profile] up_keep=0 up_drop=0 up_wait=0.000 ms gate_keep=0 gate_drop=0 gate_wait=0.000 ms down_keep=0 down_drop=0 down_wait=0.000 ms other_keep=0 other_drop=0 other_wait=0.000 ms
[svd-offload-client] up_gate_req=0 down_req=0 other_mat_req=0 ffn_req=0 gate_cache_hits=0 gate_cache_checks=0 miss_invalid=0 miss_layer=0 miss_rank=0 miss_hash=0 miss_output=0 miss_data=0 send_up_gate=0.000 ms send_down=0.000 ms send_other=0.000 ms send_ffn=0.000 ms wait_up_gate=0.000 ms wait_down=0.000 ms wait_other=0.000 ms wait_ffn=0.000 ms
[svd-offload-client-stage-profile] rpc_send_total=0.000 ms rpc_wait_total=0.000 ms
[svd-offload-client-debug] finish_fail_up_gate=0 finish_fail_down=0 finish_fail_other=0 finish_fail_ffn=0 cache_take_fail_up=0 cache_take_fail_gate=0 recv_up_sum_abs=0.000000e+00 recv_up_max_abs=0.000000e+00 recv_up_zero=0 recv_gate_sum_abs=0.000000e+00 recv_gate_max_abs=0.000000e+00 recv_gate_zero=0 recv_down_sum_abs=0.000000e+00 recv_down_max_abs=0.000000e+00 recv_down_zero=0 recv_other_sum_abs=0.000000e+00 recv_other_max_abs=0.000000e+00 recv_other_zero=0 recv_ffn_sum_abs=0.000000e+00 recv_ffn_max_abs=0.000000e+00 recv_ffn_zero=0
SUCCEED (one forward pass done)"
validation,4c_balanced_high,0,scheduler,trunc_even_0.85,4,"60,61,62,63","20,40,60,80",trunc_even_0.85,ok,23.6089,42.357,330.935,0.9868295192718506,True,3,$,"llama_context: graph splits = 1
attach_threadpool: call
threads: decode=4 batch=4
prompt tokens: 4
running one forward pass (llama_decode) ...
Top-5 next-token candidates:
  id=3 logit=0 piece=""$""
  id=4 logit=0 piece=""%""
  id=1 logit=0 piece=""""""
  id=0 logit=0 piece=""!""
  id=2 logit=0 piece=""#""
Autoregressive generation:
Generated text: !
Decode-only throughput: 23.6089 tokens/s (1 tokens in 0.042357 s of llama_decode)
End-to-end throughput: 23.4365 tokens/s (1 tokens in 0.0426686 s)
[decode-stage-profile] model_load=383.942 ms context_create=60.1924 ms tokenize=0.46594 ms prefill_decode=330.935 ms generation_decode=42.357 ms generation_total=42.6686 ms program_total=835.161 ms
[svd-local-op-profile] up_ops=56 gate_ops=56 down_ops=56 up_total=27.847 ms gate_total=26.941 ms down_total=17.436 ms up_v=3.532 ms gate_v=3.513 ms down_v=12.918 ms up_u=24.308 ms gate_u=23.422 ms down_u=4.510 ms
[svd-local-stage-profile] attention_total=60.843 ms ffn_total=73.355 ms ffn_svd_total=72.224 ms ffn_svd_v=19.963 ms ffn_svd_u=52.240 ms
[svd-offload-zero-profile] up_finish=0 up_cache=0 up_no_request=27 gate_finish=0 gate_cache=0 gate_no_request=27 down_finish=0 down_cache=0 down_no_request=27 other_finish=0 other_cache=0 other_no_request=0
[svd-local-timeout-profile] up_keep=0 up_drop=0 up_wait=0.000 ms gate_keep=0 gate_drop=0 gate_wait=0.000 ms down_keep=0 down_drop=0 down_wait=0.000 ms other_keep=0 other_drop=0 other_wait=0.000 ms
[svd-offload-client] up_gate_req=0 down_req=0 other_mat_req=0 ffn_req=0 gate_cache_hits=0 gate_cache_checks=0 miss_invalid=0 miss_layer=0 miss_rank=0 miss_hash=0 miss_output=0 miss_data=0 send_up_gate=0.000 ms send_down=0.000 ms send_other=0.000 ms send_ffn=0.000 ms wait_up_gate=0.000 ms wait_down=0.000 ms wait_other=0.000 ms wait_ffn=0.000 ms
[svd-offload-client-stage-profile] rpc_send_total=0.000 ms rpc_wait_total=0.000 ms
[svd-offload-client-debug] finish_fail_up_gate=0 finish_fail_down=0 finish_fail_other=0 finish_fail_ffn=0 cache_take_fail_up=0 cache_take_fail_gate=0 recv_up_sum_abs=0.000000e+00 recv_up_max_abs=0.000000e+00 recv_up_zero=0 recv_gate_sum_abs=0.000000e+00 recv_gate_max_abs=0.000000e+00 recv_gate_zero=0 recv_down_sum_abs=0.000000e+00 recv_down_max_abs=0.000000e+00 recv_down_zero=0 recv_other_sum_abs=0.000000e+00 recv_other_max_abs=0.000000e+00 recv_other_zero=0 recv_ffn_sum_abs=0.000000e+00 recv_ffn_max_abs=0.000000e+00 recv_ffn_zero=0
SUCCEED (one forward pass done)"
validation,4c_balanced_high,1,baseline,trunc_even_0.85,4,"60,61,62,63","20,40,60,80",baseline_no_svd,ok,20.576,48.6003,520.519,1.1625339984893799,True,11,",","llama_context: graph splits = 1
attach_threadpool: call
threads: decode=4 batch=4
prompt tokens: 4
running one forward pass (llama_decode) ...
Top-5 next-token candidates:
  id=11 logit=20.2053 piece="",""
  id=304 logit=18.9277 piece="" in""
  id=3837 logit=18.7558 piece=""，""
  id=1052 logit=18.5616 piece="" there""
  id=358 logit=17.8374 piece="" I""
Autoregressive generation:
Generated text: ,
Decode-only throughput: 20.576 tokens/s (1 tokens in 0.0486003 s of llama_decode)
End-to-end throughput: 20.4472 tokens/s (1 tokens in 0.0489063 s)
[decode-stage-profile] model_load=375.411 ms context_create=56.4361 ms tokenize=0.467283 ms prefill_decode=520.519 ms generation_decode=48.6003 ms generation_total=48.9063 ms program_total=1018.24 ms
[svd-local-op-profile] up_ops=56 gate_ops=56 down_ops=56 up_total=69.198 ms gate_total=59.210 ms down_total=48.442 ms up_v=12.647 ms gate_v=12.644 ms down_v=29.575 ms up_u=56.549 ms gate_u=46.561 ms down_u=18.865 ms
[svd-local-stage-profile] attention_total=60.848 ms ffn_total=220.741 ms ffn_svd_total=176.850 ms ffn_svd_v=54.866 ms ffn_svd_u=121.975 ms
[svd-offload-zero-profile] up_finish=0 up_cache=0 up_no_request=27 gate_finish=0 gate_cache=0 gate_no_request=27 down_finish=0 down_cache=0 down_no_request=27 other_finish=0 other_cache=0 other_no_request=0
[svd-local-timeout-profile] up_keep=0 up_drop=0 up_wait=0.000 ms gate_keep=0 gate_drop=0 gate_wait=0.000 ms down_keep=0 down_drop=0 down_wait=0.000 ms other_keep=0 other_drop=0 other_wait=0.000 ms
[svd-offload-client] up_gate_req=0 down_req=0 other_mat_req=0 ffn_req=0 gate_cache_hits=0 gate_cache_checks=0 miss_invalid=0 miss_layer=0 miss_rank=0 miss_hash=0 miss_output=0 miss_data=0 send_up_gate=0.000 ms send_down=0.000 ms send_other=0.000 ms send_ffn=0.000 ms wait_up_gate=0.000 ms wait_down=0.000 ms wait_other=0.000 ms wait_ffn=0.000 ms
[svd-offload-client-stage-profile] rpc_send_total=0.000 ms rpc_wait_total=0.000 ms
[svd-offload-client-debug] finish_fail_up_gate=0 finish_fail_down=0 finish_fail_other=0 finish_fail_ffn=0 cache_take_fail_up=0 cache_take_fail_gate=0 recv_up_sum_abs=0.000000e+00 recv_up_max_abs=0.000000e+00 recv_up_zero=0 recv_gate_sum_abs=0.000000e+00 recv_gate_max_abs=0.000000e+00 recv_gate_zero=0 recv_down_sum_abs=0.000000e+00 recv_down_max_abs=0.000000e+00 recv_down_zero=0 recv_other_sum_abs=0.000000e+00 recv_other_max_abs=0.000000e+00 recv_other_zero=0 recv_ffn_sum_abs=0.000000e+00 recv_ffn_max_abs=0.000000e+00 recv_ffn_zero=0
SUCCEED (one forward pass done)"
validation,4c_balanced_high,1,scheduler,trunc_even_0.85,4,"60,61,62,63","20,40,60,80",trunc_even_0.85,ok,21.9002,45.6618,194.377,0.8499894142150879,True,3,$,"llama_context: graph splits = 1
attach_threadpool: call
threads: decode=4 batch=4
prompt tokens: 4
running one forward pass (llama_decode) ...
Top-5 next-token candidates:
  id=3 logit=0 piece=""$""
  id=4 logit=0 piece=""%""
  id=1 logit=0 piece=""""""
  id=0 logit=0 piece=""!""
  id=2 logit=0 piece=""#""
Autoregressive generation:
Generated text: !
Decode-only throughput: 21.9002 tokens/s (1 tokens in 0.0456618 s of llama_decode)
End-to-end throughput: 21.7531 tokens/s (1 tokens in 0.0459705 s)
[decode-stage-profile] model_load=380.805 ms context_create=61.3634 ms tokenize=0.476972 ms prefill_decode=194.377 ms generation_decode=45.6618 ms generation_total=45.9705 ms program_total=699.634 ms
[svd-local-op-profile] up_ops=56 gate_ops=56 down_ops=56 up_total=26.655 ms gate_total=30.701 ms down_total=19.792 ms up_v=3.481 ms gate_v=3.478 ms down_v=13.061 ms up_u=23.171 ms gate_u=27.219 ms down_u=6.728 ms
[svd-local-stage-profile] attention_total=59.026 ms ffn_total=78.337 ms ffn_svd_total=77.148 ms ffn_svd_v=20.020 ms ffn_svd_u=57.118 ms
[svd-offload-zero-profile] up_finish=0 up_cache=0 up_no_request=27 gate_finish=0 gate_cache=0 gate_no_request=27 down_finish=0 down_cache=0 down_no_request=27 other_finish=0 other_cache=0 other_no_request=0
[svd-local-timeout-profile] up_keep=0 up_drop=0 up_wait=0.000 ms gate_keep=0 gate_drop=0 gate_wait=0.000 ms down_keep=0 down_drop=0 down_wait=0.000 ms other_keep=0 other_drop=0 other_wait=0.000 ms
[svd-offload-client] up_gate_req=0 down_req=0 other_mat_req=0 ffn_req=0 gate_cache_hits=0 gate_cache_checks=0 miss_invalid=0 miss_layer=0 miss_rank=0 miss_hash=0 miss_output=0 miss_data=0 send_up_gate=0.000 ms send_down=0.000 ms send_other=0.000 ms send_ffn=0.000 ms wait_up_gate=0.000 ms wait_down=0.000 ms wait_other=0.000 ms wait_ffn=0.000 ms
[svd-offload-client-stage-profile] rpc_send_total=0.000 ms rpc_wait_total=0.000 ms
[svd-offload-client-debug] finish_fail_up_gate=0 finish_fail_down=0 finish_fail_other=0 finish_fail_ffn=0 cache_take_fail_up=0 cache_take_fail_gate=0 recv_up_sum_abs=0.000000e+00 recv_up_max_abs=0.000000e+00 recv_up_zero=0 recv_gate_sum_abs=0.000000e+00 recv_gate_max_abs=0.000000e+00 recv_gate_zero=0 recv_down_sum_abs=0.000000e+00 recv_down_max_abs=0.000000e+00 recv_down_zero=0 recv_other_sum_abs=0.000000e+00 recv_other_max_abs=0.000000e+00 recv_other_zero=0 recv_ffn_sum_abs=0.000000e+00 recv_ffn_max_abs=0.000000e+00 recv_ffn_zero=0
SUCCEED (one forward pass done)"
validation,4c_balanced_high,2,baseline,trunc_even_0.85,4,"60,61,62,63","20,40,60,80",baseline_no_svd,ok,21.5764,46.3469,485.357,1.1337542533874512,True,11,",","llama_context: graph splits = 1
attach_threadpool: call
threads: decode=4 batch=4
prompt tokens: 4
running one forward pass (llama_decode) ...
Top-5 next-token candidates:
  id=11 logit=20.2053 piece="",""
  id=304 logit=18.9277 piece="" in""
  id=3837 logit=18.7558 piece=""，""
  id=1052 logit=18.5616 piece="" there""
  id=358 logit=17.8374 piece="" I""
Autoregressive generation:
Generated text: ,
Decode-only throughput: 21.5764 tokens/s (1 tokens in 0.0463469 s of llama_decode)
End-to-end throughput: 21.4335 tokens/s (1 tokens in 0.0466559 s)
[decode-stage-profile] model_load=375.322 ms context_create=56.0558 ms tokenize=0.461914 ms prefill_decode=485.357 ms generation_decode=46.3469 ms generation_total=46.6559 ms program_total=980.252 ms
[svd-local-op-profile] up_ops=56 gate_ops=56 down_ops=56 up_total=74.338 ms gate_total=80.704 ms down_total=69.726 ms up_v=19.586 ms gate_v=20.357 ms down_v=36.668 ms up_u=54.748 ms gate_u=60.343 ms down_u=33.054 ms
[svd-local-stage-profile] attention_total=100.272 ms ffn_total=285.903 ms ffn_svd_total=224.768 ms ffn_svd_v=76.611 ms ffn_svd_u=148.145 ms
[svd-offload-zero-profile] up_finish=0 up_cache=0 up_no_request=27 gate_finish=0 gate_cache=0 gate_no_request=27 down_finish=0 down_cache=0 down_no_request=27 other_finish=0 other_cache=0 other_no_request=0
[svd-local-timeout-profile] up_keep=0 up_drop=0 up_wait=0.000 ms gate_keep=0 gate_drop=0 gate_wait=0.000 ms down_keep=0 down_drop=0 down_wait=0.000 ms other_keep=0 other_drop=0 other_wait=0.000 ms
[svd-offload-client] up_gate_req=0 down_req=0 other_mat_req=0 ffn_req=0 gate_cache_hits=0 gate_cache_checks=0 miss_invalid=0 miss_layer=0 miss_rank=0 miss_hash=0 miss_output=0 miss_data=0 send_up_gate=0.000 ms send_down=0.000 ms send_other=0.000 ms send_ffn=0.000 ms wait_up_gate=0.000 ms wait_down=0.000 ms wait_other=0.000 ms wait_ffn=0.000 ms
[svd-offload-client-stage-profile] rpc_send_total=0.000 ms rpc_wait_total=0.000 ms
[svd-offload-client-debug] finish_fail_up_gate=0 finish_fail_down=0 finish_fail_other=0 finish_fail_ffn=0 cache_take_fail_up=0 cache_take_fail_gate=0 recv_up_sum_abs=0.000000e+00 recv_up_max_abs=0.000000e+00 recv_up_zero=0 recv_gate_sum_abs=0.000000e+00 recv_gate_max_abs=0.000000e+00 recv_gate_zero=0 recv_down_sum_abs=0.000000e+00 recv_down_max_abs=0.000000e+00 recv_down_zero=0 recv_other_sum_abs=0.000000e+00 recv_other_max_abs=0.000000e+00 recv_other_zero=0 recv_ffn_sum_abs=0.000000e+00 recv_ffn_max_abs=0.000000e+00 recv_ffn_zero=0
SUCCEED (one forward pass done)"
validation,4c_balanced_high,2,scheduler,trunc_even_0.85,4,"60,61,62,63","20,40,60,80",trunc_even_0.85,ok,23.9955,41.6745,67.4292,0.7383513450622559,True,3,$,"llama_context: graph splits = 1
attach_threadpool: call
threads: decode=4 batch=4
prompt tokens: 4
running one forward pass (llama_decode) ...
Top-5 next-token candidates:
  id=3 logit=0 piece=""$""
  id=4 logit=0 piece=""%""
  id=1 logit=0 piece=""""""
  id=0 logit=0 piece=""!""
  id=2 logit=0 piece=""#""
Autoregressive generation:
Generated text: !
Decode-only throughput: 23.9955 tokens/s (1 tokens in 0.0416745 s of llama_decode)
End-to-end throughput: 23.8166 tokens/s (1 tokens in 0.0419876 s)
[decode-stage-profile] model_load=390.154 ms context_create=61.781 ms tokenize=0.459389 ms prefill_decode=67.4292 ms generation_decode=41.6745 ms generation_total=41.9876 ms program_total=578.951 ms
[svd-local-op-profile] up_ops=56 gate_ops=56 down_ops=56 up_total=26.815 ms gate_total=27.101 ms down_total=17.718 ms up_v=3.463 ms gate_v=3.478 ms down_v=13.183 ms up_u=23.349 ms gate_u=23.615 ms down_u=4.531 ms
[svd-local-stage-profile] attention_total=1.193 ms ffn_total=72.796 ms ffn_svd_total=71.634 ms ffn_svd_v=20.124 ms ffn_svd_u=51.495 ms
[svd-offload-zero-profile] up_finish=0 up_cache=0 up_no_request=27 gate_finish=0 gate_cache=0 gate_no_request=27 down_finish=0 down_cache=0 down_no_request=27 other_finish=0 other_cache=0 other_no_request=0
[svd-local-timeout-profile] up_keep=0 up_drop=0 up_wait=0.000 ms gate_keep=0 gate_drop=0 gate_wait=0.000 ms down_keep=0 down_drop=0 down_wait=0.000 ms other_keep=0 other_drop=0 other_wait=0.000 ms
[svd-offload-client] up_gate_req=0 down_req=0 other_mat_req=0 ffn_req=0 gate_cache_hits=0 gate_cache_checks=0 miss_invalid=0 miss_layer=0 miss_rank=0 miss_hash=0 miss_output=0 miss_data=0 send_up_gate=0.000 ms send_down=0.000 ms send_other=0.000 ms send_ffn=0.000 ms wait_up_gate=0.000 ms wait_down=0.000 ms wait_other=0.000 ms wait_ffn=0.000 ms
[svd-offload-client-stage-profile] rpc_send_total=0.000 ms rpc_wait_total=0.000 ms
[svd-offload-client-debug] finish_fail_up_gate=0 finish_fail_down=0 finish_fail_other=0 finish_fail_ffn=0 cache_take_fail_up=0 cache_take_fail_gate=0 recv_up_sum_abs=0.000000e+00 recv_up_max_abs=0.000000e+00 recv_up_zero=0 recv_gate_sum_abs=0.000000e+00 recv_gate_max_abs=0.000000e+00 recv_gate_zero=0 recv_down_sum_abs=0.000000e+00 recv_down_max_abs=0.000000e+00 recv_down_zero=0 recv_other_sum_abs=0.000000e+00 recv_other_max_abs=0.000000e+00 recv_other_zero=0 recv_ffn_sum_abs=0.000000e+00 recv_ffn_max_abs=0.000000e+00 recv_ffn_zero=0
SUCCEED (one forward pass done)"
calibration,4c_front_hot,0,,,4,"60,61,62,63","90,70,20,0",baseline_no_svd,ok,20.8768,47.9,1409.97,2.109893321990967,True,11,",","llama_context: graph splits = 1
attach_threadpool: call
threads: decode=4 batch=4
prompt tokens: 4
running one forward pass (llama_decode) ...
Top-5 next-token candidates:
  id=11 logit=20.2053 piece="",""
  id=304 logit=18.9277 piece="" in""
  id=3837 logit=18.7558 piece=""，""
  id=1052 logit=18.5616 piece="" there""
  id=358 logit=17.8374 piece="" I""
Autoregressive generation:
Generated text: ,
Decode-only throughput: 20.8768 tokens/s (1 tokens in 0.0479 s of llama_decode)
End-to-end throughput: 20.7368 tokens/s (1 tokens in 0.0482234 s)
[decode-stage-profile] model_load=399.062 ms context_create=58.704 ms tokenize=0.490085 ms prefill_decode=1409.97 ms generation_decode=47.9 ms generation_total=48.2234 ms program_total=1933.49 ms
[svd-local-op-profile] up_ops=56 gate_ops=56 down_ops=56 up_total=101.187 ms gate_total=96.698 ms down_total=93.950 ms up_v=31.427 ms gate_v=28.144 ms down_v=43.832 ms up_u=69.757 ms gate_u=68.546 ms down_u=50.117 ms
[svd-local-stage-profile] attention_total=203.970 ms ffn_total=402.502 ms ffn_svd_total=291.835 ms ffn_svd_v=103.403 ms ffn_svd_u=188.420 ms
[svd-offload-zero-profile] up_finish=0 up_cache=0 up_no_request=27 gate_finish=0 gate_cache=0 gate_no_request=27 down_finish=0 down_cache=0 down_no_request=27 other_finish=0 other_cache=0 other_no_request=0
[svd-local-timeout-profile] up_keep=0 up_drop=0 up_wait=0.000 ms gate_keep=0 gate_drop=0 gate_wait=0.000 ms down_keep=0 down_drop=0 down_wait=0.000 ms other_keep=0 other_drop=0 other_wait=0.000 ms
[svd-offload-client] up_gate_req=0 down_req=0 other_mat_req=0 ffn_req=0 gate_cache_hits=0 gate_cache_checks=0 miss_invalid=0 miss_layer=0 miss_rank=0 miss_hash=0 miss_output=0 miss_data=0 send_up_gate=0.000 ms send_down=0.000 ms send_other=0.000 ms send_ffn=0.000 ms wait_up_gate=0.000 ms wait_down=0.000 ms wait_other=0.000 ms wait_ffn=0.000 ms
[svd-offload-client-stage-profile] rpc_send_total=0.000 ms rpc_wait_total=0.000 ms
[svd-offload-client-debug] finish_fail_up_gate=0 finish_fail_down=0 finish_fail_other=0 finish_fail_ffn=0 cache_take_fail_up=0 cache_take_fail_gate=0 recv_up_sum_abs=0.000000e+00 recv_up_max_abs=0.000000e+00 recv_up_zero=0 recv_gate_sum_abs=0.000000e+00 recv_gate_max_abs=0.000000e+00 recv_gate_zero=0 recv_down_sum_abs=0.000000e+00 recv_down_max_abs=0.000000e+00 recv_down_zero=0 recv_other_sum_abs=0.000000e+00 recv_other_max_abs=0.000000e+00 recv_other_zero=0 recv_ffn_sum_abs=0.000000e+00 recv_ffn_max_abs=0.000000e+00 recv_ffn_zero=0
SUCCEED (one forward pass done)"
calibration,4c_front_hot,0,,,4,"60,61,62,63","90,70,20,0",trunc_even_0.8,ok,23.1575,43.1826,233.449,0.9013450145721436,True,3,$,"llama_context: graph splits = 1
attach_threadpool: call
threads: decode=4 batch=4
prompt tokens: 4
running one forward pass (llama_decode) ...
Top-5 next-token candidates:
  id=3 logit=0 piece=""$""
  id=4 logit=0 piece=""%""
  id=1 logit=0 piece=""""""
  id=0 logit=0 piece=""!""
  id=2 logit=0 piece=""#""
Autoregressive generation:
Generated text: !
Decode-only throughput: 23.1575 tokens/s (1 tokens in 0.0431826 s of llama_decode)
End-to-end throughput: 22.9904 tokens/s (1 tokens in 0.0434965 s)
[decode-stage-profile] model_load=386.985 ms context_create=61.7399 ms tokenize=0.448803 ms prefill_decode=233.449 ms generation_decode=43.1826 ms generation_total=43.4965 ms program_total=742.845 ms
[svd-local-op-profile] up_ops=56 gate_ops=56 down_ops=56 up_total=27.707 ms gate_total=27.471 ms down_total=18.308 ms up_v=3.712 ms gate_v=3.575 ms down_v=13.763 ms up_u=23.987 ms gate_u=23.891 ms down_u=4.542 ms
[svd-local-stage-profile] attention_total=47.179 ms ffn_total=74.722 ms ffn_svd_total=73.486 ms ffn_svd_v=21.050 ms ffn_svd_u=52.420 ms
[svd-offload-zero-profile] up_finish=0 up_cache=0 up_no_request=27 gate_finish=0 gate_cache=0 gate_no_request=27 down_finish=0 down_cache=0 down_no_request=27 other_finish=0 other_cache=0 other_no_request=0
[svd-local-timeout-profile] up_keep=0 up_drop=0 up_wait=0.000 ms gate_keep=0 gate_drop=0 gate_wait=0.000 ms down_keep=0 down_drop=0 down_wait=0.000 ms other_keep=0 other_drop=0 other_wait=0.000 ms
[svd-offload-client] up_gate_req=0 down_req=0 other_mat_req=0 ffn_req=0 gate_cache_hits=0 gate_cache_checks=0 miss_invalid=0 miss_layer=0 miss_rank=0 miss_hash=0 miss_output=0 miss_data=0 send_up_gate=0.000 ms send_down=0.000 ms send_other=0.000 ms send_ffn=0.000 ms wait_up_gate=0.000 ms wait_down=0.000 ms wait_other=0.000 ms wait_ffn=0.000 ms
[svd-offload-client-stage-profile] rpc_send_total=0.000 ms rpc_wait_total=0.000 ms
[svd-offload-client-debug] finish_fail_up_gate=0 finish_fail_down=0 finish_fail_other=0 finish_fail_ffn=0 cache_take_fail_up=0 cache_take_fail_gate=0 recv_up_sum_abs=0.000000e+00 recv_up_max_abs=0.000000e+00 recv_up_zero=0 recv_gate_sum_abs=0.000000e+00 recv_gate_max_abs=0.000000e+00 recv_gate_zero=0 recv_down_sum_abs=0.000000e+00 recv_down_max_abs=0.000000e+00 recv_down_zero=0 recv_other_sum_abs=0.000000e+00 recv_other_max_abs=0.000000e+00 recv_other_zero=0 recv_ffn_sum_abs=0.000000e+00 recv_ffn_max_abs=0.000000e+00 recv_ffn_zero=0
SUCCEED (one forward pass done)"
calibration,4c_front_hot,0,,,4,"60,61,62,63","90,70,20,0",trunc_even_0.85,ok,23.9831,41.696,1450.96,2.1361608505249023,True,3,$,"llama_context: graph splits = 1
attach_threadpool: call
threads: decode=4 batch=4
prompt tokens: 4
running one forward pass (llama_decode) ...
Top-5 next-token candidates:
  id=3 logit=0 piece=""$""
  id=4 logit=0 piece=""%""
  id=1 logit=0 piece=""""""
  id=0 logit=0 piece=""!""
  id=2 logit=0 piece=""#""
Autoregressive generation:
Generated text: !
Decode-only throughput: 23.9831 tokens/s (1 tokens in 0.041696 s of llama_decode)
End-to-end throughput: 23.8012 tokens/s (1 tokens in 0.0420148 s)
[decode-stage-profile] model_load=389.594 ms context_create=57.3176 ms tokenize=0.458978 ms prefill_decode=1450.96 ms generation_decode=41.696 ms generation_total=42.0148 ms program_total=1957.7 ms
[svd-local-op-profile] up_ops=56 gate_ops=56 down_ops=56 up_total=91.984 ms gate_total=96.679 ms down_total=87.441 ms up_v=24.596 ms gate_v=27.657 ms down_v=41.426 ms up_u=67.378 ms gate_u=69.018 ms down_u=46.008 ms
[svd-local-stage-profile] attention_total=229.373 ms ffn_total=373.132 ms ffn_svd_total=276.104 ms ffn_svd_v=93.679 ms ffn_svd_u=182.404 ms
[svd-offload-zero-profile] up_finish=0 up_cache=0 up_no_request=27 gate_finish=0 gate_cache=0 gate_no_request=27 down_finish=0 down_cache=0 down_no_request=27 other_finish=0 other_cache=0 other_no_request=0
[svd-local-timeout-profile] up_keep=0 up_drop=0 up_wait=0.000 ms gate_keep=0 gate_drop=0 gate_wait=0.000 ms down_keep=0 down_drop=0 down_wait=0.000 ms other_keep=0 other_drop=0 other_wait=0.000 ms
[svd-offload-client] up_gate_req=0 down_req=0 other_mat_req=0 ffn_req=0 gate_cache_hits=0 gate_cache_checks=0 miss_invalid=0 miss_layer=0 miss_rank=0 miss_hash=0 miss_output=0 miss_data=0 send_up_gate=0.000 ms send_down=0.000 ms send_other=0.000 ms send_ffn=0.000 ms wait_up_gate=0.000 ms wait_down=0.000 ms wait_other=0.000 ms wait_ffn=0.000 ms
[svd-offload-client-stage-profile] rpc_send_total=0.000 ms rpc_wait_total=0.000 ms
[svd-offload-client-debug] finish_fail_up_gate=0 finish_fail_down=0 finish_fail_other=0 finish_fail_ffn=0 cache_take_fail_up=0 cache_take_fail_gate=0 recv_up_sum_abs=0.000000e+00 recv_up_max_abs=0.000000e+00 recv_up_zero=0 recv_gate_sum_abs=0.000000e+00 recv_gate_max_abs=0.000000e+00 recv_gate_zero=0 recv_down_sum_abs=0.000000e+00 recv_down_max_abs=0.000000e+00 recv_down_zero=0 recv_other_sum_abs=0.000000e+00 recv_other_max_abs=0.000000e+00 recv_other_zero=0 recv_ffn_sum_abs=0.000000e+00 recv_ffn_max_abs=0.000000e+00 recv_ffn_zero=0
SUCCEED (one forward pass done)"
calibration,4c_front_hot,0,,,4,"60,61,62,63","90,70,20,0",trunc_even_0.9,ok,26.6887,37.469,711.141,1.3629441261291504,True,3,$,"llama_context: graph splits = 1
attach_threadpool: call
threads: decode=4 batch=4
prompt tokens: 4
running one forward pass (llama_decode) ...
Top-5 next-token candidates:
  id=3 logit=0 piece=""$""
  id=4 logit=0 piece=""%""
  id=1 logit=0 piece=""""""
  id=0 logit=0 piece=""!""
  id=2 logit=0 piece=""#""
Autoregressive generation:
Generated text: !
Decode-only throughput: 26.6887 tokens/s (1 tokens in 0.037469 s of llama_decode)
End-to-end throughput: 26.4713 tokens/s (1 tokens in 0.0377768 s)
[decode-stage-profile] model_load=389.309 ms context_create=57.6373 ms tokenize=0.428052 ms prefill_decode=711.141 ms generation_decode=37.469 ms generation_total=37.7768 ms program_total=1213.47 ms
[svd-local-op-profile] up_ops=56 gate_ops=56 down_ops=56 up_total=48.746 ms gate_total=44.994 ms down_total=52.202 ms up_v=10.336 ms gate_v=10.419 ms down_v=19.533 ms up_u=38.406 ms gate_u=34.570 ms down_u=32.667 ms
[svd-local-stage-profile] attention_total=150.555 ms ffn_total=189.149 ms ffn_svd_total=145.942 ms ffn_svd_v=40.288 ms ffn_svd_u=105.643 ms
[svd-offload-zero-profile] up_finish=0 up_cache=0 up_no_request=27 gate_finish=0 gate_cache=0 gate_no_request=27 down_finish=0 down_cache=0 down_no_request=27 other_finish=0 other_cache=0 other_no_request=0
[svd-local-timeout-profile] up_keep=0 up_drop=0 up_wait=0.000 ms gate_keep=0 gate_drop=0 gate_wait=0.000 ms down_keep=0 down_drop=0 down_wait=0.000 ms other_keep=0 other_drop=0 other_wait=0.000 ms
[svd-offload-client] up_gate_req=0 down_req=0 other_mat_req=0 ffn_req=0 gate_cache_hits=0 gate_cache_checks=0 miss_invalid=0 miss_layer=0 miss_rank=0 miss_hash=0 miss_output=0 miss_data=0 send_up_gate=0.000 ms send_down=0.000 ms send_other=0.000 ms send_ffn=0.000 ms wait_up_gate=0.000 ms wait_down=0.000 ms wait_other=0.000 ms wait_ffn=0.000 ms
[svd-offload-client-stage-profile] rpc_send_total=0.000 ms rpc_wait_total=0.000 ms
[svd-offload-client-debug] finish_fail_up_gate=0 finish_fail_down=0 finish_fail_other=0 finish_fail_ffn=0 cache_take_fail_up=0 cache_take_fail_gate=0 recv_up_sum_abs=0.000000e+00 recv_up_max_abs=0.000000e+00 recv_up_zero=0 recv_gate_sum_abs=0.000000e+00 recv_gate_max_abs=0.000000e+00 recv_gate_zero=0 recv_down_sum_abs=0.000000e+00 recv_down_max_abs=0.000000e+00 recv_down_zero=0 recv_other_sum_abs=0.000000e+00 recv_other_max_abs=0.000000e+00 recv_other_zero=0 recv_ffn_sum_abs=0.000000e+00 recv_ffn_max_abs=0.000000e+00 recv_ffn_zero=0
SUCCEED (one forward pass done)"
validation,4c_front_hot,0,baseline,trunc_even_0.8,4,"60,61,62,63","90,70,20,0",baseline_no_svd,ok,19.65,50.8905,1391.14,2.054849863052368,True,11,",","llama_context: graph splits = 1
attach_threadpool: call
threads: decode=4 batch=4
prompt tokens: 4
running one forward pass (llama_decode) ...
Top-5 next-token candidates:
  id=11 logit=20.2053 piece="",""
  id=304 logit=18.9277 piece="" in""
  id=3837 logit=18.7558 piece=""，""
  id=1052 logit=18.5616 piece="" there""
  id=358 logit=17.8374 piece="" I""
Autoregressive generation:
Generated text: ,
Decode-only throughput: 19.65 tokens/s (1 tokens in 0.0508905 s of llama_decode)
End-to-end throughput: 19.5183 tokens/s (1 tokens in 0.0512341 s)
[decode-stage-profile] model_load=380.368 ms context_create=55.7188 ms tokenize=0.464386 ms prefill_decode=1391.14 ms generation_decode=50.8905 ms generation_total=51.2341 ms program_total=1895.83 ms
[svd-local-op-profile] up_ops=56 gate_ops=56 down_ops=56 up_total=103.440 ms gate_total=107.732 ms down_total=93.400 ms up_v=30.354 ms gate_v=27.360 ms down_v=44.414 ms up_u=73.082 ms gate_u=80.367 ms down_u=48.984 ms
[svd-local-stage-profile] attention_total=212.723 ms ffn_total=403.206 ms ffn_svd_total=304.572 ms ffn_svd_v=102.128 ms ffn_svd_u=202.433 ms
[svd-offload-zero-profile] up_finish=0 up_cache=0 up_no_request=27 gate_finish=0 gate_cache=0 gate_no_request=27 down_finish=0 down_cache=0 down_no_request=27 other_finish=0 other_cache=0 other_no_request=0
[svd-local-timeout-profile] up_keep=0 up_drop=0 up_wait=0.000 ms gate_keep=0 gate_drop=0 gate_wait=0.000 ms down_keep=0 down_drop=0 down_wait=0.000 ms other_keep=0 other_drop=0 other_wait=0.000 ms
[svd-offload-client] up_gate_req=0 down_req=0 other_mat_req=0 ffn_req=0 gate_cache_hits=0 gate_cache_checks=0 miss_invalid=0 miss_layer=0 miss_rank=0 miss_hash=0 miss_output=0 miss_data=0 send_up_gate=0.000 ms send_down=0.000 ms send_other=0.000 ms send_ffn=0.000 ms wait_up_gate=0.000 ms wait_down=0.000 ms wait_other=0.000 ms wait_ffn=0.000 ms
[svd-offload-client-stage-profile] rpc_send_total=0.000 ms rpc_wait_total=0.000 ms
[svd-offload-client-debug] finish_fail_up_gate=0 finish_fail_down=0 finish_fail_other=0 finish_fail_ffn=0 cache_take_fail_up=0 cache_take_fail_gate=0 recv_up_sum_abs=0.000000e+00 recv_up_max_abs=0.000000e+00 recv_up_zero=0 recv_gate_sum_abs=0.000000e+00 recv_gate_max_abs=0.000000e+00 recv_gate_zero=0 recv_down_sum_abs=0.000000e+00 recv_down_max_abs=0.000000e+00 recv_down_zero=0 recv_other_sum_abs=0.000000e+00 recv_other_max_abs=0.000000e+00 recv_other_zero=0 recv_ffn_sum_abs=0.000000e+00 recv_ffn_max_abs=0.000000e+00 recv_ffn_zero=0
SUCCEED (one forward pass done)"
validation,4c_front_hot,0,scheduler,trunc_even_0.8,4,"60,61,62,63","90,70,20,0",trunc_even_0.8,ok,23.2928,42.9318,68.974,0.7350122928619385,True,3,$,"llama_context: graph splits = 1
attach_threadpool: call
threads: decode=4 batch=4
prompt tokens: 4
running one forward pass (llama_decode) ...
Top-5 next-token candidates:
  id=3 logit=0 piece=""$""
  id=4 logit=0 piece=""%""
  id=1 logit=0 piece=""""""
  id=0 logit=0 piece=""!""
  id=2 logit=0 piece=""#""
Autoregressive generation:
Generated text: !
Decode-only throughput: 23.2928 tokens/s (1 tokens in 0.0429317 s of llama_decode)
End-to-end throughput: 23.1258 tokens/s (1 tokens in 0.0432418 s)
[decode-stage-profile] model_load=392.513 ms context_create=63.6583 ms tokenize=0.461292 ms prefill_decode=68.974 ms generation_decode=42.9318 ms generation_total=43.2418 ms program_total=586.078 ms
[svd-local-op-profile] up_ops=56 gate_ops=56 down_ops=56 up_total=34.247 ms gate_total=27.922 ms down_total=18.626 ms up_v=3.678 ms gate_v=3.665 ms down_v=14.050 ms up_u=30.563 ms gate_u=24.252 ms down_u=4.571 ms
[svd-local-stage-profile] attention_total=1.397 ms ffn_total=82.036 ms ffn_svd_total=80.795 ms ffn_svd_v=21.393 ms ffn_svd_u=59.386 ms
[svd-offload-zero-profile] up_finish=0 up_cache=0 up_no_request=27 gate_finish=0 gate_cache=0 gate_no_request=27 down_finish=0 down_cache=0 down_no_request=27 other_finish=0 other_cache=0 other_no_request=0
[svd-local-timeout-profile] up_keep=0 up_drop=0 up_wait=0.000 ms gate_keep=0 gate_drop=0 gate_wait=0.000 ms down_keep=0 down_drop=0 down_wait=0.000 ms other_keep=0 other_drop=0 other_wait=0.000 ms
[svd-offload-client] up_gate_req=0 down_req=0 other_mat_req=0 ffn_req=0 gate_cache_hits=0 gate_cache_checks=0 miss_invalid=0 miss_layer=0 miss_rank=0 miss_hash=0 miss_output=0 miss_data=0 send_up_gate=0.000 ms send_down=0.000 ms send_other=0.000 ms send_ffn=0.000 ms wait_up_gate=0.000 ms wait_down=0.000 ms wait_other=0.000 ms wait_ffn=0.000 ms
[svd-offload-client-stage-profile] rpc_send_total=0.000 ms rpc_wait_total=0.000 ms
[svd-offload-client-debug] finish_fail_up_gate=0 finish_fail_down=0 finish_fail_other=0 finish_fail_ffn=0 cache_take_fail_up=0 cache_take_fail_gate=0 recv_up_sum_abs=0.000000e+00 recv_up_max_abs=0.000000e+00 recv_up_zero=0 recv_gate_sum_abs=0.000000e+00 recv_gate_max_abs=0.000000e+00 recv_gate_zero=0 recv_down_sum_abs=0.000000e+00 recv_down_max_abs=0.000000e+00 recv_down_zero=0 recv_other_sum_abs=0.000000e+00 recv_other_max_abs=0.000000e+00 recv_other_zero=0 recv_ffn_sum_abs=0.000000e+00 recv_ffn_max_abs=0.000000e+00 recv_ffn_zero=0
SUCCEED (one forward pass done)"
validation,4c_front_hot,1,baseline,trunc_even_0.8,4,"60,61,62,63","90,70,20,0",baseline_no_svd,ok,20.3062,49.2461,362.227,1.033111810684204,True,11,",","llama_context: graph splits = 1
attach_threadpool: call
threads: decode=4 batch=4
prompt tokens: 4
running one forward pass (llama_decode) ...
Top-5 next-token candidates:
  id=11 logit=20.2053 piece="",""
  id=304 logit=18.9277 piece="" in""
  id=3837 logit=18.7558 piece=""，""
  id=1052 logit=18.5616 piece="" there""
  id=358 logit=17.8374 piece="" I""
Autoregressive generation:
Generated text: ,
Decode-only throughput: 20.3062 tokens/s (1 tokens in 0.0492461 s of llama_decode)
End-to-end throughput: 20.1755 tokens/s (1 tokens in 0.049565 s)
[decode-stage-profile] model_load=383.66 ms context_create=61.0074 ms tokenize=0.472361 ms prefill_decode=362.227 ms generation_decode=49.2461 ms generation_total=49.565 ms program_total=874.204 ms
[svd-local-op-profile] up_ops=56 gate_ops=56 down_ops=56 up_total=40.259 ms gate_total=36.927 ms down_total=33.530 ms up_v=5.812 ms gate_v=6.094 ms down_v=27.581 ms up_u=34.445 ms gate_u=30.831 ms down_u=5.944 ms
[svd-local-stage-profile] attention_total=53.229 ms ffn_total=112.092 ms ffn_svd_total=110.716 ms ffn_svd_v=39.487 ms ffn_svd_u=71.220 ms
[svd-offload-zero-profile] up_finish=0 up_cache=0 up_no_request=27 gate_finish=0 gate_cache=0 gate_no_request=27 down_finish=0 down_cache=0 down_no_request=27 other_finish=0 other_cache=0 other_no_request=0
[svd-local-timeout-profile] up_keep=0 up_drop=0 up_wait=0.000 ms gate_keep=0 gate_drop=0 gate_wait=0.000 ms down_keep=0 down_drop=0 down_wait=0.000 ms other_keep=0 other_drop=0 other_wait=0.000 ms
[svd-offload-client] up_gate_req=0 down_req=0 other_mat_req=0 ffn_req=0 gate_cache_hits=0 gate_cache_checks=0 miss_invalid=0 miss_layer=0 miss_rank=0 miss_hash=0 miss_output=0 miss_data=0 send_up_gate=0.000 ms send_down=0.000 ms send_other=0.000 ms send_ffn=0.000 ms wait_up_gate=0.000 ms wait_down=0.000 ms wait_other=0.000 ms wait_ffn=0.000 ms
[svd-offload-client-stage-profile] rpc_send_total=0.000 ms rpc_wait_total=0.000 ms
[svd-offload-client-debug] finish_fail_up_gate=0 finish_fail_down=0 finish_fail_other=0 finish_fail_ffn=0 cache_take_fail_up=0 cache_take_fail_gate=0 recv_up_sum_abs=0.000000e+00 recv_up_max_abs=0.000000e+00 recv_up_zero=0 recv_gate_sum_abs=0.000000e+00 recv_gate_max_abs=0.000000e+00 recv_gate_zero=0 recv_down_sum_abs=0.000000e+00 recv_down_max_abs=0.000000e+00 recv_down_zero=0 recv_other_sum_abs=0.000000e+00 recv_other_max_abs=0.000000e+00 recv_other_zero=0 recv_ffn_sum_abs=0.000000e+00 recv_ffn_max_abs=0.000000e+00 recv_ffn_zero=0
SUCCEED (one forward pass done)"
validation,4c_front_hot,1,scheduler,trunc_even_0.8,4,"60,61,62,63","90,70,20,0",trunc_even_0.8,ok,22.8659,43.7332,1630.96,2.308605670928955,True,3,$,"llama_context: graph splits = 1
attach_threadpool: call
threads: decode=4 batch=4
prompt tokens: 4
running one forward pass (llama_decode) ...
Top-5 next-token candidates:
  id=3 logit=0 piece=""$""
  id=4 logit=0 piece=""%""
  id=1 logit=0 piece=""""""
  id=0 logit=0 piece=""!""
  id=2 logit=0 piece=""#""
Autoregressive generation:
Generated text: !
Decode-only throughput: 22.8659 tokens/s (1 tokens in 0.0437332 s of llama_decode)
End-to-end throughput: 22.6928 tokens/s (1 tokens in 0.0440668 s)
[decode-stage-profile] model_load=387.7 ms context_create=57.951 ms tokenize=0.487861 ms prefill_decode=1630.96 ms generation_decode=43.7332 ms generation_total=44.0668 ms program_total=2138.7 ms
[svd-local-op-profile] up_ops=56 gate_ops=56 down_ops=56 up_total=108.797 ms gate_total=100.649 ms down_total=101.249 ms up_v=24.827 ms gate_v=24.846 ms down_v=38.107 ms up_u=83.963 ms gate_u=75.796 ms down_u=63.138 ms
[svd-local-stage-profile] attention_total=194.938 ms ffn_total=440.847 ms ffn_svd_total=310.695 ms ffn_svd_v=87.780 ms ffn_svd_u=222.897 ms
[svd-offload-zero-profile] up_finish=0 up_cache=0 up_no_request=27 gate_finish=0 gate_cache=0 gate_no_request=27 down_finish=0 down_cache=0 down_no_request=27 other_finish=0 other_cache=0 other_no_request=0
[svd-local-timeout-profile] up_keep=0 up_drop=0 up_wait=0.000 ms gate_keep=0 gate_drop=0 gate_wait=0.000 ms down_keep=0 down_drop=0 down_wait=0.000 ms other_keep=0 other_drop=0 other_wait=0.000 ms
[svd-offload-client] up_gate_req=0 down_req=0 other_mat_req=0 ffn_req=0 gate_cache_hits=0 gate_cache_checks=0 miss_invalid=0 miss_layer=0 miss_rank=0 miss_hash=0 miss_output=0 miss_data=0 send_up_gate=0.000 ms send_down=0.000 ms send_other=0.000 ms send_ffn=0.000 ms wait_up_gate=0.000 ms wait_down=0.000 ms wait_other=0.000 ms wait_ffn=0.000 ms
[svd-offload-client-stage-profile] rpc_send_total=0.000 ms rpc_wait_total=0.000 ms
[svd-offload-client-debug] finish_fail_up_gate=0 finish_fail_down=0 finish_fail_other=0 finish_fail_ffn=0 cache_take_fail_up=0 cache_take_fail_gate=0 recv_up_sum_abs=0.000000e+00 recv_up_max_abs=0.000000e+00 recv_up_zero=0 recv_gate_sum_abs=0.000000e+00 recv_gate_max_abs=0.000000e+00 recv_gate_zero=0 recv_down_sum_abs=0.000000e+00 recv_down_max_abs=0.000000e+00 recv_down_zero=0 recv_other_sum_abs=0.000000e+00 recv_other_max_abs=0.000000e+00 recv_other_zero=0 recv_ffn_sum_abs=0.000000e+00 recv_ffn_max_abs=0.000000e+00 recv_ffn_zero=0
SUCCEED (one forward pass done)"
validation,4c_front_hot,2,baseline,trunc_even_0.8,4,"60,61,62,63","90,70,20,0",baseline_no_svd,ok,16.4799,60.6801,1671.79,2.3620758056640625,True,11,",","llama_context: graph splits = 1
attach_threadpool: call
threads: decode=4 batch=4
prompt tokens: 4
running one forward pass (llama_decode) ...
Top-5 next-token candidates:
  id=11 logit=20.2053 piece="",""
  id=304 logit=18.9277 piece="" in""
  id=3837 logit=18.7558 piece=""，""
  id=1052 logit=18.5616 piece="" there""
  id=358 logit=17.8374 piece="" I""
Autoregressive generation:
Generated text: ,
Decode-only throughput: 16.4799 tokens/s (1 tokens in 0.0606801 s of llama_decode)
End-to-end throughput: 16.3931 tokens/s (1 tokens in 0.0610013 s)
[decode-stage-profile] model_load=381.897 ms context_create=59.1907 ms tokenize=0.477294 ms prefill_decode=1671.79 ms generation_decode=60.6801 ms generation_total=61.0013 ms program_total=2191.21 ms
[svd-local-op-profile] up_ops=56 gate_ops=56 down_ops=56 up_total=123.073 ms gate_total=112.050 ms down_total=131.261 ms up_v=33.855 ms gate_v=30.480 ms down_v=53.752 ms up_u=89.217 ms gate_u=81.568 ms down_u=77.504 ms
[svd-local-stage-profile] attention_total=310.373 ms ffn_total=497.505 ms ffn_svd_total=366.384 ms ffn_svd_v=118.087 ms ffn_svd_u=248.289 ms
[svd-offload-zero-profile] up_finish=0 up_cache=0 up_no_request=27 gate_finish=0 gate_cache=0 gate_no_request=27 down_finish=0 down_cache=0 down_no_request=27 other_finish=0 other_cache=0 other_no_request=0
[svd-local-timeout-profile] up_keep=0 up_drop=0 up_wait=0.000 ms gate_keep=0 gate_drop=0 gate_wait=0.000 ms down_keep=0 down_drop=0 down_wait=0.000 ms other_keep=0 other_drop=0 other_wait=0.000 ms
[svd-offload-client] up_gate_req=0 down_req=0 other_mat_req=0 ffn_req=0 gate_cache_hits=0 gate_cache_checks=0 miss_invalid=0 miss_layer=0 miss_rank=0 miss_hash=0 miss_output=0 miss_data=0 send_up_gate=0.000 ms send_down=0.000 ms send_other=0.000 ms send_ffn=0.000 ms wait_up_gate=0.000 ms wait_down=0.000 ms wait_other=0.000 ms wait_ffn=0.000 ms
[svd-offload-client-stage-profile] rpc_send_total=0.000 ms rpc_wait_total=0.000 ms
[svd-offload-client-debug] finish_fail_up_gate=0 finish_fail_down=0 finish_fail_other=0 finish_fail_ffn=0 cache_take_fail_up=0 cache_take_fail_gate=0 recv_up_sum_abs=0.000000e+00 recv_up_max_abs=0.000000e+00 recv_up_zero=0 recv_gate_sum_abs=0.000000e+00 recv_gate_max_abs=0.000000e+00 recv_gate_zero=0 recv_down_sum_abs=0.000000e+00 recv_down_max_abs=0.000000e+00 recv_down_zero=0 recv_other_sum_abs=0.000000e+00 recv_other_max_abs=0.000000e+00 recv_other_zero=0 recv_ffn_sum_abs=0.000000e+00 recv_ffn_max_abs=0.000000e+00 recv_ffn_zero=0
SUCCEED (one forward pass done)"
validation,4c_front_hot,2,scheduler,trunc_even_0.8,4,"60,61,62,63","90,70,20,0",trunc_even_0.8,ok,4.53211,220.648,628.38,1.4567430019378662,True,3,$,"llama_context: graph splits = 1
attach_threadpool: call
threads: decode=4 batch=4
prompt tokens: 4
running one forward pass (llama_decode) ...
Top-5 next-token candidates:
  id=3 logit=0 piece=""$""
  id=4 logit=0 piece=""%""
  id=1 logit=0 piece=""""""
  id=0 logit=0 piece=""!""
  id=2 logit=0 piece=""#""
Autoregressive generation:
Generated text: !
Decode-only throughput: 4.53211 tokens/s (1 tokens in 0.220648 s of llama_decode)
End-to-end throughput: 4.52554 tokens/s (1 tokens in 0.220968 s)
[decode-stage-profile] model_load=389.439 ms context_create=57.5714 ms tokenize=0.460494 ms prefill_decode=628.38 ms generation_decode=220.648 ms generation_total=220.968 ms program_total=1313.93 ms
[svd-local-op-profile] up_ops=56 gate_ops=56 down_ops=56 up_total=70.504 ms gate_total=39.252 ms down_total=63.151 ms up_v=11.551 ms gate_v=7.455 ms down_v=29.451 ms up_u=58.952 ms gate_u=31.788 ms down_u=33.695 ms
[svd-local-stage-profile] attention_total=195.778 ms ffn_total=243.100 ms ffn_svd_total=172.907 ms ffn_svd_v=48.457 ms ffn_svd_u=124.435 ms
[svd-offload-zero-profile] up_finish=0 up_cache=0 up_no_request=27 gate_finish=0 gate_cache=0 gate_no_request=27 down_finish=0 down_cache=0 down_no_request=27 other_finish=0 other_cache=0 other_no_request=0
[svd-local-timeout-profile] up_keep=0 up_drop=0 up_wait=0.000 ms gate_keep=0 gate_drop=0 gate_wait=0.000 ms down_keep=0 down_drop=0 down_wait=0.000 ms other_keep=0 other_drop=0 other_wait=0.000 ms
[svd-offload-client] up_gate_req=0 down_req=0 other_mat_req=0 ffn_req=0 gate_cache_hits=0 gate_cache_checks=0 miss_invalid=0 miss_layer=0 miss_rank=0 miss_hash=0 miss_output=0 miss_data=0 send_up_gate=0.000 ms send_down=0.000 ms send_other=0.000 ms send_ffn=0.000 ms wait_up_gate=0.000 ms wait_down=0.000 ms wait_other=0.000 ms wait_ffn=0.000 ms
[svd-offload-client-stage-profile] rpc_send_total=0.000 ms rpc_wait_total=0.000 ms
[svd-offload-client-debug] finish_fail_up_gate=0 finish_fail_down=0 finish_fail_other=0 finish_fail_ffn=0 cache_take_fail_up=0 cache_take_fail_gate=0 recv_up_sum_abs=0.000000e+00 recv_up_max_abs=0.000000e+00 recv_up_zero=0 recv_gate_sum_abs=0.000000e+00 recv_gate_max_abs=0.000000e+00 recv_gate_zero=0 recv_down_sum_abs=0.000000e+00 recv_down_max_abs=0.000000e+00 recv_down_zero=0 recv_other_sum_abs=0.000000e+00 recv_other_max_abs=0.000000e+00 recv_other_zero=0 recv_ffn_sum_abs=0.000000e+00 recv_ffn_max_abs=0.000000e+00 recv_ffn_zero=0
SUCCEED (one forward pass done)"
calibration,4c_high,0,,,4,"60,61,62,63","70,80,90,100",baseline_no_svd,ok,21.1255,47.3362,86.1546,0.7469065189361572,True,11,",","llama_context: graph splits = 1
attach_threadpool: call
threads: decode=4 batch=4
prompt tokens: 4
running one forward pass (llama_decode) ...
Top-5 next-token candidates:
  id=11 logit=20.2053 piece="",""
  id=304 logit=18.9277 piece="" in""
  id=3837 logit=18.7558 piece=""，""
  id=1052 logit=18.5616 piece="" there""
  id=358 logit=17.8374 piece="" I""
Autoregressive generation:
Generated text: ,
Decode-only throughput: 21.1255 tokens/s (1 tokens in 0.0473362 s of llama_decode)
End-to-end throughput: 20.9713 tokens/s (1 tokens in 0.0476842 s)
[decode-stage-profile] model_load=385.331 ms context_create=62.6979 ms tokenize=0.469212 ms prefill_decode=86.1546 ms generation_decode=47.3362 ms generation_total=47.6842 ms program_total=598.876 ms
[svd-local-op-profile] up_ops=56 gate_ops=56 down_ops=56 up_total=34.027 ms gate_total=34.547 ms down_total=27.757 ms up_v=5.382 ms gate_v=5.543 ms down_v=22.088 ms up_u=28.641 ms gate_u=29.001 ms down_u=5.662 ms
[svd-local-stage-profile] attention_total=3.291 ms ffn_total=97.603 ms ffn_svd_total=96.331 ms ffn_svd_v=33.013 ms ffn_svd_u=63.304 ms
[svd-offload-zero-profile] up_finish=0 up_cache=0 up_no_request=27 gate_finish=0 gate_cache=0 gate_no_request=27 down_finish=0 down_cache=0 down_no_request=27 other_finish=0 other_cache=0 other_no_request=0
[svd-local-timeout-profile] up_keep=0 up_drop=0 up_wait=0.000 ms gate_keep=0 gate_drop=0 gate_wait=0.000 ms down_keep=0 down_drop=0 down_wait=0.000 ms other_keep=0 other_drop=0 other_wait=0.000 ms
[svd-offload-client] up_gate_req=0 down_req=0 other_mat_req=0 ffn_req=0 gate_cache_hits=0 gate_cache_checks=0 miss_invalid=0 miss_layer=0 miss_rank=0 miss_hash=0 miss_output=0 miss_data=0 send_up_gate=0.000 ms send_down=0.000 ms send_other=0.000 ms send_ffn=0.000 ms wait_up_gate=0.000 ms wait_down=0.000 ms wait_other=0.000 ms wait_ffn=0.000 ms
[svd-offload-client-stage-profile] rpc_send_total=0.000 ms rpc_wait_total=0.000 ms
[svd-offload-client-debug] finish_fail_up_gate=0 finish_fail_down=0 finish_fail_other=0 finish_fail_ffn=0 cache_take_fail_up=0 cache_take_fail_gate=0 recv_up_sum_abs=0.000000e+00 recv_up_max_abs=0.000000e+00 recv_up_zero=0 recv_gate_sum_abs=0.000000e+00 recv_gate_max_abs=0.000000e+00 recv_gate_zero=0 recv_down_sum_abs=0.000000e+00 recv_down_max_abs=0.000000e+00 recv_down_zero=0 recv_other_sum_abs=0.000000e+00 recv_other_max_abs=0.000000e+00 recv_other_zero=0 recv_ffn_sum_abs=0.000000e+00 recv_ffn_max_abs=0.000000e+00 recv_ffn_zero=0
SUCCEED (one forward pass done)"
calibration,4c_high,0,,,4,"60,61,62,63","70,80,90,100",trunc_even_0.8,ok,23.5634,42.4388,67.9664,0.7156960964202881,True,3,$,"llama_context: graph splits = 1
attach_threadpool: call
threads: decode=4 batch=4
prompt tokens: 4
running one forward pass (llama_decode) ...
Top-5 next-token candidates:
  id=3 logit=0 piece=""$""
  id=4 logit=0 piece=""%""
  id=1 logit=0 piece=""""""
  id=0 logit=0 piece=""!""
  id=2 logit=0 piece=""#""
Autoregressive generation:
Generated text: !
Decode-only throughput: 23.5634 tokens/s (1 tokens in 0.0424388 s of llama_decode)
End-to-end throughput: 23.3926 tokens/s (1 tokens in 0.0427486 s)
[decode-stage-profile] model_load=385.229 ms context_create=61.1051 ms tokenize=0.463475 ms prefill_decode=67.9664 ms generation_decode=42.4388 ms generation_total=42.7486 ms program_total=573.878 ms
[svd-local-op-profile] up_ops=56 gate_ops=56 down_ops=56 up_total=27.534 ms gate_total=27.494 ms down_total=18.223 ms up_v=3.733 ms gate_v=3.781 ms down_v=13.641 ms up_u=23.794 ms gate_u=23.710 ms down_u=4.575 ms
[svd-local-stage-profile] attention_total=1.218 ms ffn_total=74.432 ms ffn_svd_total=73.251 ms ffn_svd_v=21.155 ms ffn_svd_u=52.079 ms
[svd-offload-zero-profile] up_finish=0 up_cache=0 up_no_request=27 gate_finish=0 gate_cache=0 gate_no_request=27 down_finish=0 down_cache=0 down_no_request=27 other_finish=0 other_cache=0 other_no_request=0
[svd-local-timeout-profile] up_keep=0 up_drop=0 up_wait=0.000 ms gate_keep=0 gate_drop=0 gate_wait=0.000 ms down_keep=0 down_drop=0 down_wait=0.000 ms other_keep=0 other_drop=0 other_wait=0.000 ms
[svd-offload-client] up_gate_req=0 down_req=0 other_mat_req=0 ffn_req=0 gate_cache_hits=0 gate_cache_checks=0 miss_invalid=0 miss_layer=0 miss_rank=0 miss_hash=0 miss_output=0 miss_data=0 send_up_gate=0.000 ms send_down=0.000 ms send_other=0.000 ms send_ffn=0.000 ms wait_up_gate=0.000 ms wait_down=0.000 ms wait_other=0.000 ms wait_ffn=0.000 ms
[svd-offload-client-stage-profile] rpc_send_total=0.000 ms rpc_wait_total=0.000 ms
[svd-offload-client-debug] finish_fail_up_gate=0 finish_fail_down=0 finish_fail_other=0 finish_fail_ffn=0 cache_take_fail_up=0 cache_take_fail_gate=0 recv_up_sum_abs=0.000000e+00 recv_up_max_abs=0.000000e+00 recv_up_zero=0 recv_gate_sum_abs=0.000000e+00 recv_gate_max_abs=0.000000e+00 recv_gate_zero=0 recv_down_sum_abs=0.000000e+00 recv_down_max_abs=0.000000e+00 recv_down_zero=0 recv_other_sum_abs=0.000000e+00 recv_other_max_abs=0.000000e+00 recv_other_zero=0 recv_ffn_sum_abs=0.000000e+00 recv_ffn_max_abs=0.000000e+00 recv_ffn_zero=0
SUCCEED (one forward pass done)"
calibration,4c_high,0,,,4,"60,61,62,63","70,80,90,100",trunc_even_0.85,ok,20.9168,47.8085,66.1574,0.7223522663116455,True,3,$,"llama_context: graph splits = 1
attach_threadpool: call
threads: decode=4 batch=4
prompt tokens: 4
running one forward pass (llama_decode) ...
Top-5 next-token candidates:
  id=3 logit=0 piece=""$""
  id=4 logit=0 piece=""%""
  id=1 logit=0 piece=""""""
  id=0 logit=0 piece=""!""
  id=2 logit=0 piece=""#""
Autoregressive generation:
Generated text: !
Decode-only throughput: 20.9168 tokens/s (1 tokens in 0.0478085 s of llama_decode)
End-to-end throughput: 20.7833 tokens/s (1 tokens in 0.0481156 s)
[decode-stage-profile] model_load=386.462 ms context_create=57.0375 ms tokenize=0.496622 ms prefill_decode=66.1574 ms generation_decode=47.8085 ms generation_total=48.1156 ms program_total=574.921 ms
[svd-local-op-profile] up_ops=56 gate_ops=56 down_ops=56 up_total=27.099 ms gate_total=30.098 ms down_total=17.712 ms up_v=3.569 ms gate_v=3.491 ms down_v=13.125 ms up_u=23.529 ms gate_u=26.603 ms down_u=4.583 ms
[svd-local-stage-profile] attention_total=5.048 ms ffn_total=76.159 ms ffn_svd_total=74.909 ms ffn_svd_v=20.185 ms ffn_svd_u=54.715 ms
[svd-offload-zero-profile] up_finish=0 up_cache=0 up_no_request=27 gate_finish=0 gate_cache=0 gate_no_request=27 down_finish=0 down_cache=0 down_no_request=27 other_finish=0 other_cache=0 other_no_request=0
[svd-local-timeout-profile] up_keep=0 up_drop=0 up_wait=0.000 ms gate_keep=0 gate_drop=0 gate_wait=0.000 ms down_keep=0 down_drop=0 down_wait=0.000 ms other_keep=0 other_drop=0 other_wait=0.000 ms
[svd-offload-client] up_gate_req=0 down_req=0 other_mat_req=0 ffn_req=0 gate_cache_hits=0 gate_cache_checks=0 miss_invalid=0 miss_layer=0 miss_rank=0 miss_hash=0 miss_output=0 miss_data=0 send_up_gate=0.000 ms send_down=0.000 ms send_other=0.000 ms send_ffn=0.000 ms wait_up_gate=0.000 ms wait_down=0.000 ms wait_other=0.000 ms wait_ffn=0.000 ms
[svd-offload-client-stage-profile] rpc_send_total=0.000 ms rpc_wait_total=0.000 ms
[svd-offload-client-debug] finish_fail_up_gate=0 finish_fail_down=0 finish_fail_other=0 finish_fail_ffn=0 cache_take_fail_up=0 cache_take_fail_gate=0 recv_up_sum_abs=0.000000e+00 recv_up_max_abs=0.000000e+00 recv_up_zero=0 recv_gate_sum_abs=0.000000e+00 recv_gate_max_abs=0.000000e+00 recv_gate_zero=0 recv_down_sum_abs=0.000000e+00 recv_down_max_abs=0.000000e+00 recv_down_zero=0 recv_other_sum_abs=0.000000e+00 recv_other_max_abs=0.000000e+00 recv_other_zero=0 recv_ffn_sum_abs=0.000000e+00 recv_ffn_max_abs=0.000000e+00 recv_ffn_zero=0
SUCCEED (one forward pass done)"
calibration,4c_high,0,,,4,"60,61,62,63","70,80,90,100",trunc_even_0.9,ok,26.0313,38.4152,66.3563,0.7167847156524658,True,3,$,"llama_context: graph splits = 1
attach_threadpool: call
threads: decode=4 batch=4
prompt tokens: 4
running one forward pass (llama_decode) ...
Top-5 next-token candidates:
  id=3 logit=0 piece=""$""
  id=4 logit=0 piece=""%""
  id=1 logit=0 piece=""""""
  id=0 logit=0 piece=""!""
  id=2 logit=0 piece=""#""
Autoregressive generation:
Generated text: !
Decode-only throughput: 26.0313 tokens/s (1 tokens in 0.0384152 s of llama_decode)
End-to-end throughput: 25.8152 tokens/s (1 tokens in 0.0387368 s)
[decode-stage-profile] model_load=386.614 ms context_create=59.2674 ms tokenize=0.46922 ms prefill_decode=66.3563 ms generation_decode=38.4152 ms generation_total=38.7368 ms program_total=568.044 ms
[svd-local-op-profile] up_ops=56 gate_ops=56 down_ops=56 up_total=25.219 ms gate_total=25.344 ms down_total=17.302 ms up_v=3.582 ms gate_v=3.483 ms down_v=13.144 ms up_u=21.630 ms gate_u=21.857 ms down_u=4.150 ms
[svd-local-stage-profile] attention_total=1.348 ms ffn_total=69.042 ms ffn_svd_total=67.865 ms ffn_svd_v=20.209 ms ffn_svd_u=47.637 ms
[svd-offload-zero-profile] up_finish=0 up_cache=0 up_no_request=27 gate_finish=0 gate_cache=0 gate_no_request=27 down_finish=0 down_cache=0 down_no_request=27 other_finish=0 other_cache=0 other_no_request=0
[svd-local-timeout-profile] up_keep=0 up_drop=0 up_wait=0.000 ms gate_keep=0 gate_drop=0 gate_wait=0.000 ms down_keep=0 down_drop=0 down_wait=0.000 ms other_keep=0 other_drop=0 other_wait=0.000 ms
[svd-offload-client] up_gate_req=0 down_req=0 other_mat_req=0 ffn_req=0 gate_cache_hits=0 gate_cache_checks=0 miss_invalid=0 miss_layer=0 miss_rank=0 miss_hash=0 miss_output=0 miss_data=0 send_up_gate=0.000 ms send_down=0.000 ms send_other=0.000 ms send_ffn=0.000 ms wait_up_gate=0.000 ms wait_down=0.000 ms wait_other=0.000 ms wait_ffn=0.000 ms
[svd-offload-client-stage-profile] rpc_send_total=0.000 ms rpc_wait_total=0.000 ms
[svd-offload-client-debug] finish_fail_up_gate=0 finish_fail_down=0 finish_fail_other=0 finish_fail_ffn=0 cache_take_fail_up=0 cache_take_fail_gate=0 recv_up_sum_abs=0.000000e+00 recv_up_max_abs=0.000000e+00 recv_up_zero=0 recv_gate_sum_abs=0.000000e+00 recv_gate_max_abs=0.000000e+00 recv_gate_zero=0 recv_down_sum_abs=0.000000e+00 recv_down_max_abs=0.000000e+00 recv_down_zero=0 recv_other_sum_abs=0.000000e+00 recv_other_max_abs=0.000000e+00 recv_other_zero=0 recv_ffn_sum_abs=0.000000e+00 recv_ffn_max_abs=0.000000e+00 recv_ffn_zero=0
SUCCEED (one forward pass done)"
validation,4c_high,0,baseline,trunc_even_0.8,4,"60,61,62,63","70,80,90,100",baseline_no_svd,ok,19.9677,50.0809,88.7734,0.7429914474487305,True,11,",","llama_context: graph splits = 1
attach_threadpool: call
threads: decode=4 batch=4
prompt tokens: 4
running one forward pass (llama_decode) ...
Top-5 next-token candidates:
  id=11 logit=20.2053 piece="",""
  id=304 logit=18.9277 piece="" in""
  id=3837 logit=18.7558 piece=""，""
  id=1052 logit=18.5616 piece="" there""
  id=358 logit=17.8374 piece="" I""
Autoregressive generation:
Generated text: ,
Decode-only throughput: 19.9677 tokens/s (1 tokens in 0.0500809 s of llama_decode)
End-to-end throughput: 19.8446 tokens/s (1 tokens in 0.0503916 s)
[decode-stage-profile] model_load=380.706 ms context_create=62.8236 ms tokenize=0.484102 ms prefill_decode=88.7734 ms generation_decode=50.0809 ms generation_total=50.3916 ms program_total=599.702 ms
[svd-local-op-profile] up_ops=56 gate_ops=56 down_ops=56 up_total=33.936 ms gate_total=41.321 ms down_total=30.630 ms up_v=5.412 ms gate_v=5.550 ms down_v=24.910 ms up_u=28.519 ms gate_u=35.766 ms down_u=5.712 ms
[svd-local-stage-profile] attention_total=2.121 ms ffn_total=107.142 ms ffn_svd_total=105.887 ms ffn_svd_v=35.872 ms ffn_svd_u=69.997 ms
[svd-offload-zero-profile] up_finish=0 up_cache=0 up_no_request=27 gate_finish=0 gate_cache=0 gate_no_request=27 down_finish=0 down_cache=0 down_no_request=27 other_finish=0 other_cache=0 other_no_request=0
[svd-local-timeout-profile] up_keep=0 up_drop=0 up_wait=0.000 ms gate_keep=0 gate_drop=0 gate_wait=0.000 ms down_keep=0 down_drop=0 down_wait=0.000 ms other_keep=0 other_drop=0 other_wait=0.000 ms
[svd-offload-client] up_gate_req=0 down_req=0 other_mat_req=0 ffn_req=0 gate_cache_hits=0 gate_cache_checks=0 miss_invalid=0 miss_layer=0 miss_rank=0 miss_hash=0 miss_output=0 miss_data=0 send_up_gate=0.000 ms send_down=0.000 ms send_other=0.000 ms send_ffn=0.000 ms wait_up_gate=0.000 ms wait_down=0.000 ms wait_other=0.000 ms wait_ffn=0.000 ms
[svd-offload-client-stage-profile] rpc_send_total=0.000 ms rpc_wait_total=0.000 ms
[svd-offload-client-debug] finish_fail_up_gate=0 finish_fail_down=0 finish_fail_other=0 finish_fail_ffn=0 cache_take_fail_up=0 cache_take_fail_gate=0 recv_up_sum_abs=0.000000e+00 recv_up_max_abs=0.000000e+00 recv_up_zero=0 recv_gate_sum_abs=0.000000e+00 recv_gate_max_abs=0.000000e+00 recv_gate_zero=0 recv_down_sum_abs=0.000000e+00 recv_down_max_abs=0.000000e+00 recv_down_zero=0 recv_other_sum_abs=0.000000e+00 recv_other_max_abs=0.000000e+00 recv_other_zero=0 recv_ffn_sum_abs=0.000000e+00 recv_ffn_max_abs=0.000000e+00 recv_ffn_zero=0
SUCCEED (one forward pass done)"
validation,4c_high,0,scheduler,trunc_even_0.8,4,"60,61,62,63","70,80,90,100",trunc_even_0.8,ok,22.0429,45.3662,67.3029,0.7333164215087891,True,3,$,"llama_context: graph splits = 1
attach_threadpool: call
threads: decode=4 batch=4
prompt tokens: 4
running one forward pass (llama_decode) ...
Top-5 next-token candidates:
  id=3 logit=0 piece=""$""
  id=4 logit=0 piece=""%""
  id=1 logit=0 piece=""""""
  id=0 logit=0 piece=""!""
  id=2 logit=0 piece=""#""
Autoregressive generation:
Generated text: !
Decode-only throughput: 22.0429 tokens/s (1 tokens in 0.0453662 s of llama_decode)
End-to-end throughput: 21.8934 tokens/s (1 tokens in 0.0456758 s)
[decode-stage-profile] model_load=389.971 ms context_create=57.8749 ms tokenize=0.458458 ms prefill_decode=67.3029 ms generation_decode=45.3662 ms generation_total=45.6758 ms program_total=577.777 ms
[svd-local-op-profile] up_ops=56 gate_ops=56 down_ops=56 up_total=27.368 ms gate_total=27.368 ms down_total=18.276 ms up_v=3.637 ms gate_v=3.711 ms down_v=13.734 ms up_u=23.725 ms gate_u=23.654 ms down_u=4.538 ms
[svd-local-stage-profile] attention_total=1.274 ms ffn_total=74.196 ms ffn_svd_total=73.012 ms ffn_svd_v=21.082 ms ffn_svd_u=51.917 ms
[svd-offload-zero-profile] up_finish=0 up_cache=0 up_no_request=27 gate_finish=0 gate_cache=0 gate_no_request=27 down_finish=0 down_cache=0 down_no_request=27 other_finish=0 other_cache=0 other_no_request=0
[svd-local-timeout-profile] up_keep=0 up_drop=0 up_wait=0.000 ms gate_keep=0 gate_drop=0 gate_wait=0.000 ms down_keep=0 down_drop=0 down_wait=0.000 ms other_keep=0 other_drop=0 other_wait=0.000 ms
[svd-offload-client] up_gate_req=0 down_req=0 other_mat_req=0 ffn_req=0 gate_cache_hits=0 gate_cache_checks=0 miss_invalid=0 miss_layer=0 miss_rank=0 miss_hash=0 miss_output=0 miss_data=0 send_up_gate=0.000 ms send_down=0.000 ms send_other=0.000 ms send_ffn=0.000 ms wait_up_gate=0.000 ms wait_down=0.000 ms wait_other=0.000 ms wait_ffn=0.000 ms
[svd-offload-client-stage-profile] rpc_send_total=0.000 ms rpc_wait_total=0.000 ms
[svd-offload-client-debug] finish_fail_up_gate=0 finish_fail_down=0 finish_fail_other=0 finish_fail_ffn=0 cache_take_fail_up=0 cache_take_fail_gate=0 recv_up_sum_abs=0.000000e+00 recv_up_max_abs=0.000000e+00 recv_up_zero=0 recv_gate_sum_abs=0.000000e+00 recv_gate_max_abs=0.000000e+00 recv_gate_zero=0 recv_down_sum_abs=0.000000e+00 recv_down_max_abs=0.000000e+00 recv_down_zero=0 recv_other_sum_abs=0.000000e+00 recv_other_max_abs=0.000000e+00 recv_other_zero=0 recv_ffn_sum_abs=0.000000e+00 recv_ffn_max_abs=0.000000e+00 recv_ffn_zero=0
SUCCEED (one forward pass done)"
validation,4c_high,1,baseline,trunc_even_0.8,4,"60,61,62,63","70,80,90,100",baseline_no_svd,ok,19.9995,50.0014,86.0688,0.7396235466003418,True,11,",","llama_context: graph splits = 1
attach_threadpool: call
threads: decode=4 batch=4
prompt tokens: 4
running one forward pass (llama_decode) ...
Top-5 next-token candidates:
  id=11 logit=20.2053 piece="",""
  id=304 logit=18.9277 piece="" in""
  id=3837 logit=18.7558 piece=""，""
  id=1052 logit=18.5616 piece="" there""
  id=358 logit=17.8374 piece="" I""
Autoregressive generation:
Generated text: ,
Decode-only throughput: 19.9995 tokens/s (1 tokens in 0.0500014 s of llama_decode)
End-to-end throughput: 19.8739 tokens/s (1 tokens in 0.0503172 s)
[decode-stage-profile] model_load=378.281 ms context_create=62.4164 ms tokenize=0.460887 ms prefill_decode=86.0688 ms generation_decode=50.0014 ms generation_total=50.3172 ms program_total=594.193 ms
[svd-local-op-profile] up_ops=56 gate_ops=56 down_ops=56 up_total=34.080 ms gate_total=37.353 ms down_total=27.737 ms up_v=5.418 ms gate_v=5.401 ms down_v=22.057 ms up_u=28.656 ms gate_u=31.946 ms down_u=5.674 ms
[svd-local-stage-profile] attention_total=1.302 ms ffn_total=100.451 ms ffn_svd_total=99.170 ms ffn_svd_v=32.876 ms ffn_svd_u=66.276 ms
[svd-offload-zero-profile] up_finish=0 up_cache=0 up_no_request=27 gate_finish=0 gate_cache=0 gate_no_request=27 down_finish=0 down_cache=0 down_no_request=27 other_finish=0 other_cache=0 other_no_request=0
[svd-local-timeout-profile] up_keep=0 up_drop=0 up_wait=0.000 ms gate_keep=0 gate_drop=0 gate_wait=0.000 ms down_keep=0 down_drop=0 down_wait=0.000 ms other_keep=0 other_drop=0 other_wait=0.000 ms
[svd-offload-client] up_gate_req=0 down_req=0 other_mat_req=0 ffn_req=0 gate_cache_hits=0 gate_cache_checks=0 miss_invalid=0 miss_layer=0 miss_rank=0 miss_hash=0 miss_output=0 miss_data=0 send_up_gate=0.000 ms send_down=0.000 ms send_other=0.000 ms send_ffn=0.000 ms wait_up_gate=0.000 ms wait_down=0.000 ms wait_other=0.000 ms wait_ffn=0.000 ms
[svd-offload-client-stage-profile] rpc_send_total=0.000 ms rpc_wait_total=0.000 ms
[svd-offload-client-debug] finish_fail_up_gate=0 finish_fail_down=0 finish_fail_other=0 finish_fail_ffn=0 cache_take_fail_up=0 cache_take_fail_gate=0 recv_up_sum_abs=0.000000e+00 recv_up_max_abs=0.000000e+00 recv_up_zero=0 recv_gate_sum_abs=0.000000e+00 recv_gate_max_abs=0.000000e+00 recv_gate_zero=0 recv_down_sum_abs=0.000000e+00 recv_down_max_abs=0.000000e+00 recv_down_zero=0 recv_other_sum_abs=0.000000e+00 recv_other_max_abs=0.000000e+00 recv_other_zero=0 recv_ffn_sum_abs=0.000000e+00 recv_ffn_max_abs=0.000000e+00 recv_ffn_zero=0
SUCCEED (one forward pass done)"
validation,4c_high,1,scheduler,trunc_even_0.8,4,"60,61,62,63","70,80,90,100",trunc_even_0.8,ok,21.9553,45.5471,68.0268,0.7223923206329346,True,3,$,"llama_context: graph splits = 1
attach_threadpool: call
threads: decode=4 batch=4
prompt tokens: 4
running one forward pass (llama_decode) ...
Top-5 next-token candidates:
  id=3 logit=0 piece=""$""
  id=4 logit=0 piece=""%""
  id=1 logit=0 piece=""""""
  id=0 logit=0 piece=""!""
  id=2 logit=0 piece=""#""
Autoregressive generation:
Generated text: !
Decode-only throughput: 21.9553 tokens/s (1 tokens in 0.0455471 s of llama_decode)
End-to-end throughput: 21.8063 tokens/s (1 tokens in 0.0458582 s)
[decode-stage-profile] model_load=383.349 ms context_create=55.799 ms tokenize=0.463479 ms prefill_decode=68.0268 ms generation_decode=45.5471 ms generation_total=45.8582 ms program_total=569.947 ms
[svd-local-op-profile] up_ops=56 gate_ops=56 down_ops=56 up_total=27.469 ms gate_total=27.429 ms down_total=21.332 ms up_v=3.683 ms gate_v=3.714 ms down_v=16.797 ms up_u=23.781 ms gate_u=23.709 ms down_u=4.529 ms
[svd-local-stage-profile] attention_total=1.290 ms ffn_total=77.442 ms ffn_svd_total=76.230 ms ffn_svd_v=24.194 ms ffn_svd_u=52.019 ms
[svd-offload-zero-profile] up_finish=0 up_cache=0 up_no_request=27 gate_finish=0 gate_cache=0 gate_no_request=27 down_finish=0 down_cache=0 down_no_request=27 other_finish=0 other_cache=0 other_no_request=0
[svd-local-timeout-profile] up_keep=0 up_drop=0 up_wait=0.000 ms gate_keep=0 gate_drop=0 gate_wait=0.000 ms down_keep=0 down_drop=0 down_wait=0.000 ms other_keep=0 other_drop=0 other_wait=0.000 ms
[svd-offload-client] up_gate_req=0 down_req=0 other_mat_req=0 ffn_req=0 gate_cache_hits=0 gate_cache_checks=0 miss_invalid=0 miss_layer=0 miss_rank=0 miss_hash=0 miss_output=0 miss_data=0 send_up_gate=0.000 ms send_down=0.000 ms send_other=0.000 ms send_ffn=0.000 ms wait_up_gate=0.000 ms wait_down=0.000 ms wait_other=0.000 ms wait_ffn=0.000 ms
[svd-offload-client-stage-profile] rpc_send_total=0.000 ms rpc_wait_total=0.000 ms
[svd-offload-client-debug] finish_fail_up_gate=0 finish_fail_down=0 finish_fail_other=0 finish_fail_ffn=0 cache_take_fail_up=0 cache_take_fail_gate=0 recv_up_sum_abs=0.000000e+00 recv_up_max_abs=0.000000e+00 recv_up_zero=0 recv_gate_sum_abs=0.000000e+00 recv_gate_max_abs=0.000000e+00 recv_gate_zero=0 recv_down_sum_abs=0.000000e+00 recv_down_max_abs=0.000000e+00 recv_down_zero=0 recv_other_sum_abs=0.000000e+00 recv_other_max_abs=0.000000e+00 recv_other_zero=0 recv_ffn_sum_abs=0.000000e+00 recv_ffn_max_abs=0.000000e+00 recv_ffn_zero=0
SUCCEED (one forward pass done)"
validation,4c_high,2,baseline,trunc_even_0.8,4,"60,61,62,63","70,80,90,100",baseline_no_svd,ok,20.9442,47.7458,87.1116,0.7466425895690918,True,11,",","llama_context: graph splits = 1
attach_threadpool: call
threads: decode=4 batch=4
prompt tokens: 4
running one forward pass (llama_decode) ...
Top-5 next-token candidates:
  id=11 logit=20.2053 piece="",""
  id=304 logit=18.9277 piece="" in""
  id=3837 logit=18.7558 piece=""，""
  id=1052 logit=18.5616 piece="" there""
  id=358 logit=17.8374 piece="" I""
Autoregressive generation:
Generated text: ,
Decode-only throughput: 20.9442 tokens/s (1 tokens in 0.0477458 s of llama_decode)
End-to-end throughput: 20.8103 tokens/s (1 tokens in 0.0480531 s)
[decode-stage-profile] model_load=379.453 ms context_create=62.5793 ms tokenize=0.468363 ms prefill_decode=87.1116 ms generation_decode=47.7458 ms generation_total=48.0531 ms program_total=594.22 ms
[svd-local-op-profile] up_ops=56 gate_ops=56 down_ops=56 up_total=34.445 ms gate_total=34.555 ms down_total=27.896 ms up_v=5.538 ms gate_v=5.565 ms down_v=22.032 ms up_u=28.901 ms gate_u=28.988 ms down_u=5.861 ms
[svd-local-stage-profile] attention_total=1.283 ms ffn_total=98.185 ms ffn_svd_total=96.896 ms ffn_svd_v=33.135 ms ffn_svd_u=63.750 ms
[svd-offload-zero-profile] up_finish=0 up_cache=0 up_no_request=27 gate_finish=0 gate_cache=0 gate_no_request=27 down_finish=0 down_cache=0 down_no_request=27 other_finish=0 other_cache=0 other_no_request=0
[svd-local-timeout-profile] up_keep=0 up_drop=0 up_wait=0.000 ms gate_keep=0 gate_drop=0 gate_wait=0.000 ms down_keep=0 down_drop=0 down_wait=0.000 ms other_keep=0 other_drop=0 other_wait=0.000 ms
[svd-offload-client] up_gate_req=0 down_req=0 other_mat_req=0 ffn_req=0 gate_cache_hits=0 gate_cache_checks=0 miss_invalid=0 miss_layer=0 miss_rank=0 miss_hash=0 miss_output=0 miss_data=0 send_up_gate=0.000 ms send_down=0.000 ms send_other=0.000 ms send_ffn=0.000 ms wait_up_gate=0.000 ms wait_down=0.000 ms wait_other=0.000 ms wait_ffn=0.000 ms
[svd-offload-client-stage-profile] rpc_send_total=0.000 ms rpc_wait_total=0.000 ms
[svd-offload-client-debug] finish_fail_up_gate=0 finish_fail_down=0 finish_fail_other=0 finish_fail_ffn=0 cache_take_fail_up=0 cache_take_fail_gate=0 recv_up_sum_abs=0.000000e+00 recv_up_max_abs=0.000000e+00 recv_up_zero=0 recv_gate_sum_abs=0.000000e+00 recv_gate_max_abs=0.000000e+00 recv_gate_zero=0 recv_down_sum_abs=0.000000e+00 recv_down_max_abs=0.000000e+00 recv_down_zero=0 recv_other_sum_abs=0.000000e+00 recv_other_max_abs=0.000000e+00 recv_other_zero=0 recv_ffn_sum_abs=0.000000e+00 recv_ffn_max_abs=0.000000e+00 recv_ffn_zero=0
SUCCEED (one forward pass done)"
validation,4c_high,2,scheduler,trunc_even_0.8,4,"60,61,62,63","70,80,90,100",trunc_even_0.8,ok,23.5273,42.5039,67.7282,0.7246565818786621,True,3,$,"llama_context: graph splits = 1
attach_threadpool: call
threads: decode=4 batch=4
prompt tokens: 4
running one forward pass (llama_decode) ...
Top-5 next-token candidates:
  id=3 logit=0 piece=""$""
  id=4 logit=0 piece=""%""
  id=1 logit=0 piece=""""""
  id=0 logit=0 piece=""!""
  id=2 logit=0 piece=""#""
Autoregressive generation:
Generated text: !
Decode-only throughput: 23.5273 tokens/s (1 tokens in 0.0425039 s of llama_decode)
End-to-end throughput: 23.3563 tokens/s (1 tokens in 0.0428149 s)
[decode-stage-profile] model_load=385.74 ms context_create=59.6586 ms tokenize=0.481639 ms prefill_decode=67.7282 ms generation_decode=42.5039 ms generation_total=42.8149 ms program_total=572.932 ms
[svd-local-op-profile] up_ops=56 gate_ops=56 down_ops=56 up_total=27.545 ms gate_total=31.371 ms down_total=18.340 ms up_v=3.768 ms gate_v=3.745 ms down_v=13.838 ms up_u=23.774 ms gate_u=27.619 ms down_u=4.497 ms
[svd-local-stage-profile] attention_total=1.316 ms ffn_total=78.450 ms ffn_svd_total=77.256 ms ffn_svd_v=21.351 ms ffn_svd_u=55.890 ms
[svd-offload-zero-profile] up_finish=0 up_cache=0 up_no_request=27 gate_finish=0 gate_cache=0 gate_no_request=27 down_finish=0 down_cache=0 down_no_request=27 other_finish=0 other_cache=0 other_no_request=0
[svd-local-timeout-profile] up_keep=0 up_drop=0 up_wait=0.000 ms gate_keep=0 gate_drop=0 gate_wait=0.000 ms down_keep=0 down_drop=0 down_wait=0.000 ms other_keep=0 other_drop=0 other_wait=0.000 ms
[svd-offload-client] up_gate_req=0 down_req=0 other_mat_req=0 ffn_req=0 gate_cache_hits=0 gate_cache_checks=0 miss_invalid=0 miss_layer=0 miss_rank=0 miss_hash=0 miss_output=0 miss_data=0 send_up_gate=0.000 ms send_down=0.000 ms send_other=0.000 ms send_ffn=0.000 ms wait_up_gate=0.000 ms wait_down=0.000 ms wait_other=0.000 ms wait_ffn=0.000 ms
[svd-offload-client-stage-profile] rpc_send_total=0.000 ms rpc_wait_total=0.000 ms
[svd-offload-client-debug] finish_fail_up_gate=0 finish_fail_down=0 finish_fail_other=0 finish_fail_ffn=0 cache_take_fail_up=0 cache_take_fail_gate=0 recv_up_sum_abs=0.000000e+00 recv_up_max_abs=0.000000e+00 recv_up_zero=0 recv_gate_sum_abs=0.000000e+00 recv_gate_max_abs=0.000000e+00 recv_gate_zero=0 recv_down_sum_abs=0.000000e+00 recv_down_max_abs=0.000000e+00 recv_down_zero=0 recv_other_sum_abs=0.000000e+00 recv_other_max_abs=0.000000e+00 recv_other_zero=0 recv_ffn_sum_abs=0.000000e+00 recv_ffn_max_abs=0.000000e+00 recv_ffn_zero=0
SUCCEED (one forward pass done)"
calibration,8c_mixed,0,,,8,"60,61,62,63,64,65,66,67","0,20,40,60,80,100,30,50",baseline_no_svd,ok,23.7578,42.0915,7335.73,8.021728754043579,True,11,",","llama_context: graph splits = 1
attach_threadpool: call
threads: decode=8 batch=8
prompt tokens: 4
running one forward pass (llama_decode) ...
Top-5 next-token candidates:
  id=11 logit=20.2053 piece="",""
  id=304 logit=18.9277 piece="" in""
  id=3837 logit=18.7558 piece=""，""
  id=1052 logit=18.5616 piece="" there""
  id=358 logit=17.8374 piece="" I""
Autoregressive generation:
Generated text: ,
Decode-only throughput: 23.7578 tokens/s (1 tokens in 0.0420915 s of llama_decode)
End-to-end throughput: 23.5659 tokens/s (1 tokens in 0.0424341 s)
[decode-stage-profile] model_load=389.094 ms context_create=56.9627 ms tokenize=0.463951 ms prefill_decode=7335.73 ms generation_decode=42.0915 ms generation_total=42.4341 ms program_total=7842.11 ms
[svd-local-op-profile] up_ops=56 gate_ops=56 down_ops=56 up_total=408.506 ms gate_total=413.190 ms down_total=399.239 ms up_v=128.392 ms gate_v=138.197 ms down_v=140.427 ms up_u=280.108 ms gate_u=274.987 ms down_u=258.803 ms
[svd-local-stage-profile] attention_total=984.410 ms ffn_total=1871.620 ms ffn_svd_total=1220.935 ms ffn_svd_v=407.016 ms ffn_svd_u=813.898 ms
[svd-offload-zero-profile] up_finish=0 up_cache=0 up_no_request=27 gate_finish=0 gate_cache=0 gate_no_request=27 down_finish=0 down_cache=0 down_no_request=27 other_finish=0 other_cache=0 other_no_request=0
[svd-local-timeout-profile] up_keep=0 up_drop=0 up_wait=0.000 ms gate_keep=0 gate_drop=0 gate_wait=0.000 ms down_keep=0 down_drop=0 down_wait=0.000 ms other_keep=0 other_drop=0 other_wait=0.000 ms
[svd-offload-client] up_gate_req=0 down_req=0 other_mat_req=0 ffn_req=0 gate_cache_hits=0 gate_cache_checks=0 miss_invalid=0 miss_layer=0 miss_rank=0 miss_hash=0 miss_output=0 miss_data=0 send_up_gate=0.000 ms send_down=0.000 ms send_other=0.000 ms send_ffn=0.000 ms wait_up_gate=0.000 ms wait_down=0.000 ms wait_other=0.000 ms wait_ffn=0.000 ms
[svd-offload-client-stage-profile] rpc_send_total=0.000 ms rpc_wait_total=0.000 ms
[svd-offload-client-debug] finish_fail_up_gate=0 finish_fail_down=0 finish_fail_other=0 finish_fail_ffn=0 cache_take_fail_up=0 cache_take_fail_gate=0 recv_up_sum_abs=0.000000e+00 recv_up_max_abs=0.000000e+00 recv_up_zero=0 recv_gate_sum_abs=0.000000e+00 recv_gate_max_abs=0.000000e+00 recv_gate_zero=0 recv_down_sum_abs=0.000000e+00 recv_down_max_abs=0.000000e+00 recv_down_zero=0 recv_other_sum_abs=0.000000e+00 recv_other_max_abs=0.000000e+00 recv_other_zero=0 recv_ffn_sum_abs=0.000000e+00 recv_ffn_max_abs=0.000000e+00 recv_ffn_zero=0
SUCCEED (one forward pass done)"
calibration,8c_mixed,0,,,8,"60,61,62,63,64,65,66,67","0,20,40,60,80,100,30,50",trunc_even_0.8,ok,0.602095,1660.87,2522.57,4.817349433898926,True,3,$,"llama_context: graph splits = 1
attach_threadpool: call
threads: decode=8 batch=8
prompt tokens: 4
running one forward pass (llama_decode) ...
Top-5 next-token candidates:
  id=3 logit=0 piece=""$""
  id=4 logit=0 piece=""%""
  id=1 logit=0 piece=""""""
  id=0 logit=0 piece=""!""
  id=2 logit=0 piece=""#""
Autoregressive generation:
Generated text: !
Decode-only throughput: 0.602095 tokens/s (1 tokens in 1.66087 s of llama_decode)
End-to-end throughput: 0.601965 tokens/s (1 tokens in 1.66123 s)
[decode-stage-profile] model_load=391.541 ms context_create=59.8614 ms tokenize=0.473926 ms prefill_decode=2522.57 ms generation_decode=1660.87 ms generation_total=1661.23 ms program_total=4653.25 ms
[svd-local-op-profile] up_ops=56 gate_ops=56 down_ops=56 up_total=236.857 ms gate_total=220.192 ms down_total=236.596 ms up_v=71.274 ms gate_v=66.974 ms down_v=83.470 ms up_u=165.577 ms gate_u=153.211 ms down_u=153.122 ms
[svd-local-stage-profile] attention_total=795.404 ms ffn_total=1279.751 ms ffn_svd_total=693.645 ms ffn_svd_v=221.718 ms ffn_svd_u=471.910 ms
[svd-offload-zero-profile] up_finish=0 up_cache=0 up_no_request=27 gate_finish=0 gate_cache=0 gate_no_request=27 down_finish=0 down_cache=0 down_no_request=27 other_finish=0 other_cache=0 other_no_request=0
[svd-local-timeout-profile] up_keep=0 up_drop=0 up_wait=0.000 ms gate_keep=0 gate_drop=0 gate_wait=0.000 ms down_keep=0 down_drop=0 down_wait=0.000 ms other_keep=0 other_drop=0 other_wait=0.000 ms
[svd-offload-client] up_gate_req=0 down_req=0 other_mat_req=0 ffn_req=0 gate_cache_hits=0 gate_cache_checks=0 miss_invalid=0 miss_layer=0 miss_rank=0 miss_hash=0 miss_output=0 miss_data=0 send_up_gate=0.000 ms send_down=0.000 ms send_other=0.000 ms send_ffn=0.000 ms wait_up_gate=0.000 ms wait_down=0.000 ms wait_other=0.000 ms wait_ffn=0.000 ms
[svd-offload-client-stage-profile] rpc_send_total=0.000 ms rpc_wait_total=0.000 ms
[svd-offload-client-debug] finish_fail_up_gate=0 finish_fail_down=0 finish_fail_other=0 finish_fail_ffn=0 cache_take_fail_up=0 cache_take_fail_gate=0 recv_up_sum_abs=0.000000e+00 recv_up_max_abs=0.000000e+00 recv_up_zero=0 recv_gate_sum_abs=0.000000e+00 recv_gate_max_abs=0.000000e+00 recv_gate_zero=0 recv_down_sum_abs=0.000000e+00 recv_down_max_abs=0.000000e+00 recv_down_zero=0 recv_other_sum_abs=0.000000e+00 recv_other_max_abs=0.000000e+00 recv_other_zero=0 recv_ffn_sum_abs=0.000000e+00 recv_ffn_max_abs=0.000000e+00 recv_ffn_zero=0
SUCCEED (one forward pass done)"
calibration,8c_mixed,0,,,8,"60,61,62,63,64,65,66,67","0,20,40,60,80,100,30,50",trunc_even_0.85,ok,0.298646,3348.44,11858.7,15.843772888183594,True,3,$,"llama_context: graph splits = 1
attach_threadpool: call
threads: decode=8 batch=8
prompt tokens: 4
running one forward pass (llama_decode) ...
Top-5 next-token candidates:
  id=3 logit=0 piece=""$""
  id=4 logit=0 piece=""%""
  id=1 logit=0 piece=""""""
  id=0 logit=0 piece=""!""
  id=2 logit=0 piece=""#""
Autoregressive generation:
Generated text: !
Decode-only throughput: 0.298646 tokens/s (1 tokens in 3.34844 s of llama_decode)
End-to-end throughput: 0.298615 tokens/s (1 tokens in 3.34879 s)
[decode-stage-profile] model_load=390.741 ms context_create=59.9844 ms tokenize=0.473483 ms prefill_decode=11858.7 ms generation_decode=3348.44 ms generation_total=3348.79 ms program_total=15676.1 ms
[svd-local-op-profile] up_ops=56 gate_ops=56 down_ops=56 up_total=830.375 ms gate_total=809.303 ms down_total=808.420 ms up_v=270.604 ms gate_v=260.066 ms down_v=271.924 ms up_u=559.762 ms gate_u=549.232 ms down_u=536.491 ms
[svd-local-stage-profile] attention_total=2424.540 ms ffn_total=4288.064 ms ffn_svd_total=2448.098 ms ffn_svd_v=802.594 ms ffn_svd_u=1645.485 ms
[svd-offload-zero-profile] up_finish=0 up_cache=0 up_no_request=27 gate_finish=0 gate_cache=0 gate_no_request=27 down_finish=0 down_cache=0 down_no_request=27 other_finish=0 other_cache=0 other_no_request=0
[svd-local-timeout-profile] up_keep=0 up_drop=0 up_wait=0.000 ms gate_keep=0 gate_drop=0 gate_wait=0.000 ms down_keep=0 down_drop=0 down_wait=0.000 ms other_keep=0 other_drop=0 other_wait=0.000 ms
[svd-offload-client] up_gate_req=0 down_req=0 other_mat_req=0 ffn_req=0 gate_cache_hits=0 gate_cache_checks=0 miss_invalid=0 miss_layer=0 miss_rank=0 miss_hash=0 miss_output=0 miss_data=0 send_up_gate=0.000 ms send_down=0.000 ms send_other=0.000 ms send_ffn=0.000 ms wait_up_gate=0.000 ms wait_down=0.000 ms wait_other=0.000 ms wait_ffn=0.000 ms
[svd-offload-client-stage-profile] rpc_send_total=0.000 ms rpc_wait_total=0.000 ms
[svd-offload-client-debug] finish_fail_up_gate=0 finish_fail_down=0 finish_fail_other=0 finish_fail_ffn=0 cache_take_fail_up=0 cache_take_fail_gate=0 recv_up_sum_abs=0.000000e+00 recv_up_max_abs=0.000000e+00 recv_up_zero=0 recv_gate_sum_abs=0.000000e+00 recv_gate_max_abs=0.000000e+00 recv_gate_zero=0 recv_down_sum_abs=0.000000e+00 recv_down_max_abs=0.000000e+00 recv_down_zero=0 recv_other_sum_abs=0.000000e+00 recv_other_max_abs=0.000000e+00 recv_other_zero=0 recv_ffn_sum_abs=0.000000e+00 recv_ffn_max_abs=0.000000e+00 recv_ffn_zero=0
SUCCEED (one forward pass done)"
calibration,8c_mixed,0,,,8,"60,61,62,63,64,65,66,67","0,20,40,60,80,100,30,50",trunc_even_0.9,ok,39.1992,25.5107,2502.67,3.1690096855163574,True,3,$,"llama_context: graph splits = 1
attach_threadpool: call
threads: decode=8 batch=8
prompt tokens: 4
running one forward pass (llama_decode) ...
Top-5 next-token candidates:
  id=3 logit=0 piece=""$""
  id=4 logit=0 piece=""%""
  id=1 logit=0 piece=""""""
  id=0 logit=0 piece=""!""
  id=2 logit=0 piece=""#""
Autoregressive generation:
Generated text: !
Decode-only throughput: 39.1992 tokens/s (1 tokens in 0.0255107 s of llama_decode)
End-to-end throughput: 38.6919 tokens/s (1 tokens in 0.0258452 s)
[decode-stage-profile] model_load=392.646 ms context_create=60.1293 ms tokenize=0.465921 ms prefill_decode=2502.67 ms generation_decode=25.5107 ms generation_total=25.8452 ms program_total=2999.25 ms
[svd-local-op-profile] up_ops=56 gate_ops=56 down_ops=56 up_total=151.252 ms gate_total=149.212 ms down_total=126.584 ms up_v=47.370 ms gate_v=51.077 ms down_v=48.735 ms up_u=103.878 ms gate_u=98.130 ms down_u=77.846 ms
[svd-local-stage-profile] attention_total=347.359 ms ffn_total=638.481 ms ffn_svd_total=427.048 ms ffn_svd_v=147.182 ms ffn_svd_u=279.854 ms
[svd-offload-zero-profile] up_finish=0 up_cache=0 up_no_request=27 gate_finish=0 gate_cache=0 gate_no_request=27 down_finish=0 down_cache=0 down_no_request=27 other_finish=0 other_cache=0 other_no_request=0
[svd-local-timeout-profile] up_keep=0 up_drop=0 up_wait=0.000 ms gate_keep=0 gate_drop=0 gate_wait=0.000 ms down_keep=0 down_drop=0 down_wait=0.000 ms other_keep=0 other_drop=0 other_wait=0.000 ms
[svd-offload-client] up_gate_req=0 down_req=0 other_mat_req=0 ffn_req=0 gate_cache_hits=0 gate_cache_checks=0 miss_invalid=0 miss_layer=0 miss_rank=0 miss_hash=0 miss_output=0 miss_data=0 send_up_gate=0.000 ms send_down=0.000 ms send_other=0.000 ms send_ffn=0.000 ms wait_up_gate=0.000 ms wait_down=0.000 ms wait_other=0.000 ms wait_ffn=0.000 ms
[svd-offload-client-stage-profile] rpc_send_total=0.000 ms rpc_wait_total=0.000 ms
[svd-offload-client-debug] finish_fail_up_gate=0 finish_fail_down=0 finish_fail_other=0 finish_fail_ffn=0 cache_take_fail_up=0 cache_take_fail_gate=0 recv_up_sum_abs=0.000000e+00 recv_up_max_abs=0.000000e+00 recv_up_zero=0 recv_gate_sum_abs=0.000000e+00 recv_gate_max_abs=0.000000e+00 recv_gate_zero=0 recv_down_sum_abs=0.000000e+00 recv_down_max_abs=0.000000e+00 recv_down_zero=0 recv_other_sum_abs=0.000000e+00 recv_other_max_abs=0.000000e+00 recv_other_zero=0 recv_ffn_sum_abs=0.000000e+00 recv_ffn_max_abs=0.000000e+00 recv_ffn_zero=0
SUCCEED (one forward pass done)"
validation,8c_mixed,0,baseline,trunc_even_0.9,8,"60,61,62,63,64,65,66,67","0,20,40,60,80,100,30,50",baseline_no_svd,ok,0.275754,3626.42,11925.2,16.1889750957489,True,11,",","llama_context: graph splits = 1
attach_threadpool: call
threads: decode=8 batch=8
prompt tokens: 4
running one forward pass (llama_decode) ...
Top-5 next-token candidates:
  id=11 logit=20.2053 piece="",""
  id=304 logit=18.9277 piece="" in""
  id=3837 logit=18.7558 piece=""，""
  id=1052 logit=18.5616 piece="" there""
  id=358 logit=17.8374 piece="" I""
Autoregressive generation:
Generated text: ,
Decode-only throughput: 0.275754 tokens/s (1 tokens in 3.62642 s of llama_decode)
End-to-end throughput: 0.275726 tokens/s (1 tokens in 3.62679 s)
[decode-stage-profile] model_load=390.761 ms context_create=58.2673 ms tokenize=0.462896 ms prefill_decode=11925.2 ms generation_decode=3626.42 ms generation_total=3626.79 ms program_total=16018.9 ms
[svd-local-op-profile] up_ops=56 gate_ops=56 down_ops=56 up_total=824.981 ms gate_total=804.355 ms down_total=836.830 ms up_v=264.032 ms gate_v=263.800 ms down_v=288.220 ms up_u=560.944 ms gate_u=540.548 ms down_u=548.598 ms
[svd-local-stage-profile] attention_total=2565.861 ms ffn_total=4321.775 ms ffn_svd_total=2466.166 ms ffn_svd_v=816.052 ms ffn_svd_u=1650.090 ms
[svd-offload-zero-profile] up_finish=0 up_cache=0 up_no_request=27 gate_finish=0 gate_cache=0 gate_no_request=27 down_finish=0 down_cache=0 down_no_request=27 other_finish=0 other_cache=0 other_no_request=0
[svd-local-timeout-profile] up_keep=0 up_drop=0 up_wait=0.000 ms gate_keep=0 gate_drop=0 gate_wait=0.000 ms down_keep=0 down_drop=0 down_wait=0.000 ms other_keep=0 other_drop=0 other_wait=0.000 ms
[svd-offload-client] up_gate_req=0 down_req=0 other_mat_req=0 ffn_req=0 gate_cache_hits=0 gate_cache_checks=0 miss_invalid=0 miss_layer=0 miss_rank=0 miss_hash=0 miss_output=0 miss_data=0 send_up_gate=0.000 ms send_down=0.000 ms send_other=0.000 ms send_ffn=0.000 ms wait_up_gate=0.000 ms wait_down=0.000 ms wait_other=0.000 ms wait_ffn=0.000 ms
[svd-offload-client-stage-profile] rpc_send_total=0.000 ms rpc_wait_total=0.000 ms
[svd-offload-client-debug] finish_fail_up_gate=0 finish_fail_down=0 finish_fail_other=0 finish_fail_ffn=0 cache_take_fail_up=0 cache_take_fail_gate=0 recv_up_sum_abs=0.000000e+00 recv_up_max_abs=0.000000e+00 recv_up_zero=0 recv_gate_sum_abs=0.000000e+00 recv_gate_max_abs=0.000000e+00 recv_gate_zero=0 recv_down_sum_abs=0.000000e+00 recv_down_max_abs=0.000000e+00 recv_down_zero=0 recv_other_sum_abs=0.000000e+00 recv_other_max_abs=0.000000e+00 recv_other_zero=0 recv_ffn_sum_abs=0.000000e+00 recv_ffn_max_abs=0.000000e+00 recv_ffn_zero=0
SUCCEED (one forward pass done)"
validation,8c_mixed,0,scheduler,trunc_even_0.9,8,"60,61,62,63,64,65,66,67","0,20,40,60,80,100,30,50",trunc_even_0.9,ok,4.90434,203.901,8181.11,8.998737096786499,True,3,$,"llama_context: graph splits = 1
attach_threadpool: call
threads: decode=8 batch=8
prompt tokens: 4
running one forward pass (llama_decode) ...
Top-5 next-token candidates:
  id=3 logit=0 piece=""$""
  id=4 logit=0 piece=""%""
  id=1 logit=0 piece=""""""
  id=0 logit=0 piece=""!""
  id=2 logit=0 piece=""#""
Autoregressive generation:
Generated text: !
Decode-only throughput: 4.90434 tokens/s (1 tokens in 0.203901 s of llama_decode)
End-to-end throughput: 4.89613 tokens/s (1 tokens in 0.204243 s)
[decode-stage-profile] model_load=385.304 ms context_create=57.9071 ms tokenize=0.464067 ms prefill_decode=8181.11 ms generation_decode=203.901 ms generation_total=204.243 ms program_total=8846.36 ms
[svd-local-op-profile] up_ops=56 gate_ops=56 down_ops=56 up_total=423.058 ms gate_total=425.298 ms down_total=448.036 ms up_v=146.361 ms gate_v=144.572 ms down_v=150.326 ms up_u=276.693 ms gate_u=280.720 ms down_u=297.704 ms
[svd-local-stage-profile] attention_total=1215.381 ms ffn_total=2038.583 ms ffn_svd_total=1296.392 ms ffn_svd_v=441.259 ms ffn_svd_u=855.117 ms
[svd-offload-zero-profile] up_finish=0 up_cache=0 up_no_request=27 gate_finish=0 gate_cache=0 gate_no_request=27 down_finish=0 down_cache=0 down_no_request=27 other_finish=0 other_cache=0 other_no_request=0
[svd-local-timeout-profile] up_keep=0 up_drop=0 up_wait=0.000 ms gate_keep=0 gate_drop=0 gate_wait=0.000 ms down_keep=0 down_drop=0 down_wait=0.000 ms other_keep=0 other_drop=0 other_wait=0.000 ms
[svd-offload-client] up_gate_req=0 down_req=0 other_mat_req=0 ffn_req=0 gate_cache_hits=0 gate_cache_checks=0 miss_invalid=0 miss_layer=0 miss_rank=0 miss_hash=0 miss_output=0 miss_data=0 send_up_gate=0.000 ms send_down=0.000 ms send_other=0.000 ms send_ffn=0.000 ms wait_up_gate=0.000 ms wait_down=0.000 ms wait_other=0.000 ms wait_ffn=0.000 ms
[svd-offload-client-stage-profile] rpc_send_total=0.000 ms rpc_wait_total=0.000 ms
[svd-offload-client-debug] finish_fail_up_gate=0 finish_fail_down=0 finish_fail_other=0 finish_fail_ffn=0 cache_take_fail_up=0 cache_take_fail_gate=0 recv_up_sum_abs=0.000000e+00 recv_up_max_abs=0.000000e+00 recv_up_zero=0 recv_gate_sum_abs=0.000000e+00 recv_gate_max_abs=0.000000e+00 recv_gate_zero=0 recv_down_sum_abs=0.000000e+00 recv_down_max_abs=0.000000e+00 recv_down_zero=0 recv_other_sum_abs=0.000000e+00 recv_other_max_abs=0.000000e+00 recv_other_zero=0 recv_ffn_sum_abs=0.000000e+00 recv_ffn_max_abs=0.000000e+00 recv_ffn_zero=0
SUCCEED (one forward pass done)"
validation,8c_mixed,1,baseline,trunc_even_0.9,8,"60,61,62,63,64,65,66,67","0,20,40,60,80,100,30,50",baseline_no_svd,ok,25.2562,39.5942,6500.55,7.165233135223389,True,11,",","llama_context: graph splits = 1
attach_threadpool: call
threads: decode=8 batch=8
prompt tokens: 4
running one forward pass (llama_decode) ...
Top-5 next-token candidates:
  id=11 logit=20.2053 piece="",""
  id=304 logit=18.9277 piece="" in""
  id=3837 logit=18.7558 piece=""，""
  id=1052 logit=18.5616 piece="" there""
  id=358 logit=17.8374 piece="" I""
Autoregressive generation:
Generated text: ,
Decode-only throughput: 25.2562 tokens/s (1 tokens in 0.0395942 s of llama_decode)
End-to-end throughput: 25.0432 tokens/s (1 tokens in 0.0399311 s)
[decode-stage-profile] model_load=386.085 ms context_create=57.5006 ms tokenize=0.46477 ms prefill_decode=6500.55 ms generation_decode=39.5942 ms generation_total=39.9311 ms program_total=7001.63 ms
[svd-local-op-profile] up_ops=56 gate_ops=56 down_ops=56 up_total=365.449 ms gate_total=358.038 ms down_total=346.738 ms up_v=118.432 ms gate_v=117.676 ms down_v=118.111 ms up_u=247.012 ms gate_u=240.354 ms down_u=228.623 ms
[svd-local-stage-profile] attention_total=896.002 ms ffn_total=1621.002 ms ffn_svd_total=1070.225 ms ffn_svd_v=354.219 ms ffn_svd_u=715.989 ms
[svd-offload-zero-profile] up_finish=0 up_cache=0 up_no_request=27 gate_finish=0 gate_cache=0 gate_no_request=27 down_finish=0 down_cache=0 down_no_request=27 other_finish=0 other_cache=0 other_no_request=0
[svd-local-timeout-profile] up_keep=0 up_drop=0 up_wait=0.000 ms gate_keep=0 gate_drop=0 gate_wait=0.000 ms down_keep=0 down_drop=0 down_wait=0.000 ms other_keep=0 other_drop=0 other_wait=0.000 ms
[svd-offload-client] up_gate_req=0 down_req=0 other_mat_req=0 ffn_req=0 gate_cache_hits=0 gate_cache_checks=0 miss_invalid=0 miss_layer=0 miss_rank=0 miss_hash=0 miss_output=0 miss_data=0 send_up_gate=0.000 ms send_down=0.000 ms send_other=0.000 ms send_ffn=0.000 ms wait_up_gate=0.000 ms wait_down=0.000 ms wait_other=0.000 ms wait_ffn=0.000 ms
[svd-offload-client-stage-profile] rpc_send_total=0.000 ms rpc_wait_total=0.000 ms
[svd-offload-client-debug] finish_fail_up_gate=0 finish_fail_down=0 finish_fail_other=0 finish_fail_ffn=0 cache_take_fail_up=0 cache_take_fail_gate=0 recv_up_sum_abs=0.000000e+00 recv_up_max_abs=0.000000e+00 recv_up_zero=0 recv_gate_sum_abs=0.000000e+00 recv_gate_max_abs=0.000000e+00 recv_gate_zero=0 recv_down_sum_abs=0.000000e+00 recv_down_max_abs=0.000000e+00 recv_down_zero=0 recv_other_sum_abs=0.000000e+00 recv_other_max_abs=0.000000e+00 recv_other_zero=0 recv_ffn_sum_abs=0.000000e+00 recv_ffn_max_abs=0.000000e+00 recv_ffn_zero=0
SUCCEED (one forward pass done)"
validation,8c_mixed,1,scheduler,trunc_even_0.9,8,"60,61,62,63,64,65,66,67","0,20,40,60,80,100,30,50",trunc_even_0.9,ok,0.462216,2163.49,11854.7,14.650565147399902,True,3,$,"llama_context: graph splits = 1
attach_threadpool: call
threads: decode=8 batch=8
prompt tokens: 4
running one forward pass (llama_decode) ...
Top-5 next-token candidates:
  id=3 logit=0 piece=""$""
  id=4 logit=0 piece=""%""
  id=1 logit=0 piece=""""""
  id=0 logit=0 piece=""!""
  id=2 logit=0 piece=""#""
Autoregressive generation:
Generated text: !
Decode-only throughput: 0.462216 tokens/s (1 tokens in 2.16349 s of llama_decode)
End-to-end throughput: 0.462143 tokens/s (1 tokens in 2.16383 s)
[decode-stage-profile] model_load=390.17 ms context_create=57.9294 ms tokenize=0.468908 ms prefill_decode=11854.7 ms generation_decode=2163.49 ms generation_total=2163.83 ms program_total=14484.5 ms
[svd-local-op-profile] up_ops=56 gate_ops=56 down_ops=56 up_total=745.446 ms gate_total=742.175 ms down_total=752.769 ms up_v=238.221 ms gate_v=250.807 ms down_v=255.269 ms up_u=507.218 ms gate_u=491.368 ms down_u=497.498 ms
[svd-local-stage-profile] attention_total=2138.771 ms ffn_total=3779.161 ms ffn_svd_total=2240.390 ms ffn_svd_v=744.297 ms ffn_svd_u=1496.084 ms
[svd-offload-zero-profile] up_finish=0 up_cache=0 up_no_request=27 gate_finish=0 gate_cache=0 gate_no_request=27 down_finish=0 down_cache=0 down_no_request=27 other_finish=0 other_cache=0 other_no_request=0
[svd-local-timeout-profile] up_keep=0 up_drop=0 up_wait=0.000 ms gate_keep=0 gate_drop=0 gate_wait=0.000 ms down_keep=0 down_drop=0 down_wait=0.000 ms other_keep=0 other_drop=0 other_wait=0.000 ms
[svd-offload-client] up_gate_req=0 down_req=0 other_mat_req=0 ffn_req=0 gate_cache_hits=0 gate_cache_checks=0 miss_invalid=0 miss_layer=0 miss_rank=0 miss_hash=0 miss_output=0 miss_data=0 send_up_gate=0.000 ms send_down=0.000 ms send_other=0.000 ms send_ffn=0.000 ms wait_up_gate=0.000 ms wait_down=0.000 ms wait_other=0.000 ms wait_ffn=0.000 ms
[svd-offload-client-stage-profile] rpc_send_total=0.000 ms rpc_wait_total=0.000 ms
[svd-offload-client-debug] finish_fail_up_gate=0 finish_fail_down=0 finish_fail_other=0 finish_fail_ffn=0 cache_take_fail_up=0 cache_take_fail_gate=0 recv_up_sum_abs=0.000000e+00 recv_up_max_abs=0.000000e+00 recv_up_zero=0 recv_gate_sum_abs=0.000000e+00 recv_gate_max_abs=0.000000e+00 recv_gate_zero=0 recv_down_sum_abs=0.000000e+00 recv_down_max_abs=0.000000e+00 recv_down_zero=0 recv_other_sum_abs=0.000000e+00 recv_other_max_abs=0.000000e+00 recv_other_zero=0 recv_ffn_sum_abs=0.000000e+00 recv_ffn_max_abs=0.000000e+00 recv_ffn_zero=0
SUCCEED (one forward pass done)"
validation,8c_mixed,2,baseline,trunc_even_0.9,8,"60,61,62,63,64,65,66,67","0,20,40,60,80,100,30,50",baseline_no_svd,ok,0.1626,6150.04,11694.3,18.47623896598816,True,11,",","llama_context: graph splits = 1
attach_threadpool: call
threads: decode=8 batch=8
prompt tokens: 4
running one forward pass (llama_decode) ...
Top-5 next-token candidates:
  id=11 logit=20.2053 piece="",""
  id=304 logit=18.9277 piece="" in""
  id=3837 logit=18.7558 piece=""，""
  id=1052 logit=18.5616 piece="" there""
  id=358 logit=17.8374 piece="" I""
Autoregressive generation:
Generated text: ,
Decode-only throughput: 0.1626 tokens/s (1 tokens in 6.15004 s of llama_decode)
End-to-end throughput: 0.162591 tokens/s (1 tokens in 6.1504 s)
[decode-stage-profile] model_load=387.753 ms context_create=57.3663 ms tokenize=0.465692 ms prefill_decode=11694.3 ms generation_decode=6150.04 ms generation_total=6150.4 ms program_total=18307.6 ms
[svd-local-op-profile] up_ops=56 gate_ops=56 down_ops=56 up_total=1007.690 ms gate_total=953.130 ms down_total=938.748 ms up_v=353.739 ms gate_v=300.405 ms down_v=299.602 ms up_u=653.942 ms gate_u=652.717 ms down_u=639.143 ms
[svd-local-stage-profile] attention_total=3117.783 ms ffn_total=5397.705 ms ffn_svd_total=2899.568 ms ffn_svd_v=953.746 ms ffn_svd_u=1945.802 ms
[svd-offload-zero-profile] up_finish=0 up_cache=0 up_no_request=27 gate_finish=0 gate_cache=0 gate_no_request=27 down_finish=0 down_cache=0 down_no_request=27 other_finish=0 other_cache=0 other_no_request=0
[svd-local-timeout-profile] up_keep=0 up_drop=0 up_wait=0.000 ms gate_keep=0 gate_drop=0 gate_wait=0.000 ms down_keep=0 down_drop=0 down_wait=0.000 ms other_keep=0 other_drop=0 other_wait=0.000 ms
[svd-offload-client] up_gate_req=0 down_req=0 other_mat_req=0 ffn_req=0 gate_cache_hits=0 gate_cache_checks=0 miss_invalid=0 miss_layer=0 miss_rank=0 miss_hash=0 miss_output=0 miss_data=0 send_up_gate=0.000 ms send_down=0.000 ms send_other=0.000 ms send_ffn=0.000 ms wait_up_gate=0.000 ms wait_down=0.000 ms wait_other=0.000 ms wait_ffn=0.000 ms
[svd-offload-client-stage-profile] rpc_send_total=0.000 ms rpc_wait_total=0.000 ms
[svd-offload-client-debug] finish_fail_up_gate=0 finish_fail_down=0 finish_fail_other=0 finish_fail_ffn=0 cache_take_fail_up=0 cache_take_fail_gate=0 recv_up_sum_abs=0.000000e+00 recv_up_max_abs=0.000000e+00 recv_up_zero=0 recv_gate_sum_abs=0.000000e+00 recv_gate_max_abs=0.000000e+00 recv_gate_zero=0 recv_down_sum_abs=0.000000e+00 recv_down_max_abs=0.000000e+00 recv_down_zero=0 recv_other_sum_abs=0.000000e+00 recv_other_max_abs=0.000000e+00 recv_other_zero=0 recv_ffn_sum_abs=0.000000e+00 recv_ffn_max_abs=0.000000e+00 recv_ffn_zero=0
SUCCEED (one forward pass done)"
validation,8c_mixed,2,scheduler,trunc_even_0.9,8,"60,61,62,63,64,65,66,67","0,20,40,60,80,100,30,50",trunc_even_0.9,ok,29.6421,33.7358,5172.25,5.853204011917114,True,3,$,"llama_context: graph splits = 1
attach_threadpool: call
threads: decode=8 batch=8
prompt tokens: 4
running one forward pass (llama_decode) ...
Top-5 next-token candidates:
  id=3 logit=0 piece=""$""
  id=4 logit=0 piece=""%""
  id=1 logit=0 piece=""""""
  id=0 logit=0 piece=""!""
  id=2 logit=0 piece=""#""
Autoregressive generation:
Generated text: !
Decode-only throughput: 29.6421 tokens/s (1 tokens in 0.0337358 s of llama_decode)
End-to-end throughput: 29.3149 tokens/s (1 tokens in 0.0341124 s)
[decode-stage-profile] model_load=394.936 ms context_create=63.9969 ms tokenize=0.459796 ms prefill_decode=5172.25 ms generation_decode=33.7358 ms generation_total=34.1124 ms program_total=5683.23 ms
[svd-local-op-profile] up_ops=56 gate_ops=56 down_ops=56 up_total=277.713 ms gate_total=297.620 ms down_total=251.779 ms up_v=86.105 ms gate_v=92.821 ms down_v=88.007 ms up_u=191.601 ms gate_u=204.795 ms down_u=163.768 ms
[svd-local-stage-profile] attention_total=689.665 ms ffn_total=1296.934 ms ffn_svd_total=827.112 ms ffn_svd_v=266.933 ms ffn_svd_u=560.164 ms
[svd-offload-zero-profile] up_finish=0 up_cache=0 up_no_request=27 gate_finish=0 gate_cache=0 gate_no_request=27 down_finish=0 down_cache=0 down_no_request=27 other_finish=0 other_cache=0 other_no_request=0
[svd-local-timeout-profile] up_keep=0 up_drop=0 up_wait=0.000 ms gate_keep=0 gate_drop=0 gate_wait=0.000 ms down_keep=0 down_drop=0 down_wait=0.000 ms other_keep=0 other_drop=0 other_wait=0.000 ms
[svd-offload-client] up_gate_req=0 down_req=0 other_mat_req=0 ffn_req=0 gate_cache_hits=0 gate_cache_checks=0 miss_invalid=0 miss_layer=0 miss_rank=0 miss_hash=0 miss_output=0 miss_data=0 send_up_gate=0.000 ms send_down=0.000 ms send_other=0.000 ms send_ffn=0.000 ms wait_up_gate=0.000 ms wait_down=0.000 ms wait_other=0.000 ms wait_ffn=0.000 ms
[svd-offload-client-stage-profile] rpc_send_total=0.000 ms rpc_wait_total=0.000 ms
[svd-offload-client-debug] finish_fail_up_gate=0 finish_fail_down=0 finish_fail_other=0 finish_fail_ffn=0 cache_take_fail_up=0 cache_take_fail_gate=0 recv_up_sum_abs=0.000000e+00 recv_up_max_abs=0.000000e+00 recv_up_zero=0 recv_gate_sum_abs=0.000000e+00 recv_gate_max_abs=0.000000e+00 recv_gate_zero=0 recv_down_sum_abs=0.000000e+00 recv_down_max_abs=0.000000e+00 recv_down_zero=0 recv_other_sum_abs=0.000000e+00 recv_other_max_abs=0.000000e+00 recv_other_zero=0 recv_ffn_sum_abs=0.000000e+00 recv_ffn_max_abs=0.000000e+00 recv_ffn_zero=0
SUCCEED (one forward pass done)"
calibration,8c_front_hot,0,,,8,"60,61,62,63,64,65,66,67","100,90,80,70,30,20,10,0",baseline_no_svd,ok,26.4187,37.852,4426.11,5.110340118408203,True,11,",","llama_context: graph splits = 1
attach_threadpool: call
threads: decode=8 batch=8
prompt tokens: 4
running one forward pass (llama_decode) ...
Top-5 next-token candidates:
  id=11 logit=20.2053 piece="",""
  id=304 logit=18.9277 piece="" in""
  id=3837 logit=18.7558 piece=""，""
  id=1052 logit=18.5616 piece="" there""
  id=358 logit=17.8374 piece="" I""
Autoregressive generation:
Generated text: ,
Decode-only throughput: 26.4187 tokens/s (1 tokens in 0.037852 s of llama_decode)
End-to-end throughput: 26.1871 tokens/s (1 tokens in 0.0381868 s)
[decode-stage-profile] model_load=396.229 ms context_create=59.3879 ms tokenize=0.459664 ms prefill_decode=4426.11 ms generation_decode=37.852 ms generation_total=38.1868 ms program_total=4937.79 ms
[svd-local-op-profile] up_ops=56 gate_ops=56 down_ops=56 up_total=260.329 ms gate_total=263.478 ms down_total=252.814 ms up_v=86.527 ms gate_v=88.268 ms down_v=95.746 ms up_u=173.793 ms gate_u=175.202 ms down_u=157.062 ms
[svd-local-stage-profile] attention_total=602.291 ms ffn_total=1166.692 ms ffn_svd_total=776.621 ms ffn_svd_v=270.541 ms ffn_svd_u=506.057 ms
[svd-offload-zero-profile] up_finish=0 up_cache=0 up_no_request=27 gate_finish=0 gate_cache=0 gate_no_request=27 down_finish=0 down_cache=0 down_no_request=27 other_finish=0 other_cache=0 other_no_request=0
[svd-local-timeout-profile] up_keep=0 up_drop=0 up_wait=0.000 ms gate_keep=0 gate_drop=0 gate_wait=0.000 ms down_keep=0 down_drop=0 down_wait=0.000 ms other_keep=0 other_drop=0 other_wait=0.000 ms
[svd-offload-client] up_gate_req=0 down_req=0 other_mat_req=0 ffn_req=0 gate_cache_hits=0 gate_cache_checks=0 miss_invalid=0 miss_layer=0 miss_rank=0 miss_hash=0 miss_output=0 miss_data=0 send_up_gate=0.000 ms send_down=0.000 ms send_other=0.000 ms send_ffn=0.000 ms wait_up_gate=0.000 ms wait_down=0.000 ms wait_other=0.000 ms wait_ffn=0.000 ms
[svd-offload-client-stage-profile] rpc_send_total=0.000 ms rpc_wait_total=0.000 ms
[svd-offload-client-debug] finish_fail_up_gate=0 finish_fail_down=0 finish_fail_other=0 finish_fail_ffn=0 cache_take_fail_up=0 cache_take_fail_gate=0 recv_up_sum_abs=0.000000e+00 recv_up_max_abs=0.000000e+00 recv_up_zero=0 recv_gate_sum_abs=0.000000e+00 recv_gate_max_abs=0.000000e+00 recv_gate_zero=0 recv_down_sum_abs=0.000000e+00 recv_down_max_abs=0.000000e+00 recv_down_zero=0 recv_other_sum_abs=0.000000e+00 recv_other_max_abs=0.000000e+00 recv_other_zero=0 recv_ffn_sum_abs=0.000000e+00 recv_ffn_max_abs=0.000000e+00 recv_ffn_zero=0
SUCCEED (one forward pass done)"
calibration,8c_front_hot,0,,,8,"60,61,62,63,64,65,66,67","100,90,80,70,30,20,10,0",trunc_even_0.8,ok,0.164894,6064.52,2728.41,9.590177059173584,True,3,$,"llama_context: graph splits = 1
attach_threadpool: call
threads: decode=8 batch=8
prompt tokens: 4
running one forward pass (llama_decode) ...
Top-5 next-token candidates:
  id=3 logit=0 piece=""$""
  id=4 logit=0 piece=""%""
  id=1 logit=0 piece=""""""
  id=0 logit=0 piece=""!""
  id=2 logit=0 piece=""#""
Autoregressive generation:
Generated text: !
Decode-only throughput: 0.164894 tokens/s (1 tokens in 6.06452 s of llama_decode)
End-to-end throughput: 0.164884 tokens/s (1 tokens in 6.06488 s)
[decode-stage-profile] model_load=543.327 ms context_create=70.6596 ms tokenize=0.905093 ms prefill_decode=2728.41 ms generation_decode=6064.52 ms generation_total=6064.88 ms program_total=9425.73 ms
[svd-local-op-profile] up_ops=56 gate_ops=56 down_ops=56 up_total=471.456 ms gate_total=450.107 ms down_total=445.934 ms up_v=168.599 ms gate_v=140.804 ms down_v=141.009 ms up_u=302.849 ms gate_u=309.297 ms down_u=304.916 ms
[svd-local-stage-profile] attention_total=1891.938 ms ffn_total=2943.400 ms ffn_svd_total=1367.497 ms ffn_svd_v=450.412 ms ffn_svd_u=917.062 ms
[svd-offload-zero-profile] up_finish=0 up_cache=0 up_no_request=27 gate_finish=0 gate_cache=0 gate_no_request=27 down_finish=0 down_cache=0 down_no_request=27 other_finish=0 other_cache=0 other_no_request=0
[svd-local-timeout-profile] up_keep=0 up_drop=0 up_wait=0.000 ms gate_keep=0 gate_drop=0 gate_wait=0.000 ms down_keep=0 down_drop=0 down_wait=0.000 ms other_keep=0 other_drop=0 other_wait=0.000 ms
[svd-offload-client] up_gate_req=0 down_req=0 other_mat_req=0 ffn_req=0 gate_cache_hits=0 gate_cache_checks=0 miss_invalid=0 miss_layer=0 miss_rank=0 miss_hash=0 miss_output=0 miss_data=0 send_up_gate=0.000 ms send_down=0.000 ms send_other=0.000 ms send_ffn=0.000 ms wait_up_gate=0.000 ms wait_down=0.000 ms wait_other=0.000 ms wait_ffn=0.000 ms
[svd-offload-client-stage-profile] rpc_send_total=0.000 ms rpc_wait_total=0.000 ms
[svd-offload-client-debug] finish_fail_up_gate=0 finish_fail_down=0 finish_fail_other=0 finish_fail_ffn=0 cache_take_fail_up=0 cache_take_fail_gate=0 recv_up_sum_abs=0.000000e+00 recv_up_max_abs=0.000000e+00 recv_up_zero=0 recv_gate_sum_abs=0.000000e+00 recv_gate_max_abs=0.000000e+00 recv_gate_zero=0 recv_down_sum_abs=0.000000e+00 recv_down_max_abs=0.000000e+00 recv_down_zero=0 recv_other_sum_abs=0.000000e+00 recv_other_max_abs=0.000000e+00 recv_other_zero=0 recv_ffn_sum_abs=0.000000e+00 recv_ffn_max_abs=0.000000e+00 recv_ffn_zero=0
SUCCEED (one forward pass done)"
calibration,8c_front_hot,0,,,8,"60,61,62,63,64,65,66,67","100,90,80,70,30,20,10,0",trunc_even_0.85,ok,0.421279,2373.72,4968.84,7.969180583953857,True,3,$,"llama_context: graph splits = 1
attach_threadpool: call
threads: decode=8 batch=8
prompt tokens: 4
running one forward pass (llama_decode) ...
Top-5 next-token candidates:
  id=3 logit=0 piece=""$""
  id=4 logit=0 piece=""%""
  id=1 logit=0 piece=""""""
  id=0 logit=0 piece=""!""
  id=2 logit=0 piece=""#""
Autoregressive generation:
Generated text: !
Decode-only throughput: 0.421279 tokens/s (1 tokens in 2.37372 s of llama_decode)
End-to-end throughput: 0.421218 tokens/s (1 tokens in 2.37407 s)
[decode-stage-profile] model_load=385.891 ms context_create=59.4093 ms tokenize=0.45532 ms prefill_decode=4968.84 ms generation_decode=2373.72 ms generation_total=2374.07 ms program_total=7806.16 ms
[svd-local-op-profile] up_ops=56 gate_ops=56 down_ops=56 up_total=398.856 ms gate_total=390.769 ms down_total=392.601 ms up_v=126.682 ms gate_v=116.901 ms down_v=131.833 ms up_u=272.166 ms gate_u=273.860 ms down_u=260.763 ms
[svd-local-stage-profile] attention_total=1246.247 ms ffn_total=2186.909 ms ffn_svd_total=1182.226 ms ffn_svd_v=375.416 ms ffn_svd_u=806.789 ms
[svd-offload-zero-profile] up_finish=0 up_cache=0 up_no_request=27 gate_finish=0 gate_cache=0 gate_no_request=27 down_finish=0 down_cache=0 down_no_request=27 other_finish=0 other_cache=0 other_no_request=0
[svd-local-timeout-profile] up_keep=0 up_drop=0 up_wait=0.000 ms gate_keep=0 gate_drop=0 gate_wait=0.000 ms down_keep=0 down_drop=0 down_wait=0.000 ms other_keep=0 other_drop=0 other_wait=0.000 ms
[svd-offload-client] up_gate_req=0 down_req=0 other_mat_req=0 ffn_req=0 gate_cache_hits=0 gate_cache_checks=0 miss_invalid=0 miss_layer=0 miss_rank=0 miss_hash=0 miss_output=0 miss_data=0 send_up_gate=0.000 ms send_down=0.000 ms send_other=0.000 ms send_ffn=0.000 ms wait_up_gate=0.000 ms wait_down=0.000 ms wait_other=0.000 ms wait_ffn=0.000 ms
[svd-offload-client-stage-profile] rpc_send_total=0.000 ms rpc_wait_total=0.000 ms
[svd-offload-client-debug] finish_fail_up_gate=0 finish_fail_down=0 finish_fail_other=0 finish_fail_ffn=0 cache_take_fail_up=0 cache_take_fail_gate=0 recv_up_sum_abs=0.000000e+00 recv_up_max_abs=0.000000e+00 recv_up_zero=0 recv_gate_sum_abs=0.000000e+00 recv_gate_max_abs=0.000000e+00 recv_gate_zero=0 recv_down_sum_abs=0.000000e+00 recv_down_max_abs=0.000000e+00 recv_down_zero=0 recv_other_sum_abs=0.000000e+00 recv_other_max_abs=0.000000e+00 recv_other_zero=0 recv_ffn_sum_abs=0.000000e+00 recv_ffn_max_abs=0.000000e+00 recv_ffn_zero=0
SUCCEED (one forward pass done)"
calibration,8c_front_hot,0,,,8,"60,61,62,63,64,65,66,67","100,90,80,70,30,20,10,0",trunc_even_0.9,ok,0.16163,6186.98,11749.8,18.58180570602417,True,3,$,"llama_context: graph splits = 1
attach_threadpool: call
threads: decode=8 batch=8
prompt tokens: 4
running one forward pass (llama_decode) ...
Top-5 next-token candidates:
  id=3 logit=0 piece=""$""
  id=4 logit=0 piece=""%""
  id=1 logit=0 piece=""""""
  id=0 logit=0 piece=""!""
  id=2 logit=0 piece=""#""
Autoregressive generation:
Generated text: !
Decode-only throughput: 0.16163 tokens/s (1 tokens in 6.18698 s of llama_decode)
End-to-end throughput: 0.161621 tokens/s (1 tokens in 6.18731 s)
[decode-stage-profile] model_load=388.644 ms context_create=59.8575 ms tokenize=0.446884 ms prefill_decode=11749.8 ms generation_decode=6186.98 ms generation_total=6187.31 ms program_total=18403.6 ms
[svd-local-op-profile] up_ops=56 gate_ops=56 down_ops=56 up_total=959.422 ms gate_total=1017.274 ms down_total=944.055 ms up_v=325.809 ms gate_v=341.128 ms down_v=301.844 ms up_u=633.607 ms gate_u=676.141 ms down_u=642.205 ms
[svd-local-stage-profile] attention_total=3077.166 ms ffn_total=5348.963 ms ffn_svd_total=2920.751 ms ffn_svd_v=968.781 ms ffn_svd_u=1951.953 ms
[svd-offload-zero-profile] up_finish=0 up_cache=0 up_no_request=27 gate_finish=0 gate_cache=0 gate_no_request=27 down_finish=0 down_cache=0 down_no_request=27 other_finish=0 other_cache=0 other_no_request=0
[svd-local-timeout-profile] up_keep=0 up_drop=0 up_wait=0.000 ms gate_keep=0 gate_drop=0 gate_wait=0.000 ms down_keep=0 down_drop=0 down_wait=0.000 ms other_keep=0 other_drop=0 other_wait=0.000 ms
[svd-offload-client] up_gate_req=0 down_req=0 other_mat_req=0 ffn_req=0 gate_cache_hits=0 gate_cache_checks=0 miss_invalid=0 miss_layer=0 miss_rank=0 miss_hash=0 miss_output=0 miss_data=0 send_up_gate=0.000 ms send_down=0.000 ms send_other=0.000 ms send_ffn=0.000 ms wait_up_gate=0.000 ms wait_down=0.000 ms wait_other=0.000 ms wait_ffn=0.000 ms
[svd-offload-client-stage-profile] rpc_send_total=0.000 ms rpc_wait_total=0.000 ms
[svd-offload-client-debug] finish_fail_up_gate=0 finish_fail_down=0 finish_fail_other=0 finish_fail_ffn=0 cache_take_fail_up=0 cache_take_fail_gate=0 recv_up_sum_abs=0.000000e+00 recv_up_max_abs=0.000000e+00 recv_up_zero=0 recv_gate_sum_abs=0.000000e+00 recv_gate_max_abs=0.000000e+00 recv_gate_zero=0 recv_down_sum_abs=0.000000e+00 recv_down_max_abs=0.000000e+00 recv_down_zero=0 recv_other_sum_abs=0.000000e+00 recv_other_max_abs=0.000000e+00 recv_other_zero=0 recv_ffn_sum_abs=0.000000e+00 recv_ffn_max_abs=0.000000e+00 recv_ffn_zero=0
SUCCEED (one forward pass done)"
validation,8c_front_hot,0,baseline,baseline_no_svd,8,"60,61,62,63,64,65,66,67","100,90,80,70,30,20,10,0",baseline_no_svd,ok,29.104,34.3595,2560.74,3.2298946380615234,True,11,",","llama_context: graph splits = 1
attach_threadpool: call
threads: decode=8 batch=8
prompt tokens: 4
running one forward pass (llama_decode) ...
Top-5 next-token candidates:
  id=11 logit=20.2053 piece="",""
  id=304 logit=18.9277 piece="" in""
  id=3837 logit=18.7558 piece=""，""
  id=1052 logit=18.5616 piece="" there""
  id=358 logit=17.8374 piece="" I""
Autoregressive generation:
Generated text: ,
Decode-only throughput: 29.104 tokens/s (1 tokens in 0.0343595 s of llama_decode)
End-to-end throughput: 28.8073 tokens/s (1 tokens in 0.0347134 s)
[decode-stage-profile] model_load=385.223 ms context_create=58.4415 ms tokenize=0.461797 ms prefill_decode=2560.74 ms generation_decode=34.3595 ms generation_total=34.7134 ms program_total=3056.67 ms
[svd-local-op-profile] up_ops=56 gate_ops=56 down_ops=56 up_total=163.786 ms gate_total=170.144 ms down_total=146.614 ms up_v=52.524 ms gate_v=52.387 ms down_v=58.215 ms up_u=111.258 ms gate_u=117.753 ms down_u=88.394 ms
[svd-local-stage-profile] attention_total=342.973 ms ffn_total=677.469 ms ffn_svd_total=480.544 ms ffn_svd_v=163.126 ms ffn_svd_u=317.405 ms
[svd-offload-zero-profile] up_finish=0 up_cache=0 up_no_request=27 gate_finish=0 gate_cache=0 gate_no_request=27 down_finish=0 down_cache=0 down_no_request=27 other_finish=0 other_cache=0 other_no_request=0
[svd-local-timeout-profile] up_keep=0 up_drop=0 up_wait=0.000 ms gate_keep=0 gate_drop=0 gate_wait=0.000 ms down_keep=0 down_drop=0 down_wait=0.000 ms other_keep=0 other_drop=0 other_wait=0.000 ms
[svd-offload-client] up_gate_req=0 down_req=0 other_mat_req=0 ffn_req=0 gate_cache_hits=0 gate_cache_checks=0 miss_invalid=0 miss_layer=0 miss_rank=0 miss_hash=0 miss_output=0 miss_data=0 send_up_gate=0.000 ms send_down=0.000 ms send_other=0.000 ms send_ffn=0.000 ms wait_up_gate=0.000 ms wait_down=0.000 ms wait_other=0.000 ms wait_ffn=0.000 ms
[svd-offload-client-stage-profile] rpc_send_total=0.000 ms rpc_wait_total=0.000 ms
[svd-offload-client-debug] finish_fail_up_gate=0 finish_fail_down=0 finish_fail_other=0 finish_fail_ffn=0 cache_take_fail_up=0 cache_take_fail_gate=0 recv_up_sum_abs=0.000000e+00 recv_up_max_abs=0.000000e+00 recv_up_zero=0 recv_gate_sum_abs=0.000000e+00 recv_gate_max_abs=0.000000e+00 recv_gate_zero=0 recv_down_sum_abs=0.000000e+00 recv_down_max_abs=0.000000e+00 recv_down_zero=0 recv_other_sum_abs=0.000000e+00 recv_other_max_abs=0.000000e+00 recv_other_zero=0 recv_ffn_sum_abs=0.000000e+00 recv_ffn_max_abs=0.000000e+00 recv_ffn_zero=0
SUCCEED (one forward pass done)"
validation,8c_front_hot,0,scheduler,baseline_no_svd,8,"60,61,62,63,64,65,66,67","100,90,80,70,30,20,10,0",baseline_no_svd,same_as_baseline_no_svd,29.104,34.3595,2560.74,3.2298946380615234,True,11,",","llama_context: graph splits = 1
attach_threadpool: call
threads: decode=8 batch=8
prompt tokens: 4
running one forward pass (llama_decode) ...
Top-5 next-token candidates:
  id=11 logit=20.2053 piece="",""
  id=304 logit=18.9277 piece="" in""
  id=3837 logit=18.7558 piece=""，""
  id=1052 logit=18.5616 piece="" there""
  id=358 logit=17.8374 piece="" I""
Autoregressive generation:
Generated text: ,
Decode-only throughput: 29.104 tokens/s (1 tokens in 0.0343595 s of llama_decode)
End-to-end throughput: 28.8073 tokens/s (1 tokens in 0.0347134 s)
[decode-stage-profile] model_load=385.223 ms context_create=58.4415 ms tokenize=0.461797 ms prefill_decode=2560.74 ms generation_decode=34.3595 ms generation_total=34.7134 ms program_total=3056.67 ms
[svd-local-op-profile] up_ops=56 gate_ops=56 down_ops=56 up_total=163.786 ms gate_total=170.144 ms down_total=146.614 ms up_v=52.524 ms gate_v=52.387 ms down_v=58.215 ms up_u=111.258 ms gate_u=117.753 ms down_u=88.394 ms
[svd-local-stage-profile] attention_total=342.973 ms ffn_total=677.469 ms ffn_svd_total=480.544 ms ffn_svd_v=163.126 ms ffn_svd_u=317.405 ms
[svd-offload-zero-profile] up_finish=0 up_cache=0 up_no_request=27 gate_finish=0 gate_cache=0 gate_no_request=27 down_finish=0 down_cache=0 down_no_request=27 other_finish=0 other_cache=0 other_no_request=0
[svd-local-timeout-profile] up_keep=0 up_drop=0 up_wait=0.000 ms gate_keep=0 gate_drop=0 gate_wait=0.000 ms down_keep=0 down_drop=0 down_wait=0.000 ms other_keep=0 other_drop=0 other_wait=0.000 ms
[svd-offload-client] up_gate_req=0 down_req=0 other_mat_req=0 ffn_req=0 gate_cache_hits=0 gate_cache_checks=0 miss_invalid=0 miss_layer=0 miss_rank=0 miss_hash=0 miss_output=0 miss_data=0 send_up_gate=0.000 ms send_down=0.000 ms send_other=0.000 ms send_ffn=0.000 ms wait_up_gate=0.000 ms wait_down=0.000 ms wait_other=0.000 ms wait_ffn=0.000 ms
[svd-offload-client-stage-profile] rpc_send_total=0.000 ms rpc_wait_total=0.000 ms
[svd-offload-client-debug] finish_fail_up_gate=0 finish_fail_down=0 finish_fail_other=0 finish_fail_ffn=0 cache_take_fail_up=0 cache_take_fail_gate=0 recv_up_sum_abs=0.000000e+00 recv_up_max_abs=0.000000e+00 recv_up_zero=0 recv_gate_sum_abs=0.000000e+00 recv_gate_max_abs=0.000000e+00 recv_gate_zero=0 recv_down_sum_abs=0.000000e+00 recv_down_max_abs=0.000000e+00 recv_down_zero=0 recv_other_sum_abs=0.000000e+00 recv_other_max_abs=0.000000e+00 recv_other_zero=0 recv_ffn_sum_abs=0.000000e+00 recv_ffn_max_abs=0.000000e+00 recv_ffn_zero=0
SUCCEED (one forward pass done)"
validation,8c_front_hot,1,baseline,baseline_no_svd,8,"60,61,62,63,64,65,66,67","100,90,80,70,30,20,10,0",baseline_no_svd,ok,27.1387,36.8478,2841.58,3.5099921226501465,True,11,",","llama_context: graph splits = 1
attach_threadpool: call
threads: decode=8 batch=8
prompt tokens: 4
running one forward pass (llama_decode) ...
Top-5 next-token candidates:
  id=11 logit=20.2053 piece="",""
  id=304 logit=18.9277 piece="" in""
  id=3837 logit=18.7558 piece=""，""
  id=1052 logit=18.5616 piece="" there""
  id=358 logit=17.8374 piece="" I""
Autoregressive generation:
Generated text: ,
Decode-only throughput: 27.1387 tokens/s (1 tokens in 0.0368478 s of llama_decode)
End-to-end throughput: 26.8908 tokens/s (1 tokens in 0.0371875 s)
[decode-stage-profile] model_load=391.411 ms context_create=58.1566 ms tokenize=0.458424 ms prefill_decode=2841.58 ms generation_decode=36.8478 ms generation_total=37.1875 ms program_total=3345.65 ms
[svd-local-op-profile] up_ops=56 gate_ops=56 down_ops=56 up_total=159.022 ms gate_total=173.653 ms down_total=149.582 ms up_v=50.242 ms gate_v=54.397 ms down_v=58.150 ms up_u=108.773 ms gate_u=119.251 ms down_u=91.426 ms
[svd-local-stage-profile] attention_total=389.484 ms ffn_total=700.852 ms ffn_svd_total=482.257 ms ffn_svd_v=162.789 ms ffn_svd_u=319.450 ms
[svd-offload-zero-profile] up_finish=0 up_cache=0 up_no_request=27 gate_finish=0 gate_cache=0 gate_no_request=27 down_finish=0 down_cache=0 down_no_request=27 other_finish=0 other_cache=0 other_no_request=0
[svd-local-timeout-profile] up_keep=0 up_drop=0 up_wait=0.000 ms gate_keep=0 gate_drop=0 gate_wait=0.000 ms down_keep=0 down_drop=0 down_wait=0.000 ms other_keep=0 other_drop=0 other_wait=0.000 ms
[svd-offload-client] up_gate_req=0 down_req=0 other_mat_req=0 ffn_req=0 gate_cache_hits=0 gate_cache_checks=0 miss_invalid=0 miss_layer=0 miss_rank=0 miss_hash=0 miss_output=0 miss_data=0 send_up_gate=0.000 ms send_down=0.000 ms send_other=0.000 ms send_ffn=0.000 ms wait_up_gate=0.000 ms wait_down=0.000 ms wait_other=0.000 ms wait_ffn=0.000 ms
[svd-offload-client-stage-profile] rpc_send_total=0.000 ms rpc_wait_total=0.000 ms
[svd-offload-client-debug] finish_fail_up_gate=0 finish_fail_down=0 finish_fail_other=0 finish_fail_ffn=0 cache_take_fail_up=0 cache_take_fail_gate=0 recv_up_sum_abs=0.000000e+00 recv_up_max_abs=0.000000e+00 recv_up_zero=0 recv_gate_sum_abs=0.000000e+00 recv_gate_max_abs=0.000000e+00 recv_gate_zero=0 recv_down_sum_abs=0.000000e+00 recv_down_max_abs=0.000000e+00 recv_down_zero=0 recv_other_sum_abs=0.000000e+00 recv_other_max_abs=0.000000e+00 recv_other_zero=0 recv_ffn_sum_abs=0.000000e+00 recv_ffn_max_abs=0.000000e+00 recv_ffn_zero=0
SUCCEED (one forward pass done)"
validation,8c_front_hot,1,scheduler,baseline_no_svd,8,"60,61,62,63,64,65,66,67","100,90,80,70,30,20,10,0",baseline_no_svd,same_as_baseline_no_svd,27.1387,36.8478,2841.58,3.5099921226501465,True,11,",","llama_context: graph splits = 1
attach_threadpool: call
threads: decode=8 batch=8
prompt tokens: 4
running one forward pass (llama_decode) ...
Top-5 next-token candidates:
  id=11 logit=20.2053 piece="",""
  id=304 logit=18.9277 piece="" in""
  id=3837 logit=18.7558 piece=""，""
  id=1052 logit=18.5616 piece="" there""
  id=358 logit=17.8374 piece="" I""
Autoregressive generation:
Generated text: ,
Decode-only throughput: 27.1387 tokens/s (1 tokens in 0.0368478 s of llama_decode)
End-to-end throughput: 26.8908 tokens/s (1 tokens in 0.0371875 s)
[decode-stage-profile] model_load=391.411 ms context_create=58.1566 ms tokenize=0.458424 ms prefill_decode=2841.58 ms generation_decode=36.8478 ms generation_total=37.1875 ms program_total=3345.65 ms
[svd-local-op-profile] up_ops=56 gate_ops=56 down_ops=56 up_total=159.022 ms gate_total=173.653 ms down_total=149.582 ms up_v=50.242 ms gate_v=54.397 ms down_v=58.150 ms up_u=108.773 ms gate_u=119.251 ms down_u=91.426 ms
[svd-local-stage-profile] attention_total=389.484 ms ffn_total=700.852 ms ffn_svd_total=482.257 ms ffn_svd_v=162.789 ms ffn_svd_u=319.450 ms
[svd-offload-zero-profile] up_finish=0 up_cache=0 up_no_request=27 gate_finish=0 gate_cache=0 gate_no_request=27 down_finish=0 down_cache=0 down_no_request=27 other_finish=0 other_cache=0 other_no_request=0
[svd-local-timeout-profile] up_keep=0 up_drop=0 up_wait=0.000 ms gate_keep=0 gate_drop=0 gate_wait=0.000 ms down_keep=0 down_drop=0 down_wait=0.000 ms other_keep=0 other_drop=0 other_wait=0.000 ms
[svd-offload-client] up_gate_req=0 down_req=0 other_mat_req=0 ffn_req=0 gate_cache_hits=0 gate_cache_checks=0 miss_invalid=0 miss_layer=0 miss_rank=0 miss_hash=0 miss_output=0 miss_data=0 send_up_gate=0.000 ms send_down=0.000 ms send_other=0.000 ms send_ffn=0.000 ms wait_up_gate=0.000 ms wait_down=0.000 ms wait_other=0.000 ms wait_ffn=0.000 ms
[svd-offload-client-stage-profile] rpc_send_total=0.000 ms rpc_wait_total=0.000 ms
[svd-offload-client-debug] finish_fail_up_gate=0 finish_fail_down=0 finish_fail_other=0 finish_fail_ffn=0 cache_take_fail_up=0 cache_take_fail_gate=0 recv_up_sum_abs=0.000000e+00 recv_up_max_abs=0.000000e+00 recv_up_zero=0 recv_gate_sum_abs=0.000000e+00 recv_gate_max_abs=0.000000e+00 recv_gate_zero=0 recv_down_sum_abs=0.000000e+00 recv_down_max_abs=0.000000e+00 recv_down_zero=0 recv_other_sum_abs=0.000000e+00 recv_other_max_abs=0.000000e+00 recv_other_zero=0 recv_ffn_sum_abs=0.000000e+00 recv_ffn_max_abs=0.000000e+00 recv_ffn_zero=0
SUCCEED (one forward pass done)"
validation,8c_front_hot,2,baseline,baseline_no_svd,8,"60,61,62,63,64,65,66,67","100,90,80,70,30,20,10,0",baseline_no_svd,ok,26.274,38.0604,1435.72,2.1027181148529053,True,11,",","llama_context: graph splits = 1
attach_threadpool: call
threads: decode=8 batch=8
prompt tokens: 4
running one forward pass (llama_decode) ...
Top-5 next-token candidates:
  id=11 logit=20.2053 piece="",""
  id=304 logit=18.9277 piece="" in""
  id=3837 logit=18.7558 piece=""，""
  id=1052 logit=18.5616 piece="" there""
  id=358 logit=17.8374 piece="" I""
Autoregressive generation:
Generated text: ,
Decode-only throughput: 26.274 tokens/s (1 tokens in 0.0380604 s of llama_decode)
End-to-end throughput: 26.0527 tokens/s (1 tokens in 0.0383838 s)
[decode-stage-profile] model_load=393.834 ms context_create=58.278 ms tokenize=0.459717 ms prefill_decode=1435.72 ms generation_decode=38.0604 ms generation_total=38.3838 ms program_total=1943.76 ms
[svd-local-op-profile] up_ops=56 gate_ops=56 down_ops=56 up_total=95.287 ms gate_total=94.020 ms down_total=85.052 ms up_v=25.924 ms gate_v=25.923 ms down_v=36.807 ms up_u=69.352 ms gate_u=68.092 ms down_u=48.238 ms
[svd-local-stage-profile] attention_total=213.562 ms ffn_total=377.529 ms ffn_svd_total=274.359 ms ffn_svd_v=88.654 ms ffn_svd_u=185.682 ms
[svd-offload-zero-profile] up_finish=0 up_cache=0 up_no_request=27 gate_finish=0 gate_cache=0 gate_no_request=27 down_finish=0 down_cache=0 down_no_request=27 other_finish=0 other_cache=0 other_no_request=0
[svd-local-timeout-profile] up_keep=0 up_drop=0 up_wait=0.000 ms gate_keep=0 gate_drop=0 gate_wait=0.000 ms down_keep=0 down_drop=0 down_wait=0.000 ms other_keep=0 other_drop=0 other_wait=0.000 ms
[svd-offload-client] up_gate_req=0 down_req=0 other_mat_req=0 ffn_req=0 gate_cache_hits=0 gate_cache_checks=0 miss_invalid=0 miss_layer=0 miss_rank=0 miss_hash=0 miss_output=0 miss_data=0 send_up_gate=0.000 ms send_down=0.000 ms send_other=0.000 ms send_ffn=0.000 ms wait_up_gate=0.000 ms wait_down=0.000 ms wait_other=0.000 ms wait_ffn=0.000 ms
[svd-offload-client-stage-profile] rpc_send_total=0.000 ms rpc_wait_total=0.000 ms
[svd-offload-client-debug] finish_fail_up_gate=0 finish_fail_down=0 finish_fail_other=0 finish_fail_ffn=0 cache_take_fail_up=0 cache_take_fail_gate=0 recv_up_sum_abs=0.000000e+00 recv_up_max_abs=0.000000e+00 recv_up_zero=0 recv_gate_sum_abs=0.000000e+00 recv_gate_max_abs=0.000000e+00 recv_gate_zero=0 recv_down_sum_abs=0.000000e+00 recv_down_max_abs=0.000000e+00 recv_down_zero=0 recv_other_sum_abs=0.000000e+00 recv_other_max_abs=0.000000e+00 recv_other_zero=0 recv_ffn_sum_abs=0.000000e+00 recv_ffn_max_abs=0.000000e+00 recv_ffn_zero=0
SUCCEED (one forward pass done)"
validation,8c_front_hot,2,scheduler,baseline_no_svd,8,"60,61,62,63,64,65,66,67","100,90,80,70,30,20,10,0",baseline_no_svd,same_as_baseline_no_svd,26.274,38.0604,1435.72,2.1027181148529053,True,11,",","llama_context: graph splits = 1
attach_threadpool: call
threads: decode=8 batch=8
prompt tokens: 4
running one forward pass (llama_decode) ...
Top-5 next-token candidates:
  id=11 logit=20.2053 piece="",""
  id=304 logit=18.9277 piece="" in""
  id=3837 logit=18.7558 piece=""，""
  id=1052 logit=18.5616 piece="" there""
  id=358 logit=17.8374 piece="" I""
Autoregressive generation:
Generated text: ,
Decode-only throughput: 26.274 tokens/s (1 tokens in 0.0380604 s of llama_decode)
End-to-end throughput: 26.0527 tokens/s (1 tokens in 0.0383838 s)
[decode-stage-profile] model_load=393.834 ms context_create=58.278 ms tokenize=0.459717 ms prefill_decode=1435.72 ms generation_decode=38.0604 ms generation_total=38.3838 ms program_total=1943.76 ms
[svd-local-op-profile] up_ops=56 gate_ops=56 down_ops=56 up_total=95.287 ms gate_total=94.020 ms down_total=85.052 ms up_v=25.924 ms gate_v=25.923 ms down_v=36.807 ms up_u=69.352 ms gate_u=68.092 ms down_u=48.238 ms
[svd-local-stage-profile] attention_total=213.562 ms ffn_total=377.529 ms ffn_svd_total=274.359 ms ffn_svd_v=88.654 ms ffn_svd_u=185.682 ms
[svd-offload-zero-profile] up_finish=0 up_cache=0 up_no_request=27 gate_finish=0 gate_cache=0 gate_no_request=27 down_finish=0 down_cache=0 down_no_request=27 other_finish=0 other_cache=0 other_no_request=0
[svd-local-timeout-profile] up_keep=0 up_drop=0 up_wait=0.000 ms gate_keep=0 gate_drop=0 gate_wait=0.000 ms down_keep=0 down_drop=0 down_wait=0.000 ms other_keep=0 other_drop=0 other_wait=0.000 ms
[svd-offload-client] up_gate_req=0 down_req=0 other_mat_req=0 ffn_req=0 gate_cache_hits=0 gate_cache_checks=0 miss_invalid=0 miss_layer=0 miss_rank=0 miss_hash=0 miss_output=0 miss_data=0 send_up_gate=0.000 ms send_down=0.000 ms send_other=0.000 ms send_ffn=0.000 ms wait_up_gate=0.000 ms wait_down=0.000 ms wait_other=0.000 ms wait_ffn=0.000 ms
[svd-offload-client-stage-profile] rpc_send_total=0.000 ms rpc_wait_total=0.000 ms
[svd-offload-client-debug] finish_fail_up_gate=0 finish_fail_down=0 finish_fail_other=0 finish_fail_ffn=0 cache_take_fail_up=0 cache_take_fail_gate=0 recv_up_sum_abs=0.000000e+00 recv_up_max_abs=0.000000e+00 recv_up_zero=0 recv_gate_sum_abs=0.000000e+00 recv_gate_max_abs=0.000000e+00 recv_gate_zero=0 recv_down_sum_abs=0.000000e+00 recv_down_max_abs=0.000000e+00 recv_down_zero=0 recv_other_sum_abs=0.000000e+00 recv_other_max_abs=0.000000e+00 recv_other_zero=0 recv_ffn_sum_abs=0.000000e+00 recv_ffn_max_abs=0.000000e+00 recv_ffn_zero=0
SUCCEED (one forward pass done)"
calibration,8c_high,0,,,8,"60,61,62,63,64,65,66,67","30,40,50,60,70,80,90,100",baseline_no_svd,ok,30.8038,32.4635,1260.65,1.9255130290985107,True,11,",","llama_context: graph splits = 1
attach_threadpool: call
threads: decode=8 batch=8
prompt tokens: 4
running one forward pass (llama_decode) ...
Top-5 next-token candidates:
  id=11 logit=20.2053 piece="",""
  id=304 logit=18.9277 piece="" in""
  id=3837 logit=18.7558 piece=""，""
  id=1052 logit=18.5616 piece="" there""
  id=358 logit=17.8374 piece="" I""
Autoregressive generation:
Generated text: ,
Decode-only throughput: 30.8038 tokens/s (1 tokens in 0.0324635 s of llama_decode)
End-to-end throughput: 30.4862 tokens/s (1 tokens in 0.0328018 s)
[decode-stage-profile] model_load=392.078 ms context_create=62.406 ms tokenize=0.45888 ms prefill_decode=1260.65 ms generation_decode=32.4635 ms generation_total=32.8018 ms program_total=1765.57 ms
[svd-local-op-profile] up_ops=56 gate_ops=56 down_ops=56 up_total=67.558 ms gate_total=65.603 ms down_total=63.781 ms up_v=18.831 ms gate_v=18.643 ms down_v=29.954 ms up_u=48.722 ms gate_u=46.957 ms down_u=33.814 ms
[svd-local-stage-profile] attention_total=196.405 ms ffn_total=262.275 ms ffn_svd_total=196.942 ms ffn_svd_v=67.428 ms ffn_svd_u=129.493 ms
[svd-offload-zero-profile] up_finish=0 up_cache=0 up_no_request=27 gate_finish=0 gate_cache=0 gate_no_request=27 down_finish=0 down_cache=0 down_no_request=27 other_finish=0 other_cache=0 other_no_request=0
[svd-local-timeout-profile] up_keep=0 up_drop=0 up_wait=0.000 ms gate_keep=0 gate_drop=0 gate_wait=0.000 ms down_keep=0 down_drop=0 down_wait=0.000 ms other_keep=0 other_drop=0 other_wait=0.000 ms
[svd-offload-client] up_gate_req=0 down_req=0 other_mat_req=0 ffn_req=0 gate_cache_hits=0 gate_cache_checks=0 miss_invalid=0 miss_layer=0 miss_rank=0 miss_hash=0 miss_output=0 miss_data=0 send_up_gate=0.000 ms send_down=0.000 ms send_other=0.000 ms send_ffn=0.000 ms wait_up_gate=0.000 ms wait_down=0.000 ms wait_other=0.000 ms wait_ffn=0.000 ms
[svd-offload-client-stage-profile] rpc_send_total=0.000 ms rpc_wait_total=0.000 ms
[svd-offload-client-debug] finish_fail_up_gate=0 finish_fail_down=0 finish_fail_other=0 finish_fail_ffn=0 cache_take_fail_up=0 cache_take_fail_gate=0 recv_up_sum_abs=0.000000e+00 recv_up_max_abs=0.000000e+00 recv_up_zero=0 recv_gate_sum_abs=0.000000e+00 recv_gate_max_abs=0.000000e+00 recv_gate_zero=0 recv_down_sum_abs=0.000000e+00 recv_down_max_abs=0.000000e+00 recv_down_zero=0 recv_other_sum_abs=0.000000e+00 recv_other_max_abs=0.000000e+00 recv_other_zero=0 recv_ffn_sum_abs=0.000000e+00 recv_ffn_max_abs=0.000000e+00 recv_ffn_zero=0
SUCCEED (one forward pass done)"
calibration,8c_high,0,,,8,"60,61,62,63,64,65,66,67","30,40,50,60,70,80,90,100",trunc_even_0.8,ok,34.0564,29.363,1232.64,1.897803783416748,True,3,$,"llama_context: graph splits = 1
attach_threadpool: call
threads: decode=8 batch=8
prompt tokens: 4
running one forward pass (llama_decode) ...
Top-5 next-token candidates:
  id=3 logit=0 piece=""$""
  id=4 logit=0 piece=""%""
  id=1 logit=0 piece=""""""
  id=0 logit=0 piece=""!""
  id=2 logit=0 piece=""#""
Autoregressive generation:
Generated text: !
Decode-only throughput: 34.0564 tokens/s (1 tokens in 0.029363 s of llama_decode)
End-to-end throughput: 33.6852 tokens/s (1 tokens in 0.0296866 s)
[decode-stage-profile] model_load=389.913 ms context_create=57.6918 ms tokenize=0.464932 ms prefill_decode=1232.64 ms generation_decode=29.363 ms generation_total=29.6866 ms program_total=1731.31 ms
[svd-local-op-profile] up_ops=56 gate_ops=56 down_ops=56 up_total=76.786 ms gate_total=82.672 ms down_total=55.683 ms up_v=24.235 ms gate_v=24.961 ms down_v=24.427 ms up_u=52.548 ms gate_u=57.703 ms down_u=31.250 ms
[svd-local-stage-profile] attention_total=164.963 ms ffn_total=308.811 ms ffn_svd_total=215.141 ms ffn_svd_v=73.623 ms ffn_svd_u=141.501 ms
[svd-offload-zero-profile] up_finish=0 up_cache=0 up_no_request=27 gate_finish=0 gate_cache=0 gate_no_request=27 down_finish=0 down_cache=0 down_no_request=27 other_finish=0 other_cache=0 other_no_request=0
[svd-local-timeout-profile] up_keep=0 up_drop=0 up_wait=0.000 ms gate_keep=0 gate_drop=0 gate_wait=0.000 ms down_keep=0 down_drop=0 down_wait=0.000 ms other_keep=0 other_drop=0 other_wait=0.000 ms
[svd-offload-client] up_gate_req=0 down_req=0 other_mat_req=0 ffn_req=0 gate_cache_hits=0 gate_cache_checks=0 miss_invalid=0 miss_layer=0 miss_rank=0 miss_hash=0 miss_output=0 miss_data=0 send_up_gate=0.000 ms send_down=0.000 ms send_other=0.000 ms send_ffn=0.000 ms wait_up_gate=0.000 ms wait_down=0.000 ms wait_other=0.000 ms wait_ffn=0.000 ms
[svd-offload-client-stage-profile] rpc_send_total=0.000 ms rpc_wait_total=0.000 ms
[svd-offload-client-debug] finish_fail_up_gate=0 finish_fail_down=0 finish_fail_other=0 finish_fail_ffn=0 cache_take_fail_up=0 cache_take_fail_gate=0 recv_up_sum_abs=0.000000e+00 recv_up_max_abs=0.000000e+00 recv_up_zero=0 recv_gate_sum_abs=0.000000e+00 recv_gate_max_abs=0.000000e+00 recv_gate_zero=0 recv_down_sum_abs=0.000000e+00 recv_down_max_abs=0.000000e+00 recv_down_zero=0 recv_other_sum_abs=0.000000e+00 recv_other_max_abs=0.000000e+00 recv_other_zero=0 recv_ffn_sum_abs=0.000000e+00 recv_ffn_max_abs=0.000000e+00 recv_ffn_zero=0
SUCCEED (one forward pass done)"
calibration,8c_high,0,,,8,"60,61,62,63,64,65,66,67","30,40,50,60,70,80,90,100",trunc_even_0.85,ok,33.5126,29.8396,1462.7,2.1341440677642822,True,3,$,"llama_context: graph splits = 1
attach_threadpool: call
threads: decode=8 batch=8
prompt tokens: 4
running one forward pass (llama_decode) ...
Top-5 next-token candidates:
  id=3 logit=0 piece=""$""
  id=4 logit=0 piece=""%""
  id=1 logit=0 piece=""""""
  id=0 logit=0 piece=""!""
  id=2 logit=0 piece=""#""
Autoregressive generation:
Generated text: !
Decode-only throughput: 33.5126 tokens/s (1 tokens in 0.0298396 s of llama_decode)
End-to-end throughput: 33.1595 tokens/s (1 tokens in 0.0301573 s)
[decode-stage-profile] model_load=395.977 ms context_create=57.5087 ms tokenize=0.458572 ms prefill_decode=1462.7 ms generation_decode=29.8396 ms generation_total=30.1573 ms program_total=1963.77 ms
[svd-local-op-profile] up_ops=56 gate_ops=56 down_ops=56 up_total=87.445 ms gate_total=88.835 ms down_total=76.309 ms up_v=27.083 ms gate_v=25.343 ms down_v=29.930 ms up_u=60.357 ms gate_u=63.487 ms down_u=46.371 ms
[svd-local-stage-profile] attention_total=213.153 ms ffn_total=376.441 ms ffn_svd_total=252.589 ms ffn_svd_v=82.356 ms ffn_svd_u=170.215 ms
[svd-offload-zero-profile] up_finish=0 up_cache=0 up_no_request=27 gate_finish=0 gate_cache=0 gate_no_request=27 down_finish=0 down_cache=0 down_no_request=27 other_finish=0 other_cache=0 other_no_request=0
[svd-local-timeout-profile] up_keep=0 up_drop=0 up_wait=0.000 ms gate_keep=0 gate_drop=0 gate_wait=0.000 ms down_keep=0 down_drop=0 down_wait=0.000 ms other_keep=0 other_drop=0 other_wait=0.000 ms
[svd-offload-client] up_gate_req=0 down_req=0 other_mat_req=0 ffn_req=0 gate_cache_hits=0 gate_cache_checks=0 miss_invalid=0 miss_layer=0 miss_rank=0 miss_hash=0 miss_output=0 miss_data=0 send_up_gate=0.000 ms send_down=0.000 ms send_other=0.000 ms send_ffn=0.000 ms wait_up_gate=0.000 ms wait_down=0.000 ms wait_other=0.000 ms wait_ffn=0.000 ms
[svd-offload-client-stage-profile] rpc_send_total=0.000 ms rpc_wait_total=0.000 ms
[svd-offload-client-debug] finish_fail_up_gate=0 finish_fail_down=0 finish_fail_other=0 finish_fail_ffn=0 cache_take_fail_up=0 cache_take_fail_gate=0 recv_up_sum_abs=0.000000e+00 recv_up_max_abs=0.000000e+00 recv_up_zero=0 recv_gate_sum_abs=0.000000e+00 recv_gate_max_abs=0.000000e+00 recv_gate_zero=0 recv_down_sum_abs=0.000000e+00 recv_down_max_abs=0.000000e+00 recv_down_zero=0 recv_other_sum_abs=0.000000e+00 recv_other_max_abs=0.000000e+00 recv_other_zero=0 recv_ffn_sum_abs=0.000000e+00 recv_ffn_max_abs=0.000000e+00 recv_ffn_zero=0
SUCCEED (one forward pass done)"
calibration,8c_high,0,,,8,"60,61,62,63,64,65,66,67","30,40,50,60,70,80,90,100",trunc_even_0.9,ok,40.0836,24.9479,1109.88,1.7802677154541016,True,3,$,"llama_context: graph splits = 1
attach_threadpool: call
threads: decode=8 batch=8
prompt tokens: 4
running one forward pass (llama_decode) ...
Top-5 next-token candidates:
  id=3 logit=0 piece=""$""
  id=4 logit=0 piece=""%""
  id=1 logit=0 piece=""""""
  id=0 logit=0 piece=""!""
  id=2 logit=0 piece=""#""
Autoregressive generation:
Generated text: !
Decode-only throughput: 40.0836 tokens/s (1 tokens in 0.0249479 s of llama_decode)
End-to-end throughput: 39.586 tokens/s (1 tokens in 0.0252614 s)
[decode-stage-profile] model_load=399.637 ms context_create=57.57 ms tokenize=0.458255 ms prefill_decode=1109.88 ms generation_decode=24.9479 ms generation_total=25.2614 ms program_total=1613.31 ms
[svd-local-op-profile] up_ops=56 gate_ops=56 down_ops=56 up_total=63.916 ms gate_total=64.590 ms down_total=52.831 ms up_v=17.244 ms gate_v=20.963 ms down_v=19.594 ms up_u=46.668 ms gate_u=43.619 ms down_u=33.230 ms
[svd-local-stage-profile] attention_total=171.657 ms ffn_total=251.291 ms ffn_svd_total=181.337 ms ffn_svd_v=57.801 ms ffn_svd_u=123.517 ms
[svd-offload-zero-profile] up_finish=0 up_cache=0 up_no_request=27 gate_finish=0 gate_cache=0 gate_no_request=27 down_finish=0 down_cache=0 down_no_request=27 other_finish=0 other_cache=0 other_no_request=0
[svd-local-timeout-profile] up_keep=0 up_drop=0 up_wait=0.000 ms gate_keep=0 gate_drop=0 gate_wait=0.000 ms down_keep=0 down_drop=0 down_wait=0.000 ms other_keep=0 other_drop=0 other_wait=0.000 ms
[svd-offload-client] up_gate_req=0 down_req=0 other_mat_req=0 ffn_req=0 gate_cache_hits=0 gate_cache_checks=0 miss_invalid=0 miss_layer=0 miss_rank=0 miss_hash=0 miss_output=0 miss_data=0 send_up_gate=0.000 ms send_down=0.000 ms send_other=0.000 ms send_ffn=0.000 ms wait_up_gate=0.000 ms wait_down=0.000 ms wait_other=0.000 ms wait_ffn=0.000 ms
[svd-offload-client-stage-profile] rpc_send_total=0.000 ms rpc_wait_total=0.000 ms
[svd-offload-client-debug] finish_fail_up_gate=0 finish_fail_down=0 finish_fail_other=0 finish_fail_ffn=0 cache_take_fail_up=0 cache_take_fail_gate=0 recv_up_sum_abs=0.000000e+00 recv_up_max_abs=0.000000e+00 recv_up_zero=0 recv_gate_sum_abs=0.000000e+00 recv_gate_max_abs=0.000000e+00 recv_gate_zero=0 recv_down_sum_abs=0.000000e+00 recv_down_max_abs=0.000000e+00 recv_down_zero=0 recv_other_sum_abs=0.000000e+00 recv_other_max_abs=0.000000e+00 recv_other_zero=0 recv_ffn_sum_abs=0.000000e+00 recv_ffn_max_abs=0.000000e+00 recv_ffn_zero=0
SUCCEED (one forward pass done)"
validation,8c_high,0,baseline,trunc_even_0.8,8,"60,61,62,63,64,65,66,67","30,40,50,60,70,80,90,100",baseline_no_svd,ok,24.9413,40.0941,1272.16,1.9231913089752197,True,11,",","llama_context: graph splits = 1
attach_threadpool: call
threads: decode=8 batch=8
prompt tokens: 4
running one forward pass (llama_decode) ...
Top-5 next-token candidates:
  id=11 logit=20.2053 piece="",""
  id=304 logit=18.9277 piece="" in""
  id=3837 logit=18.7558 piece=""，""
  id=1052 logit=18.5616 piece="" there""
  id=358 logit=17.8374 piece="" I""
Autoregressive generation:
Generated text: ,
Decode-only throughput: 24.9413 tokens/s (1 tokens in 0.0400941 s of llama_decode)
End-to-end throughput: 24.7304 tokens/s (1 tokens in 0.040436 s)
[decode-stage-profile] model_load=389.792 ms context_create=57.2183 ms tokenize=0.48464 ms prefill_decode=1272.16 ms generation_decode=40.0941 ms generation_total=40.436 ms program_total=1777.23 ms
[svd-local-op-profile] up_ops=56 gate_ops=56 down_ops=56 up_total=88.256 ms gate_total=88.621 ms down_total=67.861 ms up_v=25.929 ms gate_v=25.964 ms down_v=28.482 ms up_u=62.320 ms gate_u=62.650 ms down_u=39.372 ms
[svd-local-stage-profile] attention_total=174.770 ms ffn_total=342.548 ms ffn_svd_total=244.738 ms ffn_svd_v=80.375 ms ffn_svd_u=164.342 ms
[svd-offload-zero-profile] up_finish=0 up_cache=0 up_no_request=27 gate_finish=0 gate_cache=0 gate_no_request=27 down_finish=0 down_cache=0 down_no_request=27 other_finish=0 other_cache=0 other_no_request=0
[svd-local-timeout-profile] up_keep=0 up_drop=0 up_wait=0.000 ms gate_keep=0 gate_drop=0 gate_wait=0.000 ms down_keep=0 down_drop=0 down_wait=0.000 ms other_keep=0 other_drop=0 other_wait=0.000 ms
[svd-offload-client] up_gate_req=0 down_req=0 other_mat_req=0 ffn_req=0 gate_cache_hits=0 gate_cache_checks=0 miss_invalid=0 miss_layer=0 miss_rank=0 miss_hash=0 miss_output=0 miss_data=0 send_up_gate=0.000 ms send_down=0.000 ms send_other=0.000 ms send_ffn=0.000 ms wait_up_gate=0.000 ms wait_down=0.000 ms wait_other=0.000 ms wait_ffn=0.000 ms
[svd-offload-client-stage-profile] rpc_send_total=0.000 ms rpc_wait_total=0.000 ms
[svd-offload-client-debug] finish_fail_up_gate=0 finish_fail_down=0 finish_fail_other=0 finish_fail_ffn=0 cache_take_fail_up=0 cache_take_fail_gate=0 recv_up_sum_abs=0.000000e+00 recv_up_max_abs=0.000000e+00 recv_up_zero=0 recv_gate_sum_abs=0.000000e+00 recv_gate_max_abs=0.000000e+00 recv_gate_zero=0 recv_down_sum_abs=0.000000e+00 recv_down_max_abs=0.000000e+00 recv_down_zero=0 recv_other_sum_abs=0.000000e+00 recv_other_max_abs=0.000000e+00 recv_other_zero=0 recv_ffn_sum_abs=0.000000e+00 recv_ffn_max_abs=0.000000e+00 recv_ffn_zero=0
SUCCEED (one forward pass done)"
validation,8c_high,0,scheduler,trunc_even_0.8,8,"60,61,62,63,64,65,66,67","30,40,50,60,70,80,90,100",trunc_even_0.8,ok,32.1002,31.1525,1223.74,1.9023032188415527,True,3,$,"llama_context: graph splits = 1
attach_threadpool: call
threads: decode=8 batch=8
prompt tokens: 4
running one forward pass (llama_decode) ...
Top-5 next-token candidates:
  id=3 logit=0 piece=""$""
  id=4 logit=0 piece=""%""
  id=1 logit=0 piece=""""""
  id=0 logit=0 piece=""!""
  id=2 logit=0 piece=""#""
Autoregressive generation:
Generated text: !
Decode-only throughput: 32.1002 tokens/s (1 tokens in 0.0311525 s of llama_decode)
End-to-end throughput: 31.7795 tokens/s (1 tokens in 0.0314668 s)
[decode-stage-profile] model_load=400.195 ms context_create=57.7218 ms tokenize=0.45952 ms prefill_decode=1223.74 ms generation_decode=31.1525 ms generation_total=31.4668 ms program_total=1730.5 ms
[svd-local-op-profile] up_ops=56 gate_ops=56 down_ops=56 up_total=60.383 ms gate_total=60.824 ms down_total=56.366 ms up_v=17.109 ms gate_v=18.294 ms down_v=26.222 ms up_u=43.268 ms gate_u=42.520 ms down_u=30.140 ms
[svd-local-stage-profile] attention_total=150.943 ms ffn_total=279.508 ms ffn_svd_total=177.573 ms ffn_svd_v=61.625 ms ffn_svd_u=115.928 ms
[svd-offload-zero-profile] up_finish=0 up_cache=0 up_no_request=27 gate_finish=0 gate_cache=0 gate_no_request=27 down_finish=0 down_cache=0 down_no_request=27 other_finish=0 other_cache=0 other_no_request=0
[svd-local-timeout-profile] up_keep=0 up_drop=0 up_wait=0.000 ms gate_keep=0 gate_drop=0 gate_wait=0.000 ms down_keep=0 down_drop=0 down_wait=0.000 ms other_keep=0 other_drop=0 other_wait=0.000 ms
[svd-offload-client] up_gate_req=0 down_req=0 other_mat_req=0 ffn_req=0 gate_cache_hits=0 gate_cache_checks=0 miss_invalid=0 miss_layer=0 miss_rank=0 miss_hash=0 miss_output=0 miss_data=0 send_up_gate=0.000 ms send_down=0.000 ms send_other=0.000 ms send_ffn=0.000 ms wait_up_gate=0.000 ms wait_down=0.000 ms wait_other=0.000 ms wait_ffn=0.000 ms
[svd-offload-client-stage-profile] rpc_send_total=0.000 ms rpc_wait_total=0.000 ms
[svd-offload-client-debug] finish_fail_up_gate=0 finish_fail_down=0 finish_fail_other=0 finish_fail_ffn=0 cache_take_fail_up=0 cache_take_fail_gate=0 recv_up_sum_abs=0.000000e+00 recv_up_max_abs=0.000000e+00 recv_up_zero=0 recv_gate_sum_abs=0.000000e+00 recv_gate_max_abs=0.000000e+00 recv_gate_zero=0 recv_down_sum_abs=0.000000e+00 recv_down_max_abs=0.000000e+00 recv_down_zero=0 recv_other_sum_abs=0.000000e+00 recv_other_max_abs=0.000000e+00 recv_other_zero=0 recv_ffn_sum_abs=0.000000e+00 recv_ffn_max_abs=0.000000e+00 recv_ffn_zero=0
SUCCEED (one forward pass done)"
validation,8c_high,1,baseline,trunc_even_0.8,8,"60,61,62,63,64,65,66,67","30,40,50,60,70,80,90,100",baseline_no_svd,ok,31.0506,32.2055,1280.73,1.9334657192230225,True,11,",","llama_context: graph splits = 1
attach_threadpool: call
threads: decode=8 batch=8
prompt tokens: 4
running one forward pass (llama_decode) ...
Top-5 next-token candidates:
  id=11 logit=20.2053 piece="",""
  id=304 logit=18.9277 piece="" in""
  id=3837 logit=18.7558 piece=""，""
  id=1052 logit=18.5616 piece="" there""
  id=358 logit=17.8374 piece="" I""
Autoregressive generation:
Generated text: ,
Decode-only throughput: 31.0506 tokens/s (1 tokens in 0.0322055 s of llama_decode)
End-to-end throughput: 30.7469 tokens/s (1 tokens in 0.0325236 s)
[decode-stage-profile] model_load=388.495 ms context_create=56.2284 ms tokenize=0.462918 ms prefill_decode=1280.73 ms generation_decode=32.2055 ms generation_total=32.5236 ms program_total=1775.23 ms
[svd-local-op-profile] up_ops=56 gate_ops=56 down_ops=56 up_total=76.212 ms gate_total=92.961 ms down_total=62.783 ms up_v=24.072 ms gate_v=29.665 ms down_v=28.567 ms up_u=52.138 ms gate_u=63.289 ms down_u=34.211 ms
[svd-local-stage-profile] attention_total=177.087 ms ffn_total=330.473 ms ffn_svd_total=231.956 ms ffn_svd_v=82.304 ms ffn_svd_u=149.638 ms
[svd-offload-zero-profile] up_finish=0 up_cache=0 up_no_request=27 gate_finish=0 gate_cache=0 gate_no_request=27 down_finish=0 down_cache=0 down_no_request=27 other_finish=0 other_cache=0 other_no_request=0
[svd-local-timeout-profile] up_keep=0 up_drop=0 up_wait=0.000 ms gate_keep=0 gate_drop=0 gate_wait=0.000 ms down_keep=0 down_drop=0 down_wait=0.000 ms other_keep=0 other_drop=0 other_wait=0.000 ms
[svd-offload-client] up_gate_req=0 down_req=0 other_mat_req=0 ffn_req=0 gate_cache_hits=0 gate_cache_checks=0 miss_invalid=0 miss_layer=0 miss_rank=0 miss_hash=0 miss_output=0 miss_data=0 send_up_gate=0.000 ms send_down=0.000 ms send_other=0.000 ms send_ffn=0.000 ms wait_up_gate=0.000 ms wait_down=0.000 ms wait_other=0.000 ms wait_ffn=0.000 ms
[svd-offload-client-stage-profile] rpc_send_total=0.000 ms rpc_wait_total=0.000 ms
[svd-offload-client-debug] finish_fail_up_gate=0 finish_fail_down=0 finish_fail_other=0 finish_fail_ffn=0 cache_take_fail_up=0 cache_take_fail_gate=0 recv_up_sum_abs=0.000000e+00 recv_up_max_abs=0.000000e+00 recv_up_zero=0 recv_gate_sum_abs=0.000000e+00 recv_gate_max_abs=0.000000e+00 recv_gate_zero=0 recv_down_sum_abs=0.000000e+00 recv_down_max_abs=0.000000e+00 recv_down_zero=0 recv_other_sum_abs=0.000000e+00 recv_other_max_abs=0.000000e+00 recv_other_zero=0 recv_ffn_sum_abs=0.000000e+00 recv_ffn_max_abs=0.000000e+00 recv_ffn_zero=0
SUCCEED (one forward pass done)"
validation,8c_high,1,scheduler,trunc_even_0.8,8,"60,61,62,63,64,65,66,67","30,40,50,60,70,80,90,100",trunc_even_0.8,ok,33.3246,30.0078,2529.11,3.1879160404205322,True,3,$,"llama_context: graph splits = 1
attach_threadpool: call
threads: decode=8 batch=8
prompt tokens: 4
running one forward pass (llama_decode) ...
Top-5 next-token candidates:
  id=3 logit=0 piece=""$""
  id=4 logit=0 piece=""%""
  id=1 logit=0 piece=""""""
  id=0 logit=0 piece=""!""
  id=2 logit=0 piece=""#""
Autoregressive generation:
Generated text: !
Decode-only throughput: 33.3246 tokens/s (1 tokens in 0.0300078 s of llama_decode)
End-to-end throughput: 32.9621 tokens/s (1 tokens in 0.0303379 s)
[decode-stage-profile] model_load=390.222 ms context_create=58.4777 ms tokenize=0.461037 ms prefill_decode=2529.11 ms generation_decode=30.0078 ms generation_total=30.3379 ms program_total=3025.75 ms
[svd-local-op-profile] up_ops=56 gate_ops=56 down_ops=56 up_total=154.599 ms gate_total=143.092 ms down_total=119.236 ms up_v=53.858 ms gate_v=45.137 ms down_v=44.229 ms up_u=100.731 ms gate_u=97.950 ms down_u=75.002 ms
[svd-local-stage-profile] attention_total=325.186 ms ffn_total=641.722 ms ffn_svd_total=416.927 ms ffn_svd_v=143.224 ms ffn_svd_u=273.683 ms
[svd-offload-zero-profile] up_finish=0 up_cache=0 up_no_request=27 gate_finish=0 gate_cache=0 gate_no_request=27 down_finish=0 down_cache=0 down_no_request=27 other_finish=0 other_cache=0 other_no_request=0
[svd-local-timeout-profile] up_keep=0 up_drop=0 up_wait=0.000 ms gate_keep=0 gate_drop=0 gate_wait=0.000 ms down_keep=0 down_drop=0 down_wait=0.000 ms other_keep=0 other_drop=0 other_wait=0.000 ms
[svd-offload-client] up_gate_req=0 down_req=0 other_mat_req=0 ffn_req=0 gate_cache_hits=0 gate_cache_checks=0 miss_invalid=0 miss_layer=0 miss_rank=0 miss_hash=0 miss_output=0 miss_data=0 send_up_gate=0.000 ms send_down=0.000 ms send_other=0.000 ms send_ffn=0.000 ms wait_up_gate=0.000 ms wait_down=0.000 ms wait_other=0.000 ms wait_ffn=0.000 ms
[svd-offload-client-stage-profile] rpc_send_total=0.000 ms rpc_wait_total=0.000 ms
[svd-offload-client-debug] finish_fail_up_gate=0 finish_fail_down=0 finish_fail_other=0 finish_fail_ffn=0 cache_take_fail_up=0 cache_take_fail_gate=0 recv_up_sum_abs=0.000000e+00 recv_up_max_abs=0.000000e+00 recv_up_zero=0 recv_gate_sum_abs=0.000000e+00 recv_gate_max_abs=0.000000e+00 recv_gate_zero=0 recv_down_sum_abs=0.000000e+00 recv_down_max_abs=0.000000e+00 recv_down_zero=0 recv_other_sum_abs=0.000000e+00 recv_other_max_abs=0.000000e+00 recv_other_zero=0 recv_ffn_sum_abs=0.000000e+00 recv_ffn_max_abs=0.000000e+00 recv_ffn_zero=0
SUCCEED (one forward pass done)"
validation,8c_high,2,baseline,trunc_even_0.8,8,"60,61,62,63,64,65,66,67","30,40,50,60,70,80,90,100",baseline_no_svd,ok,30.0372,33.292,1283.28,1.9411015510559082,True,11,",","llama_context: graph splits = 1
attach_threadpool: call
threads: decode=8 batch=8
prompt tokens: 4
running one forward pass (llama_decode) ...
Top-5 next-token candidates:
  id=11 logit=20.2053 piece="",""
  id=304 logit=18.9277 piece="" in""
  id=3837 logit=18.7558 piece=""，""
  id=1052 logit=18.5616 piece="" there""
  id=358 logit=17.8374 piece="" I""
Autoregressive generation:
Generated text: ,
Decode-only throughput: 30.0372 tokens/s (1 tokens in 0.033292 s of llama_decode)
End-to-end throughput: 29.7495 tokens/s (1 tokens in 0.033614 s)
[decode-stage-profile] model_load=386.647 ms context_create=57.8633 ms tokenize=0.467823 ms prefill_decode=1283.28 ms generation_decode=33.292 ms generation_total=33.614 ms program_total=1778.55 ms
[svd-local-op-profile] up_ops=56 gate_ops=56 down_ops=56 up_total=75.417 ms gate_total=88.981 ms down_total=62.930 ms up_v=27.586 ms gate_v=27.536 ms down_v=29.471 ms up_u=47.822 ms gate_u=61.432 ms down_u=33.452 ms
[svd-local-stage-profile] attention_total=192.862 ms ffn_total=322.790 ms ffn_svd_total=227.328 ms ffn_svd_v=84.593 ms ffn_svd_u=142.706 ms
[svd-offload-zero-profile] up_finish=0 up_cache=0 up_no_request=27 gate_finish=0 gate_cache=0 gate_no_request=27 down_finish=0 down_cache=0 down_no_request=27 other_finish=0 other_cache=0 other_no_request=0
[svd-local-timeout-profile] up_keep=0 up_drop=0 up_wait=0.000 ms gate_keep=0 gate_drop=0 gate_wait=0.000 ms down_keep=0 down_drop=0 down_wait=0.000 ms other_keep=0 other_drop=0 other_wait=0.000 ms
[svd-offload-client] up_gate_req=0 down_req=0 other_mat_req=0 ffn_req=0 gate_cache_hits=0 gate_cache_checks=0 miss_invalid=0 miss_layer=0 miss_rank=0 miss_hash=0 miss_output=0 miss_data=0 send_up_gate=0.000 ms send_down=0.000 ms send_other=0.000 ms send_ffn=0.000 ms wait_up_gate=0.000 ms wait_down=0.000 ms wait_other=0.000 ms wait_ffn=0.000 ms
[svd-offload-client-stage-profile] rpc_send_total=0.000 ms rpc_wait_total=0.000 ms
[svd-offload-client-debug] finish_fail_up_gate=0 finish_fail_down=0 finish_fail_other=0 finish_fail_ffn=0 cache_take_fail_up=0 cache_take_fail_gate=0 recv_up_sum_abs=0.000000e+00 recv_up_max_abs=0.000000e+00 recv_up_zero=0 recv_gate_sum_abs=0.000000e+00 recv_gate_max_abs=0.000000e+00 recv_gate_zero=0 recv_down_sum_abs=0.000000e+00 recv_down_max_abs=0.000000e+00 recv_down_zero=0 recv_other_sum_abs=0.000000e+00 recv_other_max_abs=0.000000e+00 recv_other_zero=0 recv_ffn_sum_abs=0.000000e+00 recv_ffn_max_abs=0.000000e+00 recv_ffn_zero=0
SUCCEED (one forward pass done)"
validation,8c_high,2,scheduler,trunc_even_0.8,8,"60,61,62,63,64,65,66,67","30,40,50,60,70,80,90,100",trunc_even_0.8,ok,35.0472,28.533,2514.57,3.1806442737579346,True,3,$,"llama_context: graph splits = 1
attach_threadpool: call
threads: decode=8 batch=8
prompt tokens: 4
running one forward pass (llama_decode) ...
Top-5 next-token candidates:
  id=3 logit=0 piece=""$""
  id=4 logit=0 piece=""%""
  id=1 logit=0 piece=""""""
  id=0 logit=0 piece=""!""
  id=2 logit=0 piece=""#""
Autoregressive generation:
Generated text: !
Decode-only throughput: 35.0472 tokens/s (1 tokens in 0.028533 s of llama_decode)
End-to-end throughput: 34.6595 tokens/s (1 tokens in 0.0288521 s)
[decode-stage-profile] model_load=386.547 ms context_create=58.3929 ms tokenize=0.465785 ms prefill_decode=2514.57 ms generation_decode=28.533 ms generation_total=28.8521 ms program_total=3005.93 ms
[svd-local-op-profile] up_ops=56 gate_ops=56 down_ops=56 up_total=152.269 ms gate_total=158.881 ms down_total=138.726 ms up_v=45.098 ms gate_v=46.103 ms down_v=50.944 ms up_u=107.166 ms gate_u=112.768 ms down_u=87.774 ms
[svd-local-stage-profile] attention_total=342.526 ms ffn_total=664.010 ms ffn_svd_total=449.876 ms ffn_svd_v=142.145 ms ffn_svd_u=307.708 ms
[svd-offload-zero-profile] up_finish=0 up_cache=0 up_no_request=27 gate_finish=0 gate_cache=0 gate_no_request=27 down_finish=0 down_cache=0 down_no_request=27 other_finish=0 other_cache=0 other_no_request=0
[svd-local-timeout-profile] up_keep=0 up_drop=0 up_wait=0.000 ms gate_keep=0 gate_drop=0 gate_wait=0.000 ms down_keep=0 down_drop=0 down_wait=0.000 ms other_keep=0 other_drop=0 other_wait=0.000 ms
[svd-offload-client] up_gate_req=0 down_req=0 other_mat_req=0 ffn_req=0 gate_cache_hits=0 gate_cache_checks=0 miss_invalid=0 miss_layer=0 miss_rank=0 miss_hash=0 miss_output=0 miss_data=0 send_up_gate=0.000 ms send_down=0.000 ms send_other=0.000 ms send_ffn=0.000 ms wait_up_gate=0.000 ms wait_down=0.000 ms wait_other=0.000 ms wait_ffn=0.000 ms
[svd-offload-client-stage-profile] rpc_send_total=0.000 ms rpc_wait_total=0.000 ms
[svd-offload-client-debug] finish_fail_up_gate=0 finish_fail_down=0 finish_fail_other=0 finish_fail_ffn=0 cache_take_fail_up=0 cache_take_fail_gate=0 recv_up_sum_abs=0.000000e+00 recv_up_max_abs=0.000000e+00 recv_up_zero=0 recv_gate_sum_abs=0.000000e+00 recv_gate_max_abs=0.000000e+00 recv_gate_zero=0 recv_down_sum_abs=0.000000e+00 recv_down_max_abs=0.000000e+00 recv_down_zero=0 recv_other_sum_abs=0.000000e+00 recv_other_max_abs=0.000000e+00 recv_other_zero=0 recv_ffn_sum_abs=0.000000e+00 recv_ffn_max_abs=0.000000e+00 recv_ffn_zero=0
SUCCEED (one forward pass done)"
