phase,scenario,repeat,policy,selected_policy,n_cores,cpus,loads,status,decode_tok_s,generation_decode_ms,speedup,baseline_tok_s,selected_tok_s,selected_speedup,elapsed_s,output_tail
candidate,4c_balanced_high,0,baseline_no_svd,,4,"60,61,62,63","20,40,60,80",ok,21.1335,47.3181,1.0,,,,1.0007696151733398,"llama_context: graph splits = 1
attach_threadpool: call
threads: decode=4 batch=4
prompt tokens: 4
running one forward pass (llama_decode) ...
Top-5 next-token candidates:
  id=11 logit=20.2053 piece="",""
  id=304 logit=18.9277 piece="" in""
  id=3837 logit=18.7558 piece=""，""
  id=1052 logit=18.5616 piece="" there""
  id=358 logit=17.8374 piece="" I""
Autoregressive generation:
Generated text: ,
Decode-only throughput: 21.1335 tokens/s (1 tokens in 0.0473181 s of llama_decode)
End-to-end throughput: 20.9961 tokens/s (1 tokens in 0.0476278 s)
[decode-stage-profile] model_load=587.043 ms context_create=64.3897 ms tokenize=0.473128 ms prefill_decode=98.8997 ms generation_decode=47.3181 ms generation_total=47.6278 ms program_total=815.595 ms
[svd-local-op-profile] up_ops=56 gate_ops=56 down_ops=56 up_total=41.322 ms gate_total=34.264 ms down_total=32.026 ms up_v=5.308 ms gate_v=5.521 ms down_v=26.249 ms up_u=36.006 ms gate_u=28.737 ms down_u=5.769 ms
[svd-local-stage-profile] attention_total=1.337 ms ffn_total=108.880 ms ffn_svd_total=107.612 ms ffn_svd_v=37.078 ms ffn_svd_u=70.512 ms
[svd-offload-zero-profile] up_finish=0 up_cache=0 up_no_request=27 gate_finish=0 gate_cache=0 gate_no_request=27 down_finish=0 down_cache=0 down_no_request=27 other_finish=0 other_cache=0 other_no_request=0
[svd-local-timeout-profile] up_keep=0 up_drop=0 up_wait=0.000 ms gate_keep=0 gate_drop=0 gate_wait=0.000 ms down_keep=0 down_drop=0 down_wait=0.000 ms other_keep=0 other_drop=0 other_wait=0.000 ms
[svd-offload-client] up_gate_req=0 down_req=0 other_mat_req=0 ffn_req=0 gate_cache_hits=0 gate_cache_checks=0 miss_invalid=0 miss_layer=0 miss_rank=0 miss_hash=0 miss_output=0 miss_data=0 send_up_gate=0.000 ms send_down=0.000 ms send_other=0.000 ms send_ffn=0.000 ms wait_up_gate=0.000 ms wait_down=0.000 ms wait_other=0.000 ms wait_ffn=0.000 ms
[svd-offload-client-stage-profile] rpc_send_total=0.000 ms rpc_wait_total=0.000 ms
[svd-offload-client-debug] finish_fail_up_gate=0 finish_fail_down=0 finish_fail_other=0 finish_fail_ffn=0 cache_take_fail_up=0 cache_take_fail_gate=0 recv_up_sum_abs=0.000000e+00 recv_up_max_abs=0.000000e+00 recv_up_zero=0 recv_gate_sum_abs=0.000000e+00 recv_gate_max_abs=0.000000e+00 recv_gate_zero=0 recv_down_sum_abs=0.000000e+00 recv_down_max_abs=0.000000e+00 recv_down_zero=0 recv_other_sum_abs=0.000000e+00 recv_other_max_abs=0.000000e+00 recv_other_zero=0 recv_ffn_sum_abs=0.000000e+00 recv_ffn_max_abs=0.000000e+00 recv_ffn_zero=0
SUCCEED (one forward pass done)"
candidate,4c_balanced_high,0,all_0.1,,4,"60,61,62,63","20,40,60,80",ok,22.0857,45.2781,1.0450564269997868,,,,0.8541069030761719,"llama_context: graph splits = 1
attach_threadpool: call
threads: decode=4 batch=4
prompt tokens: 4
running one forward pass (llama_decode) ...
Top-5 next-token candidates:
  id=3 logit=0 piece=""$""
  id=4 logit=0 piece=""%""
  id=1 logit=0 piece=""""""
  id=0 logit=0 piece=""!""
  id=2 logit=0 piece=""#""
Autoregressive generation:
Generated text: !
Decode-only throughput: 22.0857 tokens/s (1 tokens in 0.0452781 s of llama_decode)
End-to-end throughput: 21.936 tokens/s (1 tokens in 0.0455872 s)
[decode-stage-profile] model_load=397.189 ms context_create=68.7719 ms tokenize=0.915618 ms prefill_decode=169.229 ms generation_decode=45.2781 ms generation_total=45.5872 ms program_total=698.851 ms
[svd-local-op-profile] up_ops=56 gate_ops=56 down_ops=56 up_total=37.858 ms gate_total=38.454 ms down_total=32.978 ms up_v=6.065 ms gate_v=6.430 ms down_v=27.098 ms up_u=31.787 ms gate_u=32.020 ms down_u=5.878 ms
[svd-local-stage-profile] attention_total=33.002 ms ffn_total=114.607 ms ffn_svd_total=109.290 ms ffn_svd_v=39.593 ms ffn_svd_u=69.685 ms
[svd-offload-zero-profile] up_finish=0 up_cache=0 up_no_request=27 gate_finish=0 gate_cache=0 gate_no_request=27 down_finish=0 down_cache=0 down_no_request=27 other_finish=0 other_cache=0 other_no_request=0
[svd-local-timeout-profile] up_keep=0 up_drop=0 up_wait=0.000 ms gate_keep=0 gate_drop=0 gate_wait=0.000 ms down_keep=0 down_drop=0 down_wait=0.000 ms other_keep=0 other_drop=0 other_wait=0.000 ms
[svd-offload-client] up_gate_req=0 down_req=0 other_mat_req=0 ffn_req=0 gate_cache_hits=0 gate_cache_checks=0 miss_invalid=0 miss_layer=0 miss_rank=0 miss_hash=0 miss_output=0 miss_data=0 send_up_gate=0.000 ms send_down=0.000 ms send_other=0.000 ms send_ffn=0.000 ms wait_up_gate=0.000 ms wait_down=0.000 ms wait_other=0.000 ms wait_ffn=0.000 ms
[svd-offload-client-stage-profile] rpc_send_total=0.000 ms rpc_wait_total=0.000 ms
[svd-offload-client-debug] finish_fail_up_gate=0 finish_fail_down=0 finish_fail_other=0 finish_fail_ffn=0 cache_take_fail_up=0 cache_take_fail_gate=0 recv_up_sum_abs=0.000000e+00 recv_up_max_abs=0.000000e+00 recv_up_zero=0 recv_gate_sum_abs=0.000000e+00 recv_gate_max_abs=0.000000e+00 recv_gate_zero=0 recv_down_sum_abs=0.000000e+00 recv_down_max_abs=0.000000e+00 recv_down_zero=0 recv_other_sum_abs=0.000000e+00 recv_other_max_abs=0.000000e+00 recv_other_zero=0 recv_ffn_sum_abs=0.000000e+00 recv_ffn_max_abs=0.000000e+00 recv_ffn_zero=0
SUCCEED (one forward pass done)"
candidate,4c_balanced_high,0,all_0.2,,4,"60,61,62,63","20,40,60,80",ok,20.4091,48.9976,0.9657226678023043,,,,0.9584059715270996,"llama_context: graph splits = 1
attach_threadpool: call
threads: decode=4 batch=4
prompt tokens: 4
running one forward pass (llama_decode) ...
Top-5 next-token candidates:
  id=3 logit=0 piece=""$""
  id=4 logit=0 piece=""%""
  id=1 logit=0 piece=""""""
  id=0 logit=0 piece=""!""
  id=2 logit=0 piece=""#""
Autoregressive generation:
Generated text: !
Decode-only throughput: 20.4091 tokens/s (1 tokens in 0.0489976 s of llama_decode)
End-to-end throughput: 20.2775 tokens/s (1 tokens in 0.0493158 s)
[decode-stage-profile] model_load=566.353 ms context_create=69.5488 ms tokenize=0.901615 ms prefill_decode=107.796 ms generation_decode=48.9976 ms generation_total=49.3158 ms program_total=811.303 ms
[svd-local-op-profile] up_ops=56 gate_ops=56 down_ops=56 up_total=40.476 ms gate_total=43.852 ms down_total=33.762 ms up_v=5.611 ms gate_v=5.790 ms down_v=23.522 ms up_u=34.857 ms gate_u=38.055 ms down_u=10.235 ms
[svd-local-stage-profile] attention_total=1.392 ms ffn_total=119.508 ms ffn_svd_total=118.090 ms ffn_svd_v=34.923 ms ffn_svd_u=83.147 ms
[svd-offload-zero-profile] up_finish=0 up_cache=0 up_no_request=27 gate_finish=0 gate_cache=0 gate_no_request=27 down_finish=0 down_cache=0 down_no_request=27 other_finish=0 other_cache=0 other_no_request=0
[svd-local-timeout-profile] up_keep=0 up_drop=0 up_wait=0.000 ms gate_keep=0 gate_drop=0 gate_wait=0.000 ms down_keep=0 down_drop=0 down_wait=0.000 ms other_keep=0 other_drop=0 other_wait=0.000 ms
[svd-offload-client] up_gate_req=0 down_req=0 other_mat_req=0 ffn_req=0 gate_cache_hits=0 gate_cache_checks=0 miss_invalid=0 miss_layer=0 miss_rank=0 miss_hash=0 miss_output=0 miss_data=0 send_up_gate=0.000 ms send_down=0.000 ms send_other=0.000 ms send_ffn=0.000 ms wait_up_gate=0.000 ms wait_down=0.000 ms wait_other=0.000 ms wait_ffn=0.000 ms
[svd-offload-client-stage-profile] rpc_send_total=0.000 ms rpc_wait_total=0.000 ms
[svd-offload-client-debug] finish_fail_up_gate=0 finish_fail_down=0 finish_fail_other=0 finish_fail_ffn=0 cache_take_fail_up=0 cache_take_fail_gate=0 recv_up_sum_abs=0.000000e+00 recv_up_max_abs=0.000000e+00 recv_up_zero=0 recv_gate_sum_abs=0.000000e+00 recv_gate_max_abs=0.000000e+00 recv_gate_zero=0 recv_down_sum_abs=0.000000e+00 recv_down_max_abs=0.000000e+00 recv_down_zero=0 recv_other_sum_abs=0.000000e+00 recv_other_max_abs=0.000000e+00 recv_other_zero=0 recv_ffn_sum_abs=0.000000e+00 recv_ffn_max_abs=0.000000e+00 recv_ffn_zero=0
SUCCEED (one forward pass done)"
candidate,4c_balanced_high,0,all_0.3,,4,"60,61,62,63","20,40,60,80",ok,19.6543,50.8794,0.930006861144628,,,,0.7637014389038086,"llama_context: graph splits = 1
attach_threadpool: call
threads: decode=4 batch=4
prompt tokens: 4
running one forward pass (llama_decode) ...
Top-5 next-token candidates:
  id=3 logit=0 piece=""$""
  id=4 logit=0 piece=""%""
  id=1 logit=0 piece=""""""
  id=0 logit=0 piece=""!""
  id=2 logit=0 piece=""#""
Autoregressive generation:
Generated text: !
Decode-only throughput: 19.6543 tokens/s (1 tokens in 0.0508794 s of llama_decode)
End-to-end throughput: 19.5344 tokens/s (1 tokens in 0.0511917 s)
[decode-stage-profile] model_load=391.432 ms context_create=62.0872 ms tokenize=0.453 ms prefill_decode=89.0682 ms generation_decode=50.8794 ms generation_total=51.1917 ms program_total=611.131 ms
[svd-local-op-profile] up_ops=56 gate_ops=56 down_ops=56 up_total=37.008 ms gate_total=36.466 ms down_total=28.403 ms up_v=5.494 ms gate_v=4.981 ms down_v=22.837 ms up_u=31.509 ms gate_u=31.468 ms down_u=5.559 ms
[svd-local-stage-profile] attention_total=1.265 ms ffn_total=103.133 ms ffn_svd_total=101.877 ms ffn_svd_v=33.312 ms ffn_svd_u=68.536 ms
[svd-offload-zero-profile] up_finish=0 up_cache=0 up_no_request=27 gate_finish=0 gate_cache=0 gate_no_request=27 down_finish=0 down_cache=0 down_no_request=27 other_finish=0 other_cache=0 other_no_request=0
[svd-local-timeout-profile] up_keep=0 up_drop=0 up_wait=0.000 ms gate_keep=0 gate_drop=0 gate_wait=0.000 ms down_keep=0 down_drop=0 down_wait=0.000 ms other_keep=0 other_drop=0 other_wait=0.000 ms
[svd-offload-client] up_gate_req=0 down_req=0 other_mat_req=0 ffn_req=0 gate_cache_hits=0 gate_cache_checks=0 miss_invalid=0 miss_layer=0 miss_rank=0 miss_hash=0 miss_output=0 miss_data=0 send_up_gate=0.000 ms send_down=0.000 ms send_other=0.000 ms send_ffn=0.000 ms wait_up_gate=0.000 ms wait_down=0.000 ms wait_other=0.000 ms wait_ffn=0.000 ms
[svd-offload-client-stage-profile] rpc_send_total=0.000 ms rpc_wait_total=0.000 ms
[svd-offload-client-debug] finish_fail_up_gate=0 finish_fail_down=0 finish_fail_other=0 finish_fail_ffn=0 cache_take_fail_up=0 cache_take_fail_gate=0 recv_up_sum_abs=0.000000e+00 recv_up_max_abs=0.000000e+00 recv_up_zero=0 recv_gate_sum_abs=0.000000e+00 recv_gate_max_abs=0.000000e+00 recv_gate_zero=0 recv_down_sum_abs=0.000000e+00 recv_down_max_abs=0.000000e+00 recv_down_zero=0 recv_other_sum_abs=0.000000e+00 recv_other_max_abs=0.000000e+00 recv_other_zero=0 recv_ffn_sum_abs=0.000000e+00 recv_ffn_max_abs=0.000000e+00 recv_ffn_zero=0
SUCCEED (one forward pass done)"
candidate,4c_balanced_high,0,all_0.35,,4,"60,61,62,63","20,40,60,80",ok,20.783,48.1163,0.9834149572952895,,,,0.8553831577301025,"llama_context: graph splits = 1
attach_threadpool: call
threads: decode=4 batch=4
prompt tokens: 4
running one forward pass (llama_decode) ...
Top-5 next-token candidates:
  id=3 logit=0 piece=""$""
  id=4 logit=0 piece=""%""
  id=1 logit=0 piece=""""""
  id=0 logit=0 piece=""!""
  id=2 logit=0 piece=""#""
Autoregressive generation:
Generated text: !
Decode-only throughput: 20.783 tokens/s (1 tokens in 0.0481163 s of llama_decode)
End-to-end throughput: 20.647 tokens/s (1 tokens in 0.0484331 s)
[decode-stage-profile] model_load=403.763 ms context_create=69.3689 ms tokenize=0.939948 ms prefill_decode=135.364 ms generation_decode=48.1163 ms generation_total=48.4331 ms program_total=674.725 ms
[svd-local-op-profile] up_ops=56 gate_ops=56 down_ops=56 up_total=35.938 ms gate_total=39.989 ms down_total=29.609 ms up_v=4.776 ms gate_v=4.782 ms down_v=23.829 ms up_u=31.152 ms gate_u=35.200 ms down_u=5.776 ms
[svd-local-stage-profile] attention_total=19.686 ms ffn_total=106.955 ms ffn_svd_total=105.536 ms ffn_svd_v=33.387 ms ffn_svd_u=72.128 ms
[svd-offload-zero-profile] up_finish=0 up_cache=0 up_no_request=27 gate_finish=0 gate_cache=0 gate_no_request=27 down_finish=0 down_cache=0 down_no_request=27 other_finish=0 other_cache=0 other_no_request=0
[svd-local-timeout-profile] up_keep=0 up_drop=0 up_wait=0.000 ms gate_keep=0 gate_drop=0 gate_wait=0.000 ms down_keep=0 down_drop=0 down_wait=0.000 ms other_keep=0 other_drop=0 other_wait=0.000 ms
[svd-offload-client] up_gate_req=0 down_req=0 other_mat_req=0 ffn_req=0 gate_cache_hits=0 gate_cache_checks=0 miss_invalid=0 miss_layer=0 miss_rank=0 miss_hash=0 miss_output=0 miss_data=0 send_up_gate=0.000 ms send_down=0.000 ms send_other=0.000 ms send_ffn=0.000 ms wait_up_gate=0.000 ms wait_down=0.000 ms wait_other=0.000 ms wait_ffn=0.000 ms
[svd-offload-client-stage-profile] rpc_send_total=0.000 ms rpc_wait_total=0.000 ms
[svd-offload-client-debug] finish_fail_up_gate=0 finish_fail_down=0 finish_fail_other=0 finish_fail_ffn=0 cache_take_fail_up=0 cache_take_fail_gate=0 recv_up_sum_abs=0.000000e+00 recv_up_max_abs=0.000000e+00 recv_up_zero=0 recv_gate_sum_abs=0.000000e+00 recv_gate_max_abs=0.000000e+00 recv_gate_zero=0 recv_down_sum_abs=0.000000e+00 recv_down_max_abs=0.000000e+00 recv_down_zero=0 recv_other_sum_abs=0.000000e+00 recv_other_max_abs=0.000000e+00 recv_other_zero=0 recv_ffn_sum_abs=0.000000e+00 recv_ffn_max_abs=0.000000e+00 recv_ffn_zero=0
SUCCEED (one forward pass done)"
candidate,4c_balanced_high,0,all_0.4,,4,"60,61,62,63","20,40,60,80",ok,19.87,50.3272,0.9402134052570563,,,,0.9955461025238037,"llama_context: graph splits = 1
attach_threadpool: call
threads: decode=4 batch=4
prompt tokens: 4
running one forward pass (llama_decode) ...
Top-5 next-token candidates:
  id=3 logit=0 piece=""$""
  id=4 logit=0 piece=""%""
  id=1 logit=0 piece=""""""
  id=0 logit=0 piece=""!""
  id=2 logit=0 piece=""#""
Autoregressive generation:
Generated text: !
Decode-only throughput: 19.87 tokens/s (1 tokens in 0.0503272 s of llama_decode)
End-to-end throughput: 19.747 tokens/s (1 tokens in 0.0506407 s)
[decode-stage-profile] model_load=474.297 ms context_create=58.9451 ms tokenize=0.463531 ms prefill_decode=235.911 ms generation_decode=50.3272 ms generation_total=50.6407 ms program_total=838.022 ms
[svd-local-op-profile] up_ops=56 gate_ops=56 down_ops=56 up_total=37.642 ms gate_total=33.378 ms down_total=24.282 ms up_v=4.737 ms gate_v=4.448 ms down_v=18.735 ms up_u=32.896 ms gate_u=28.926 ms down_u=5.543 ms
[svd-local-stage-profile] attention_total=50.033 ms ffn_total=96.609 ms ffn_svd_total=95.302 ms ffn_svd_v=27.920 ms ffn_svd_u=67.365 ms
[svd-offload-zero-profile] up_finish=0 up_cache=0 up_no_request=27 gate_finish=0 gate_cache=0 gate_no_request=27 down_finish=0 down_cache=0 down_no_request=27 other_finish=0 other_cache=0 other_no_request=0
[svd-local-timeout-profile] up_keep=0 up_drop=0 up_wait=0.000 ms gate_keep=0 gate_drop=0 gate_wait=0.000 ms down_keep=0 down_drop=0 down_wait=0.000 ms other_keep=0 other_drop=0 other_wait=0.000 ms
[svd-offload-client] up_gate_req=0 down_req=0 other_mat_req=0 ffn_req=0 gate_cache_hits=0 gate_cache_checks=0 miss_invalid=0 miss_layer=0 miss_rank=0 miss_hash=0 miss_output=0 miss_data=0 send_up_gate=0.000 ms send_down=0.000 ms send_other=0.000 ms send_ffn=0.000 ms wait_up_gate=0.000 ms wait_down=0.000 ms wait_other=0.000 ms wait_ffn=0.000 ms
[svd-offload-client-stage-profile] rpc_send_total=0.000 ms rpc_wait_total=0.000 ms
[svd-offload-client-debug] finish_fail_up_gate=0 finish_fail_down=0 finish_fail_other=0 finish_fail_ffn=0 cache_take_fail_up=0 cache_take_fail_gate=0 recv_up_sum_abs=0.000000e+00 recv_up_max_abs=0.000000e+00 recv_up_zero=0 recv_gate_sum_abs=0.000000e+00 recv_gate_max_abs=0.000000e+00 recv_gate_zero=0 recv_down_sum_abs=0.000000e+00 recv_down_max_abs=0.000000e+00 recv_down_zero=0 recv_other_sum_abs=0.000000e+00 recv_other_max_abs=0.000000e+00 recv_other_zero=0 recv_ffn_sum_abs=0.000000e+00 recv_ffn_max_abs=0.000000e+00 recv_ffn_zero=0
SUCCEED (one forward pass done)"
candidate,4c_balanced_high,0,all_0.45,,4,"60,61,62,63","20,40,60,80",ok,20.3266,49.1967,0.9618189131000543,,,,0.8439757823944092,"llama_context: graph splits = 1
attach_threadpool: call
threads: decode=4 batch=4
prompt tokens: 4
running one forward pass (llama_decode) ...
Top-5 next-token candidates:
  id=3 logit=0 piece=""$""
  id=4 logit=0 piece=""%""
  id=1 logit=0 piece=""""""
  id=0 logit=0 piece=""!""
  id=2 logit=0 piece=""#""
Autoregressive generation:
Generated text: !
Decode-only throughput: 20.3266 tokens/s (1 tokens in 0.0491967 s of llama_decode)
End-to-end throughput: 20.2016 tokens/s (1 tokens in 0.049501 s)
[decode-stage-profile] model_load=476.438 ms context_create=57.2646 ms tokenize=0.460463 ms prefill_decode=82.0873 ms generation_decode=49.1967 ms generation_total=49.501 ms program_total=684.965 ms
[svd-local-op-profile] up_ops=56 gate_ops=56 down_ops=56 up_total=33.154 ms gate_total=37.258 ms down_total=21.976 ms up_v=4.627 ms gate_v=4.831 ms down_v=16.795 ms up_u=28.523 ms gate_u=32.424 ms down_u=5.175 ms
[svd-local-stage-profile] attention_total=1.354 ms ffn_total=93.641 ms ffn_svd_total=92.388 ms ffn_svd_v=26.253 ms ffn_svd_u=66.122 ms
[svd-offload-zero-profile] up_finish=0 up_cache=0 up_no_request=27 gate_finish=0 gate_cache=0 gate_no_request=27 down_finish=0 down_cache=0 down_no_request=27 other_finish=0 other_cache=0 other_no_request=0
[svd-local-timeout-profile] up_keep=0 up_drop=0 up_wait=0.000 ms gate_keep=0 gate_drop=0 gate_wait=0.000 ms down_keep=0 down_drop=0 down_wait=0.000 ms other_keep=0 other_drop=0 other_wait=0.000 ms
[svd-offload-client] up_gate_req=0 down_req=0 other_mat_req=0 ffn_req=0 gate_cache_hits=0 gate_cache_checks=0 miss_invalid=0 miss_layer=0 miss_rank=0 miss_hash=0 miss_output=0 miss_data=0 send_up_gate=0.000 ms send_down=0.000 ms send_other=0.000 ms send_ffn=0.000 ms wait_up_gate=0.000 ms wait_down=0.000 ms wait_other=0.000 ms wait_ffn=0.000 ms
[svd-offload-client-stage-profile] rpc_send_total=0.000 ms rpc_wait_total=0.000 ms
[svd-offload-client-debug] finish_fail_up_gate=0 finish_fail_down=0 finish_fail_other=0 finish_fail_ffn=0 cache_take_fail_up=0 cache_take_fail_gate=0 recv_up_sum_abs=0.000000e+00 recv_up_max_abs=0.000000e+00 recv_up_zero=0 recv_gate_sum_abs=0.000000e+00 recv_gate_max_abs=0.000000e+00 recv_gate_zero=0 recv_down_sum_abs=0.000000e+00 recv_down_max_abs=0.000000e+00 recv_down_zero=0 recv_other_sum_abs=0.000000e+00 recv_other_max_abs=0.000000e+00 recv_other_zero=0 recv_ffn_sum_abs=0.000000e+00 recv_ffn_max_abs=0.000000e+00 recv_ffn_zero=0
SUCCEED (one forward pass done)"
candidate,4c_balanced_high,0,all_0.5,,4,"60,61,62,63","20,40,60,80",ok,4.49094,222.671,0.21250337142451556,,,,1.5524117946624756,"llama_context: graph splits = 1
attach_threadpool: call
threads: decode=4 batch=4
prompt tokens: 4
running one forward pass (llama_decode) ...
Top-5 next-token candidates:
  id=11 logit=15.272 piece="",""
  id=12 logit=14.9123 piece=""-""
  id=51730 logit=14.8613 piece="" Ri""
  id=6216 logit=14.8165 piece="" ir""
  id=472 logit=14.5534 piece="" H""
Autoregressive generation:
Generated text: ,
Decode-only throughput: 4.49094 tokens/s (1 tokens in 0.222671 s of llama_decode)
End-to-end throughput: 4.48455 tokens/s (1 tokens in 0.222988 s)
[decode-stage-profile] model_load=532.929 ms context_create=58.9698 ms tokenize=0.45112 ms prefill_decode=566.388 ms generation_decode=222.671 ms generation_total=222.988 ms program_total=1398.94 ms
[svd-local-op-profile] up_ops=56 gate_ops=56 down_ops=56 up_total=65.697 ms gate_total=58.762 ms down_total=53.012 ms up_v=15.252 ms gate_v=10.774 ms down_v=26.386 ms up_u=50.440 ms gate_u=47.982 ms down_u=26.618 ms
[svd-local-stage-profile] attention_total=154.410 ms ffn_total=247.355 ms ffn_svd_total=177.471 ms ffn_svd_v=52.412 ms ffn_svd_u=125.040 ms
[svd-offload-zero-profile] up_finish=0 up_cache=0 up_no_request=27 gate_finish=0 gate_cache=0 gate_no_request=27 down_finish=0 down_cache=0 down_no_request=27 other_finish=0 other_cache=0 other_no_request=0
[svd-local-timeout-profile] up_keep=0 up_drop=0 up_wait=0.000 ms gate_keep=0 gate_drop=0 gate_wait=0.000 ms down_keep=0 down_drop=0 down_wait=0.000 ms other_keep=0 other_drop=0 other_wait=0.000 ms
[svd-offload-client] up_gate_req=0 down_req=0 other_mat_req=0 ffn_req=0 gate_cache_hits=0 gate_cache_checks=0 miss_invalid=0 miss_layer=0 miss_rank=0 miss_hash=0 miss_output=0 miss_data=0 send_up_gate=0.000 ms send_down=0.000 ms send_other=0.000 ms send_ffn=0.000 ms wait_up_gate=0.000 ms wait_down=0.000 ms wait_other=0.000 ms wait_ffn=0.000 ms
[svd-offload-client-stage-profile] rpc_send_total=0.000 ms rpc_wait_total=0.000 ms
[svd-offload-client-debug] finish_fail_up_gate=0 finish_fail_down=0 finish_fail_other=0 finish_fail_ffn=0 cache_take_fail_up=0 cache_take_fail_gate=0 recv_up_sum_abs=0.000000e+00 recv_up_max_abs=0.000000e+00 recv_up_zero=0 recv_gate_sum_abs=0.000000e+00 recv_gate_max_abs=0.000000e+00 recv_gate_zero=0 recv_down_sum_abs=0.000000e+00 recv_down_max_abs=0.000000e+00 recv_down_zero=0 recv_other_sum_abs=0.000000e+00 recv_other_max_abs=0.000000e+00 recv_other_zero=0 recv_ffn_sum_abs=0.000000e+00 recv_ffn_max_abs=0.000000e+00 recv_ffn_zero=0
SUCCEED (one forward pass done)"
candidate,4c_balanced_high,0,trunc_even_0.8,,4,"60,61,62,63","20,40,60,80",ok,20.9023,47.8417,0.989060023185937,,,,0.8451948165893555,"llama_context: graph splits = 1
attach_threadpool: call
threads: decode=4 batch=4
prompt tokens: 4
running one forward pass (llama_decode) ...
Top-5 next-token candidates:
  id=3 logit=0 piece=""$""
  id=4 logit=0 piece=""%""
  id=1 logit=0 piece=""""""
  id=0 logit=0 piece=""!""
  id=2 logit=0 piece=""#""
Autoregressive generation:
Generated text: !
Decode-only throughput: 20.9023 tokens/s (1 tokens in 0.0478417 s of llama_decode)
End-to-end throughput: 20.7614 tokens/s (1 tokens in 0.0481663 s)
[decode-stage-profile] model_load=395.64 ms context_create=58.8906 ms tokenize=0.446389 ms prefill_decode=176.307 ms generation_decode=47.8417 ms generation_total=48.1663 ms program_total=696.064 ms
[svd-local-op-profile] up_ops=56 gate_ops=56 down_ops=56 up_total=34.820 ms gate_total=34.686 ms down_total=27.868 ms up_v=4.656 ms gate_v=4.521 ms down_v=22.212 ms up_u=30.159 ms gate_u=30.160 ms down_u=5.651 ms
[svd-local-stage-profile] attention_total=47.188 ms ffn_total=98.613 ms ffn_svd_total=97.374 ms ffn_svd_v=31.389 ms ffn_svd_u=65.970 ms
[svd-offload-zero-profile] up_finish=0 up_cache=0 up_no_request=27 gate_finish=0 gate_cache=0 gate_no_request=27 down_finish=0 down_cache=0 down_no_request=27 other_finish=0 other_cache=0 other_no_request=0
[svd-local-timeout-profile] up_keep=0 up_drop=0 up_wait=0.000 ms gate_keep=0 gate_drop=0 gate_wait=0.000 ms down_keep=0 down_drop=0 down_wait=0.000 ms other_keep=0 other_drop=0 other_wait=0.000 ms
[svd-offload-client] up_gate_req=0 down_req=0 other_mat_req=0 ffn_req=0 gate_cache_hits=0 gate_cache_checks=0 miss_invalid=0 miss_layer=0 miss_rank=0 miss_hash=0 miss_output=0 miss_data=0 send_up_gate=0.000 ms send_down=0.000 ms send_other=0.000 ms send_ffn=0.000 ms wait_up_gate=0.000 ms wait_down=0.000 ms wait_other=0.000 ms wait_ffn=0.000 ms
[svd-offload-client-stage-profile] rpc_send_total=0.000 ms rpc_wait_total=0.000 ms
[svd-offload-client-debug] finish_fail_up_gate=0 finish_fail_down=0 finish_fail_other=0 finish_fail_ffn=0 cache_take_fail_up=0 cache_take_fail_gate=0 recv_up_sum_abs=0.000000e+00 recv_up_max_abs=0.000000e+00 recv_up_zero=0 recv_gate_sum_abs=0.000000e+00 recv_gate_max_abs=0.000000e+00 recv_gate_zero=0 recv_down_sum_abs=0.000000e+00 recv_down_max_abs=0.000000e+00 recv_down_zero=0 recv_other_sum_abs=0.000000e+00 recv_other_max_abs=0.000000e+00 recv_other_zero=0 recv_ffn_sum_abs=0.000000e+00 recv_ffn_max_abs=0.000000e+00 recv_ffn_zero=0
SUCCEED (one forward pass done)"
candidate,4c_balanced_high,0,trunc_even_0.85,,4,"60,61,62,63","20,40,60,80",ok,21.3347,46.872,1.0095204296496085,,,,0.8466863632202148,"llama_context: graph splits = 1
attach_threadpool: call
threads: decode=4 batch=4
prompt tokens: 4
running one forward pass (llama_decode) ...
Top-5 next-token candidates:
  id=3 logit=0 piece=""$""
  id=4 logit=0 piece=""%""
  id=1 logit=0 piece=""""""
  id=0 logit=0 piece=""!""
  id=2 logit=0 piece=""#""
Autoregressive generation:
Generated text: !
Decode-only throughput: 21.3347 tokens/s (1 tokens in 0.046872 s of llama_decode)
End-to-end throughput: 21.1932 tokens/s (1 tokens in 0.047185 s)
[decode-stage-profile] model_load=423.47 ms context_create=60.6907 ms tokenize=0.45101 ms prefill_decode=163 ms generation_decode=46.872 ms generation_total=47.185 ms program_total=712.19 ms
[svd-local-op-profile] up_ops=56 gate_ops=56 down_ops=56 up_total=36.961 ms gate_total=33.256 ms down_total=22.766 ms up_v=4.419 ms gate_v=4.343 ms down_v=17.438 ms up_u=32.534 ms gate_u=28.908 ms down_u=5.324 ms
[svd-local-stage-profile] attention_total=53.290 ms ffn_total=94.123 ms ffn_svd_total=92.983 ms ffn_svd_v=26.200 ms ffn_svd_u=66.766 ms
[svd-offload-zero-profile] up_finish=0 up_cache=0 up_no_request=27 gate_finish=0 gate_cache=0 gate_no_request=27 down_finish=0 down_cache=0 down_no_request=27 other_finish=0 other_cache=0 other_no_request=0
[svd-local-timeout-profile] up_keep=0 up_drop=0 up_wait=0.000 ms gate_keep=0 gate_drop=0 gate_wait=0.000 ms down_keep=0 down_drop=0 down_wait=0.000 ms other_keep=0 other_drop=0 other_wait=0.000 ms
[svd-offload-client] up_gate_req=0 down_req=0 other_mat_req=0 ffn_req=0 gate_cache_hits=0 gate_cache_checks=0 miss_invalid=0 miss_layer=0 miss_rank=0 miss_hash=0 miss_output=0 miss_data=0 send_up_gate=0.000 ms send_down=0.000 ms send_other=0.000 ms send_ffn=0.000 ms wait_up_gate=0.000 ms wait_down=0.000 ms wait_other=0.000 ms wait_ffn=0.000 ms
[svd-offload-client-stage-profile] rpc_send_total=0.000 ms rpc_wait_total=0.000 ms
[svd-offload-client-debug] finish_fail_up_gate=0 finish_fail_down=0 finish_fail_other=0 finish_fail_ffn=0 cache_take_fail_up=0 cache_take_fail_gate=0 recv_up_sum_abs=0.000000e+00 recv_up_max_abs=0.000000e+00 recv_up_zero=0 recv_gate_sum_abs=0.000000e+00 recv_gate_max_abs=0.000000e+00 recv_gate_zero=0 recv_down_sum_abs=0.000000e+00 recv_down_max_abs=0.000000e+00 recv_down_zero=0 recv_other_sum_abs=0.000000e+00 recv_other_max_abs=0.000000e+00 recv_other_zero=0 recv_ffn_sum_abs=0.000000e+00 recv_ffn_max_abs=0.000000e+00 recv_ffn_zero=0
SUCCEED (one forward pass done)"
selected,4c_balanced_high,0,all_0.1,all_0.1,4,"60,61,62,63","20,40,60,80",ok,,,,21.1335,22.0857,1.0450564269997868,,
candidate,4c_balanced_high,1,baseline_no_svd,,4,"60,61,62,63","20,40,60,80",ok,19.2888,51.8436,1.0,,,,1.2923176288604736,"llama_context: graph splits = 1
attach_threadpool: call
threads: decode=4 batch=4
prompt tokens: 4
running one forward pass (llama_decode) ...
Top-5 next-token candidates:
  id=11 logit=20.2053 piece="",""
  id=304 logit=18.9277 piece="" in""
  id=3837 logit=18.7558 piece=""，""
  id=1052 logit=18.5616 piece="" there""
  id=358 logit=17.8374 piece="" I""
Autoregressive generation:
Generated text: ,
Decode-only throughput: 19.2888 tokens/s (1 tokens in 0.0518436 s of llama_decode)
End-to-end throughput: 19.1719 tokens/s (1 tokens in 0.0521595 s)
[decode-stage-profile] model_load=381.492 ms context_create=56.2281 ms tokenize=0.465091 ms prefill_decode=637.931 ms generation_decode=51.8436 ms generation_total=52.1595 ms program_total=1144.82 ms
[svd-local-op-profile] up_ops=56 gate_ops=56 down_ops=56 up_total=81.609 ms gate_total=53.849 ms down_total=79.784 ms up_v=17.610 ms gate_v=6.601 ms down_v=45.587 ms up_u=63.997 ms gate_u=47.243 ms down_u=34.194 ms
[svd-local-stage-profile] attention_total=100.305 ms ffn_total=254.843 ms ffn_svd_total=215.242 ms ffn_svd_v=69.798 ms ffn_svd_u=145.434 ms
[svd-offload-zero-profile] up_finish=0 up_cache=0 up_no_request=27 gate_finish=0 gate_cache=0 gate_no_request=27 down_finish=0 down_cache=0 down_no_request=27 other_finish=0 other_cache=0 other_no_request=0
[svd-local-timeout-profile] up_keep=0 up_drop=0 up_wait=0.000 ms gate_keep=0 gate_drop=0 gate_wait=0.000 ms down_keep=0 down_drop=0 down_wait=0.000 ms other_keep=0 other_drop=0 other_wait=0.000 ms
[svd-offload-client] up_gate_req=0 down_req=0 other_mat_req=0 ffn_req=0 gate_cache_hits=0 gate_cache_checks=0 miss_invalid=0 miss_layer=0 miss_rank=0 miss_hash=0 miss_output=0 miss_data=0 send_up_gate=0.000 ms send_down=0.000 ms send_other=0.000 ms send_ffn=0.000 ms wait_up_gate=0.000 ms wait_down=0.000 ms wait_other=0.000 ms wait_ffn=0.000 ms
[svd-offload-client-stage-profile] rpc_send_total=0.000 ms rpc_wait_total=0.000 ms
[svd-offload-client-debug] finish_fail_up_gate=0 finish_fail_down=0 finish_fail_other=0 finish_fail_ffn=0 cache_take_fail_up=0 cache_take_fail_gate=0 recv_up_sum_abs=0.000000e+00 recv_up_max_abs=0.000000e+00 recv_up_zero=0 recv_gate_sum_abs=0.000000e+00 recv_gate_max_abs=0.000000e+00 recv_gate_zero=0 recv_down_sum_abs=0.000000e+00 recv_down_max_abs=0.000000e+00 recv_down_zero=0 recv_other_sum_abs=0.000000e+00 recv_other_max_abs=0.000000e+00 recv_other_zero=0 recv_ffn_sum_abs=0.000000e+00 recv_ffn_max_abs=0.000000e+00 recv_ffn_zero=0
SUCCEED (one forward pass done)"
candidate,4c_balanced_high,1,all_0.1,,4,"60,61,62,63","20,40,60,80",ok,18.1163,55.1988,0.9392134295549749,,,,0.8192312717437744,"llama_context: graph splits = 1
attach_threadpool: call
threads: decode=4 batch=4
prompt tokens: 4
running one forward pass (llama_decode) ...
Top-5 next-token candidates:
  id=3 logit=0 piece=""$""
  id=4 logit=0 piece=""%""
  id=1 logit=0 piece=""""""
  id=0 logit=0 piece=""!""
  id=2 logit=0 piece=""#""
Autoregressive generation:
Generated text: !
Decode-only throughput: 18.1163 tokens/s (1 tokens in 0.0551988 s of llama_decode)
End-to-end throughput: 18.002 tokens/s (1 tokens in 0.0555495 s)
[decode-stage-profile] model_load=389.159 ms context_create=57.2162 ms tokenize=0.465076 ms prefill_decode=110.473 ms generation_decode=55.1988 ms generation_total=55.5495 ms program_total=629.59 ms
[svd-local-op-profile] up_ops=56 gate_ops=56 down_ops=56 up_total=46.981 ms gate_total=45.373 ms down_total=34.212 ms up_v=6.841 ms gate_v=7.365 ms down_v=27.525 ms up_u=40.136 ms gate_u=38.004 ms down_u=6.680 ms
[svd-local-stage-profile] attention_total=3.229 ms ffn_total=127.977 ms ffn_svd_total=126.566 ms ffn_svd_v=41.731 ms ffn_svd_u=84.820 ms
[svd-offload-zero-profile] up_finish=0 up_cache=0 up_no_request=27 gate_finish=0 gate_cache=0 gate_no_request=27 down_finish=0 down_cache=0 down_no_request=27 other_finish=0 other_cache=0 other_no_request=0
[svd-local-timeout-profile] up_keep=0 up_drop=0 up_wait=0.000 ms gate_keep=0 gate_drop=0 gate_wait=0.000 ms down_keep=0 down_drop=0 down_wait=0.000 ms other_keep=0 other_drop=0 other_wait=0.000 ms
[svd-offload-client] up_gate_req=0 down_req=0 other_mat_req=0 ffn_req=0 gate_cache_hits=0 gate_cache_checks=0 miss_invalid=0 miss_layer=0 miss_rank=0 miss_hash=0 miss_output=0 miss_data=0 send_up_gate=0.000 ms send_down=0.000 ms send_other=0.000 ms send_ffn=0.000 ms wait_up_gate=0.000 ms wait_down=0.000 ms wait_other=0.000 ms wait_ffn=0.000 ms
[svd-offload-client-stage-profile] rpc_send_total=0.000 ms rpc_wait_total=0.000 ms
[svd-offload-client-debug] finish_fail_up_gate=0 finish_fail_down=0 finish_fail_other=0 finish_fail_ffn=0 cache_take_fail_up=0 cache_take_fail_gate=0 recv_up_sum_abs=0.000000e+00 recv_up_max_abs=0.000000e+00 recv_up_zero=0 recv_gate_sum_abs=0.000000e+00 recv_gate_max_abs=0.000000e+00 recv_gate_zero=0 recv_down_sum_abs=0.000000e+00 recv_down_max_abs=0.000000e+00 recv_down_zero=0 recv_other_sum_abs=0.000000e+00 recv_other_max_abs=0.000000e+00 recv_other_zero=0 recv_ffn_sum_abs=0.000000e+00 recv_ffn_max_abs=0.000000e+00 recv_ffn_zero=0
SUCCEED (one forward pass done)"
candidate,4c_balanced_high,1,all_0.2,,4,"60,61,62,63","20,40,60,80",ok,19.6534,50.8817,1.018902160839451,,,,1.0357933044433594,"llama_context: graph splits = 1
attach_threadpool: call
threads: decode=4 batch=4
prompt tokens: 4
running one forward pass (llama_decode) ...
Top-5 next-token candidates:
  id=3 logit=0 piece=""$""
  id=4 logit=0 piece=""%""
  id=1 logit=0 piece=""""""
  id=0 logit=0 piece=""!""
  id=2 logit=0 piece=""#""
Autoregressive generation:
Generated text: !
Decode-only throughput: 19.6534 tokens/s (1 tokens in 0.0508817 s of llama_decode)
End-to-end throughput: 19.5337 tokens/s (1 tokens in 0.0511935 s)
[decode-stage-profile] model_load=379.834 ms context_create=60.9156 ms tokenize=0.466217 ms prefill_decode=375.333 ms generation_decode=50.8817 ms generation_total=51.1935 ms program_total=884.491 ms
[svd-local-op-profile] up_ops=56 gate_ops=56 down_ops=56 up_total=41.626 ms gate_total=42.658 ms down_total=30.660 ms up_v=5.964 ms gate_v=6.841 ms down_v=24.292 ms up_u=35.654 ms gate_u=35.815 ms down_u=6.362 ms
[svd-local-stage-profile] attention_total=62.791 ms ffn_total=116.252 ms ffn_svd_total=114.944 ms ffn_svd_v=37.097 ms ffn_svd_u=77.831 ms
[svd-offload-zero-profile] up_finish=0 up_cache=0 up_no_request=27 gate_finish=0 gate_cache=0 gate_no_request=27 down_finish=0 down_cache=0 down_no_request=27 other_finish=0 other_cache=0 other_no_request=0
[svd-local-timeout-profile] up_keep=0 up_drop=0 up_wait=0.000 ms gate_keep=0 gate_drop=0 gate_wait=0.000 ms down_keep=0 down_drop=0 down_wait=0.000 ms other_keep=0 other_drop=0 other_wait=0.000 ms
[svd-offload-client] up_gate_req=0 down_req=0 other_mat_req=0 ffn_req=0 gate_cache_hits=0 gate_cache_checks=0 miss_invalid=0 miss_layer=0 miss_rank=0 miss_hash=0 miss_output=0 miss_data=0 send_up_gate=0.000 ms send_down=0.000 ms send_other=0.000 ms send_ffn=0.000 ms wait_up_gate=0.000 ms wait_down=0.000 ms wait_other=0.000 ms wait_ffn=0.000 ms
[svd-offload-client-stage-profile] rpc_send_total=0.000 ms rpc_wait_total=0.000 ms
[svd-offload-client-debug] finish_fail_up_gate=0 finish_fail_down=0 finish_fail_other=0 finish_fail_ffn=0 cache_take_fail_up=0 cache_take_fail_gate=0 recv_up_sum_abs=0.000000e+00 recv_up_max_abs=0.000000e+00 recv_up_zero=0 recv_gate_sum_abs=0.000000e+00 recv_gate_max_abs=0.000000e+00 recv_gate_zero=0 recv_down_sum_abs=0.000000e+00 recv_down_max_abs=0.000000e+00 recv_down_zero=0 recv_other_sum_abs=0.000000e+00 recv_other_max_abs=0.000000e+00 recv_other_zero=0 recv_ffn_sum_abs=0.000000e+00 recv_ffn_max_abs=0.000000e+00 recv_ffn_zero=0
SUCCEED (one forward pass done)"
candidate,4c_balanced_high,1,all_0.3,,4,"60,61,62,63","20,40,60,80",ok,19.2042,52.072,0.9956140350877194,,,,1.390399694442749,"llama_context: graph splits = 1
attach_threadpool: call
threads: decode=4 batch=4
prompt tokens: 4
running one forward pass (llama_decode) ...
Top-5 next-token candidates:
  id=3 logit=0 piece=""$""
  id=4 logit=0 piece=""%""
  id=1 logit=0 piece=""""""
  id=0 logit=0 piece=""!""
  id=2 logit=0 piece=""#""
Autoregressive generation:
Generated text: !
Decode-only throughput: 19.2042 tokens/s (1 tokens in 0.052072 s of llama_decode)
End-to-end throughput: 19.0908 tokens/s (1 tokens in 0.0523812 s)
[decode-stage-profile] model_load=476.007 ms context_create=58.9315 ms tokenize=0.451102 ms prefill_decode=632.867 ms generation_decode=52.072 ms generation_total=52.3812 ms program_total=1237.45 ms
[svd-local-op-profile] up_ops=56 gate_ops=56 down_ops=56 up_total=48.795 ms gate_total=41.400 ms down_total=49.406 ms up_v=5.396 ms gate_v=5.216 ms down_v=29.261 ms up_u=43.394 ms gate_u=36.180 ms down_u=20.140 ms
[svd-local-stage-profile] attention_total=108.874 ms ffn_total=154.379 ms ffn_svd_total=139.601 ms ffn_svd_v=39.873 ms ffn_svd_u=99.714 ms
[svd-offload-zero-profile] up_finish=0 up_cache=0 up_no_request=27 gate_finish=0 gate_cache=0 gate_no_request=27 down_finish=0 down_cache=0 down_no_request=27 other_finish=0 other_cache=0 other_no_request=0
[svd-local-timeout-profile] up_keep=0 up_drop=0 up_wait=0.000 ms gate_keep=0 gate_drop=0 gate_wait=0.000 ms down_keep=0 down_drop=0 down_wait=0.000 ms other_keep=0 other_drop=0 other_wait=0.000 ms
[svd-offload-client] up_gate_req=0 down_req=0 other_mat_req=0 ffn_req=0 gate_cache_hits=0 gate_cache_checks=0 miss_invalid=0 miss_layer=0 miss_rank=0 miss_hash=0 miss_output=0 miss_data=0 send_up_gate=0.000 ms send_down=0.000 ms send_other=0.000 ms send_ffn=0.000 ms wait_up_gate=0.000 ms wait_down=0.000 ms wait_other=0.000 ms wait_ffn=0.000 ms
[svd-offload-client-stage-profile] rpc_send_total=0.000 ms rpc_wait_total=0.000 ms
[svd-offload-client-debug] finish_fail_up_gate=0 finish_fail_down=0 finish_fail_other=0 finish_fail_ffn=0 cache_take_fail_up=0 cache_take_fail_gate=0 recv_up_sum_abs=0.000000e+00 recv_up_max_abs=0.000000e+00 recv_up_zero=0 recv_gate_sum_abs=0.000000e+00 recv_gate_max_abs=0.000000e+00 recv_gate_zero=0 recv_down_sum_abs=0.000000e+00 recv_down_max_abs=0.000000e+00 recv_down_zero=0 recv_other_sum_abs=0.000000e+00 recv_other_max_abs=0.000000e+00 recv_other_zero=0 recv_ffn_sum_abs=0.000000e+00 recv_ffn_max_abs=0.000000e+00 recv_ffn_zero=0
SUCCEED (one forward pass done)"
candidate,4c_balanced_high,1,all_0.35,,4,"60,61,62,63","20,40,60,80",ok,19.5366,51.1859,1.0128468333955456,,,,1.0680041313171387,"llama_context: graph splits = 1
attach_threadpool: call
threads: decode=4 batch=4
prompt tokens: 4
running one forward pass (llama_decode) ...
Top-5 next-token candidates:
  id=3 logit=0 piece=""$""
  id=4 logit=0 piece=""%""
  id=1 logit=0 piece=""""""
  id=0 logit=0 piece=""!""
  id=2 logit=0 piece=""#""
Autoregressive generation:
Generated text: !
Decode-only throughput: 19.5366 tokens/s (1 tokens in 0.0511859 s of llama_decode)
End-to-end throughput: 19.4181 tokens/s (1 tokens in 0.0514984 s)
[decode-stage-profile] model_load=375.76 ms context_create=56.6801 ms tokenize=0.454476 ms prefill_decode=416.167 ms generation_decode=51.1859 ms generation_total=51.4984 ms program_total=917.133 ms
[svd-local-op-profile] up_ops=56 gate_ops=56 down_ops=56 up_total=32.092 ms gate_total=50.979 ms down_total=25.625 ms up_v=4.293 ms gate_v=11.319 ms down_v=17.476 ms up_u=27.794 ms gate_u=39.658 ms down_u=8.144 ms
[svd-local-stage-profile] attention_total=44.448 ms ffn_total=123.724 ms ffn_svd_total=108.696 ms ffn_svd_v=33.088 ms ffn_svd_u=75.596 ms
[svd-offload-zero-profile] up_finish=0 up_cache=0 up_no_request=27 gate_finish=0 gate_cache=0 gate_no_request=27 down_finish=0 down_cache=0 down_no_request=27 other_finish=0 other_cache=0 other_no_request=0
[svd-local-timeout-profile] up_keep=0 up_drop=0 up_wait=0.000 ms gate_keep=0 gate_drop=0 gate_wait=0.000 ms down_keep=0 down_drop=0 down_wait=0.000 ms other_keep=0 other_drop=0 other_wait=0.000 ms
[svd-offload-client] up_gate_req=0 down_req=0 other_mat_req=0 ffn_req=0 gate_cache_hits=0 gate_cache_checks=0 miss_invalid=0 miss_layer=0 miss_rank=0 miss_hash=0 miss_output=0 miss_data=0 send_up_gate=0.000 ms send_down=0.000 ms send_other=0.000 ms send_ffn=0.000 ms wait_up_gate=0.000 ms wait_down=0.000 ms wait_other=0.000 ms wait_ffn=0.000 ms
[svd-offload-client-stage-profile] rpc_send_total=0.000 ms rpc_wait_total=0.000 ms
[svd-offload-client-debug] finish_fail_up_gate=0 finish_fail_down=0 finish_fail_other=0 finish_fail_ffn=0 cache_take_fail_up=0 cache_take_fail_gate=0 recv_up_sum_abs=0.000000e+00 recv_up_max_abs=0.000000e+00 recv_up_zero=0 recv_gate_sum_abs=0.000000e+00 recv_gate_max_abs=0.000000e+00 recv_gate_zero=0 recv_down_sum_abs=0.000000e+00 recv_down_max_abs=0.000000e+00 recv_down_zero=0 recv_other_sum_abs=0.000000e+00 recv_other_max_abs=0.000000e+00 recv_other_zero=0 recv_ffn_sum_abs=0.000000e+00 recv_ffn_max_abs=0.000000e+00 recv_ffn_zero=0
SUCCEED (one forward pass done)"
candidate,4c_balanced_high,1,all_0.4,,4,"60,61,62,63","20,40,60,80",ok,24.255,41.2286,1.257465472191116,,,,0.9064416885375977,"llama_context: graph splits = 1
attach_threadpool: call
threads: decode=4 batch=4
prompt tokens: 4
running one forward pass (llama_decode) ...
Top-5 next-token candidates:
  id=3 logit=0 piece=""$""
  id=4 logit=0 piece=""%""
  id=1 logit=0 piece=""""""
  id=0 logit=0 piece=""!""
  id=2 logit=0 piece=""#""
Autoregressive generation:
Generated text: !
Decode-only throughput: 24.255 tokens/s (1 tokens in 0.0412286 s of llama_decode)
End-to-end throughput: 24.074 tokens/s (1 tokens in 0.0415387 s)
[decode-stage-profile] model_load=389.867 ms context_create=58.3265 ms tokenize=0.453917 ms prefill_decode=240.551 ms generation_decode=41.2286 ms generation_total=41.5387 ms program_total=747.813 ms
[svd-local-op-profile] up_ops=56 gate_ops=56 down_ops=56 up_total=27.177 ms gate_total=26.323 ms down_total=18.743 ms up_v=4.048 ms gate_v=3.737 ms down_v=14.105 ms up_u=23.121 ms gate_u=22.583 ms down_u=4.633 ms
[svd-local-stage-profile] attention_total=47.490 ms ffn_total=73.415 ms ffn_svd_total=72.243 ms ffn_svd_v=21.890 ms ffn_svd_u=50.337 ms
[svd-offload-zero-profile] up_finish=0 up_cache=0 up_no_request=27 gate_finish=0 gate_cache=0 gate_no_request=27 down_finish=0 down_cache=0 down_no_request=27 other_finish=0 other_cache=0 other_no_request=0
[svd-local-timeout-profile] up_keep=0 up_drop=0 up_wait=0.000 ms gate_keep=0 gate_drop=0 gate_wait=0.000 ms down_keep=0 down_drop=0 down_wait=0.000 ms other_keep=0 other_drop=0 other_wait=0.000 ms
[svd-offload-client] up_gate_req=0 down_req=0 other_mat_req=0 ffn_req=0 gate_cache_hits=0 gate_cache_checks=0 miss_invalid=0 miss_layer=0 miss_rank=0 miss_hash=0 miss_output=0 miss_data=0 send_up_gate=0.000 ms send_down=0.000 ms send_other=0.000 ms send_ffn=0.000 ms wait_up_gate=0.000 ms wait_down=0.000 ms wait_other=0.000 ms wait_ffn=0.000 ms
[svd-offload-client-stage-profile] rpc_send_total=0.000 ms rpc_wait_total=0.000 ms
[svd-offload-client-debug] finish_fail_up_gate=0 finish_fail_down=0 finish_fail_other=0 finish_fail_ffn=0 cache_take_fail_up=0 cache_take_fail_gate=0 recv_up_sum_abs=0.000000e+00 recv_up_max_abs=0.000000e+00 recv_up_zero=0 recv_gate_sum_abs=0.000000e+00 recv_gate_max_abs=0.000000e+00 recv_gate_zero=0 recv_down_sum_abs=0.000000e+00 recv_down_max_abs=0.000000e+00 recv_down_zero=0 recv_other_sum_abs=0.000000e+00 recv_other_max_abs=0.000000e+00 recv_other_zero=0 recv_ffn_sum_abs=0.000000e+00 recv_ffn_max_abs=0.000000e+00 recv_ffn_zero=0
SUCCEED (one forward pass done)"
candidate,4c_balanced_high,1,all_0.45,,4,"60,61,62,63","20,40,60,80",ok,20.2743,49.3236,1.0510918253079509,,,,0.7748780250549316,"llama_context: graph splits = 1
attach_threadpool: call
threads: decode=4 batch=4
prompt tokens: 4
running one forward pass (llama_decode) ...
Top-5 next-token candidates:
  id=3 logit=0 piece=""$""
  id=4 logit=0 piece=""%""
  id=1 logit=0 piece=""""""
  id=0 logit=0 piece=""!""
  id=2 logit=0 piece=""#""
Autoregressive generation:
Generated text: !
Decode-only throughput: 20.2743 tokens/s (1 tokens in 0.0493236 s of llama_decode)
End-to-end throughput: 20.147 tokens/s (1 tokens in 0.0496351 s)
[decode-stage-profile] model_load=394.346 ms context_create=61.7955 ms tokenize=0.90155 ms prefill_decode=83.1326 ms generation_decode=49.3236 ms generation_total=49.6351 ms program_total=606.979 ms
[svd-local-op-profile] up_ops=56 gate_ops=56 down_ops=56 up_total=33.552 ms gate_total=36.729 ms down_total=22.439 ms up_v=4.669 ms gate_v=4.627 ms down_v=17.153 ms up_u=28.879 ms gate_u=32.099 ms down_u=5.283 ms
[svd-local-stage-profile] attention_total=1.403 ms ffn_total=94.087 ms ffn_svd_total=92.720 ms ffn_svd_v=26.449 ms ffn_svd_u=66.261 ms
[svd-offload-zero-profile] up_finish=0 up_cache=0 up_no_request=27 gate_finish=0 gate_cache=0 gate_no_request=27 down_finish=0 down_cache=0 down_no_request=27 other_finish=0 other_cache=0 other_no_request=0
[svd-local-timeout-profile] up_keep=0 up_drop=0 up_wait=0.000 ms gate_keep=0 gate_drop=0 gate_wait=0.000 ms down_keep=0 down_drop=0 down_wait=0.000 ms other_keep=0 other_drop=0 other_wait=0.000 ms
[svd-offload-client] up_gate_req=0 down_req=0 other_mat_req=0 ffn_req=0 gate_cache_hits=0 gate_cache_checks=0 miss_invalid=0 miss_layer=0 miss_rank=0 miss_hash=0 miss_output=0 miss_data=0 send_up_gate=0.000 ms send_down=0.000 ms send_other=0.000 ms send_ffn=0.000 ms wait_up_gate=0.000 ms wait_down=0.000 ms wait_other=0.000 ms wait_ffn=0.000 ms
[svd-offload-client-stage-profile] rpc_send_total=0.000 ms rpc_wait_total=0.000 ms
[svd-offload-client-debug] finish_fail_up_gate=0 finish_fail_down=0 finish_fail_other=0 finish_fail_ffn=0 cache_take_fail_up=0 cache_take_fail_gate=0 recv_up_sum_abs=0.000000e+00 recv_up_max_abs=0.000000e+00 recv_up_zero=0 recv_gate_sum_abs=0.000000e+00 recv_gate_max_abs=0.000000e+00 recv_gate_zero=0 recv_down_sum_abs=0.000000e+00 recv_down_max_abs=0.000000e+00 recv_down_zero=0 recv_other_sum_abs=0.000000e+00 recv_other_max_abs=0.000000e+00 recv_other_zero=0 recv_ffn_sum_abs=0.000000e+00 recv_ffn_max_abs=0.000000e+00 recv_ffn_zero=0
SUCCEED (one forward pass done)"
candidate,4c_balanced_high,1,all_0.5,,4,"60,61,62,63","20,40,60,80",ok,22.3307,44.7814,1.1577029156816392,,,,0.8779559135437012,"llama_context: graph splits = 1
attach_threadpool: call
threads: decode=4 batch=4
prompt tokens: 4
running one forward pass (llama_decode) ...
Top-5 next-token candidates:
  id=11 logit=15.272 piece="",""
  id=12 logit=14.9123 piece=""-""
  id=51730 logit=14.8613 piece="" Ri""
  id=6216 logit=14.8165 piece="" ir""
  id=472 logit=14.5534 piece="" H""
Autoregressive generation:
Generated text: ,
Decode-only throughput: 22.3307 tokens/s (1 tokens in 0.0447814 s of llama_decode)
End-to-end throughput: 22.1737 tokens/s (1 tokens in 0.0450985 s)
[decode-stage-profile] model_load=394.046 ms context_create=57.6266 ms tokenize=0.459163 ms prefill_decode=212.656 ms generation_decode=44.7814 ms generation_total=45.0985 ms program_total=726.586 ms
[svd-local-op-profile] up_ops=56 gate_ops=56 down_ops=56 up_total=32.512 ms gate_total=31.616 ms down_total=20.718 ms up_v=4.254 ms gate_v=3.843 ms down_v=15.498 ms up_u=28.256 ms gate_u=27.771 ms down_u=5.215 ms
[svd-local-stage-profile] attention_total=53.778 ms ffn_total=86.091 ms ffn_svd_total=84.846 ms ffn_svd_v=23.595 ms ffn_svd_u=61.242 ms
[svd-offload-zero-profile] up_finish=0 up_cache=0 up_no_request=27 gate_finish=0 gate_cache=0 gate_no_request=27 down_finish=0 down_cache=0 down_no_request=27 other_finish=0 other_cache=0 other_no_request=0
[svd-local-timeout-profile] up_keep=0 up_drop=0 up_wait=0.000 ms gate_keep=0 gate_drop=0 gate_wait=0.000 ms down_keep=0 down_drop=0 down_wait=0.000 ms other_keep=0 other_drop=0 other_wait=0.000 ms
[svd-offload-client] up_gate_req=0 down_req=0 other_mat_req=0 ffn_req=0 gate_cache_hits=0 gate_cache_checks=0 miss_invalid=0 miss_layer=0 miss_rank=0 miss_hash=0 miss_output=0 miss_data=0 send_up_gate=0.000 ms send_down=0.000 ms send_other=0.000 ms send_ffn=0.000 ms wait_up_gate=0.000 ms wait_down=0.000 ms wait_other=0.000 ms wait_ffn=0.000 ms
[svd-offload-client-stage-profile] rpc_send_total=0.000 ms rpc_wait_total=0.000 ms
[svd-offload-client-debug] finish_fail_up_gate=0 finish_fail_down=0 finish_fail_other=0 finish_fail_ffn=0 cache_take_fail_up=0 cache_take_fail_gate=0 recv_up_sum_abs=0.000000e+00 recv_up_max_abs=0.000000e+00 recv_up_zero=0 recv_gate_sum_abs=0.000000e+00 recv_gate_max_abs=0.000000e+00 recv_gate_zero=0 recv_down_sum_abs=0.000000e+00 recv_down_max_abs=0.000000e+00 recv_down_zero=0 recv_other_sum_abs=0.000000e+00 recv_other_max_abs=0.000000e+00 recv_other_zero=0 recv_ffn_sum_abs=0.000000e+00 recv_ffn_max_abs=0.000000e+00 recv_ffn_zero=0
SUCCEED (one forward pass done)"
candidate,4c_balanced_high,1,trunc_even_0.8,,4,"60,61,62,63","20,40,60,80",ok,20.2334,49.4232,1.0489714238314463,,,,1.1294240951538086,"llama_context: graph splits = 1
attach_threadpool: call
threads: decode=4 batch=4
prompt tokens: 4
running one forward pass (llama_decode) ...
Top-5 next-token candidates:
  id=3 logit=0 piece=""$""
  id=4 logit=0 piece=""%""
  id=1 logit=0 piece=""""""
  id=0 logit=0 piece=""!""
  id=2 logit=0 piece=""#""
Autoregressive generation:
Generated text: !
Decode-only throughput: 20.2334 tokens/s (1 tokens in 0.0494232 s of llama_decode)
End-to-end throughput: 20.092 tokens/s (1 tokens in 0.0497712 s)
[decode-stage-profile] model_load=474.179 ms context_create=64.7768 ms tokenize=0.474262 ms prefill_decode=355.502 ms generation_decode=49.4232 ms generation_total=49.7712 ms program_total=961.912 ms
[svd-local-op-profile] up_ops=56 gate_ops=56 down_ops=56 up_total=35.226 ms gate_total=39.645 ms down_total=24.314 ms up_v=4.663 ms gate_v=4.661 ms down_v=18.502 ms up_u=30.559 ms gate_u=34.980 ms down_u=5.806 ms
[svd-local-stage-profile] attention_total=54.188 ms ffn_total=100.543 ms ffn_svd_total=99.185 ms ffn_svd_v=27.826 ms ffn_svd_u=71.345 ms
[svd-offload-zero-profile] up_finish=0 up_cache=0 up_no_request=27 gate_finish=0 gate_cache=0 gate_no_request=27 down_finish=0 down_cache=0 down_no_request=27 other_finish=0 other_cache=0 other_no_request=0
[svd-local-timeout-profile] up_keep=0 up_drop=0 up_wait=0.000 ms gate_keep=0 gate_drop=0 gate_wait=0.000 ms down_keep=0 down_drop=0 down_wait=0.000 ms other_keep=0 other_drop=0 other_wait=0.000 ms
[svd-offload-client] up_gate_req=0 down_req=0 other_mat_req=0 ffn_req=0 gate_cache_hits=0 gate_cache_checks=0 miss_invalid=0 miss_layer=0 miss_rank=0 miss_hash=0 miss_output=0 miss_data=0 send_up_gate=0.000 ms send_down=0.000 ms send_other=0.000 ms send_ffn=0.000 ms wait_up_gate=0.000 ms wait_down=0.000 ms wait_other=0.000 ms wait_ffn=0.000 ms
[svd-offload-client-stage-profile] rpc_send_total=0.000 ms rpc_wait_total=0.000 ms
[svd-offload-client-debug] finish_fail_up_gate=0 finish_fail_down=0 finish_fail_other=0 finish_fail_ffn=0 cache_take_fail_up=0 cache_take_fail_gate=0 recv_up_sum_abs=0.000000e+00 recv_up_max_abs=0.000000e+00 recv_up_zero=0 recv_gate_sum_abs=0.000000e+00 recv_gate_max_abs=0.000000e+00 recv_gate_zero=0 recv_down_sum_abs=0.000000e+00 recv_down_max_abs=0.000000e+00 recv_down_zero=0 recv_other_sum_abs=0.000000e+00 recv_other_max_abs=0.000000e+00 recv_other_zero=0 recv_ffn_sum_abs=0.000000e+00 recv_ffn_max_abs=0.000000e+00 recv_ffn_zero=0
SUCCEED (one forward pass done)"
candidate,4c_balanced_high,1,trunc_even_0.85,,4,"60,61,62,63","20,40,60,80",ok,4.80233,208.232,0.2489698685247398,,,,1.1742303371429443,"llama_context: graph splits = 1
attach_threadpool: call
threads: decode=4 batch=4
prompt tokens: 4
running one forward pass (llama_decode) ...
Top-5 next-token candidates:
  id=3 logit=0 piece=""$""
  id=4 logit=0 piece=""%""
  id=1 logit=0 piece=""""""
  id=0 logit=0 piece=""!""
  id=2 logit=0 piece=""#""
Autoregressive generation:
Generated text: !
Decode-only throughput: 4.80233 tokens/s (1 tokens in 0.208232 s of llama_decode)
End-to-end throughput: 4.79494 tokens/s (1 tokens in 0.208553 s)
[decode-stage-profile] model_load=463.206 ms context_create=67.232 ms tokenize=0.758484 ms prefill_decode=264.545 ms generation_decode=208.232 ms generation_total=208.553 ms program_total=1022.67 ms
[svd-local-op-profile] up_ops=56 gate_ops=56 down_ops=56 up_total=54.457 ms gate_total=51.596 ms down_total=53.942 ms up_v=11.602 ms gate_v=7.652 ms down_v=28.287 ms up_u=42.852 ms gate_u=43.940 ms down_u=25.652 ms
[svd-local-stage-profile] attention_total=100.641 ms ffn_total=204.118 ms ffn_svd_total=159.995 ms ffn_svd_v=47.541 ms ffn_svd_u=112.444 ms
[svd-offload-zero-profile] up_finish=0 up_cache=0 up_no_request=27 gate_finish=0 gate_cache=0 gate_no_request=27 down_finish=0 down_cache=0 down_no_request=27 other_finish=0 other_cache=0 other_no_request=0
[svd-local-timeout-profile] up_keep=0 up_drop=0 up_wait=0.000 ms gate_keep=0 gate_drop=0 gate_wait=0.000 ms down_keep=0 down_drop=0 down_wait=0.000 ms other_keep=0 other_drop=0 other_wait=0.000 ms
[svd-offload-client] up_gate_req=0 down_req=0 other_mat_req=0 ffn_req=0 gate_cache_hits=0 gate_cache_checks=0 miss_invalid=0 miss_layer=0 miss_rank=0 miss_hash=0 miss_output=0 miss_data=0 send_up_gate=0.000 ms send_down=0.000 ms send_other=0.000 ms send_ffn=0.000 ms wait_up_gate=0.000 ms wait_down=0.000 ms wait_other=0.000 ms wait_ffn=0.000 ms
[svd-offload-client-stage-profile] rpc_send_total=0.000 ms rpc_wait_total=0.000 ms
[svd-offload-client-debug] finish_fail_up_gate=0 finish_fail_down=0 finish_fail_other=0 finish_fail_ffn=0 cache_take_fail_up=0 cache_take_fail_gate=0 recv_up_sum_abs=0.000000e+00 recv_up_max_abs=0.000000e+00 recv_up_zero=0 recv_gate_sum_abs=0.000000e+00 recv_gate_max_abs=0.000000e+00 recv_gate_zero=0 recv_down_sum_abs=0.000000e+00 recv_down_max_abs=0.000000e+00 recv_down_zero=0 recv_other_sum_abs=0.000000e+00 recv_other_max_abs=0.000000e+00 recv_other_zero=0 recv_ffn_sum_abs=0.000000e+00 recv_ffn_max_abs=0.000000e+00 recv_ffn_zero=0
SUCCEED (one forward pass done)"
selected,4c_balanced_high,1,all_0.5,all_0.5,4,"60,61,62,63","20,40,60,80",ok,,,,19.2888,22.3307,1.1577029156816392,,
candidate,4c_balanced_high,2,baseline_no_svd,,4,"60,61,62,63","20,40,60,80",ok,17.5568,56.9578,1.0,,,,1.1684656143188477,"llama_context: graph splits = 1
attach_threadpool: call
threads: decode=4 batch=4
prompt tokens: 4
running one forward pass (llama_decode) ...
Top-5 next-token candidates:
  id=11 logit=20.2053 piece="",""
  id=304 logit=18.9277 piece="" in""
  id=3837 logit=18.7558 piece=""，""
  id=1052 logit=18.5616 piece="" there""
  id=358 logit=17.8374 piece="" I""
Autoregressive generation:
Generated text: ,
Decode-only throughput: 17.5568 tokens/s (1 tokens in 0.0569578 s of llama_decode)
End-to-end throughput: 17.4543 tokens/s (1 tokens in 0.0572925 s)
[decode-stage-profile] model_load=406.716 ms context_create=58.6152 ms tokenize=0.470843 ms prefill_decode=441.214 ms generation_decode=56.9578 ms generation_total=57.2925 ms program_total=980.973 ms
[svd-local-op-profile] up_ops=56 gate_ops=56 down_ops=56 up_total=49.473 ms gate_total=46.398 ms down_total=37.405 ms up_v=7.131 ms gate_v=7.196 ms down_v=30.108 ms up_u=42.329 ms gate_u=39.189 ms down_u=7.291 ms
[svd-local-stage-profile] attention_total=104.037 ms ffn_total=134.607 ms ffn_svd_total=133.276 ms ffn_svd_v=44.435 ms ffn_svd_u=88.809 ms
[svd-offload-zero-profile] up_finish=0 up_cache=0 up_no_request=27 gate_finish=0 gate_cache=0 gate_no_request=27 down_finish=0 down_cache=0 down_no_request=27 other_finish=0 other_cache=0 other_no_request=0
[svd-local-timeout-profile] up_keep=0 up_drop=0 up_wait=0.000 ms gate_keep=0 gate_drop=0 gate_wait=0.000 ms down_keep=0 down_drop=0 down_wait=0.000 ms other_keep=0 other_drop=0 other_wait=0.000 ms
[svd-offload-client] up_gate_req=0 down_req=0 other_mat_req=0 ffn_req=0 gate_cache_hits=0 gate_cache_checks=0 miss_invalid=0 miss_layer=0 miss_rank=0 miss_hash=0 miss_output=0 miss_data=0 send_up_gate=0.000 ms send_down=0.000 ms send_other=0.000 ms send_ffn=0.000 ms wait_up_gate=0.000 ms wait_down=0.000 ms wait_other=0.000 ms wait_ffn=0.000 ms
[svd-offload-client-stage-profile] rpc_send_total=0.000 ms rpc_wait_total=0.000 ms
[svd-offload-client-debug] finish_fail_up_gate=0 finish_fail_down=0 finish_fail_other=0 finish_fail_ffn=0 cache_take_fail_up=0 cache_take_fail_gate=0 recv_up_sum_abs=0.000000e+00 recv_up_max_abs=0.000000e+00 recv_up_zero=0 recv_gate_sum_abs=0.000000e+00 recv_gate_max_abs=0.000000e+00 recv_gate_zero=0 recv_down_sum_abs=0.000000e+00 recv_down_max_abs=0.000000e+00 recv_down_zero=0 recv_other_sum_abs=0.000000e+00 recv_other_max_abs=0.000000e+00 recv_other_zero=0 recv_ffn_sum_abs=0.000000e+00 recv_ffn_max_abs=0.000000e+00 recv_ffn_zero=0
SUCCEED (one forward pass done)"
candidate,4c_balanced_high,2,all_0.1,,4,"60,61,62,63","20,40,60,80",ok,17.2509,57.968,0.9825765515355875,,,,1.7642443180084229,"llama_context: graph splits = 1
attach_threadpool: call
threads: decode=4 batch=4
prompt tokens: 4
running one forward pass (llama_decode) ...
Top-5 next-token candidates:
  id=3 logit=0 piece=""$""
  id=4 logit=0 piece=""%""
  id=1 logit=0 piece=""""""
  id=0 logit=0 piece=""!""
  id=2 logit=0 piece=""#""
Autoregressive generation:
Generated text: !
Decode-only throughput: 17.2509 tokens/s (1 tokens in 0.057968 s of llama_decode)
End-to-end throughput: 17.1543 tokens/s (1 tokens in 0.0582945 s)
[decode-stage-profile] model_load=379.277 ms context_create=62.0872 ms tokenize=0.470755 ms prefill_decode=1083.27 ms generation_decode=57.968 ms generation_total=58.2945 ms program_total=1599.95 ms
[svd-local-op-profile] up_ops=56 gate_ops=56 down_ops=56 up_total=80.875 ms gate_total=92.107 ms down_total=76.391 ms up_v=20.540 ms gate_v=25.045 ms down_v=38.840 ms up_u=60.331 ms gate_u=67.055 ms down_u=37.547 ms
[svd-local-stage-profile] attention_total=156.961 ms ffn_total=328.042 ms ffn_svd_total=249.373 ms ffn_svd_v=84.425 ms ffn_svd_u=164.933 ms
[svd-offload-zero-profile] up_finish=0 up_cache=0 up_no_request=27 gate_finish=0 gate_cache=0 gate_no_request=27 down_finish=0 down_cache=0 down_no_request=27 other_finish=0 other_cache=0 other_no_request=0
[svd-local-timeout-profile] up_keep=0 up_drop=0 up_wait=0.000 ms gate_keep=0 gate_drop=0 gate_wait=0.000 ms down_keep=0 down_drop=0 down_wait=0.000 ms other_keep=0 other_drop=0 other_wait=0.000 ms
[svd-offload-client] up_gate_req=0 down_req=0 other_mat_req=0 ffn_req=0 gate_cache_hits=0 gate_cache_checks=0 miss_invalid=0 miss_layer=0 miss_rank=0 miss_hash=0 miss_output=0 miss_data=0 send_up_gate=0.000 ms send_down=0.000 ms send_other=0.000 ms send_ffn=0.000 ms wait_up_gate=0.000 ms wait_down=0.000 ms wait_other=0.000 ms wait_ffn=0.000 ms
[svd-offload-client-stage-profile] rpc_send_total=0.000 ms rpc_wait_total=0.000 ms
[svd-offload-client-debug] finish_fail_up_gate=0 finish_fail_down=0 finish_fail_other=0 finish_fail_ffn=0 cache_take_fail_up=0 cache_take_fail_gate=0 recv_up_sum_abs=0.000000e+00 recv_up_max_abs=0.000000e+00 recv_up_zero=0 recv_gate_sum_abs=0.000000e+00 recv_gate_max_abs=0.000000e+00 recv_gate_zero=0 recv_down_sum_abs=0.000000e+00 recv_down_max_abs=0.000000e+00 recv_down_zero=0 recv_other_sum_abs=0.000000e+00 recv_other_max_abs=0.000000e+00 recv_other_zero=0 recv_ffn_sum_abs=0.000000e+00 recv_ffn_max_abs=0.000000e+00 recv_ffn_zero=0
SUCCEED (one forward pass done)"
candidate,4c_balanced_high,2,all_0.2,,4,"60,61,62,63","20,40,60,80",ok,22.9265,43.6176,1.3058473070263374,,,,0.7331182956695557,"llama_context: graph splits = 1
attach_threadpool: call
threads: decode=4 batch=4
prompt tokens: 4
running one forward pass (llama_decode) ...
Top-5 next-token candidates:
  id=3 logit=0 piece=""$""
  id=4 logit=0 piece=""%""
  id=1 logit=0 piece=""""""
  id=0 logit=0 piece=""!""
  id=2 logit=0 piece=""#""
Autoregressive generation:
Generated text: !
Decode-only throughput: 22.9265 tokens/s (1 tokens in 0.0436176 s of llama_decode)
End-to-end throughput: 22.7627 tokens/s (1 tokens in 0.0439315 s)
[decode-stage-profile] model_load=387.217 ms context_create=57.363 ms tokenize=0.455779 ms prefill_decode=78.6324 ms generation_decode=43.6176 ms generation_total=43.9315 ms program_total=584.01 ms
[svd-local-op-profile] up_ops=56 gate_ops=56 down_ops=56 up_total=32.291 ms gate_total=33.645 ms down_total=23.406 ms up_v=4.703 ms gate_v=4.488 ms down_v=18.414 ms up_u=27.581 ms gate_u=29.152 ms down_u=4.988 ms
[svd-local-stage-profile] attention_total=1.325 ms ffn_total=90.658 ms ffn_svd_total=89.342 ms ffn_svd_v=27.605 ms ffn_svd_u=61.721 ms
[svd-offload-zero-profile] up_finish=0 up_cache=0 up_no_request=27 gate_finish=0 gate_cache=0 gate_no_request=27 down_finish=0 down_cache=0 down_no_request=27 other_finish=0 other_cache=0 other_no_request=0
[svd-local-timeout-profile] up_keep=0 up_drop=0 up_wait=0.000 ms gate_keep=0 gate_drop=0 gate_wait=0.000 ms down_keep=0 down_drop=0 down_wait=0.000 ms other_keep=0 other_drop=0 other_wait=0.000 ms
[svd-offload-client] up_gate_req=0 down_req=0 other_mat_req=0 ffn_req=0 gate_cache_hits=0 gate_cache_checks=0 miss_invalid=0 miss_layer=0 miss_rank=0 miss_hash=0 miss_output=0 miss_data=0 send_up_gate=0.000 ms send_down=0.000 ms send_other=0.000 ms send_ffn=0.000 ms wait_up_gate=0.000 ms wait_down=0.000 ms wait_other=0.000 ms wait_ffn=0.000 ms
[svd-offload-client-stage-profile] rpc_send_total=0.000 ms rpc_wait_total=0.000 ms
[svd-offload-client-debug] finish_fail_up_gate=0 finish_fail_down=0 finish_fail_other=0 finish_fail_ffn=0 cache_take_fail_up=0 cache_take_fail_gate=0 recv_up_sum_abs=0.000000e+00 recv_up_max_abs=0.000000e+00 recv_up_zero=0 recv_gate_sum_abs=0.000000e+00 recv_gate_max_abs=0.000000e+00 recv_gate_zero=0 recv_down_sum_abs=0.000000e+00 recv_down_max_abs=0.000000e+00 recv_down_zero=0 recv_other_sum_abs=0.000000e+00 recv_other_max_abs=0.000000e+00 recv_other_zero=0 recv_ffn_sum_abs=0.000000e+00 recv_ffn_max_abs=0.000000e+00 recv_ffn_zero=0
SUCCEED (one forward pass done)"
candidate,4c_balanced_high,2,all_0.3,,4,"60,61,62,63","20,40,60,80",ok,20.4666,48.8601,1.165736352866126,,,,0.8734481334686279,"llama_context: graph splits = 1
attach_threadpool: call
threads: decode=4 batch=4
prompt tokens: 4
running one forward pass (llama_decode) ...
Top-5 next-token candidates:
  id=3 logit=0 piece=""$""
  id=4 logit=0 piece=""%""
  id=1 logit=0 piece=""""""
  id=0 logit=0 piece=""!""
  id=2 logit=0 piece=""#""
Autoregressive generation:
Generated text: !
Decode-only throughput: 20.4666 tokens/s (1 tokens in 0.0488601 s of llama_decode)
End-to-end throughput: 20.3392 tokens/s (1 tokens in 0.0491661 s)
[decode-stage-profile] model_load=510.666 ms context_create=54.9743 ms tokenize=0.451186 ms prefill_decode=93.2072 ms generation_decode=48.8601 ms generation_total=49.1661 ms program_total=725.423 ms
[svd-local-op-profile] up_ops=56 gate_ops=56 down_ops=56 up_total=38.195 ms gate_total=38.536 ms down_total=27.517 ms up_v=5.598 ms gate_v=5.340 ms down_v=21.526 ms up_u=32.595 ms gate_u=33.194 ms down_u=5.989 ms
[svd-local-stage-profile] attention_total=2.342 ms ffn_total=105.472 ms ffn_svd_total=104.248 ms ffn_svd_v=32.464 ms ffn_svd_u=71.778 ms
[svd-offload-zero-profile] up_finish=0 up_cache=0 up_no_request=27 gate_finish=0 gate_cache=0 gate_no_request=27 down_finish=0 down_cache=0 down_no_request=27 other_finish=0 other_cache=0 other_no_request=0
[svd-local-timeout-profile] up_keep=0 up_drop=0 up_wait=0.000 ms gate_keep=0 gate_drop=0 gate_wait=0.000 ms down_keep=0 down_drop=0 down_wait=0.000 ms other_keep=0 other_drop=0 other_wait=0.000 ms
[svd-offload-client] up_gate_req=0 down_req=0 other_mat_req=0 ffn_req=0 gate_cache_hits=0 gate_cache_checks=0 miss_invalid=0 miss_layer=0 miss_rank=0 miss_hash=0 miss_output=0 miss_data=0 send_up_gate=0.000 ms send_down=0.000 ms send_other=0.000 ms send_ffn=0.000 ms wait_up_gate=0.000 ms wait_down=0.000 ms wait_other=0.000 ms wait_ffn=0.000 ms
[svd-offload-client-stage-profile] rpc_send_total=0.000 ms rpc_wait_total=0.000 ms
[svd-offload-client-debug] finish_fail_up_gate=0 finish_fail_down=0 finish_fail_other=0 finish_fail_ffn=0 cache_take_fail_up=0 cache_take_fail_gate=0 recv_up_sum_abs=0.000000e+00 recv_up_max_abs=0.000000e+00 recv_up_zero=0 recv_gate_sum_abs=0.000000e+00 recv_gate_max_abs=0.000000e+00 recv_gate_zero=0 recv_down_sum_abs=0.000000e+00 recv_down_max_abs=0.000000e+00 recv_down_zero=0 recv_other_sum_abs=0.000000e+00 recv_other_max_abs=0.000000e+00 recv_other_zero=0 recv_ffn_sum_abs=0.000000e+00 recv_ffn_max_abs=0.000000e+00 recv_ffn_zero=0
SUCCEED (one forward pass done)"
candidate,4c_balanced_high,2,all_0.35,,4,"60,61,62,63","20,40,60,80",ok,21.2536,47.0508,1.210562289255445,,,,0.7987575531005859,"llama_context: graph splits = 1
attach_threadpool: call
threads: decode=4 batch=4
prompt tokens: 4
running one forward pass (llama_decode) ...
Top-5 next-token candidates:
  id=3 logit=0 piece=""$""
  id=4 logit=0 piece=""%""
  id=1 logit=0 piece=""""""
  id=0 logit=0 piece=""!""
  id=2 logit=0 piece=""#""
Autoregressive generation:
Generated text: !
Decode-only throughput: 21.2536 tokens/s (1 tokens in 0.0470508 s of llama_decode)
End-to-end throughput: 21.1159 tokens/s (1 tokens in 0.0473577 s)
[decode-stage-profile] model_load=439.081 ms context_create=57.1563 ms tokenize=0.502246 ms prefill_decode=86.6848 ms generation_decode=47.0508 ms generation_total=47.3577 ms program_total=647.636 ms
[svd-local-op-profile] up_ops=56 gate_ops=56 down_ops=56 up_total=35.558 ms gate_total=35.176 ms down_total=24.819 ms up_v=5.006 ms gate_v=4.563 ms down_v=19.408 ms up_u=30.542 ms gate_u=30.606 ms down_u=5.409 ms
[svd-local-stage-profile] attention_total=1.434 ms ffn_total=96.830 ms ffn_svd_total=95.553 ms ffn_svd_v=28.977 ms ffn_svd_u=66.557 ms
[svd-offload-zero-profile] up_finish=0 up_cache=0 up_no_request=27 gate_finish=0 gate_cache=0 gate_no_request=27 down_finish=0 down_cache=0 down_no_request=27 other_finish=0 other_cache=0 other_no_request=0
[svd-local-timeout-profile] up_keep=0 up_drop=0 up_wait=0.000 ms gate_keep=0 gate_drop=0 gate_wait=0.000 ms down_keep=0 down_drop=0 down_wait=0.000 ms other_keep=0 other_drop=0 other_wait=0.000 ms
[svd-offload-client] up_gate_req=0 down_req=0 other_mat_req=0 ffn_req=0 gate_cache_hits=0 gate_cache_checks=0 miss_invalid=0 miss_layer=0 miss_rank=0 miss_hash=0 miss_output=0 miss_data=0 send_up_gate=0.000 ms send_down=0.000 ms send_other=0.000 ms send_ffn=0.000 ms wait_up_gate=0.000 ms wait_down=0.000 ms wait_other=0.000 ms wait_ffn=0.000 ms
[svd-offload-client-stage-profile] rpc_send_total=0.000 ms rpc_wait_total=0.000 ms
[svd-offload-client-debug] finish_fail_up_gate=0 finish_fail_down=0 finish_fail_other=0 finish_fail_ffn=0 cache_take_fail_up=0 cache_take_fail_gate=0 recv_up_sum_abs=0.000000e+00 recv_up_max_abs=0.000000e+00 recv_up_zero=0 recv_gate_sum_abs=0.000000e+00 recv_gate_max_abs=0.000000e+00 recv_gate_zero=0 recv_down_sum_abs=0.000000e+00 recv_down_max_abs=0.000000e+00 recv_down_zero=0 recv_other_sum_abs=0.000000e+00 recv_other_max_abs=0.000000e+00 recv_other_zero=0 recv_ffn_sum_abs=0.000000e+00 recv_ffn_max_abs=0.000000e+00 recv_ffn_zero=0
SUCCEED (one forward pass done)"
candidate,4c_balanced_high,2,all_0.4,,4,"60,61,62,63","20,40,60,80",ok,2.74826,363.866,0.15653535951881895,,,,1.1107590198516846,"llama_context: graph splits = 1
attach_threadpool: call
threads: decode=4 batch=4
prompt tokens: 4
running one forward pass (llama_decode) ...
Top-5 next-token candidates:
  id=3 logit=0 piece=""$""
  id=4 logit=0 piece=""%""
  id=1 logit=0 piece=""""""
  id=0 logit=0 piece=""!""
  id=2 logit=0 piece=""#""
Autoregressive generation:
Generated text: !
Decode-only throughput: 2.74826 tokens/s (1 tokens in 0.363866 s of llama_decode)
End-to-end throughput: 2.74592 tokens/s (1 tokens in 0.364177 s)
[decode-stage-profile] model_load=423.937 ms context_create=58.2119 ms tokenize=0.451606 ms prefill_decode=97.3845 ms generation_decode=363.866 ms generation_total=364.177 ms program_total=961.077 ms
[svd-local-op-profile] up_ops=56 gate_ops=56 down_ops=56 up_total=49.088 ms gate_total=44.465 ms down_total=44.998 ms up_v=8.732 ms gate_v=8.284 ms down_v=25.024 ms up_u=40.351 ms gate_u=36.173 ms down_u=19.967 ms
[svd-local-stage-profile] attention_total=95.427 ms ffn_total=203.413 ms ffn_svd_total=138.551 ms ffn_svd_v=42.040 ms ffn_svd_u=96.491 ms
[svd-offload-zero-profile] up_finish=0 up_cache=0 up_no_request=27 gate_finish=0 gate_cache=0 gate_no_request=27 down_finish=0 down_cache=0 down_no_request=27 other_finish=0 other_cache=0 other_no_request=0
[svd-local-timeout-profile] up_keep=0 up_drop=0 up_wait=0.000 ms gate_keep=0 gate_drop=0 gate_wait=0.000 ms down_keep=0 down_drop=0 down_wait=0.000 ms other_keep=0 other_drop=0 other_wait=0.000 ms
[svd-offload-client] up_gate_req=0 down_req=0 other_mat_req=0 ffn_req=0 gate_cache_hits=0 gate_cache_checks=0 miss_invalid=0 miss_layer=0 miss_rank=0 miss_hash=0 miss_output=0 miss_data=0 send_up_gate=0.000 ms send_down=0.000 ms send_other=0.000 ms send_ffn=0.000 ms wait_up_gate=0.000 ms wait_down=0.000 ms wait_other=0.000 ms wait_ffn=0.000 ms
[svd-offload-client-stage-profile] rpc_send_total=0.000 ms rpc_wait_total=0.000 ms
[svd-offload-client-debug] finish_fail_up_gate=0 finish_fail_down=0 finish_fail_other=0 finish_fail_ffn=0 cache_take_fail_up=0 cache_take_fail_gate=0 recv_up_sum_abs=0.000000e+00 recv_up_max_abs=0.000000e+00 recv_up_zero=0 recv_gate_sum_abs=0.000000e+00 recv_gate_max_abs=0.000000e+00 recv_gate_zero=0 recv_down_sum_abs=0.000000e+00 recv_down_max_abs=0.000000e+00 recv_down_zero=0 recv_other_sum_abs=0.000000e+00 recv_other_max_abs=0.000000e+00 recv_other_zero=0 recv_ffn_sum_abs=0.000000e+00 recv_ffn_max_abs=0.000000e+00 recv_ffn_zero=0
SUCCEED (one forward pass done)"
candidate,4c_balanced_high,2,all_0.45,,4,"60,61,62,63","20,40,60,80",ok,21.5684,46.364,1.228492663811173,,,,1.8698859214782715,"llama_context: graph splits = 1
attach_threadpool: call
threads: decode=4 batch=4
prompt tokens: 4
running one forward pass (llama_decode) ...
Top-5 next-token candidates:
  id=3 logit=0 piece=""$""
  id=4 logit=0 piece=""%""
  id=1 logit=0 piece=""""""
  id=0 logit=0 piece=""!""
  id=2 logit=0 piece=""#""
Autoregressive generation:
Generated text: !
Decode-only throughput: 21.5684 tokens/s (1 tokens in 0.046364 s of llama_decode)
End-to-end throughput: 21.4199 tokens/s (1 tokens in 0.0466856 s)
[decode-stage-profile] model_load=433.324 ms context_create=59.9565 ms tokenize=0.447252 ms prefill_decode=1111.3 ms generation_decode=46.364 ms generation_total=46.6856 ms program_total=1668.75 ms
[svd-local-op-profile] up_ops=56 gate_ops=56 down_ops=56 up_total=72.910 ms gate_total=62.583 ms down_total=63.069 ms up_v=17.869 ms gate_v=11.290 ms down_v=30.056 ms up_u=55.038 ms gate_u=51.289 ms down_u=33.006 ms
[svd-local-stage-profile] attention_total=172.353 ms ffn_total=264.159 ms ffn_svd_total=198.562 ms ffn_svd_v=59.215 ms ffn_svd_u=139.333 ms
[svd-offload-zero-profile] up_finish=0 up_cache=0 up_no_request=27 gate_finish=0 gate_cache=0 gate_no_request=27 down_finish=0 down_cache=0 down_no_request=27 other_finish=0 other_cache=0 other_no_request=0
[svd-local-timeout-profile] up_keep=0 up_drop=0 up_wait=0.000 ms gate_keep=0 gate_drop=0 gate_wait=0.000 ms down_keep=0 down_drop=0 down_wait=0.000 ms other_keep=0 other_drop=0 other_wait=0.000 ms
[svd-offload-client] up_gate_req=0 down_req=0 other_mat_req=0 ffn_req=0 gate_cache_hits=0 gate_cache_checks=0 miss_invalid=0 miss_layer=0 miss_rank=0 miss_hash=0 miss_output=0 miss_data=0 send_up_gate=0.000 ms send_down=0.000 ms send_other=0.000 ms send_ffn=0.000 ms wait_up_gate=0.000 ms wait_down=0.000 ms wait_other=0.000 ms wait_ffn=0.000 ms
[svd-offload-client-stage-profile] rpc_send_total=0.000 ms rpc_wait_total=0.000 ms
[svd-offload-client-debug] finish_fail_up_gate=0 finish_fail_down=0 finish_fail_other=0 finish_fail_ffn=0 cache_take_fail_up=0 cache_take_fail_gate=0 recv_up_sum_abs=0.000000e+00 recv_up_max_abs=0.000000e+00 recv_up_zero=0 recv_gate_sum_abs=0.000000e+00 recv_gate_max_abs=0.000000e+00 recv_gate_zero=0 recv_down_sum_abs=0.000000e+00 recv_down_max_abs=0.000000e+00 recv_down_zero=0 recv_other_sum_abs=0.000000e+00 recv_other_max_abs=0.000000e+00 recv_other_zero=0 recv_ffn_sum_abs=0.000000e+00 recv_ffn_max_abs=0.000000e+00 recv_ffn_zero=0
SUCCEED (one forward pass done)"
candidate,4c_balanced_high,2,all_0.5,,4,"60,61,62,63","20,40,60,80",ok,20.0484,49.8792,1.1419165223730978,,,,1.1870951652526855,"llama_context: graph splits = 1
attach_threadpool: call
threads: decode=4 batch=4
prompt tokens: 4
running one forward pass (llama_decode) ...
Top-5 next-token candidates:
  id=11 logit=15.272 piece="",""
  id=12 logit=14.9123 piece=""-""
  id=51730 logit=14.8613 piece="" Ri""
  id=6216 logit=14.8165 piece="" ir""
  id=472 logit=14.5534 piece="" H""
Autoregressive generation:
Generated text: ,
Decode-only throughput: 20.0484 tokens/s (1 tokens in 0.0498792 s of llama_decode)
End-to-end throughput: 19.9218 tokens/s (1 tokens in 0.0501962 s)
[decode-stage-profile] model_load=390.873 ms context_create=59.837 ms tokenize=0.487701 ms prefill_decode=514.772 ms generation_decode=49.8792 ms generation_total=50.1962 ms program_total=1032.82 ms
[svd-local-op-profile] up_ops=56 gate_ops=56 down_ops=56 up_total=58.628 ms gate_total=43.290 ms down_total=45.413 ms up_v=15.350 ms gate_v=3.848 ms down_v=22.560 ms up_u=43.271 ms gate_u=39.435 ms down_u=22.851 ms
[svd-local-stage-profile] attention_total=100.607 ms ffn_total=172.737 ms ffn_svd_total=147.331 ms ffn_svd_v=41.758 ms ffn_svd_u=105.557 ms
[svd-offload-zero-profile] up_finish=0 up_cache=0 up_no_request=27 gate_finish=0 gate_cache=0 gate_no_request=27 down_finish=0 down_cache=0 down_no_request=27 other_finish=0 other_cache=0 other_no_request=0
[svd-local-timeout-profile] up_keep=0 up_drop=0 up_wait=0.000 ms gate_keep=0 gate_drop=0 gate_wait=0.000 ms down_keep=0 down_drop=0 down_wait=0.000 ms other_keep=0 other_drop=0 other_wait=0.000 ms
[svd-offload-client] up_gate_req=0 down_req=0 other_mat_req=0 ffn_req=0 gate_cache_hits=0 gate_cache_checks=0 miss_invalid=0 miss_layer=0 miss_rank=0 miss_hash=0 miss_output=0 miss_data=0 send_up_gate=0.000 ms send_down=0.000 ms send_other=0.000 ms send_ffn=0.000 ms wait_up_gate=0.000 ms wait_down=0.000 ms wait_other=0.000 ms wait_ffn=0.000 ms
[svd-offload-client-stage-profile] rpc_send_total=0.000 ms rpc_wait_total=0.000 ms
[svd-offload-client-debug] finish_fail_up_gate=0 finish_fail_down=0 finish_fail_other=0 finish_fail_ffn=0 cache_take_fail_up=0 cache_take_fail_gate=0 recv_up_sum_abs=0.000000e+00 recv_up_max_abs=0.000000e+00 recv_up_zero=0 recv_gate_sum_abs=0.000000e+00 recv_gate_max_abs=0.000000e+00 recv_gate_zero=0 recv_down_sum_abs=0.000000e+00 recv_down_max_abs=0.000000e+00 recv_down_zero=0 recv_other_sum_abs=0.000000e+00 recv_other_max_abs=0.000000e+00 recv_other_zero=0 recv_ffn_sum_abs=0.000000e+00 recv_ffn_max_abs=0.000000e+00 recv_ffn_zero=0
SUCCEED (one forward pass done)"
candidate,4c_balanced_high,2,trunc_even_0.8,,4,"60,61,62,63","20,40,60,80",ok,4.60146,217.323,0.26208990248792496,,,,1.1813557147979736,"llama_context: graph splits = 1
attach_threadpool: call
threads: decode=4 batch=4
prompt tokens: 4
running one forward pass (llama_decode) ...
Top-5 next-token candidates:
  id=3 logit=0 piece=""$""
  id=4 logit=0 piece=""%""
  id=1 logit=0 piece=""""""
  id=0 logit=0 piece=""!""
  id=2 logit=0 piece=""#""
Autoregressive generation:
Generated text: !
Decode-only throughput: 4.60146 tokens/s (1 tokens in 0.217323 s of llama_decode)
End-to-end throughput: 4.59474 tokens/s (1 tokens in 0.21764 s)
[decode-stage-profile] model_load=414.81 ms context_create=68.7591 ms tokenize=0.890318 ms prefill_decode=308.171 ms generation_decode=217.323 ms generation_total=217.64 ms program_total=1026.61 ms
[svd-local-op-profile] up_ops=56 gate_ops=56 down_ops=56 up_total=49.177 ms gate_total=34.345 ms down_total=30.612 ms up_v=11.615 ms gate_v=4.476 ms down_v=18.147 ms up_u=37.560 ms gate_u=29.862 ms down_u=12.463 ms
[svd-local-stage-profile] attention_total=106.702 ms ffn_total=150.831 ms ffn_svd_total=114.134 ms ffn_svd_v=34.238 ms ffn_svd_u=79.885 ms
[svd-offload-zero-profile] up_finish=0 up_cache=0 up_no_request=27 gate_finish=0 gate_cache=0 gate_no_request=27 down_finish=0 down_cache=0 down_no_request=27 other_finish=0 other_cache=0 other_no_request=0
[svd-local-timeout-profile] up_keep=0 up_drop=0 up_wait=0.000 ms gate_keep=0 gate_drop=0 gate_wait=0.000 ms down_keep=0 down_drop=0 down_wait=0.000 ms other_keep=0 other_drop=0 other_wait=0.000 ms
[svd-offload-client] up_gate_req=0 down_req=0 other_mat_req=0 ffn_req=0 gate_cache_hits=0 gate_cache_checks=0 miss_invalid=0 miss_layer=0 miss_rank=0 miss_hash=0 miss_output=0 miss_data=0 send_up_gate=0.000 ms send_down=0.000 ms send_other=0.000 ms send_ffn=0.000 ms wait_up_gate=0.000 ms wait_down=0.000 ms wait_other=0.000 ms wait_ffn=0.000 ms
[svd-offload-client-stage-profile] rpc_send_total=0.000 ms rpc_wait_total=0.000 ms
[svd-offload-client-debug] finish_fail_up_gate=0 finish_fail_down=0 finish_fail_other=0 finish_fail_ffn=0 cache_take_fail_up=0 cache_take_fail_gate=0 recv_up_sum_abs=0.000000e+00 recv_up_max_abs=0.000000e+00 recv_up_zero=0 recv_gate_sum_abs=0.000000e+00 recv_gate_max_abs=0.000000e+00 recv_gate_zero=0 recv_down_sum_abs=0.000000e+00 recv_down_max_abs=0.000000e+00 recv_down_zero=0 recv_other_sum_abs=0.000000e+00 recv_other_max_abs=0.000000e+00 recv_other_zero=0 recv_ffn_sum_abs=0.000000e+00 recv_ffn_max_abs=0.000000e+00 recv_ffn_zero=0
SUCCEED (one forward pass done)"
candidate,4c_balanced_high,2,trunc_even_0.85,,4,"60,61,62,63","20,40,60,80",ok,20.4157,48.9818,1.1628371912877062,,,,1.6621966361999512,"llama_context: graph splits = 1
attach_threadpool: call
threads: decode=4 batch=4
prompt tokens: 4
running one forward pass (llama_decode) ...
Top-5 next-token candidates:
  id=3 logit=0 piece=""$""
  id=4 logit=0 piece=""%""
  id=1 logit=0 piece=""""""
  id=0 logit=0 piece=""!""
  id=2 logit=0 piece=""#""
Autoregressive generation:
Generated text: !
Decode-only throughput: 20.4157 tokens/s (1 tokens in 0.0489818 s of llama_decode)
End-to-end throughput: 20.281 tokens/s (1 tokens in 0.0493071 s)
[decode-stage-profile] model_load=386.816 ms context_create=56.6927 ms tokenize=0.45662 ms prefill_decode=975.634 ms generation_decode=48.9818 ms generation_total=49.3071 ms program_total=1485.9 ms
[svd-local-op-profile] up_ops=56 gate_ops=56 down_ops=56 up_total=67.106 ms gate_total=57.922 ms down_total=64.339 ms up_v=11.335 ms gate_v=11.337 ms down_v=31.342 ms up_u=55.767 ms gate_u=46.581 ms down_u=32.987 ms
[svd-local-stage-profile] attention_total=163.435 ms ffn_total=240.772 ms ffn_svd_total=189.367 ms ffn_svd_v=54.014 ms ffn_svd_u=135.335 ms
[svd-offload-zero-profile] up_finish=0 up_cache=0 up_no_request=27 gate_finish=0 gate_cache=0 gate_no_request=27 down_finish=0 down_cache=0 down_no_request=27 other_finish=0 other_cache=0 other_no_request=0
[svd-local-timeout-profile] up_keep=0 up_drop=0 up_wait=0.000 ms gate_keep=0 gate_drop=0 gate_wait=0.000 ms down_keep=0 down_drop=0 down_wait=0.000 ms other_keep=0 other_drop=0 other_wait=0.000 ms
[svd-offload-client] up_gate_req=0 down_req=0 other_mat_req=0 ffn_req=0 gate_cache_hits=0 gate_cache_checks=0 miss_invalid=0 miss_layer=0 miss_rank=0 miss_hash=0 miss_output=0 miss_data=0 send_up_gate=0.000 ms send_down=0.000 ms send_other=0.000 ms send_ffn=0.000 ms wait_up_gate=0.000 ms wait_down=0.000 ms wait_other=0.000 ms wait_ffn=0.000 ms
[svd-offload-client-stage-profile] rpc_send_total=0.000 ms rpc_wait_total=0.000 ms
[svd-offload-client-debug] finish_fail_up_gate=0 finish_fail_down=0 finish_fail_other=0 finish_fail_ffn=0 cache_take_fail_up=0 cache_take_fail_gate=0 recv_up_sum_abs=0.000000e+00 recv_up_max_abs=0.000000e+00 recv_up_zero=0 recv_gate_sum_abs=0.000000e+00 recv_gate_max_abs=0.000000e+00 recv_gate_zero=0 recv_down_sum_abs=0.000000e+00 recv_down_max_abs=0.000000e+00 recv_down_zero=0 recv_other_sum_abs=0.000000e+00 recv_other_max_abs=0.000000e+00 recv_other_zero=0 recv_ffn_sum_abs=0.000000e+00 recv_ffn_max_abs=0.000000e+00 recv_ffn_zero=0
SUCCEED (one forward pass done)"
selected,4c_balanced_high,2,all_0.5,all_0.5,4,"60,61,62,63","20,40,60,80",ok,,,,17.5568,20.0484,1.1419165223730978,,
candidate,4c_balanced_high,3,baseline_no_svd,,4,"60,61,62,63","20,40,60,80",ok,21.3185,46.9076,1.0,,,,1.271970510482788,"llama_context: graph splits = 1
attach_threadpool: call
threads: decode=4 batch=4
prompt tokens: 4
running one forward pass (llama_decode) ...
Top-5 next-token candidates:
  id=11 logit=20.2053 piece="",""
  id=304 logit=18.9277 piece="" in""
  id=3837 logit=18.7558 piece=""，""
  id=1052 logit=18.5616 piece="" there""
  id=358 logit=17.8374 piece="" I""
Autoregressive generation:
Generated text: ,
Decode-only throughput: 21.3185 tokens/s (1 tokens in 0.0469076 s of llama_decode)
End-to-end throughput: 21.1782 tokens/s (1 tokens in 0.0472183 s)
[decode-stage-profile] model_load=423.548 ms context_create=60.0909 ms tokenize=0.456628 ms prefill_decode=577.284 ms generation_decode=46.9076 ms generation_total=47.2183 ms program_total=1125.67 ms
[svd-local-op-profile] up_ops=56 gate_ops=56 down_ops=56 up_total=62.266 ms gate_total=65.483 ms down_total=63.755 ms up_v=13.654 ms gate_v=13.689 ms down_v=42.567 ms up_u=48.605 ms gate_u=51.786 ms down_u=21.187 ms
[svd-local-stage-profile] attention_total=71.709 ms ffn_total=227.226 ms ffn_svd_total=191.504 ms ffn_svd_v=69.910 ms ffn_svd_u=121.578 ms
[svd-offload-zero-profile] up_finish=0 up_cache=0 up_no_request=27 gate_finish=0 gate_cache=0 gate_no_request=27 down_finish=0 down_cache=0 down_no_request=27 other_finish=0 other_cache=0 other_no_request=0
[svd-local-timeout-profile] up_keep=0 up_drop=0 up_wait=0.000 ms gate_keep=0 gate_drop=0 gate_wait=0.000 ms down_keep=0 down_drop=0 down_wait=0.000 ms other_keep=0 other_drop=0 other_wait=0.000 ms
[svd-offload-client] up_gate_req=0 down_req=0 other_mat_req=0 ffn_req=0 gate_cache_hits=0 gate_cache_checks=0 miss_invalid=0 miss_layer=0 miss_rank=0 miss_hash=0 miss_output=0 miss_data=0 send_up_gate=0.000 ms send_down=0.000 ms send_other=0.000 ms send_ffn=0.000 ms wait_up_gate=0.000 ms wait_down=0.000 ms wait_other=0.000 ms wait_ffn=0.000 ms
[svd-offload-client-stage-profile] rpc_send_total=0.000 ms rpc_wait_total=0.000 ms
[svd-offload-client-debug] finish_fail_up_gate=0 finish_fail_down=0 finish_fail_other=0 finish_fail_ffn=0 cache_take_fail_up=0 cache_take_fail_gate=0 recv_up_sum_abs=0.000000e+00 recv_up_max_abs=0.000000e+00 recv_up_zero=0 recv_gate_sum_abs=0.000000e+00 recv_gate_max_abs=0.000000e+00 recv_gate_zero=0 recv_down_sum_abs=0.000000e+00 recv_down_max_abs=0.000000e+00 recv_down_zero=0 recv_other_sum_abs=0.000000e+00 recv_other_max_abs=0.000000e+00 recv_other_zero=0 recv_ffn_sum_abs=0.000000e+00 recv_ffn_max_abs=0.000000e+00 recv_ffn_zero=0
SUCCEED (one forward pass done)"
candidate,4c_balanced_high,3,all_0.1,,4,"60,61,62,63","20,40,60,80",ok,22.3029,44.8372,1.0461758566503272,,,,1.053417682647705,"llama_context: graph splits = 1
attach_threadpool: call
threads: decode=4 batch=4
prompt tokens: 4
running one forward pass (llama_decode) ...
Top-5 next-token candidates:
  id=3 logit=0 piece=""$""
  id=4 logit=0 piece=""%""
  id=1 logit=0 piece=""""""
  id=0 logit=0 piece=""!""
  id=2 logit=0 piece=""#""
Autoregressive generation:
Generated text: !
Decode-only throughput: 22.3029 tokens/s (1 tokens in 0.0448372 s of llama_decode)
End-to-end throughput: 22.1508 tokens/s (1 tokens in 0.045145 s)
[decode-stage-profile] model_load=443.496 ms context_create=57.9856 ms tokenize=0.46727 ms prefill_decode=338.554 ms generation_decode=44.8372 ms generation_total=45.145 ms program_total=902.252 ms
[svd-local-op-profile] up_ops=56 gate_ops=56 down_ops=56 up_total=35.237 ms gate_total=35.504 ms down_total=27.139 ms up_v=5.678 ms gate_v=6.176 ms down_v=21.708 ms up_u=29.553 ms gate_u=29.326 ms down_u=5.428 ms
[svd-local-stage-profile] attention_total=65.710 ms ffn_total=99.191 ms ffn_svd_total=97.880 ms ffn_svd_v=33.562 ms ffn_svd_u=64.307 ms
[svd-offload-zero-profile] up_finish=0 up_cache=0 up_no_request=27 gate_finish=0 gate_cache=0 gate_no_request=27 down_finish=0 down_cache=0 down_no_request=27 other_finish=0 other_cache=0 other_no_request=0
[svd-local-timeout-profile] up_keep=0 up_drop=0 up_wait=0.000 ms gate_keep=0 gate_drop=0 gate_wait=0.000 ms down_keep=0 down_drop=0 down_wait=0.000 ms other_keep=0 other_drop=0 other_wait=0.000 ms
[svd-offload-client] up_gate_req=0 down_req=0 other_mat_req=0 ffn_req=0 gate_cache_hits=0 gate_cache_checks=0 miss_invalid=0 miss_layer=0 miss_rank=0 miss_hash=0 miss_output=0 miss_data=0 send_up_gate=0.000 ms send_down=0.000 ms send_other=0.000 ms send_ffn=0.000 ms wait_up_gate=0.000 ms wait_down=0.000 ms wait_other=0.000 ms wait_ffn=0.000 ms
[svd-offload-client-stage-profile] rpc_send_total=0.000 ms rpc_wait_total=0.000 ms
[svd-offload-client-debug] finish_fail_up_gate=0 finish_fail_down=0 finish_fail_other=0 finish_fail_ffn=0 cache_take_fail_up=0 cache_take_fail_gate=0 recv_up_sum_abs=0.000000e+00 recv_up_max_abs=0.000000e+00 recv_up_zero=0 recv_gate_sum_abs=0.000000e+00 recv_gate_max_abs=0.000000e+00 recv_gate_zero=0 recv_down_sum_abs=0.000000e+00 recv_down_max_abs=0.000000e+00 recv_down_zero=0 recv_other_sum_abs=0.000000e+00 recv_other_max_abs=0.000000e+00 recv_other_zero=0 recv_ffn_sum_abs=0.000000e+00 recv_ffn_max_abs=0.000000e+00 recv_ffn_zero=0
SUCCEED (one forward pass done)"
candidate,4c_balanced_high,3,all_0.2,,4,"60,61,62,63","20,40,60,80",ok,21.8821,45.6994,1.0264371320683914,,,,0.9851653575897217,"llama_context: graph splits = 1
attach_threadpool: call
threads: decode=4 batch=4
prompt tokens: 4
running one forward pass (llama_decode) ...
Top-5 next-token candidates:
  id=3 logit=0 piece=""$""
  id=4 logit=0 piece=""%""
  id=1 logit=0 piece=""""""
  id=0 logit=0 piece=""!""
  id=2 logit=0 piece=""#""
Autoregressive generation:
Generated text: !
Decode-only throughput: 21.8821 tokens/s (1 tokens in 0.0456994 s of llama_decode)
End-to-end throughput: 21.7353 tokens/s (1 tokens in 0.046008 s)
[decode-stage-profile] model_load=518.194 ms context_create=59.2477 ms tokenize=0.468855 ms prefill_decode=189.325 ms generation_decode=45.6994 ms generation_total=46.008 ms program_total=830.275 ms
[svd-local-op-profile] up_ops=56 gate_ops=56 down_ops=56 up_total=38.862 ms gate_total=39.067 ms down_total=28.849 ms up_v=5.520 ms gate_v=5.579 ms down_v=22.823 ms up_u=33.340 ms gate_u=33.479 ms down_u=6.019 ms
[svd-local-stage-profile] attention_total=39.008 ms ffn_total=108.119 ms ffn_svd_total=106.778 ms ffn_svd_v=33.922 ms ffn_svd_u=72.838 ms
[svd-offload-zero-profile] up_finish=0 up_cache=0 up_no_request=27 gate_finish=0 gate_cache=0 gate_no_request=27 down_finish=0 down_cache=0 down_no_request=27 other_finish=0 other_cache=0 other_no_request=0
[svd-local-timeout-profile] up_keep=0 up_drop=0 up_wait=0.000 ms gate_keep=0 gate_drop=0 gate_wait=0.000 ms down_keep=0 down_drop=0 down_wait=0.000 ms other_keep=0 other_drop=0 other_wait=0.000 ms
[svd-offload-client] up_gate_req=0 down_req=0 other_mat_req=0 ffn_req=0 gate_cache_hits=0 gate_cache_checks=0 miss_invalid=0 miss_layer=0 miss_rank=0 miss_hash=0 miss_output=0 miss_data=0 send_up_gate=0.000 ms send_down=0.000 ms send_other=0.000 ms send_ffn=0.000 ms wait_up_gate=0.000 ms wait_down=0.000 ms wait_other=0.000 ms wait_ffn=0.000 ms
[svd-offload-client-stage-profile] rpc_send_total=0.000 ms rpc_wait_total=0.000 ms
[svd-offload-client-debug] finish_fail_up_gate=0 finish_fail_down=0 finish_fail_other=0 finish_fail_ffn=0 cache_take_fail_up=0 cache_take_fail_gate=0 recv_up_sum_abs=0.000000e+00 recv_up_max_abs=0.000000e+00 recv_up_zero=0 recv_gate_sum_abs=0.000000e+00 recv_gate_max_abs=0.000000e+00 recv_gate_zero=0 recv_down_sum_abs=0.000000e+00 recv_down_max_abs=0.000000e+00 recv_down_zero=0 recv_other_sum_abs=0.000000e+00 recv_other_max_abs=0.000000e+00 recv_other_zero=0 recv_ffn_sum_abs=0.000000e+00 recv_ffn_max_abs=0.000000e+00 recv_ffn_zero=0
SUCCEED (one forward pass done)"
candidate,4c_balanced_high,3,all_0.3,,4,"60,61,62,63","20,40,60,80",ok,22.7397,43.976,1.066665103079485,,,,1.021707534790039,"llama_context: graph splits = 1
attach_threadpool: call
threads: decode=4 batch=4
prompt tokens: 4
running one forward pass (llama_decode) ...
Top-5 next-token candidates:
  id=3 logit=0 piece=""$""
  id=4 logit=0 piece=""%""
  id=1 logit=0 piece=""""""
  id=0 logit=0 piece=""!""
  id=2 logit=0 piece=""#""
Autoregressive generation:
Generated text: !
Decode-only throughput: 22.7397 tokens/s (1 tokens in 0.043976 s of llama_decode)
End-to-end throughput: 22.5785 tokens/s (1 tokens in 0.0442899 s)
[decode-stage-profile] model_load=439.942 ms context_create=57.8689 ms tokenize=0.444889 ms prefill_decode=317.569 ms generation_decode=43.976 ms generation_total=44.2899 ms program_total=876.554 ms
[svd-local-op-profile] up_ops=56 gate_ops=56 down_ops=56 up_total=47.900 ms gate_total=37.354 ms down_total=44.547 ms up_v=4.843 ms gate_v=4.795 ms down_v=25.026 ms up_u=43.046 ms gate_u=32.553 ms down_u=19.519 ms
[svd-local-stage-profile] attention_total=88.062 ms ffn_total=145.161 ms ffn_svd_total=129.801 ms ffn_svd_v=34.664 ms ffn_svd_u=95.118 ms
[svd-offload-zero-profile] up_finish=0 up_cache=0 up_no_request=27 gate_finish=0 gate_cache=0 gate_no_request=27 down_finish=0 down_cache=0 down_no_request=27 other_finish=0 other_cache=0 other_no_request=0
[svd-local-timeout-profile] up_keep=0 up_drop=0 up_wait=0.000 ms gate_keep=0 gate_drop=0 gate_wait=0.000 ms down_keep=0 down_drop=0 down_wait=0.000 ms other_keep=0 other_drop=0 other_wait=0.000 ms
[svd-offload-client] up_gate_req=0 down_req=0 other_mat_req=0 ffn_req=0 gate_cache_hits=0 gate_cache_checks=0 miss_invalid=0 miss_layer=0 miss_rank=0 miss_hash=0 miss_output=0 miss_data=0 send_up_gate=0.000 ms send_down=0.000 ms send_other=0.000 ms send_ffn=0.000 ms wait_up_gate=0.000 ms wait_down=0.000 ms wait_other=0.000 ms wait_ffn=0.000 ms
[svd-offload-client-stage-profile] rpc_send_total=0.000 ms rpc_wait_total=0.000 ms
[svd-offload-client-debug] finish_fail_up_gate=0 finish_fail_down=0 finish_fail_other=0 finish_fail_ffn=0 cache_take_fail_up=0 cache_take_fail_gate=0 recv_up_sum_abs=0.000000e+00 recv_up_max_abs=0.000000e+00 recv_up_zero=0 recv_gate_sum_abs=0.000000e+00 recv_gate_max_abs=0.000000e+00 recv_gate_zero=0 recv_down_sum_abs=0.000000e+00 recv_down_max_abs=0.000000e+00 recv_down_zero=0 recv_other_sum_abs=0.000000e+00 recv_other_max_abs=0.000000e+00 recv_other_zero=0 recv_ffn_sum_abs=0.000000e+00 recv_ffn_max_abs=0.000000e+00 recv_ffn_zero=0
SUCCEED (one forward pass done)"
candidate,4c_balanced_high,3,all_0.35,,4,"60,61,62,63","20,40,60,80",ok,21.1877,47.1971,0.993864483898961,,,,0.8015639781951904,"llama_context: graph splits = 1
attach_threadpool: call
threads: decode=4 batch=4
prompt tokens: 4
running one forward pass (llama_decode) ...
Top-5 next-token candidates:
  id=3 logit=0 piece=""$""
  id=4 logit=0 piece=""%""
  id=1 logit=0 piece=""""""
  id=0 logit=0 piece=""!""
  id=2 logit=0 piece=""#""
Autoregressive generation:
Generated text: !
Decode-only throughput: 21.1877 tokens/s (1 tokens in 0.0471971 s of llama_decode)
End-to-end throughput: 21.0499 tokens/s (1 tokens in 0.0475061 s)
[decode-stage-profile] model_load=444.324 ms context_create=56.8918 ms tokenize=0.457748 ms prefill_decode=89.314 ms generation_decode=47.1971 ms generation_total=47.5061 ms program_total=654.808 ms
[svd-local-op-profile] up_ops=56 gate_ops=56 down_ops=56 up_total=36.429 ms gate_total=36.184 ms down_total=25.325 ms up_v=5.048 ms gate_v=4.689 ms down_v=19.614 ms up_u=31.374 ms gate_u=31.492 ms down_u=5.705 ms
[svd-local-stage-profile] attention_total=1.434 ms ffn_total=99.181 ms ffn_svd_total=97.938 ms ffn_svd_v=29.351 ms ffn_svd_u=68.571 ms
[svd-offload-zero-profile] up_finish=0 up_cache=0 up_no_request=27 gate_finish=0 gate_cache=0 gate_no_request=27 down_finish=0 down_cache=0 down_no_request=27 other_finish=0 other_cache=0 other_no_request=0
[svd-local-timeout-profile] up_keep=0 up_drop=0 up_wait=0.000 ms gate_keep=0 gate_drop=0 gate_wait=0.000 ms down_keep=0 down_drop=0 down_wait=0.000 ms other_keep=0 other_drop=0 other_wait=0.000 ms
[svd-offload-client] up_gate_req=0 down_req=0 other_mat_req=0 ffn_req=0 gate_cache_hits=0 gate_cache_checks=0 miss_invalid=0 miss_layer=0 miss_rank=0 miss_hash=0 miss_output=0 miss_data=0 send_up_gate=0.000 ms send_down=0.000 ms send_other=0.000 ms send_ffn=0.000 ms wait_up_gate=0.000 ms wait_down=0.000 ms wait_other=0.000 ms wait_ffn=0.000 ms
[svd-offload-client-stage-profile] rpc_send_total=0.000 ms rpc_wait_total=0.000 ms
[svd-offload-client-debug] finish_fail_up_gate=0 finish_fail_down=0 finish_fail_other=0 finish_fail_ffn=0 cache_take_fail_up=0 cache_take_fail_gate=0 recv_up_sum_abs=0.000000e+00 recv_up_max_abs=0.000000e+00 recv_up_zero=0 recv_gate_sum_abs=0.000000e+00 recv_gate_max_abs=0.000000e+00 recv_gate_zero=0 recv_down_sum_abs=0.000000e+00 recv_down_max_abs=0.000000e+00 recv_down_zero=0 recv_other_sum_abs=0.000000e+00 recv_other_max_abs=0.000000e+00 recv_other_zero=0 recv_ffn_sum_abs=0.000000e+00 recv_ffn_max_abs=0.000000e+00 recv_ffn_zero=0
SUCCEED (one forward pass done)"
candidate,4c_balanced_high,3,all_0.4,,4,"60,61,62,63","20,40,60,80",ok,20.0898,49.7765,0.9423646128949035,,,,0.8278524875640869,"llama_context: graph splits = 1
attach_threadpool: call
threads: decode=4 batch=4
prompt tokens: 4
running one forward pass (llama_decode) ...
Top-5 next-token candidates:
  id=3 logit=0 piece=""$""
  id=4 logit=0 piece=""%""
  id=1 logit=0 piece=""""""
  id=0 logit=0 piece=""!""
  id=2 logit=0 piece=""#""
Autoregressive generation:
Generated text: !
Decode-only throughput: 20.0898 tokens/s (1 tokens in 0.0497765 s of llama_decode)
End-to-end throughput: 19.9654 tokens/s (1 tokens in 0.0500867 s)
[decode-stage-profile] model_load=405.583 ms context_create=56.0575 ms tokenize=0.460559 ms prefill_decode=144.456 ms generation_decode=49.7765 ms generation_total=50.0867 ms program_total=673.394 ms
[svd-local-op-profile] up_ops=56 gate_ops=56 down_ops=56 up_total=32.866 ms gate_total=32.782 ms down_total=27.307 ms up_v=4.620 ms gate_v=4.283 ms down_v=21.962 ms up_u=28.240 ms gate_u=28.496 ms down_u=5.338 ms
[svd-local-stage-profile] attention_total=37.421 ms ffn_total=94.384 ms ffn_svd_total=92.955 ms ffn_svd_v=30.865 ms ffn_svd_u=62.074 ms
[svd-offload-zero-profile] up_finish=0 up_cache=0 up_no_request=27 gate_finish=0 gate_cache=0 gate_no_request=27 down_finish=0 down_cache=0 down_no_request=27 other_finish=0 other_cache=0 other_no_request=0
[svd-local-timeout-profile] up_keep=0 up_drop=0 up_wait=0.000 ms gate_keep=0 gate_drop=0 gate_wait=0.000 ms down_keep=0 down_drop=0 down_wait=0.000 ms other_keep=0 other_drop=0 other_wait=0.000 ms
[svd-offload-client] up_gate_req=0 down_req=0 other_mat_req=0 ffn_req=0 gate_cache_hits=0 gate_cache_checks=0 miss_invalid=0 miss_layer=0 miss_rank=0 miss_hash=0 miss_output=0 miss_data=0 send_up_gate=0.000 ms send_down=0.000 ms send_other=0.000 ms send_ffn=0.000 ms wait_up_gate=0.000 ms wait_down=0.000 ms wait_other=0.000 ms wait_ffn=0.000 ms
[svd-offload-client-stage-profile] rpc_send_total=0.000 ms rpc_wait_total=0.000 ms
[svd-offload-client-debug] finish_fail_up_gate=0 finish_fail_down=0 finish_fail_other=0 finish_fail_ffn=0 cache_take_fail_up=0 cache_take_fail_gate=0 recv_up_sum_abs=0.000000e+00 recv_up_max_abs=0.000000e+00 recv_up_zero=0 recv_gate_sum_abs=0.000000e+00 recv_gate_max_abs=0.000000e+00 recv_gate_zero=0 recv_down_sum_abs=0.000000e+00 recv_down_max_abs=0.000000e+00 recv_down_zero=0 recv_other_sum_abs=0.000000e+00 recv_other_max_abs=0.000000e+00 recv_other_zero=0 recv_ffn_sum_abs=0.000000e+00 recv_ffn_max_abs=0.000000e+00 recv_ffn_zero=0
SUCCEED (one forward pass done)"
candidate,4c_balanced_high,3,all_0.45,,4,"60,61,62,63","20,40,60,80",ok,20.3744,49.0811,0.955714520252363,,,,0.81119704246521,"llama_context: graph splits = 1
attach_threadpool: call
threads: decode=4 batch=4
prompt tokens: 4
running one forward pass (llama_decode) ...
Top-5 next-token candidates:
  id=3 logit=0 piece=""$""
  id=4 logit=0 piece=""%""
  id=1 logit=0 piece=""""""
  id=0 logit=0 piece=""!""
  id=2 logit=0 piece=""#""
Autoregressive generation:
Generated text: !
Decode-only throughput: 20.3744 tokens/s (1 tokens in 0.0490811 s of llama_decode)
End-to-end throughput: 20.2449 tokens/s (1 tokens in 0.0493952 s)
[decode-stage-profile] model_load=448.884 ms context_create=60.313 ms tokenize=0.471044 ms prefill_decode=80.0814 ms generation_decode=49.0811 ms generation_total=49.3952 ms program_total=656.195 ms
[svd-local-op-profile] up_ops=56 gate_ops=56 down_ops=56 up_total=33.447 ms gate_total=34.237 ms down_total=26.071 ms up_v=4.790 ms gate_v=4.692 ms down_v=16.788 ms up_u=28.649 ms gate_u=29.543 ms down_u=9.277 ms
[svd-local-stage-profile] attention_total=3.342 ms ffn_total=95.045 ms ffn_svd_total=93.755 ms ffn_svd_v=26.270 ms ffn_svd_u=67.469 ms
[svd-offload-zero-profile] up_finish=0 up_cache=0 up_no_request=27 gate_finish=0 gate_cache=0 gate_no_request=27 down_finish=0 down_cache=0 down_no_request=27 other_finish=0 other_cache=0 other_no_request=0
[svd-local-timeout-profile] up_keep=0 up_drop=0 up_wait=0.000 ms gate_keep=0 gate_drop=0 gate_wait=0.000 ms down_keep=0 down_drop=0 down_wait=0.000 ms other_keep=0 other_drop=0 other_wait=0.000 ms
[svd-offload-client] up_gate_req=0 down_req=0 other_mat_req=0 ffn_req=0 gate_cache_hits=0 gate_cache_checks=0 miss_invalid=0 miss_layer=0 miss_rank=0 miss_hash=0 miss_output=0 miss_data=0 send_up_gate=0.000 ms send_down=0.000 ms send_other=0.000 ms send_ffn=0.000 ms wait_up_gate=0.000 ms wait_down=0.000 ms wait_other=0.000 ms wait_ffn=0.000 ms
[svd-offload-client-stage-profile] rpc_send_total=0.000 ms rpc_wait_total=0.000 ms
[svd-offload-client-debug] finish_fail_up_gate=0 finish_fail_down=0 finish_fail_other=0 finish_fail_ffn=0 cache_take_fail_up=0 cache_take_fail_gate=0 recv_up_sum_abs=0.000000e+00 recv_up_max_abs=0.000000e+00 recv_up_zero=0 recv_gate_sum_abs=0.000000e+00 recv_gate_max_abs=0.000000e+00 recv_gate_zero=0 recv_down_sum_abs=0.000000e+00 recv_down_max_abs=0.000000e+00 recv_down_zero=0 recv_other_sum_abs=0.000000e+00 recv_other_max_abs=0.000000e+00 recv_other_zero=0 recv_ffn_sum_abs=0.000000e+00 recv_ffn_max_abs=0.000000e+00 recv_ffn_zero=0
SUCCEED (one forward pass done)"
candidate,4c_balanced_high,3,all_0.5,,4,"60,61,62,63","20,40,60,80",ok,22.0574,45.3363,1.0346600370570163,,,,0.8476564884185791,"llama_context: graph splits = 1
attach_threadpool: call
threads: decode=4 batch=4
prompt tokens: 4
running one forward pass (llama_decode) ...
Top-5 next-token candidates:
  id=11 logit=15.272 piece="",""
  id=12 logit=14.9123 piece=""-""
  id=51730 logit=14.8613 piece="" Ri""
  id=6216 logit=14.8165 piece="" ir""
  id=472 logit=14.5534 piece="" H""
Autoregressive generation:
Generated text: ,
Decode-only throughput: 22.0574 tokens/s (1 tokens in 0.0453363 s of llama_decode)
End-to-end throughput: 21.9048 tokens/s (1 tokens in 0.0456522 s)
[decode-stage-profile] model_load=385.823 ms context_create=55.8612 ms tokenize=0.460953 ms prefill_decode=187.071 ms generation_decode=45.3363 ms generation_total=45.6522 ms program_total=691.422 ms
[svd-local-op-profile] up_ops=56 gate_ops=56 down_ops=56 up_total=29.148 ms gate_total=28.786 ms down_total=18.519 ms up_v=3.836 ms gate_v=3.581 ms down_v=13.829 ms up_u=25.309 ms gate_u=25.199 ms down_u=4.685 ms
[svd-local-stage-profile] attention_total=61.483 ms ffn_total=77.674 ms ffn_svd_total=76.453 ms ffn_svd_v=21.246 ms ffn_svd_u=55.193 ms
[svd-offload-zero-profile] up_finish=0 up_cache=0 up_no_request=27 gate_finish=0 gate_cache=0 gate_no_request=27 down_finish=0 down_cache=0 down_no_request=27 other_finish=0 other_cache=0 other_no_request=0
[svd-local-timeout-profile] up_keep=0 up_drop=0 up_wait=0.000 ms gate_keep=0 gate_drop=0 gate_wait=0.000 ms down_keep=0 down_drop=0 down_wait=0.000 ms other_keep=0 other_drop=0 other_wait=0.000 ms
[svd-offload-client] up_gate_req=0 down_req=0 other_mat_req=0 ffn_req=0 gate_cache_hits=0 gate_cache_checks=0 miss_invalid=0 miss_layer=0 miss_rank=0 miss_hash=0 miss_output=0 miss_data=0 send_up_gate=0.000 ms send_down=0.000 ms send_other=0.000 ms send_ffn=0.000 ms wait_up_gate=0.000 ms wait_down=0.000 ms wait_other=0.000 ms wait_ffn=0.000 ms
[svd-offload-client-stage-profile] rpc_send_total=0.000 ms rpc_wait_total=0.000 ms
[svd-offload-client-debug] finish_fail_up_gate=0 finish_fail_down=0 finish_fail_other=0 finish_fail_ffn=0 cache_take_fail_up=0 cache_take_fail_gate=0 recv_up_sum_abs=0.000000e+00 recv_up_max_abs=0.000000e+00 recv_up_zero=0 recv_gate_sum_abs=0.000000e+00 recv_gate_max_abs=0.000000e+00 recv_gate_zero=0 recv_down_sum_abs=0.000000e+00 recv_down_max_abs=0.000000e+00 recv_down_zero=0 recv_other_sum_abs=0.000000e+00 recv_other_max_abs=0.000000e+00 recv_other_zero=0 recv_ffn_sum_abs=0.000000e+00 recv_ffn_max_abs=0.000000e+00 recv_ffn_zero=0
SUCCEED (one forward pass done)"
candidate,4c_balanced_high,3,trunc_even_0.8,,4,"60,61,62,63","20,40,60,80",ok,23.7366,42.129,1.1134273049229542,,,,0.7674098014831543,"llama_context: graph splits = 1
attach_threadpool: call
threads: decode=4 batch=4
prompt tokens: 4
running one forward pass (llama_decode) ...
Top-5 next-token candidates:
  id=3 logit=0 piece=""$""
  id=4 logit=0 piece=""%""
  id=1 logit=0 piece=""""""
  id=0 logit=0 piece=""!""
  id=2 logit=0 piece=""#""
Autoregressive generation:
Generated text: !
Decode-only throughput: 23.7366 tokens/s (1 tokens in 0.042129 s of llama_decode)
End-to-end throughput: 23.5667 tokens/s (1 tokens in 0.0424327 s)
[decode-stage-profile] model_load=412.56 ms context_create=73.5897 ms tokenize=0.90076 ms prefill_decode=74.4348 ms generation_decode=42.129 ms generation_total=42.4327 ms program_total=620.311 ms
[svd-local-op-profile] up_ops=56 gate_ops=56 down_ops=56 up_total=29.420 ms gate_total=29.402 ms down_total=19.674 ms up_v=3.810 ms gate_v=3.906 ms down_v=14.903 ms up_u=25.602 ms gate_u=25.492 ms down_u=4.766 ms
[svd-local-stage-profile] attention_total=1.306 ms ffn_total=79.681 ms ffn_svd_total=78.496 ms ffn_svd_v=22.619 ms ffn_svd_u=55.860 ms
[svd-offload-zero-profile] up_finish=0 up_cache=0 up_no_request=27 gate_finish=0 gate_cache=0 gate_no_request=27 down_finish=0 down_cache=0 down_no_request=27 other_finish=0 other_cache=0 other_no_request=0
[svd-local-timeout-profile] up_keep=0 up_drop=0 up_wait=0.000 ms gate_keep=0 gate_drop=0 gate_wait=0.000 ms down_keep=0 down_drop=0 down_wait=0.000 ms other_keep=0 other_drop=0 other_wait=0.000 ms
[svd-offload-client] up_gate_req=0 down_req=0 other_mat_req=0 ffn_req=0 gate_cache_hits=0 gate_cache_checks=0 miss_invalid=0 miss_layer=0 miss_rank=0 miss_hash=0 miss_output=0 miss_data=0 send_up_gate=0.000 ms send_down=0.000 ms send_other=0.000 ms send_ffn=0.000 ms wait_up_gate=0.000 ms wait_down=0.000 ms wait_other=0.000 ms wait_ffn=0.000 ms
[svd-offload-client-stage-profile] rpc_send_total=0.000 ms rpc_wait_total=0.000 ms
[svd-offload-client-debug] finish_fail_up_gate=0 finish_fail_down=0 finish_fail_other=0 finish_fail_ffn=0 cache_take_fail_up=0 cache_take_fail_gate=0 recv_up_sum_abs=0.000000e+00 recv_up_max_abs=0.000000e+00 recv_up_zero=0 recv_gate_sum_abs=0.000000e+00 recv_gate_max_abs=0.000000e+00 recv_gate_zero=0 recv_down_sum_abs=0.000000e+00 recv_down_max_abs=0.000000e+00 recv_down_zero=0 recv_other_sum_abs=0.000000e+00 recv_other_max_abs=0.000000e+00 recv_other_zero=0 recv_ffn_sum_abs=0.000000e+00 recv_ffn_max_abs=0.000000e+00 recv_ffn_zero=0
SUCCEED (one forward pass done)"
candidate,4c_balanced_high,3,trunc_even_0.85,,4,"60,61,62,63","20,40,60,80",ok,4.84176,206.537,0.22711541618781808,,,,1.1306822299957275,"llama_context: graph splits = 1
attach_threadpool: call
threads: decode=4 batch=4
prompt tokens: 4
running one forward pass (llama_decode) ...
Top-5 next-token candidates:
  id=3 logit=0 piece=""$""
  id=4 logit=0 piece=""%""
  id=1 logit=0 piece=""""""
  id=0 logit=0 piece=""!""
  id=2 logit=0 piece=""#""
Autoregressive generation:
Generated text: !
Decode-only throughput: 4.84176 tokens/s (1 tokens in 0.206537 s of llama_decode)
End-to-end throughput: 4.83452 tokens/s (1 tokens in 0.206846 s)
[decode-stage-profile] model_load=377.931 ms context_create=57.0723 ms tokenize=0.445508 ms prefill_decode=304.015 ms generation_decode=206.537 ms generation_total=206.846 ms program_total=962.699 ms
[svd-local-op-profile] up_ops=56 gate_ops=56 down_ops=56 up_total=32.180 ms gate_total=38.624 ms down_total=21.308 ms up_v=4.247 ms gate_v=4.054 ms down_v=16.034 ms up_u=27.931 ms gate_u=34.568 ms down_u=5.267 ms
[svd-local-stage-profile] attention_total=90.002 ms ffn_total=121.717 ms ffn_svd_total=92.112 ms ffn_svd_v=24.335 ms ffn_svd_u=67.766 ms
[svd-offload-zero-profile] up_finish=0 up_cache=0 up_no_request=27 gate_finish=0 gate_cache=0 gate_no_request=27 down_finish=0 down_cache=0 down_no_request=27 other_finish=0 other_cache=0 other_no_request=0
[svd-local-timeout-profile] up_keep=0 up_drop=0 up_wait=0.000 ms gate_keep=0 gate_drop=0 gate_wait=0.000 ms down_keep=0 down_drop=0 down_wait=0.000 ms other_keep=0 other_drop=0 other_wait=0.000 ms
[svd-offload-client] up_gate_req=0 down_req=0 other_mat_req=0 ffn_req=0 gate_cache_hits=0 gate_cache_checks=0 miss_invalid=0 miss_layer=0 miss_rank=0 miss_hash=0 miss_output=0 miss_data=0 send_up_gate=0.000 ms send_down=0.000 ms send_other=0.000 ms send_ffn=0.000 ms wait_up_gate=0.000 ms wait_down=0.000 ms wait_other=0.000 ms wait_ffn=0.000 ms
[svd-offload-client-stage-profile] rpc_send_total=0.000 ms rpc_wait_total=0.000 ms
[svd-offload-client-debug] finish_fail_up_gate=0 finish_fail_down=0 finish_fail_other=0 finish_fail_ffn=0 cache_take_fail_up=0 cache_take_fail_gate=0 recv_up_sum_abs=0.000000e+00 recv_up_max_abs=0.000000e+00 recv_up_zero=0 recv_gate_sum_abs=0.000000e+00 recv_gate_max_abs=0.000000e+00 recv_gate_zero=0 recv_down_sum_abs=0.000000e+00 recv_down_max_abs=0.000000e+00 recv_down_zero=0 recv_other_sum_abs=0.000000e+00 recv_other_max_abs=0.000000e+00 recv_other_zero=0 recv_ffn_sum_abs=0.000000e+00 recv_ffn_max_abs=0.000000e+00 recv_ffn_zero=0
SUCCEED (one forward pass done)"
selected,4c_balanced_high,3,trunc_even_0.8,trunc_even_0.8,4,"60,61,62,63","20,40,60,80",ok,,,,21.3185,23.7366,1.1134273049229542,,
candidate,4c_balanced_high,4,baseline_no_svd,,4,"60,61,62,63","20,40,60,80",ok,17.3822,57.53,1.0,,,,1.193089485168457,"llama_context: graph splits = 1
attach_threadpool: call
threads: decode=4 batch=4
prompt tokens: 4
running one forward pass (llama_decode) ...
Top-5 next-token candidates:
  id=11 logit=20.2053 piece="",""
  id=304 logit=18.9277 piece="" in""
  id=3837 logit=18.7558 piece=""，""
  id=1052 logit=18.5616 piece="" there""
  id=358 logit=17.8374 piece="" I""
Autoregressive generation:
Generated text: ,
Decode-only throughput: 17.3822 tokens/s (1 tokens in 0.05753 s of llama_decode)
End-to-end throughput: 17.2889 tokens/s (1 tokens in 0.0578405 s)
[decode-stage-profile] model_load=464.562 ms context_create=56.9783 ms tokenize=0.462145 ms prefill_decode=447.024 ms generation_decode=57.53 ms generation_total=57.8405 ms program_total=1043.84 ms
[svd-local-op-profile] up_ops=56 gate_ops=56 down_ops=56 up_total=54.329 ms gate_total=43.574 ms down_total=57.790 ms up_v=6.950 ms gate_v=6.694 ms down_v=35.685 ms up_u=47.374 ms gate_u=36.875 ms down_u=22.104 ms
[svd-local-stage-profile] attention_total=110.401 ms ffn_total=170.475 ms ffn_svd_total=155.693 ms ffn_svd_v=49.329 ms ffn_svd_u=106.353 ms
[svd-offload-zero-profile] up_finish=0 up_cache=0 up_no_request=27 gate_finish=0 gate_cache=0 gate_no_request=27 down_finish=0 down_cache=0 down_no_request=27 other_finish=0 other_cache=0 other_no_request=0
[svd-local-timeout-profile] up_keep=0 up_drop=0 up_wait=0.000 ms gate_keep=0 gate_drop=0 gate_wait=0.000 ms down_keep=0 down_drop=0 down_wait=0.000 ms other_keep=0 other_drop=0 other_wait=0.000 ms
[svd-offload-client] up_gate_req=0 down_req=0 other_mat_req=0 ffn_req=0 gate_cache_hits=0 gate_cache_checks=0 miss_invalid=0 miss_layer=0 miss_rank=0 miss_hash=0 miss_output=0 miss_data=0 send_up_gate=0.000 ms send_down=0.000 ms send_other=0.000 ms send_ffn=0.000 ms wait_up_gate=0.000 ms wait_down=0.000 ms wait_other=0.000 ms wait_ffn=0.000 ms
[svd-offload-client-stage-profile] rpc_send_total=0.000 ms rpc_wait_total=0.000 ms
[svd-offload-client-debug] finish_fail_up_gate=0 finish_fail_down=0 finish_fail_other=0 finish_fail_ffn=0 cache_take_fail_up=0 cache_take_fail_gate=0 recv_up_sum_abs=0.000000e+00 recv_up_max_abs=0.000000e+00 recv_up_zero=0 recv_gate_sum_abs=0.000000e+00 recv_gate_max_abs=0.000000e+00 recv_gate_zero=0 recv_down_sum_abs=0.000000e+00 recv_down_max_abs=0.000000e+00 recv_down_zero=0 recv_other_sum_abs=0.000000e+00 recv_other_max_abs=0.000000e+00 recv_other_zero=0 recv_ffn_sum_abs=0.000000e+00 recv_ffn_max_abs=0.000000e+00 recv_ffn_zero=0
SUCCEED (one forward pass done)"
candidate,4c_balanced_high,4,all_0.1,,4,"60,61,62,63","20,40,60,80",ok,18.8196,53.136,1.0826937901991693,,,,1.0441811084747314,"llama_context: graph splits = 1
attach_threadpool: call
threads: decode=4 batch=4
prompt tokens: 4
running one forward pass (llama_decode) ...
Top-5 next-token candidates:
  id=3 logit=0 piece=""$""
  id=4 logit=0 piece=""%""
  id=1 logit=0 piece=""""""
  id=0 logit=0 piece=""!""
  id=2 logit=0 piece=""#""
Autoregressive generation:
Generated text: !
Decode-only throughput: 18.8196 tokens/s (1 tokens in 0.053136 s of llama_decode)
End-to-end throughput: 18.7036 tokens/s (1 tokens in 0.0534657 s)
[decode-stage-profile] model_load=470.085 ms context_create=55.6759 ms tokenize=0.452754 ms prefill_decode=288.005 ms generation_decode=53.136 ms generation_total=53.4657 ms program_total=884.757 ms
[svd-local-op-profile] up_ops=56 gate_ops=56 down_ops=56 up_total=43.311 ms gate_total=43.805 ms down_total=33.726 ms up_v=7.055 ms gate_v=6.990 ms down_v=27.121 ms up_u=36.253 ms gate_u=36.806 ms down_u=6.601 ms
[svd-local-stage-profile] attention_total=60.803 ms ffn_total=122.068 ms ffn_svd_total=120.842 ms ffn_svd_v=41.166 ms ffn_svd_u=79.660 ms
[svd-offload-zero-profile] up_finish=0 up_cache=0 up_no_request=27 gate_finish=0 gate_cache=0 gate_no_request=27 down_finish=0 down_cache=0 down_no_request=27 other_finish=0 other_cache=0 other_no_request=0
[svd-local-timeout-profile] up_keep=0 up_drop=0 up_wait=0.000 ms gate_keep=0 gate_drop=0 gate_wait=0.000 ms down_keep=0 down_drop=0 down_wait=0.000 ms other_keep=0 other_drop=0 other_wait=0.000 ms
[svd-offload-client] up_gate_req=0 down_req=0 other_mat_req=0 ffn_req=0 gate_cache_hits=0 gate_cache_checks=0 miss_invalid=0 miss_layer=0 miss_rank=0 miss_hash=0 miss_output=0 miss_data=0 send_up_gate=0.000 ms send_down=0.000 ms send_other=0.000 ms send_ffn=0.000 ms wait_up_gate=0.000 ms wait_down=0.000 ms wait_other=0.000 ms wait_ffn=0.000 ms
[svd-offload-client-stage-profile] rpc_send_total=0.000 ms rpc_wait_total=0.000 ms
[svd-offload-client-debug] finish_fail_up_gate=0 finish_fail_down=0 finish_fail_other=0 finish_fail_ffn=0 cache_take_fail_up=0 cache_take_fail_gate=0 recv_up_sum_abs=0.000000e+00 recv_up_max_abs=0.000000e+00 recv_up_zero=0 recv_gate_sum_abs=0.000000e+00 recv_gate_max_abs=0.000000e+00 recv_gate_zero=0 recv_down_sum_abs=0.000000e+00 recv_down_max_abs=0.000000e+00 recv_down_zero=0 recv_other_sum_abs=0.000000e+00 recv_other_max_abs=0.000000e+00 recv_other_zero=0 recv_ffn_sum_abs=0.000000e+00 recv_ffn_max_abs=0.000000e+00 recv_ffn_zero=0
SUCCEED (one forward pass done)"
candidate,4c_balanced_high,4,all_0.2,,4,"60,61,62,63","20,40,60,80",ok,17.337,57.6802,0.9973996387108651,,,,1.3457458019256592,"llama_context: graph splits = 1
attach_threadpool: call
threads: decode=4 batch=4
prompt tokens: 4
running one forward pass (llama_decode) ...
Top-5 next-token candidates:
  id=3 logit=0 piece=""$""
  id=4 logit=0 piece=""%""
  id=1 logit=0 piece=""""""
  id=0 logit=0 piece=""!""
  id=2 logit=0 piece=""#""
Autoregressive generation:
Generated text: !
Decode-only throughput: 17.337 tokens/s (1 tokens in 0.0576802 s of llama_decode)
End-to-end throughput: 17.2446 tokens/s (1 tokens in 0.0579891 s)
[decode-stage-profile] model_load=394.277 ms context_create=58.8738 ms tokenize=0.463848 ms prefill_decode=656.759 ms generation_decode=57.6802 ms generation_total=57.9891 ms program_total=1185.32 ms
[svd-local-op-profile] up_ops=56 gate_ops=56 down_ops=56 up_total=43.679 ms gate_total=42.892 ms down_total=53.674 ms up_v=5.806 ms gate_v=5.540 ms down_v=33.606 ms up_u=37.870 ms gate_u=37.346 ms down_u=20.061 ms
[svd-local-stage-profile] attention_total=171.361 ms ffn_total=141.601 ms ffn_svd_total=140.245 ms ffn_svd_v=44.952 ms ffn_svd_u=95.277 ms
[svd-offload-zero-profile] up_finish=0 up_cache=0 up_no_request=27 gate_finish=0 gate_cache=0 gate_no_request=27 down_finish=0 down_cache=0 down_no_request=27 other_finish=0 other_cache=0 other_no_request=0
[svd-local-timeout-profile] up_keep=0 up_drop=0 up_wait=0.000 ms gate_keep=0 gate_drop=0 gate_wait=0.000 ms down_keep=0 down_drop=0 down_wait=0.000 ms other_keep=0 other_drop=0 other_wait=0.000 ms
[svd-offload-client] up_gate_req=0 down_req=0 other_mat_req=0 ffn_req=0 gate_cache_hits=0 gate_cache_checks=0 miss_invalid=0 miss_layer=0 miss_rank=0 miss_hash=0 miss_output=0 miss_data=0 send_up_gate=0.000 ms send_down=0.000 ms send_other=0.000 ms send_ffn=0.000 ms wait_up_gate=0.000 ms wait_down=0.000 ms wait_other=0.000 ms wait_ffn=0.000 ms
[svd-offload-client-stage-profile] rpc_send_total=0.000 ms rpc_wait_total=0.000 ms
[svd-offload-client-debug] finish_fail_up_gate=0 finish_fail_down=0 finish_fail_other=0 finish_fail_ffn=0 cache_take_fail_up=0 cache_take_fail_gate=0 recv_up_sum_abs=0.000000e+00 recv_up_max_abs=0.000000e+00 recv_up_zero=0 recv_gate_sum_abs=0.000000e+00 recv_gate_max_abs=0.000000e+00 recv_gate_zero=0 recv_down_sum_abs=0.000000e+00 recv_down_max_abs=0.000000e+00 recv_down_zero=0 recv_other_sum_abs=0.000000e+00 recv_other_max_abs=0.000000e+00 recv_other_zero=0 recv_ffn_sum_abs=0.000000e+00 recv_ffn_max_abs=0.000000e+00 recv_ffn_zero=0
SUCCEED (one forward pass done)"
candidate,4c_balanced_high,4,all_0.3,,4,"60,61,62,63","20,40,60,80",ok,19.1315,52.2699,1.10063743369654,,,,0.7649734020233154,"llama_context: graph splits = 1
attach_threadpool: call
threads: decode=4 batch=4
prompt tokens: 4
running one forward pass (llama_decode) ...
Top-5 next-token candidates:
  id=3 logit=0 piece=""$""
  id=4 logit=0 piece=""%""
  id=1 logit=0 piece=""""""
  id=0 logit=0 piece=""!""
  id=2 logit=0 piece=""#""
Autoregressive generation:
Generated text: !
Decode-only throughput: 19.1315 tokens/s (1 tokens in 0.0522699 s of llama_decode)
End-to-end throughput: 19.0186 tokens/s (1 tokens in 0.0525801 s)
[decode-stage-profile] model_load=392.4 ms context_create=57.2099 ms tokenize=0.454485 ms prefill_decode=94.9676 ms generation_decode=52.2699 ms generation_total=52.5801 ms program_total=614.312 ms
[svd-local-op-profile] up_ops=56 gate_ops=56 down_ops=56 up_total=37.717 ms gate_total=41.797 ms down_total=27.049 ms up_v=5.328 ms gate_v=5.394 ms down_v=21.229 ms up_u=32.384 ms gate_u=36.400 ms down_u=5.816 ms
[svd-local-stage-profile] attention_total=1.407 ms ffn_total=107.875 ms ffn_svd_total=106.563 ms ffn_svd_v=31.951 ms ffn_svd_u=74.600 ms
[svd-offload-zero-profile] up_finish=0 up_cache=0 up_no_request=27 gate_finish=0 gate_cache=0 gate_no_request=27 down_finish=0 down_cache=0 down_no_request=27 other_finish=0 other_cache=0 other_no_request=0
[svd-local-timeout-profile] up_keep=0 up_drop=0 up_wait=0.000 ms gate_keep=0 gate_drop=0 gate_wait=0.000 ms down_keep=0 down_drop=0 down_wait=0.000 ms other_keep=0 other_drop=0 other_wait=0.000 ms
[svd-offload-client] up_gate_req=0 down_req=0 other_mat_req=0 ffn_req=0 gate_cache_hits=0 gate_cache_checks=0 miss_invalid=0 miss_layer=0 miss_rank=0 miss_hash=0 miss_output=0 miss_data=0 send_up_gate=0.000 ms send_down=0.000 ms send_other=0.000 ms send_ffn=0.000 ms wait_up_gate=0.000 ms wait_down=0.000 ms wait_other=0.000 ms wait_ffn=0.000 ms
[svd-offload-client-stage-profile] rpc_send_total=0.000 ms rpc_wait_total=0.000 ms
[svd-offload-client-debug] finish_fail_up_gate=0 finish_fail_down=0 finish_fail_other=0 finish_fail_ffn=0 cache_take_fail_up=0 cache_take_fail_gate=0 recv_up_sum_abs=0.000000e+00 recv_up_max_abs=0.000000e+00 recv_up_zero=0 recv_gate_sum_abs=0.000000e+00 recv_gate_max_abs=0.000000e+00 recv_gate_zero=0 recv_down_sum_abs=0.000000e+00 recv_down_max_abs=0.000000e+00 recv_down_zero=0 recv_other_sum_abs=0.000000e+00 recv_other_max_abs=0.000000e+00 recv_other_zero=0 recv_ffn_sum_abs=0.000000e+00 recv_ffn_max_abs=0.000000e+00 recv_ffn_zero=0
SUCCEED (one forward pass done)"
candidate,4c_balanced_high,4,all_0.35,,4,"60,61,62,63","20,40,60,80",ok,21.1368,47.3108,1.2160025773492422,,,,0.86297607421875,"llama_context: graph splits = 1
attach_threadpool: call
threads: decode=4 batch=4
prompt tokens: 4
running one forward pass (llama_decode) ...
Top-5 next-token candidates:
  id=3 logit=0 piece=""$""
  id=4 logit=0 piece=""%""
  id=1 logit=0 piece=""""""
  id=0 logit=0 piece=""!""
  id=2 logit=0 piece=""#""
Autoregressive generation:
Generated text: !
Decode-only throughput: 21.1368 tokens/s (1 tokens in 0.0473108 s of llama_decode)
End-to-end throughput: 21.0007 tokens/s (1 tokens in 0.0476174 s)
[decode-stage-profile] model_load=466.993 ms context_create=57.1917 ms tokenize=0.459726 ms prefill_decode=117.602 ms generation_decode=47.3108 ms generation_total=47.6174 ms program_total=707.205 ms
[svd-local-op-profile] up_ops=56 gate_ops=56 down_ops=56 up_total=40.383 ms gate_total=40.161 ms down_total=25.145 ms up_v=5.115 ms gate_v=4.704 ms down_v=19.418 ms up_u=35.263 ms gate_u=35.453 ms down_u=5.719 ms
[svd-local-stage-profile] attention_total=4.992 ms ffn_total=107.037 ms ffn_svd_total=105.689 ms ffn_svd_v=29.237 ms ffn_svd_u=76.435 ms
[svd-offload-zero-profile] up_finish=0 up_cache=0 up_no_request=27 gate_finish=0 gate_cache=0 gate_no_request=27 down_finish=0 down_cache=0 down_no_request=27 other_finish=0 other_cache=0 other_no_request=0
[svd-local-timeout-profile] up_keep=0 up_drop=0 up_wait=0.000 ms gate_keep=0 gate_drop=0 gate_wait=0.000 ms down_keep=0 down_drop=0 down_wait=0.000 ms other_keep=0 other_drop=0 other_wait=0.000 ms
[svd-offload-client] up_gate_req=0 down_req=0 other_mat_req=0 ffn_req=0 gate_cache_hits=0 gate_cache_checks=0 miss_invalid=0 miss_layer=0 miss_rank=0 miss_hash=0 miss_output=0 miss_data=0 send_up_gate=0.000 ms send_down=0.000 ms send_other=0.000 ms send_ffn=0.000 ms wait_up_gate=0.000 ms wait_down=0.000 ms wait_other=0.000 ms wait_ffn=0.000 ms
[svd-offload-client-stage-profile] rpc_send_total=0.000 ms rpc_wait_total=0.000 ms
[svd-offload-client-debug] finish_fail_up_gate=0 finish_fail_down=0 finish_fail_other=0 finish_fail_ffn=0 cache_take_fail_up=0 cache_take_fail_gate=0 recv_up_sum_abs=0.000000e+00 recv_up_max_abs=0.000000e+00 recv_up_zero=0 recv_gate_sum_abs=0.000000e+00 recv_gate_max_abs=0.000000e+00 recv_gate_zero=0 recv_down_sum_abs=0.000000e+00 recv_down_max_abs=0.000000e+00 recv_down_zero=0 recv_other_sum_abs=0.000000e+00 recv_other_max_abs=0.000000e+00 recv_other_zero=0 recv_ffn_sum_abs=0.000000e+00 recv_ffn_max_abs=0.000000e+00 recv_ffn_zero=0
SUCCEED (one forward pass done)"
candidate,4c_balanced_high,4,all_0.4,,4,"60,61,62,63","20,40,60,80",ok,21.6187,46.2562,1.243726340739377,,,,1.4193267822265625,"llama_context: graph splits = 1
attach_threadpool: call
threads: decode=4 batch=4
prompt tokens: 4
running one forward pass (llama_decode) ...
Top-5 next-token candidates:
  id=3 logit=0 piece=""$""
  id=4 logit=0 piece=""%""
  id=1 logit=0 piece=""""""
  id=0 logit=0 piece=""!""
  id=2 logit=0 piece=""#""
Autoregressive generation:
Generated text: !
Decode-only throughput: 21.6187 tokens/s (1 tokens in 0.0462562 s of llama_decode)
End-to-end throughput: 21.469 tokens/s (1 tokens in 0.0465787 s)
[decode-stage-profile] model_load=386.196 ms context_create=59.5287 ms tokenize=0.449852 ms prefill_decode=760.894 ms generation_decode=46.2562 ms generation_total=46.5787 ms program_total=1270.22 ms
[svd-local-op-profile] up_ops=56 gate_ops=56 down_ops=56 up_total=39.726 ms gate_total=58.985 ms down_total=39.278 ms up_v=10.537 ms gate_v=12.332 ms down_v=22.208 ms up_u=29.186 ms gate_u=46.642 ms down_u=17.063 ms
[svd-local-stage-profile] attention_total=97.180 ms ffn_total=176.522 ms ffn_svd_total=137.989 ms ffn_svd_v=45.077 ms ffn_svd_u=92.891 ms
[svd-offload-zero-profile] up_finish=0 up_cache=0 up_no_request=27 gate_finish=0 gate_cache=0 gate_no_request=27 down_finish=0 down_cache=0 down_no_request=27 other_finish=0 other_cache=0 other_no_request=0
[svd-local-timeout-profile] up_keep=0 up_drop=0 up_wait=0.000 ms gate_keep=0 gate_drop=0 gate_wait=0.000 ms down_keep=0 down_drop=0 down_wait=0.000 ms other_keep=0 other_drop=0 other_wait=0.000 ms
[svd-offload-client] up_gate_req=0 down_req=0 other_mat_req=0 ffn_req=0 gate_cache_hits=0 gate_cache_checks=0 miss_invalid=0 miss_layer=0 miss_rank=0 miss_hash=0 miss_output=0 miss_data=0 send_up_gate=0.000 ms send_down=0.000 ms send_other=0.000 ms send_ffn=0.000 ms wait_up_gate=0.000 ms wait_down=0.000 ms wait_other=0.000 ms wait_ffn=0.000 ms
[svd-offload-client-stage-profile] rpc_send_total=0.000 ms rpc_wait_total=0.000 ms
[svd-offload-client-debug] finish_fail_up_gate=0 finish_fail_down=0 finish_fail_other=0 finish_fail_ffn=0 cache_take_fail_up=0 cache_take_fail_gate=0 recv_up_sum_abs=0.000000e+00 recv_up_max_abs=0.000000e+00 recv_up_zero=0 recv_gate_sum_abs=0.000000e+00 recv_gate_max_abs=0.000000e+00 recv_gate_zero=0 recv_down_sum_abs=0.000000e+00 recv_down_max_abs=0.000000e+00 recv_down_zero=0 recv_other_sum_abs=0.000000e+00 recv_other_max_abs=0.000000e+00 recv_other_zero=0 recv_ffn_sum_abs=0.000000e+00 recv_ffn_max_abs=0.000000e+00 recv_ffn_zero=0
SUCCEED (one forward pass done)"
candidate,4c_balanced_high,4,all_0.45,,4,"60,61,62,63","20,40,60,80",ok,24.5991,40.6519,1.4151891014946323,,,,1.1966264247894287,"llama_context: graph splits = 1
attach_threadpool: call
threads: decode=4 batch=4
prompt tokens: 4
running one forward pass (llama_decode) ...
Top-5 next-token candidates:
  id=3 logit=0 piece=""$""
  id=4 logit=0 piece=""%""
  id=1 logit=0 piece=""""""
  id=0 logit=0 piece=""!""
  id=2 logit=0 piece=""#""
Autoregressive generation:
Generated text: !
Decode-only throughput: 24.5991 tokens/s (1 tokens in 0.0406519 s of llama_decode)
End-to-end throughput: 24.4026 tokens/s (1 tokens in 0.0409793 s)
[decode-stage-profile] model_load=385.774 ms context_create=65.7493 ms tokenize=0.908361 ms prefill_decode=532.622 ms generation_decode=40.6519 ms generation_total=40.9793 ms program_total=1042.63 ms
[svd-local-op-profile] up_ops=56 gate_ops=56 down_ops=56 up_total=70.393 ms gate_total=38.282 ms down_total=63.350 ms up_v=15.207 ms gate_v=4.158 ms down_v=30.454 ms up_u=55.181 ms gate_u=34.118 ms down_u=32.894 ms
[svd-local-stage-profile] attention_total=153.690 ms ffn_total=211.200 ms ffn_svd_total=172.025 ms ffn_svd_v=49.819 ms ffn_svd_u=122.193 ms
[svd-offload-zero-profile] up_finish=0 up_cache=0 up_no_request=27 gate_finish=0 gate_cache=0 gate_no_request=27 down_finish=0 down_cache=0 down_no_request=27 other_finish=0 other_cache=0 other_no_request=0
[svd-local-timeout-profile] up_keep=0 up_drop=0 up_wait=0.000 ms gate_keep=0 gate_drop=0 gate_wait=0.000 ms down_keep=0 down_drop=0 down_wait=0.000 ms other_keep=0 other_drop=0 other_wait=0.000 ms
[svd-offload-client] up_gate_req=0 down_req=0 other_mat_req=0 ffn_req=0 gate_cache_hits=0 gate_cache_checks=0 miss_invalid=0 miss_layer=0 miss_rank=0 miss_hash=0 miss_output=0 miss_data=0 send_up_gate=0.000 ms send_down=0.000 ms send_other=0.000 ms send_ffn=0.000 ms wait_up_gate=0.000 ms wait_down=0.000 ms wait_other=0.000 ms wait_ffn=0.000 ms
[svd-offload-client-stage-profile] rpc_send_total=0.000 ms rpc_wait_total=0.000 ms
[svd-offload-client-debug] finish_fail_up_gate=0 finish_fail_down=0 finish_fail_other=0 finish_fail_ffn=0 cache_take_fail_up=0 cache_take_fail_gate=0 recv_up_sum_abs=0.000000e+00 recv_up_max_abs=0.000000e+00 recv_up_zero=0 recv_gate_sum_abs=0.000000e+00 recv_gate_max_abs=0.000000e+00 recv_gate_zero=0 recv_down_sum_abs=0.000000e+00 recv_down_max_abs=0.000000e+00 recv_down_zero=0 recv_other_sum_abs=0.000000e+00 recv_other_max_abs=0.000000e+00 recv_other_zero=0 recv_ffn_sum_abs=0.000000e+00 recv_ffn_max_abs=0.000000e+00 recv_ffn_zero=0
SUCCEED (one forward pass done)"
candidate,4c_balanced_high,4,all_0.5,,4,"60,61,62,63","20,40,60,80",ok,4.67708,213.809,0.26907295969440004,,,,1.2109220027923584,"llama_context: graph splits = 1
attach_threadpool: call
threads: decode=4 batch=4
prompt tokens: 4
running one forward pass (llama_decode) ...
Top-5 next-token candidates:
  id=11 logit=15.272 piece="",""
  id=12 logit=14.9123 piece=""-""
  id=51730 logit=14.8613 piece="" Ri""
  id=6216 logit=14.8165 piece="" ir""
  id=472 logit=14.5534 piece="" H""
Autoregressive generation:
Generated text: ,
Decode-only throughput: 4.67708 tokens/s (1 tokens in 0.213809 s of llama_decode)
End-to-end throughput: 4.67032 tokens/s (1 tokens in 0.214118 s)
[decode-stage-profile] model_load=390.442 ms context_create=58.0342 ms tokenize=0.454398 ms prefill_decode=376.426 ms generation_decode=213.809 ms generation_total=214.118 ms program_total=1056.08 ms
[svd-local-op-profile] up_ops=56 gate_ops=56 down_ops=56 up_total=44.329 ms gate_total=35.003 ms down_total=25.343 ms up_v=10.873 ms gate_v=3.494 ms down_v=13.844 ms up_u=33.451 ms gate_u=31.502 ms down_u=11.495 ms
[svd-local-stage-profile] attention_total=128.548 ms ffn_total=140.652 ms ffn_svd_total=104.675 ms ffn_svd_v=28.211 ms ffn_svd_u=76.448 ms
[svd-offload-zero-profile] up_finish=0 up_cache=0 up_no_request=27 gate_finish=0 gate_cache=0 gate_no_request=27 down_finish=0 down_cache=0 down_no_request=27 other_finish=0 other_cache=0 other_no_request=0
[svd-local-timeout-profile] up_keep=0 up_drop=0 up_wait=0.000 ms gate_keep=0 gate_drop=0 gate_wait=0.000 ms down_keep=0 down_drop=0 down_wait=0.000 ms other_keep=0 other_drop=0 other_wait=0.000 ms
[svd-offload-client] up_gate_req=0 down_req=0 other_mat_req=0 ffn_req=0 gate_cache_hits=0 gate_cache_checks=0 miss_invalid=0 miss_layer=0 miss_rank=0 miss_hash=0 miss_output=0 miss_data=0 send_up_gate=0.000 ms send_down=0.000 ms send_other=0.000 ms send_ffn=0.000 ms wait_up_gate=0.000 ms wait_down=0.000 ms wait_other=0.000 ms wait_ffn=0.000 ms
[svd-offload-client-stage-profile] rpc_send_total=0.000 ms rpc_wait_total=0.000 ms
[svd-offload-client-debug] finish_fail_up_gate=0 finish_fail_down=0 finish_fail_other=0 finish_fail_ffn=0 cache_take_fail_up=0 cache_take_fail_gate=0 recv_up_sum_abs=0.000000e+00 recv_up_max_abs=0.000000e+00 recv_up_zero=0 recv_gate_sum_abs=0.000000e+00 recv_gate_max_abs=0.000000e+00 recv_gate_zero=0 recv_down_sum_abs=0.000000e+00 recv_down_max_abs=0.000000e+00 recv_down_zero=0 recv_other_sum_abs=0.000000e+00 recv_other_max_abs=0.000000e+00 recv_other_zero=0 recv_ffn_sum_abs=0.000000e+00 recv_ffn_max_abs=0.000000e+00 recv_ffn_zero=0
SUCCEED (one forward pass done)"
candidate,4c_balanced_high,4,trunc_even_0.8,,4,"60,61,62,63","20,40,60,80",ok,22.5549,44.3363,1.2975860362899978,,,,1.0078227519989014,"llama_context: graph splits = 1
attach_threadpool: call
threads: decode=4 batch=4
prompt tokens: 4
running one forward pass (llama_decode) ...
Top-5 next-token candidates:
  id=3 logit=0 piece=""$""
  id=4 logit=0 piece=""%""
  id=1 logit=0 piece=""""""
  id=0 logit=0 piece=""!""
  id=2 logit=0 piece=""#""
Autoregressive generation:
Generated text: !
Decode-only throughput: 22.5549 tokens/s (1 tokens in 0.0443363 s of llama_decode)
End-to-end throughput: 22.3997 tokens/s (1 tokens in 0.0446435 s)
[decode-stage-profile] model_load=386.703 ms context_create=58.0308 ms tokenize=0.442787 ms prefill_decode=355.592 ms generation_decode=44.3363 ms generation_total=44.6435 ms program_total=861.987 ms
[svd-local-op-profile] up_ops=56 gate_ops=56 down_ops=56 up_total=28.004 ms gate_total=27.880 ms down_total=18.576 ms up_v=3.780 ms gate_v=3.675 ms down_v=13.979 ms up_u=24.219 ms gate_u=24.201 ms down_u=4.591 ms
[svd-local-stage-profile] attention_total=49.478 ms ffn_total=75.662 ms ffn_svd_total=74.460 ms ffn_svd_v=21.434 ms ffn_svd_u=53.011 ms
[svd-offload-zero-profile] up_finish=0 up_cache=0 up_no_request=27 gate_finish=0 gate_cache=0 gate_no_request=27 down_finish=0 down_cache=0 down_no_request=27 other_finish=0 other_cache=0 other_no_request=0
[svd-local-timeout-profile] up_keep=0 up_drop=0 up_wait=0.000 ms gate_keep=0 gate_drop=0 gate_wait=0.000 ms down_keep=0 down_drop=0 down_wait=0.000 ms other_keep=0 other_drop=0 other_wait=0.000 ms
[svd-offload-client] up_gate_req=0 down_req=0 other_mat_req=0 ffn_req=0 gate_cache_hits=0 gate_cache_checks=0 miss_invalid=0 miss_layer=0 miss_rank=0 miss_hash=0 miss_output=0 miss_data=0 send_up_gate=0.000 ms send_down=0.000 ms send_other=0.000 ms send_ffn=0.000 ms wait_up_gate=0.000 ms wait_down=0.000 ms wait_other=0.000 ms wait_ffn=0.000 ms
[svd-offload-client-stage-profile] rpc_send_total=0.000 ms rpc_wait_total=0.000 ms
[svd-offload-client-debug] finish_fail_up_gate=0 finish_fail_down=0 finish_fail_other=0 finish_fail_ffn=0 cache_take_fail_up=0 cache_take_fail_gate=0 recv_up_sum_abs=0.000000e+00 recv_up_max_abs=0.000000e+00 recv_up_zero=0 recv_gate_sum_abs=0.000000e+00 recv_gate_max_abs=0.000000e+00 recv_gate_zero=0 recv_down_sum_abs=0.000000e+00 recv_down_max_abs=0.000000e+00 recv_down_zero=0 recv_other_sum_abs=0.000000e+00 recv_other_max_abs=0.000000e+00 recv_other_zero=0 recv_ffn_sum_abs=0.000000e+00 recv_ffn_max_abs=0.000000e+00 recv_ffn_zero=0
SUCCEED (one forward pass done)"
candidate,4c_balanced_high,4,trunc_even_0.85,,4,"60,61,62,63","20,40,60,80",ok,2.9052,344.21,0.16713649595563276,,,,1.3123698234558105,"llama_context: graph splits = 1
attach_threadpool: call
threads: decode=4 batch=4
prompt tokens: 4
running one forward pass (llama_decode) ...
Top-5 next-token candidates:
  id=3 logit=0 piece=""$""
  id=4 logit=0 piece=""%""
  id=1 logit=0 piece=""""""
  id=0 logit=0 piece=""!""
  id=2 logit=0 piece=""#""
Autoregressive generation:
Generated text: !
Decode-only throughput: 2.9052 tokens/s (1 tokens in 0.34421 s of llama_decode)
End-to-end throughput: 2.90242 tokens/s (1 tokens in 0.34454 s)
[decode-stage-profile] model_load=493.627 ms context_create=69.0186 ms tokenize=0.889449 ms prefill_decode=230.66 ms generation_decode=344.21 ms generation_total=344.54 ms program_total=1156.22 ms
[svd-local-op-profile] up_ops=56 gate_ops=56 down_ops=56 up_total=45.693 ms gate_total=34.741 ms down_total=24.780 ms up_v=14.776 ms gate_v=3.593 ms down_v=13.551 ms up_u=30.914 ms gate_u=31.141 ms down_u=11.225 ms
[svd-local-stage-profile] attention_total=144.623 ms ffn_total=163.608 ms ffn_svd_total=105.214 ms ffn_svd_v=31.920 ms ffn_svd_u=73.280 ms
[svd-offload-zero-profile] up_finish=0 up_cache=0 up_no_request=27 gate_finish=0 gate_cache=0 gate_no_request=27 down_finish=0 down_cache=0 down_no_request=27 other_finish=0 other_cache=0 other_no_request=0
[svd-local-timeout-profile] up_keep=0 up_drop=0 up_wait=0.000 ms gate_keep=0 gate_drop=0 gate_wait=0.000 ms down_keep=0 down_drop=0 down_wait=0.000 ms other_keep=0 other_drop=0 other_wait=0.000 ms
[svd-offload-client] up_gate_req=0 down_req=0 other_mat_req=0 ffn_req=0 gate_cache_hits=0 gate_cache_checks=0 miss_invalid=0 miss_layer=0 miss_rank=0 miss_hash=0 miss_output=0 miss_data=0 send_up_gate=0.000 ms send_down=0.000 ms send_other=0.000 ms send_ffn=0.000 ms wait_up_gate=0.000 ms wait_down=0.000 ms wait_other=0.000 ms wait_ffn=0.000 ms
[svd-offload-client-stage-profile] rpc_send_total=0.000 ms rpc_wait_total=0.000 ms
[svd-offload-client-debug] finish_fail_up_gate=0 finish_fail_down=0 finish_fail_other=0 finish_fail_ffn=0 cache_take_fail_up=0 cache_take_fail_gate=0 recv_up_sum_abs=0.000000e+00 recv_up_max_abs=0.000000e+00 recv_up_zero=0 recv_gate_sum_abs=0.000000e+00 recv_gate_max_abs=0.000000e+00 recv_gate_zero=0 recv_down_sum_abs=0.000000e+00 recv_down_max_abs=0.000000e+00 recv_down_zero=0 recv_other_sum_abs=0.000000e+00 recv_other_max_abs=0.000000e+00 recv_other_zero=0 recv_ffn_sum_abs=0.000000e+00 recv_ffn_max_abs=0.000000e+00 recv_ffn_zero=0
SUCCEED (one forward pass done)"
selected,4c_balanced_high,4,all_0.3,all_0.3,4,"60,61,62,63","20,40,60,80",ok,,,,17.3822,19.1315,1.10063743369654,,
candidate,4c_gradient,0,baseline_no_svd,,4,"60,61,62,63","0,20,60,100",ok,19.946,50.1354,1.0,,,,6.385162591934204,"llama_context: graph splits = 1
attach_threadpool: call
threads: decode=4 batch=4
prompt tokens: 4
running one forward pass (llama_decode) ...
Top-5 next-token candidates:
  id=11 logit=20.2053 piece="",""
  id=304 logit=18.9277 piece="" in""
  id=3837 logit=18.7558 piece=""，""
  id=1052 logit=18.5616 piece="" there""
  id=358 logit=17.8374 piece="" I""
Autoregressive generation:
Generated text: ,
Decode-only throughput: 19.946 tokens/s (1 tokens in 0.0501354 s of llama_decode)
End-to-end throughput: 19.8204 tokens/s (1 tokens in 0.050453 s)
[decode-stage-profile] model_load=389.649 ms context_create=57.0637 ms tokenize=0.484032 ms prefill_decode=5707.6 ms generation_decode=50.1354 ms generation_total=50.453 ms program_total=6222.86 ms
[svd-local-op-profile] up_ops=56 gate_ops=56 down_ops=56 up_total=328.653 ms gate_total=323.780 ms down_total=330.446 ms up_v=104.254 ms gate_v=104.492 ms down_v=124.116 ms up_u=224.393 ms gate_u=219.283 ms down_u=206.329 ms
[svd-local-stage-profile] attention_total=787.085 ms ffn_total=1471.715 ms ffn_svd_total=982.879 ms ffn_svd_v=332.862 ms ffn_svd_u=650.005 ms
[svd-offload-zero-profile] up_finish=0 up_cache=0 up_no_request=27 gate_finish=0 gate_cache=0 gate_no_request=27 down_finish=0 down_cache=0 down_no_request=27 other_finish=0 other_cache=0 other_no_request=0
[svd-local-timeout-profile] up_keep=0 up_drop=0 up_wait=0.000 ms gate_keep=0 gate_drop=0 gate_wait=0.000 ms down_keep=0 down_drop=0 down_wait=0.000 ms other_keep=0 other_drop=0 other_wait=0.000 ms
[svd-offload-client] up_gate_req=0 down_req=0 other_mat_req=0 ffn_req=0 gate_cache_hits=0 gate_cache_checks=0 miss_invalid=0 miss_layer=0 miss_rank=0 miss_hash=0 miss_output=0 miss_data=0 send_up_gate=0.000 ms send_down=0.000 ms send_other=0.000 ms send_ffn=0.000 ms wait_up_gate=0.000 ms wait_down=0.000 ms wait_other=0.000 ms wait_ffn=0.000 ms
[svd-offload-client-stage-profile] rpc_send_total=0.000 ms rpc_wait_total=0.000 ms
[svd-offload-client-debug] finish_fail_up_gate=0 finish_fail_down=0 finish_fail_other=0 finish_fail_ffn=0 cache_take_fail_up=0 cache_take_fail_gate=0 recv_up_sum_abs=0.000000e+00 recv_up_max_abs=0.000000e+00 recv_up_zero=0 recv_gate_sum_abs=0.000000e+00 recv_gate_max_abs=0.000000e+00 recv_gate_zero=0 recv_down_sum_abs=0.000000e+00 recv_down_max_abs=0.000000e+00 recv_down_zero=0 recv_other_sum_abs=0.000000e+00 recv_other_max_abs=0.000000e+00 recv_other_zero=0 recv_ffn_sum_abs=0.000000e+00 recv_ffn_max_abs=0.000000e+00 recv_ffn_zero=0
SUCCEED (one forward pass done)"
candidate,4c_gradient,0,all_0.1,,4,"60,61,62,63","0,20,60,100",ok,2.95827,338.035,0.14831394765867842,,,,4.1452836990356445,"llama_context: graph splits = 1
attach_threadpool: call
threads: decode=4 batch=4
prompt tokens: 4
running one forward pass (llama_decode) ...
Top-5 next-token candidates:
  id=3 logit=0 piece=""$""
  id=4 logit=0 piece=""%""
  id=1 logit=0 piece=""""""
  id=0 logit=0 piece=""!""
  id=2 logit=0 piece=""#""
Autoregressive generation:
Generated text: !
Decode-only throughput: 2.95827 tokens/s (1 tokens in 0.338035 s of llama_decode)
End-to-end throughput: 2.95536 tokens/s (1 tokens in 0.338369 s)
[decode-stage-profile] model_load=383.513 ms context_create=59.9904 ms tokenize=0.483373 ms prefill_decode=3180.16 ms generation_decode=338.035 ms generation_total=338.369 ms program_total=3979.98 ms
[svd-local-op-profile] up_ops=56 gate_ops=56 down_ops=56 up_total=200.583 ms gate_total=201.171 ms down_total=198.813 ms up_v=64.653 ms gate_v=63.743 ms down_v=81.341 ms up_u=135.925 ms gate_u=137.419 ms down_u=117.467 ms
[svd-local-stage-profile] attention_total=497.733 ms ffn_total=932.932 ms ffn_svd_total=600.567 ms ffn_svd_v=209.737 ms ffn_svd_u=390.811 ms
[svd-offload-zero-profile] up_finish=0 up_cache=0 up_no_request=27 gate_finish=0 gate_cache=0 gate_no_request=27 down_finish=0 down_cache=0 down_no_request=27 other_finish=0 other_cache=0 other_no_request=0
[svd-local-timeout-profile] up_keep=0 up_drop=0 up_wait=0.000 ms gate_keep=0 gate_drop=0 gate_wait=0.000 ms down_keep=0 down_drop=0 down_wait=0.000 ms other_keep=0 other_drop=0 other_wait=0.000 ms
[svd-offload-client] up_gate_req=0 down_req=0 other_mat_req=0 ffn_req=0 gate_cache_hits=0 gate_cache_checks=0 miss_invalid=0 miss_layer=0 miss_rank=0 miss_hash=0 miss_output=0 miss_data=0 send_up_gate=0.000 ms send_down=0.000 ms send_other=0.000 ms send_ffn=0.000 ms wait_up_gate=0.000 ms wait_down=0.000 ms wait_other=0.000 ms wait_ffn=0.000 ms
[svd-offload-client-stage-profile] rpc_send_total=0.000 ms rpc_wait_total=0.000 ms
[svd-offload-client-debug] finish_fail_up_gate=0 finish_fail_down=0 finish_fail_other=0 finish_fail_ffn=0 cache_take_fail_up=0 cache_take_fail_gate=0 recv_up_sum_abs=0.000000e+00 recv_up_max_abs=0.000000e+00 recv_up_zero=0 recv_gate_sum_abs=0.000000e+00 recv_gate_max_abs=0.000000e+00 recv_gate_zero=0 recv_down_sum_abs=0.000000e+00 recv_down_max_abs=0.000000e+00 recv_down_zero=0 recv_other_sum_abs=0.000000e+00 recv_other_max_abs=0.000000e+00 recv_other_zero=0 recv_ffn_sum_abs=0.000000e+00 recv_ffn_max_abs=0.000000e+00 recv_ffn_zero=0
SUCCEED (one forward pass done)"
candidate,4c_gradient,0,all_0.2,,4,"60,61,62,63","0,20,60,100",ok,21.1301,47.3257,1.0593652862729368,,,,3.5387542247772217,"llama_context: graph splits = 1
attach_threadpool: call
threads: decode=4 batch=4
prompt tokens: 4
running one forward pass (llama_decode) ...
Top-5 next-token candidates:
  id=3 logit=0 piece=""$""
  id=4 logit=0 piece=""%""
  id=1 logit=0 piece=""""""
  id=0 logit=0 piece=""!""
  id=2 logit=0 piece=""#""
Autoregressive generation:
Generated text: !
Decode-only throughput: 21.1301 tokens/s (1 tokens in 0.0473257 s of llama_decode)
End-to-end throughput: 20.9922 tokens/s (1 tokens in 0.0476368 s)
[decode-stage-profile] model_load=389.928 ms context_create=58.7683 ms tokenize=0.45245 ms prefill_decode=2857.98 ms generation_decode=47.3257 ms generation_total=47.6368 ms program_total=3371.82 ms
[svd-local-op-profile] up_ops=56 gate_ops=56 down_ops=56 up_total=183.643 ms gate_total=179.320 ms down_total=148.873 ms up_v=49.795 ms gate_v=54.785 ms down_v=60.399 ms up_u=133.842 ms gate_u=124.527 ms down_u=88.470 ms
[svd-local-stage-profile] attention_total=384.269 ms ffn_total=768.338 ms ffn_svd_total=511.836 ms ffn_svd_v=164.979 ms ffn_svd_u=346.839 ms
[svd-offload-zero-profile] up_finish=0 up_cache=0 up_no_request=27 gate_finish=0 gate_cache=0 gate_no_request=27 down_finish=0 down_cache=0 down_no_request=27 other_finish=0 other_cache=0 other_no_request=0
[svd-local-timeout-profile] up_keep=0 up_drop=0 up_wait=0.000 ms gate_keep=0 gate_drop=0 gate_wait=0.000 ms down_keep=0 down_drop=0 down_wait=0.000 ms other_keep=0 other_drop=0 other_wait=0.000 ms
[svd-offload-client] up_gate_req=0 down_req=0 other_mat_req=0 ffn_req=0 gate_cache_hits=0 gate_cache_checks=0 miss_invalid=0 miss_layer=0 miss_rank=0 miss_hash=0 miss_output=0 miss_data=0 send_up_gate=0.000 ms send_down=0.000 ms send_other=0.000 ms send_ffn=0.000 ms wait_up_gate=0.000 ms wait_down=0.000 ms wait_other=0.000 ms wait_ffn=0.000 ms
[svd-offload-client-stage-profile] rpc_send_total=0.000 ms rpc_wait_total=0.000 ms
[svd-offload-client-debug] finish_fail_up_gate=0 finish_fail_down=0 finish_fail_other=0 finish_fail_ffn=0 cache_take_fail_up=0 cache_take_fail_gate=0 recv_up_sum_abs=0.000000e+00 recv_up_max_abs=0.000000e+00 recv_up_zero=0 recv_gate_sum_abs=0.000000e+00 recv_gate_max_abs=0.000000e+00 recv_gate_zero=0 recv_down_sum_abs=0.000000e+00 recv_down_max_abs=0.000000e+00 recv_down_zero=0 recv_other_sum_abs=0.000000e+00 recv_other_max_abs=0.000000e+00 recv_other_zero=0 recv_ffn_sum_abs=0.000000e+00 recv_ffn_max_abs=0.000000e+00 recv_ffn_zero=0
SUCCEED (one forward pass done)"
candidate,4c_gradient,0,all_0.3,,4,"60,61,62,63","0,20,60,100",ok,21.6502,46.189,1.0854406898626292,,,,6.364498615264893,"llama_context: graph splits = 1
attach_threadpool: call
threads: decode=4 batch=4
prompt tokens: 4
running one forward pass (llama_decode) ...
Top-5 next-token candidates:
  id=3 logit=0 piece=""$""
  id=4 logit=0 piece=""%""
  id=1 logit=0 piece=""""""
  id=0 logit=0 piece=""!""
  id=2 logit=0 piece=""#""
Autoregressive generation:
Generated text: !
Decode-only throughput: 21.6502 tokens/s (1 tokens in 0.046189 s of llama_decode)
End-to-end throughput: 21.503 tokens/s (1 tokens in 0.0465051 s)
[decode-stage-profile] model_load=389.119 ms context_create=57.4585 ms tokenize=0.459824 ms prefill_decode=5688.2 ms generation_decode=46.189 ms generation_total=46.5051 ms program_total=6199.08 ms
[svd-local-op-profile] up_ops=56 gate_ops=56 down_ops=56 up_total=334.088 ms gate_total=322.087 ms down_total=330.696 ms up_v=111.497 ms gate_v=101.396 ms down_v=124.931 ms up_u=222.585 ms gate_u=220.681 ms down_u=205.759 ms
[svd-local-stage-profile] attention_total=754.919 ms ffn_total=1488.645 ms ffn_svd_total=986.871 ms ffn_svd_v=337.824 ms ffn_svd_u=649.025 ms
[svd-offload-zero-profile] up_finish=0 up_cache=0 up_no_request=27 gate_finish=0 gate_cache=0 gate_no_request=27 down_finish=0 down_cache=0 down_no_request=27 other_finish=0 other_cache=0 other_no_request=0
[svd-local-timeout-profile] up_keep=0 up_drop=0 up_wait=0.000 ms gate_keep=0 gate_drop=0 gate_wait=0.000 ms down_keep=0 down_drop=0 down_wait=0.000 ms other_keep=0 other_drop=0 other_wait=0.000 ms
[svd-offload-client] up_gate_req=0 down_req=0 other_mat_req=0 ffn_req=0 gate_cache_hits=0 gate_cache_checks=0 miss_invalid=0 miss_layer=0 miss_rank=0 miss_hash=0 miss_output=0 miss_data=0 send_up_gate=0.000 ms send_down=0.000 ms send_other=0.000 ms send_ffn=0.000 ms wait_up_gate=0.000 ms wait_down=0.000 ms wait_other=0.000 ms wait_ffn=0.000 ms
[svd-offload-client-stage-profile] rpc_send_total=0.000 ms rpc_wait_total=0.000 ms
[svd-offload-client-debug] finish_fail_up_gate=0 finish_fail_down=0 finish_fail_other=0 finish_fail_ffn=0 cache_take_fail_up=0 cache_take_fail_gate=0 recv_up_sum_abs=0.000000e+00 recv_up_max_abs=0.000000e+00 recv_up_zero=0 recv_gate_sum_abs=0.000000e+00 recv_gate_max_abs=0.000000e+00 recv_gate_zero=0 recv_down_sum_abs=0.000000e+00 recv_down_max_abs=0.000000e+00 recv_down_zero=0 recv_other_sum_abs=0.000000e+00 recv_other_max_abs=0.000000e+00 recv_other_zero=0 recv_ffn_sum_abs=0.000000e+00 recv_ffn_max_abs=0.000000e+00 recv_ffn_zero=0
SUCCEED (one forward pass done)"
candidate,4c_gradient,0,all_0.35,,4,"60,61,62,63","0,20,60,100",ok,21.4645,46.5885,1.0761305524917277,,,,3.8560407161712646,"llama_context: graph splits = 1
attach_threadpool: call
threads: decode=4 batch=4
prompt tokens: 4
running one forward pass (llama_decode) ...
Top-5 next-token candidates:
  id=3 logit=0 piece=""$""
  id=4 logit=0 piece=""%""
  id=1 logit=0 piece=""""""
  id=0 logit=0 piece=""!""
  id=2 logit=0 piece=""#""
Autoregressive generation:
Generated text: !
Decode-only throughput: 21.4645 tokens/s (1 tokens in 0.0465885 s of llama_decode)
End-to-end throughput: 21.3037 tokens/s (1 tokens in 0.0469403 s)
[decode-stage-profile] model_load=384.339 ms context_create=58.7424 ms tokenize=0.449877 ms prefill_decode=3183.98 ms generation_decode=46.5885 ms generation_total=46.9403 ms program_total=3691.75 ms
[svd-local-op-profile] up_ops=56 gate_ops=56 down_ops=56 up_total=178.485 ms gate_total=194.874 ms down_total=164.454 ms up_v=50.417 ms gate_v=64.507 ms down_v=66.462 ms up_u=128.065 ms gate_u=130.362 ms down_u=97.989 ms
[svd-local-stage-profile] attention_total=465.128 ms ffn_total=780.415 ms ffn_svd_total=537.813 ms ffn_svd_v=181.386 ms ffn_svd_u=356.416 ms
[svd-offload-zero-profile] up_finish=0 up_cache=0 up_no_request=27 gate_finish=0 gate_cache=0 gate_no_request=27 down_finish=0 down_cache=0 down_no_request=27 other_finish=0 other_cache=0 other_no_request=0
[svd-local-timeout-profile] up_keep=0 up_drop=0 up_wait=0.000 ms gate_keep=0 gate_drop=0 gate_wait=0.000 ms down_keep=0 down_drop=0 down_wait=0.000 ms other_keep=0 other_drop=0 other_wait=0.000 ms
[svd-offload-client] up_gate_req=0 down_req=0 other_mat_req=0 ffn_req=0 gate_cache_hits=0 gate_cache_checks=0 miss_invalid=0 miss_layer=0 miss_rank=0 miss_hash=0 miss_output=0 miss_data=0 send_up_gate=0.000 ms send_down=0.000 ms send_other=0.000 ms send_ffn=0.000 ms wait_up_gate=0.000 ms wait_down=0.000 ms wait_other=0.000 ms wait_ffn=0.000 ms
[svd-offload-client-stage-profile] rpc_send_total=0.000 ms rpc_wait_total=0.000 ms
[svd-offload-client-debug] finish_fail_up_gate=0 finish_fail_down=0 finish_fail_other=0 finish_fail_ffn=0 cache_take_fail_up=0 cache_take_fail_gate=0 recv_up_sum_abs=0.000000e+00 recv_up_max_abs=0.000000e+00 recv_up_zero=0 recv_gate_sum_abs=0.000000e+00 recv_gate_max_abs=0.000000e+00 recv_gate_zero=0 recv_down_sum_abs=0.000000e+00 recv_down_max_abs=0.000000e+00 recv_down_zero=0 recv_other_sum_abs=0.000000e+00 recv_other_max_abs=0.000000e+00 recv_other_zero=0 recv_ffn_sum_abs=0.000000e+00 recv_ffn_max_abs=0.000000e+00 recv_ffn_zero=0
SUCCEED (one forward pass done)"
candidate,4c_gradient,0,all_0.4,,4,"60,61,62,63","0,20,60,100",ok,0.687143,1455.3,0.0344501654467061,,,,13.35179853439331,"llama_context: graph splits = 1
attach_threadpool: call
threads: decode=4 batch=4
prompt tokens: 4
running one forward pass (llama_decode) ...
Top-5 next-token candidates:
  id=3 logit=0 piece=""$""
  id=4 logit=0 piece=""%""
  id=1 logit=0 piece=""""""
  id=0 logit=0 piece=""!""
  id=2 logit=0 piece=""#""
Autoregressive generation:
Generated text: !
Decode-only throughput: 0.687143 tokens/s (1 tokens in 1.4553 s of llama_decode)
End-to-end throughput: 0.686983 tokens/s (1 tokens in 1.45564 s)
[decode-stage-profile] model_load=393.155 ms context_create=59.2404 ms tokenize=0.448963 ms prefill_decode=11264.7 ms generation_decode=1455.3 ms generation_total=1455.64 ms program_total=13190.7 ms
[svd-local-op-profile] up_ops=56 gate_ops=56 down_ops=56 up_total=685.045 ms gate_total=666.664 ms down_total=666.076 ms up_v=239.009 ms gate_v=209.764 ms down_v=229.054 ms up_u=446.032 ms gate_u=456.895 ms down_u=437.017 ms
[svd-local-stage-profile] attention_total=1821.773 ms ffn_total=3343.216 ms ffn_svd_total=2017.785 ms ffn_svd_v=677.827 ms ffn_svd_u=1339.944 ms
[svd-offload-zero-profile] up_finish=0 up_cache=0 up_no_request=27 gate_finish=0 gate_cache=0 gate_no_request=27 down_finish=0 down_cache=0 down_no_request=27 other_finish=0 other_cache=0 other_no_request=0
[svd-local-timeout-profile] up_keep=0 up_drop=0 up_wait=0.000 ms gate_keep=0 gate_drop=0 gate_wait=0.000 ms down_keep=0 down_drop=0 down_wait=0.000 ms other_keep=0 other_drop=0 other_wait=0.000 ms
[svd-offload-client] up_gate_req=0 down_req=0 other_mat_req=0 ffn_req=0 gate_cache_hits=0 gate_cache_checks=0 miss_invalid=0 miss_layer=0 miss_rank=0 miss_hash=0 miss_output=0 miss_data=0 send_up_gate=0.000 ms send_down=0.000 ms send_other=0.000 ms send_ffn=0.000 ms wait_up_gate=0.000 ms wait_down=0.000 ms wait_other=0.000 ms wait_ffn=0.000 ms
[svd-offload-client-stage-profile] rpc_send_total=0.000 ms rpc_wait_total=0.000 ms
[svd-offload-client-debug] finish_fail_up_gate=0 finish_fail_down=0 finish_fail_other=0 finish_fail_ffn=0 cache_take_fail_up=0 cache_take_fail_gate=0 recv_up_sum_abs=0.000000e+00 recv_up_max_abs=0.000000e+00 recv_up_zero=0 recv_gate_sum_abs=0.000000e+00 recv_gate_max_abs=0.000000e+00 recv_gate_zero=0 recv_down_sum_abs=0.000000e+00 recv_down_max_abs=0.000000e+00 recv_down_zero=0 recv_other_sum_abs=0.000000e+00 recv_other_max_abs=0.000000e+00 recv_other_zero=0 recv_ffn_sum_abs=0.000000e+00 recv_ffn_max_abs=0.000000e+00 recv_ffn_zero=0
SUCCEED (one forward pass done)"
candidate,4c_gradient,0,all_0.45,,4,"60,61,62,63","0,20,60,100",ok,19.6777,50.8189,0.9865486814398877,,,,5.804135322570801,"llama_context: graph splits = 1
attach_threadpool: call
threads: decode=4 batch=4
prompt tokens: 4
running one forward pass (llama_decode) ...
Top-5 next-token candidates:
  id=3 logit=0 piece=""$""
  id=4 logit=0 piece=""%""
  id=1 logit=0 piece=""""""
  id=0 logit=0 piece=""!""
  id=2 logit=0 piece=""#""
Autoregressive generation:
Generated text: !
Decode-only throughput: 19.6777 tokens/s (1 tokens in 0.0508189 s of llama_decode)
End-to-end throughput: 19.5478 tokens/s (1 tokens in 0.0511567 s)
[decode-stage-profile] model_load=400.358 ms context_create=60.0064 ms tokenize=0.458768 ms prefill_decode=5108.54 ms generation_decode=50.8189 ms generation_total=51.1567 ms program_total=5638.08 ms
[svd-local-op-profile] up_ops=56 gate_ops=56 down_ops=56 up_total=293.929 ms gate_total=275.063 ms down_total=280.472 ms up_v=91.876 ms gate_v=84.686 ms down_v=100.462 ms up_u=202.046 ms gate_u=190.371 ms down_u=180.007 ms
[svd-local-stage-profile] attention_total=680.483 ms ffn_total=1252.250 ms ffn_svd_total=849.464 ms ffn_svd_v=277.024 ms ffn_svd_u=572.424 ms
[svd-offload-zero-profile] up_finish=0 up_cache=0 up_no_request=27 gate_finish=0 gate_cache=0 gate_no_request=27 down_finish=0 down_cache=0 down_no_request=27 other_finish=0 other_cache=0 other_no_request=0
[svd-local-timeout-profile] up_keep=0 up_drop=0 up_wait=0.000 ms gate_keep=0 gate_drop=0 gate_wait=0.000 ms down_keep=0 down_drop=0 down_wait=0.000 ms other_keep=0 other_drop=0 other_wait=0.000 ms
[svd-offload-client] up_gate_req=0 down_req=0 other_mat_req=0 ffn_req=0 gate_cache_hits=0 gate_cache_checks=0 miss_invalid=0 miss_layer=0 miss_rank=0 miss_hash=0 miss_output=0 miss_data=0 send_up_gate=0.000 ms send_down=0.000 ms send_other=0.000 ms send_ffn=0.000 ms wait_up_gate=0.000 ms wait_down=0.000 ms wait_other=0.000 ms wait_ffn=0.000 ms
[svd-offload-client-stage-profile] rpc_send_total=0.000 ms rpc_wait_total=0.000 ms
[svd-offload-client-debug] finish_fail_up_gate=0 finish_fail_down=0 finish_fail_other=0 finish_fail_ffn=0 cache_take_fail_up=0 cache_take_fail_gate=0 recv_up_sum_abs=0.000000e+00 recv_up_max_abs=0.000000e+00 recv_up_zero=0 recv_gate_sum_abs=0.000000e+00 recv_gate_max_abs=0.000000e+00 recv_gate_zero=0 recv_down_sum_abs=0.000000e+00 recv_down_max_abs=0.000000e+00 recv_down_zero=0 recv_other_sum_abs=0.000000e+00 recv_other_max_abs=0.000000e+00 recv_other_zero=0 recv_ffn_sum_abs=0.000000e+00 recv_ffn_max_abs=0.000000e+00 recv_ffn_zero=0
SUCCEED (one forward pass done)"
candidate,4c_gradient,0,all_0.5,,4,"60,61,62,63","0,20,60,100",ok,21.6843,46.1164,1.0871503058257295,,,,3.837815284729004,"llama_context: graph splits = 1
attach_threadpool: call
threads: decode=4 batch=4
prompt tokens: 4
running one forward pass (llama_decode) ...
Top-5 next-token candidates:
  id=11 logit=15.272 piece="",""
  id=12 logit=14.9123 piece=""-""
  id=51730 logit=14.8613 piece="" Ri""
  id=6216 logit=14.8165 piece="" ir""
  id=472 logit=14.5534 piece="" H""
Autoregressive generation:
Generated text: ,
Decode-only throughput: 21.6843 tokens/s (1 tokens in 0.0461164 s of llama_decode)
End-to-end throughput: 21.5354 tokens/s (1 tokens in 0.0464353 s)
[decode-stage-profile] model_load=393.664 ms context_create=62.9977 ms tokenize=0.478151 ms prefill_decode=3150.7 ms generation_decode=46.1164 ms generation_total=46.4353 ms program_total=3671.84 ms
[svd-local-op-profile] up_ops=56 gate_ops=56 down_ops=56 up_total=175.785 ms gate_total=174.814 ms down_total=167.702 ms up_v=52.497 ms gate_v=53.663 ms down_v=60.953 ms up_u=123.287 ms gate_u=121.145 ms down_u=106.747 ms
[svd-local-stage-profile] attention_total=410.067 ms ffn_total=786.907 ms ffn_svd_total=518.301 ms ffn_svd_v=167.113 ms ffn_svd_u=351.179 ms
[svd-offload-zero-profile] up_finish=0 up_cache=0 up_no_request=27 gate_finish=0 gate_cache=0 gate_no_request=27 down_finish=0 down_cache=0 down_no_request=27 other_finish=0 other_cache=0 other_no_request=0
[svd-local-timeout-profile] up_keep=0 up_drop=0 up_wait=0.000 ms gate_keep=0 gate_drop=0 gate_wait=0.000 ms down_keep=0 down_drop=0 down_wait=0.000 ms other_keep=0 other_drop=0 other_wait=0.000 ms
[svd-offload-client] up_gate_req=0 down_req=0 other_mat_req=0 ffn_req=0 gate_cache_hits=0 gate_cache_checks=0 miss_invalid=0 miss_layer=0 miss_rank=0 miss_hash=0 miss_output=0 miss_data=0 send_up_gate=0.000 ms send_down=0.000 ms send_other=0.000 ms send_ffn=0.000 ms wait_up_gate=0.000 ms wait_down=0.000 ms wait_other=0.000 ms wait_ffn=0.000 ms
[svd-offload-client-stage-profile] rpc_send_total=0.000 ms rpc_wait_total=0.000 ms
[svd-offload-client-debug] finish_fail_up_gate=0 finish_fail_down=0 finish_fail_other=0 finish_fail_ffn=0 cache_take_fail_up=0 cache_take_fail_gate=0 recv_up_sum_abs=0.000000e+00 recv_up_max_abs=0.000000e+00 recv_up_zero=0 recv_gate_sum_abs=0.000000e+00 recv_gate_max_abs=0.000000e+00 recv_gate_zero=0 recv_down_sum_abs=0.000000e+00 recv_down_max_abs=0.000000e+00 recv_down_zero=0 recv_other_sum_abs=0.000000e+00 recv_other_max_abs=0.000000e+00 recv_other_zero=0 recv_ffn_sum_abs=0.000000e+00 recv_ffn_max_abs=0.000000e+00 recv_ffn_zero=0
SUCCEED (one forward pass done)"
candidate,4c_gradient,0,trunc_even_0.8,,4,"60,61,62,63","0,20,60,100",ok,21.93,45.5997,1.0994685651258396,,,,3.855574369430542,"llama_context: graph splits = 1
attach_threadpool: call
threads: decode=4 batch=4
prompt tokens: 4
running one forward pass (llama_decode) ...
Top-5 next-token candidates:
  id=3 logit=0 piece=""$""
  id=4 logit=0 piece=""%""
  id=1 logit=0 piece=""""""
  id=0 logit=0 piece=""!""
  id=2 logit=0 piece=""#""
Autoregressive generation:
Generated text: !
Decode-only throughput: 21.93 tokens/s (1 tokens in 0.0455997 s of llama_decode)
End-to-end throughput: 21.7822 tokens/s (1 tokens in 0.0459091 s)
[decode-stage-profile] model_load=390.547 ms context_create=59.4024 ms tokenize=0.451758 ms prefill_decode=3179.53 ms generation_decode=45.5997 ms generation_total=45.9091 ms program_total=3693.34 ms
[svd-local-op-profile] up_ops=56 gate_ops=56 down_ops=56 up_total=182.512 ms gate_total=173.865 ms down_total=171.503 ms up_v=56.870 ms gate_v=54.194 ms down_v=62.468 ms up_u=125.638 ms gate_u=119.663 ms down_u=109.031 ms
[svd-local-stage-profile] attention_total=442.700 ms ffn_total=789.981 ms ffn_svd_total=527.880 ms ffn_svd_v=173.532 ms ffn_svd_u=354.332 ms
[svd-offload-zero-profile] up_finish=0 up_cache=0 up_no_request=27 gate_finish=0 gate_cache=0 gate_no_request=27 down_finish=0 down_cache=0 down_no_request=27 other_finish=0 other_cache=0 other_no_request=0
[svd-local-timeout-profile] up_keep=0 up_drop=0 up_wait=0.000 ms gate_keep=0 gate_drop=0 gate_wait=0.000 ms down_keep=0 down_drop=0 down_wait=0.000 ms other_keep=0 other_drop=0 other_wait=0.000 ms
[svd-offload-client] up_gate_req=0 down_req=0 other_mat_req=0 ffn_req=0 gate_cache_hits=0 gate_cache_checks=0 miss_invalid=0 miss_layer=0 miss_rank=0 miss_hash=0 miss_output=0 miss_data=0 send_up_gate=0.000 ms send_down=0.000 ms send_other=0.000 ms send_ffn=0.000 ms wait_up_gate=0.000 ms wait_down=0.000 ms wait_other=0.000 ms wait_ffn=0.000 ms
[svd-offload-client-stage-profile] rpc_send_total=0.000 ms rpc_wait_total=0.000 ms
[svd-offload-client-debug] finish_fail_up_gate=0 finish_fail_down=0 finish_fail_other=0 finish_fail_ffn=0 cache_take_fail_up=0 cache_take_fail_gate=0 recv_up_sum_abs=0.000000e+00 recv_up_max_abs=0.000000e+00 recv_up_zero=0 recv_gate_sum_abs=0.000000e+00 recv_gate_max_abs=0.000000e+00 recv_gate_zero=0 recv_down_sum_abs=0.000000e+00 recv_down_max_abs=0.000000e+00 recv_down_zero=0 recv_other_sum_abs=0.000000e+00 recv_other_max_abs=0.000000e+00 recv_other_zero=0 recv_ffn_sum_abs=0.000000e+00 recv_ffn_max_abs=0.000000e+00 recv_ffn_zero=0
SUCCEED (one forward pass done)"
candidate,4c_gradient,0,trunc_even_0.85,,4,"60,61,62,63","0,20,60,100",ok,10.7343,93.1592,0.5381680537451117,,,,0.775174617767334,"llama_context: graph splits = 1
attach_threadpool: call
threads: decode=4 batch=4
prompt tokens: 4
running one forward pass (llama_decode) ...
Top-5 next-token candidates:
  id=3 logit=0 piece=""$""
  id=4 logit=0 piece=""%""
  id=1 logit=0 piece=""""""
  id=0 logit=0 piece=""!""
  id=2 logit=0 piece=""#""
Autoregressive generation:
Generated text: !
Decode-only throughput: 10.7343 tokens/s (1 tokens in 0.0931592 s of llama_decode)
End-to-end throughput: 10.6994 tokens/s (1 tokens in 0.0934636 s)
[decode-stage-profile] model_load=390.159 ms context_create=59.3914 ms tokenize=0.454113 ms prefill_decode=62.9253 ms generation_decode=93.1592 ms generation_total=93.4636 ms program_total=623.098 ms
[svd-local-op-profile] up_ops=56 gate_ops=56 down_ops=56 up_total=36.569 ms gate_total=35.341 ms down_total=23.363 ms up_v=3.552 ms gate_v=3.528 ms down_v=17.529 ms up_u=33.012 ms gate_u=31.809 ms down_u=5.830 ms
[svd-local-stage-profile] attention_total=2.067 ms ffn_total=124.984 ms ffn_svd_total=95.273 ms ffn_svd_v=24.609 ms ffn_svd_u=70.651 ms
[svd-offload-zero-profile] up_finish=0 up_cache=0 up_no_request=27 gate_finish=0 gate_cache=0 gate_no_request=27 down_finish=0 down_cache=0 down_no_request=27 other_finish=0 other_cache=0 other_no_request=0
[svd-local-timeout-profile] up_keep=0 up_drop=0 up_wait=0.000 ms gate_keep=0 gate_drop=0 gate_wait=0.000 ms down_keep=0 down_drop=0 down_wait=0.000 ms other_keep=0 other_drop=0 other_wait=0.000 ms
[svd-offload-client] up_gate_req=0 down_req=0 other_mat_req=0 ffn_req=0 gate_cache_hits=0 gate_cache_checks=0 miss_invalid=0 miss_layer=0 miss_rank=0 miss_hash=0 miss_output=0 miss_data=0 send_up_gate=0.000 ms send_down=0.000 ms send_other=0.000 ms send_ffn=0.000 ms wait_up_gate=0.000 ms wait_down=0.000 ms wait_other=0.000 ms wait_ffn=0.000 ms
[svd-offload-client-stage-profile] rpc_send_total=0.000 ms rpc_wait_total=0.000 ms
[svd-offload-client-debug] finish_fail_up_gate=0 finish_fail_down=0 finish_fail_other=0 finish_fail_ffn=0 cache_take_fail_up=0 cache_take_fail_gate=0 recv_up_sum_abs=0.000000e+00 recv_up_max_abs=0.000000e+00 recv_up_zero=0 recv_gate_sum_abs=0.000000e+00 recv_gate_max_abs=0.000000e+00 recv_gate_zero=0 recv_down_sum_abs=0.000000e+00 recv_down_max_abs=0.000000e+00 recv_down_zero=0 recv_other_sum_abs=0.000000e+00 recv_other_max_abs=0.000000e+00 recv_other_zero=0 recv_ffn_sum_abs=0.000000e+00 recv_ffn_max_abs=0.000000e+00 recv_ffn_zero=0
SUCCEED (one forward pass done)"
selected,4c_gradient,0,trunc_even_0.8,trunc_even_0.8,4,"60,61,62,63","0,20,60,100",ok,,,,19.946,21.93,1.0994685651258396,,
candidate,4c_gradient,1,baseline_no_svd,,4,"60,61,62,63","0,20,60,100",ok,7.7005,129.862,1.0,,,,4.129410028457642,"llama_context: graph splits = 1
attach_threadpool: call
threads: decode=4 batch=4
prompt tokens: 4
running one forward pass (llama_decode) ...
Top-5 next-token candidates:
  id=11 logit=20.2053 piece="",""
  id=304 logit=18.9277 piece="" in""
  id=3837 logit=18.7558 piece=""，""
  id=1052 logit=18.5616 piece="" there""
  id=358 logit=17.8374 piece="" I""
Autoregressive generation:
Generated text: ,
Decode-only throughput: 7.7005 tokens/s (1 tokens in 0.129862 s of llama_decode)
End-to-end throughput: 7.68054 tokens/s (1 tokens in 0.130199 s)
[decode-stage-profile] model_load=385.495 ms context_create=59.4078 ms tokenize=0.461415 ms prefill_decode=3376.9 ms generation_decode=129.862 ms generation_total=130.199 ms program_total=3969.96 ms
[svd-local-op-profile] up_ops=56 gate_ops=56 down_ops=56 up_total=210.982 ms gate_total=218.768 ms down_total=207.013 ms up_v=65.955 ms gate_v=62.107 ms down_v=79.742 ms up_u=145.025 ms gate_u=156.654 ms down_u=127.266 ms
[svd-local-stage-profile] attention_total=421.424 ms ffn_total=986.859 ms ffn_svd_total=636.763 ms ffn_svd_v=207.804 ms ffn_svd_u=428.945 ms
[svd-offload-zero-profile] up_finish=0 up_cache=0 up_no_request=27 gate_finish=0 gate_cache=0 gate_no_request=27 down_finish=0 down_cache=0 down_no_request=27 other_finish=0 other_cache=0 other_no_request=0
[svd-local-timeout-profile] up_keep=0 up_drop=0 up_wait=0.000 ms gate_keep=0 gate_drop=0 gate_wait=0.000 ms down_keep=0 down_drop=0 down_wait=0.000 ms other_keep=0 other_drop=0 other_wait=0.000 ms
[svd-offload-client] up_gate_req=0 down_req=0 other_mat_req=0 ffn_req=0 gate_cache_hits=0 gate_cache_checks=0 miss_invalid=0 miss_layer=0 miss_rank=0 miss_hash=0 miss_output=0 miss_data=0 send_up_gate=0.000 ms send_down=0.000 ms send_other=0.000 ms send_ffn=0.000 ms wait_up_gate=0.000 ms wait_down=0.000 ms wait_other=0.000 ms wait_ffn=0.000 ms
[svd-offload-client-stage-profile] rpc_send_total=0.000 ms rpc_wait_total=0.000 ms
[svd-offload-client-debug] finish_fail_up_gate=0 finish_fail_down=0 finish_fail_other=0 finish_fail_ffn=0 cache_take_fail_up=0 cache_take_fail_gate=0 recv_up_sum_abs=0.000000e+00 recv_up_max_abs=0.000000e+00 recv_up_zero=0 recv_gate_sum_abs=0.000000e+00 recv_gate_max_abs=0.000000e+00 recv_gate_zero=0 recv_down_sum_abs=0.000000e+00 recv_down_max_abs=0.000000e+00 recv_down_zero=0 recv_other_sum_abs=0.000000e+00 recv_other_max_abs=0.000000e+00 recv_other_zero=0 recv_ffn_sum_abs=0.000000e+00 recv_ffn_max_abs=0.000000e+00 recv_ffn_zero=0
SUCCEED (one forward pass done)"
candidate,4c_gradient,1,all_0.1,,4,"60,61,62,63","0,20,60,100",ok,20.8981,47.8513,2.7138627361859617,,,,3.7157211303710938,"llama_context: graph splits = 1
attach_threadpool: call
threads: decode=4 batch=4
prompt tokens: 4
running one forward pass (llama_decode) ...
Top-5 next-token candidates:
  id=3 logit=0 piece=""$""
  id=4 logit=0 piece=""%""
  id=1 logit=0 piece=""""""
  id=0 logit=0 piece=""!""
  id=2 logit=0 piece=""#""
Autoregressive generation:
Generated text: !
Decode-only throughput: 20.8981 tokens/s (1 tokens in 0.0478513 s of llama_decode)
End-to-end throughput: 20.7606 tokens/s (1 tokens in 0.0481681 s)
[decode-stage-profile] model_load=385.762 ms context_create=57.8212 ms tokenize=0.462825 ms prefill_decode=3037.39 ms generation_decode=47.8513 ms generation_total=48.1681 ms program_total=3547.03 ms
[svd-local-op-profile] up_ops=56 gate_ops=56 down_ops=56 up_total=206.915 ms gate_total=197.915 ms down_total=181.633 ms up_v=65.852 ms gate_v=55.399 ms down_v=76.551 ms up_u=141.053 ms gate_u=142.511 ms down_u=105.076 ms
[svd-local-stage-profile] attention_total=391.886 ms ffn_total=874.892 ms ffn_svd_total=586.463 ms ffn_svd_v=197.802 ms ffn_svd_u=388.640 ms
[svd-offload-zero-profile] up_finish=0 up_cache=0 up_no_request=27 gate_finish=0 gate_cache=0 gate_no_request=27 down_finish=0 down_cache=0 down_no_request=27 other_finish=0 other_cache=0 other_no_request=0
[svd-local-timeout-profile] up_keep=0 up_drop=0 up_wait=0.000 ms gate_keep=0 gate_drop=0 gate_wait=0.000 ms down_keep=0 down_drop=0 down_wait=0.000 ms other_keep=0 other_drop=0 other_wait=0.000 ms
[svd-offload-client] up_gate_req=0 down_req=0 other_mat_req=0 ffn_req=0 gate_cache_hits=0 gate_cache_checks=0 miss_invalid=0 miss_layer=0 miss_rank=0 miss_hash=0 miss_output=0 miss_data=0 send_up_gate=0.000 ms send_down=0.000 ms send_other=0.000 ms send_ffn=0.000 ms wait_up_gate=0.000 ms wait_down=0.000 ms wait_other=0.000 ms wait_ffn=0.000 ms
[svd-offload-client-stage-profile] rpc_send_total=0.000 ms rpc_wait_total=0.000 ms
[svd-offload-client-debug] finish_fail_up_gate=0 finish_fail_down=0 finish_fail_other=0 finish_fail_ffn=0 cache_take_fail_up=0 cache_take_fail_gate=0 recv_up_sum_abs=0.000000e+00 recv_up_max_abs=0.000000e+00 recv_up_zero=0 recv_gate_sum_abs=0.000000e+00 recv_gate_max_abs=0.000000e+00 recv_gate_zero=0 recv_down_sum_abs=0.000000e+00 recv_down_max_abs=0.000000e+00 recv_down_zero=0 recv_other_sum_abs=0.000000e+00 recv_other_max_abs=0.000000e+00 recv_other_zero=0 recv_ffn_sum_abs=0.000000e+00 recv_ffn_max_abs=0.000000e+00 recv_ffn_zero=0
SUCCEED (one forward pass done)"
candidate,4c_gradient,1,all_0.2,,4,"60,61,62,63","0,20,60,100",ok,18.7167,53.4281,2.430582429712356,,,,6.211126327514648,"llama_context: graph splits = 1
attach_threadpool: call
threads: decode=4 batch=4
prompt tokens: 4
running one forward pass (llama_decode) ...
Top-5 next-token candidates:
  id=3 logit=0 piece=""$""
  id=4 logit=0 piece=""%""
  id=1 logit=0 piece=""""""
  id=0 logit=0 piece=""!""
  id=2 logit=0 piece=""#""
Autoregressive generation:
Generated text: !
Decode-only throughput: 18.7167 tokens/s (1 tokens in 0.0534281 s of llama_decode)
End-to-end throughput: 18.6039 tokens/s (1 tokens in 0.0537521 s)
[decode-stage-profile] model_load=387.394 ms context_create=59.7445 ms tokenize=0.463087 ms prefill_decode=5528 ms generation_decode=53.4281 ms generation_total=53.7521 ms program_total=6046.99 ms
[svd-local-op-profile] up_ops=56 gate_ops=56 down_ops=56 up_total=299.647 ms gate_total=300.207 ms down_total=299.913 ms up_v=94.485 ms gate_v=93.164 ms down_v=109.513 ms up_u=205.156 ms gate_u=207.037 ms down_u=190.392 ms
[svd-local-stage-profile] attention_total=715.548 ms ffn_total=1408.161 ms ffn_svd_total=899.767 ms ffn_svd_v=297.162 ms ffn_svd_u=602.585 ms
[svd-offload-zero-profile] up_finish=0 up_cache=0 up_no_request=27 gate_finish=0 gate_cache=0 gate_no_request=27 down_finish=0 down_cache=0 down_no_request=27 other_finish=0 other_cache=0 other_no_request=0
[svd-local-timeout-profile] up_keep=0 up_drop=0 up_wait=0.000 ms gate_keep=0 gate_drop=0 gate_wait=0.000 ms down_keep=0 down_drop=0 down_wait=0.000 ms other_keep=0 other_drop=0 other_wait=0.000 ms
[svd-offload-client] up_gate_req=0 down_req=0 other_mat_req=0 ffn_req=0 gate_cache_hits=0 gate_cache_checks=0 miss_invalid=0 miss_layer=0 miss_rank=0 miss_hash=0 miss_output=0 miss_data=0 send_up_gate=0.000 ms send_down=0.000 ms send_other=0.000 ms send_ffn=0.000 ms wait_up_gate=0.000 ms wait_down=0.000 ms wait_other=0.000 ms wait_ffn=0.000 ms
[svd-offload-client-stage-profile] rpc_send_total=0.000 ms rpc_wait_total=0.000 ms
[svd-offload-client-debug] finish_fail_up_gate=0 finish_fail_down=0 finish_fail_other=0 finish_fail_ffn=0 cache_take_fail_up=0 cache_take_fail_gate=0 recv_up_sum_abs=0.000000e+00 recv_up_max_abs=0.000000e+00 recv_up_zero=0 recv_gate_sum_abs=0.000000e+00 recv_gate_max_abs=0.000000e+00 recv_gate_zero=0 recv_down_sum_abs=0.000000e+00 recv_down_max_abs=0.000000e+00 recv_down_zero=0 recv_other_sum_abs=0.000000e+00 recv_other_max_abs=0.000000e+00 recv_other_zero=0 recv_ffn_sum_abs=0.000000e+00 recv_ffn_max_abs=0.000000e+00 recv_ffn_zero=0
SUCCEED (one forward pass done)"
candidate,4c_gradient,1,all_0.3,,4,"60,61,62,63","0,20,60,100",ok,18.0326,55.4551,2.3417440425946365,,,,6.387006759643555,"llama_context: graph splits = 1
attach_threadpool: call
threads: decode=4 batch=4
prompt tokens: 4
running one forward pass (llama_decode) ...
Top-5 next-token candidates:
  id=3 logit=0 piece=""$""
  id=4 logit=0 piece=""%""
  id=1 logit=0 piece=""""""
  id=0 logit=0 piece=""!""
  id=2 logit=0 piece=""#""
Autoregressive generation:
Generated text: !
Decode-only throughput: 18.0326 tokens/s (1 tokens in 0.0554551 s of llama_decode)
End-to-end throughput: 17.927 tokens/s (1 tokens in 0.0557817 s)
[decode-stage-profile] model_load=387.529 ms context_create=59.902 ms tokenize=0.461508 ms prefill_decode=5695.79 ms generation_decode=55.4551 ms generation_total=55.7817 ms program_total=6217.08 ms
[svd-local-op-profile] up_ops=56 gate_ops=56 down_ops=56 up_total=331.698 ms gate_total=325.325 ms down_total=328.009 ms up_v=107.231 ms gate_v=106.930 ms down_v=121.644 ms up_u=224.462 ms gate_u=218.388 ms down_u=206.359 ms
[svd-local-stage-profile] attention_total=788.417 ms ffn_total=1471.522 ms ffn_svd_total=985.032 ms ffn_svd_v=335.805 ms ffn_svd_u=649.209 ms
[svd-offload-zero-profile] up_finish=0 up_cache=0 up_no_request=27 gate_finish=0 gate_cache=0 gate_no_request=27 down_finish=0 down_cache=0 down_no_request=27 other_finish=0 other_cache=0 other_no_request=0
[svd-local-timeout-profile] up_keep=0 up_drop=0 up_wait=0.000 ms gate_keep=0 gate_drop=0 gate_wait=0.000 ms down_keep=0 down_drop=0 down_wait=0.000 ms other_keep=0 other_drop=0 other_wait=0.000 ms
[svd-offload-client] up_gate_req=0 down_req=0 other_mat_req=0 ffn_req=0 gate_cache_hits=0 gate_cache_checks=0 miss_invalid=0 miss_layer=0 miss_rank=0 miss_hash=0 miss_output=0 miss_data=0 send_up_gate=0.000 ms send_down=0.000 ms send_other=0.000 ms send_ffn=0.000 ms wait_up_gate=0.000 ms wait_down=0.000 ms wait_other=0.000 ms wait_ffn=0.000 ms
[svd-offload-client-stage-profile] rpc_send_total=0.000 ms rpc_wait_total=0.000 ms
[svd-offload-client-debug] finish_fail_up_gate=0 finish_fail_down=0 finish_fail_other=0 finish_fail_ffn=0 cache_take_fail_up=0 cache_take_fail_gate=0 recv_up_sum_abs=0.000000e+00 recv_up_max_abs=0.000000e+00 recv_up_zero=0 recv_gate_sum_abs=0.000000e+00 recv_gate_max_abs=0.000000e+00 recv_gate_zero=0 recv_down_sum_abs=0.000000e+00 recv_down_max_abs=0.000000e+00 recv_down_zero=0 recv_other_sum_abs=0.000000e+00 recv_other_max_abs=0.000000e+00 recv_other_zero=0 recv_ffn_sum_abs=0.000000e+00 recv_ffn_max_abs=0.000000e+00 recv_ffn_zero=0
SUCCEED (one forward pass done)"
candidate,4c_gradient,1,all_0.35,,4,"60,61,62,63","0,20,60,100",ok,20.4723,48.8466,2.6585676254788653,,,,3.845635175704956,"llama_context: graph splits = 1
attach_threadpool: call
threads: decode=4 batch=4
prompt tokens: 4
running one forward pass (llama_decode) ...
Top-5 next-token candidates:
  id=3 logit=0 piece=""$""
  id=4 logit=0 piece=""%""
  id=1 logit=0 piece=""""""
  id=0 logit=0 piece=""!""
  id=2 logit=0 piece=""#""
Autoregressive generation:
Generated text: !
Decode-only throughput: 20.4723 tokens/s (1 tokens in 0.0488466 s of llama_decode)
End-to-end throughput: 20.3391 tokens/s (1 tokens in 0.0491663 s)
[decode-stage-profile] model_load=390.341 ms context_create=59.8404 ms tokenize=0.466286 ms prefill_decode=3157.09 ms generation_decode=48.8466 ms generation_total=49.1663 ms program_total=3674.57 ms
[svd-local-op-profile] up_ops=56 gate_ops=56 down_ops=56 up_total=181.304 ms gate_total=177.525 ms down_total=172.458 ms up_v=54.573 ms gate_v=56.694 ms down_v=69.349 ms up_u=126.728 ms gate_u=120.825 ms down_u=103.107 ms
[svd-local-stage-profile] attention_total=485.735 ms ffn_total=742.659 ms ffn_svd_total=531.287 ms ffn_svd_v=180.616 ms ffn_svd_u=350.660 ms
[svd-offload-zero-profile] up_finish=0 up_cache=0 up_no_request=27 gate_finish=0 gate_cache=0 gate_no_request=27 down_finish=0 down_cache=0 down_no_request=27 other_finish=0 other_cache=0 other_no_request=0
[svd-local-timeout-profile] up_keep=0 up_drop=0 up_wait=0.000 ms gate_keep=0 gate_drop=0 gate_wait=0.000 ms down_keep=0 down_drop=0 down_wait=0.000 ms other_keep=0 other_drop=0 other_wait=0.000 ms
[svd-offload-client] up_gate_req=0 down_req=0 other_mat_req=0 ffn_req=0 gate_cache_hits=0 gate_cache_checks=0 miss_invalid=0 miss_layer=0 miss_rank=0 miss_hash=0 miss_output=0 miss_data=0 send_up_gate=0.000 ms send_down=0.000 ms send_other=0.000 ms send_ffn=0.000 ms wait_up_gate=0.000 ms wait_down=0.000 ms wait_other=0.000 ms wait_ffn=0.000 ms
[svd-offload-client-stage-profile] rpc_send_total=0.000 ms rpc_wait_total=0.000 ms
[svd-offload-client-debug] finish_fail_up_gate=0 finish_fail_down=0 finish_fail_other=0 finish_fail_ffn=0 cache_take_fail_up=0 cache_take_fail_gate=0 recv_up_sum_abs=0.000000e+00 recv_up_max_abs=0.000000e+00 recv_up_zero=0 recv_gate_sum_abs=0.000000e+00 recv_gate_max_abs=0.000000e+00 recv_gate_zero=0 recv_down_sum_abs=0.000000e+00 recv_down_max_abs=0.000000e+00 recv_down_zero=0 recv_other_sum_abs=0.000000e+00 recv_other_max_abs=0.000000e+00 recv_other_zero=0 recv_ffn_sum_abs=0.000000e+00 recv_ffn_max_abs=0.000000e+00 recv_ffn_zero=0
SUCCEED (one forward pass done)"
candidate,4c_gradient,1,all_0.4,,4,"60,61,62,63","0,20,60,100",ok,22.8328,43.7967,2.9651061619375363,,,,3.8326079845428467,"llama_context: graph splits = 1
attach_threadpool: call
threads: decode=4 batch=4
prompt tokens: 4
running one forward pass (llama_decode) ...
Top-5 next-token candidates:
  id=3 logit=0 piece=""$""
  id=4 logit=0 piece=""%""
  id=1 logit=0 piece=""""""
  id=0 logit=0 piece=""!""
  id=2 logit=0 piece=""#""
Autoregressive generation:
Generated text: !
Decode-only throughput: 22.8328 tokens/s (1 tokens in 0.0437967 s of llama_decode)
End-to-end throughput: 22.67 tokens/s (1 tokens in 0.0441112 s)
[decode-stage-profile] model_load=386.608 ms context_create=58.9764 ms tokenize=0.45371 ms prefill_decode=3156.17 ms generation_decode=43.7967 ms generation_total=44.1112 ms program_total=3663.97 ms
[svd-local-op-profile] up_ops=56 gate_ops=56 down_ops=56 up_total=178.471 ms gate_total=175.198 ms down_total=166.391 ms up_v=57.593 ms gate_v=53.201 ms down_v=62.968 ms up_u=120.874 ms gate_u=121.989 ms down_u=103.419 ms
[svd-local-stage-profile] attention_total=437.810 ms ffn_total=767.082 ms ffn_svd_total=520.060 ms ffn_svd_v=173.762 ms ffn_svd_u=346.282 ms
[svd-offload-zero-profile] up_finish=0 up_cache=0 up_no_request=27 gate_finish=0 gate_cache=0 gate_no_request=27 down_finish=0 down_cache=0 down_no_request=27 other_finish=0 other_cache=0 other_no_request=0
[svd-local-timeout-profile] up_keep=0 up_drop=0 up_wait=0.000 ms gate_keep=0 gate_drop=0 gate_wait=0.000 ms down_keep=0 down_drop=0 down_wait=0.000 ms other_keep=0 other_drop=0 other_wait=0.000 ms
[svd-offload-client] up_gate_req=0 down_req=0 other_mat_req=0 ffn_req=0 gate_cache_hits=0 gate_cache_checks=0 miss_invalid=0 miss_layer=0 miss_rank=0 miss_hash=0 miss_output=0 miss_data=0 send_up_gate=0.000 ms send_down=0.000 ms send_other=0.000 ms send_ffn=0.000 ms wait_up_gate=0.000 ms wait_down=0.000 ms wait_other=0.000 ms wait_ffn=0.000 ms
[svd-offload-client-stage-profile] rpc_send_total=0.000 ms rpc_wait_total=0.000 ms
[svd-offload-client-debug] finish_fail_up_gate=0 finish_fail_down=0 finish_fail_other=0 finish_fail_ffn=0 cache_take_fail_up=0 cache_take_fail_gate=0 recv_up_sum_abs=0.000000e+00 recv_up_max_abs=0.000000e+00 recv_up_zero=0 recv_gate_sum_abs=0.000000e+00 recv_gate_max_abs=0.000000e+00 recv_gate_zero=0 recv_down_sum_abs=0.000000e+00 recv_down_max_abs=0.000000e+00 recv_down_zero=0 recv_other_sum_abs=0.000000e+00 recv_other_max_abs=0.000000e+00 recv_other_zero=0 recv_ffn_sum_abs=0.000000e+00 recv_ffn_max_abs=0.000000e+00 recv_ffn_zero=0
SUCCEED (one forward pass done)"
candidate,4c_gradient,1,all_0.45,,4,"60,61,62,63","0,20,60,100",ok,21.6942,46.0954,2.8172456334004283,,,,3.833932638168335,"llama_context: graph splits = 1
attach_threadpool: call
threads: decode=4 batch=4
prompt tokens: 4
running one forward pass (llama_decode) ...
Top-5 next-token candidates:
  id=3 logit=0 piece=""$""
  id=4 logit=0 piece=""%""
  id=1 logit=0 piece=""""""
  id=0 logit=0 piece=""!""
  id=2 logit=0 piece=""#""
Autoregressive generation:
Generated text: !
Decode-only throughput: 21.6942 tokens/s (1 tokens in 0.0460954 s of llama_decode)
End-to-end throughput: 21.5465 tokens/s (1 tokens in 0.0464113 s)
[decode-stage-profile] model_load=386.898 ms context_create=59.8238 ms tokenize=0.451476 ms prefill_decode=3150.37 ms generation_decode=46.0954 ms generation_total=46.4113 ms program_total=3661.43 ms
[svd-local-op-profile] up_ops=56 gate_ops=56 down_ops=56 up_total=172.496 ms gate_total=176.033 ms down_total=166.370 ms up_v=53.755 ms gate_v=53.928 ms down_v=62.623 ms up_u=118.734 ms gate_u=122.100 ms down_u=103.744 ms
[svd-local-stage-profile] attention_total=431.778 ms ffn_total=781.749 ms ffn_svd_total=514.899 ms ffn_svd_v=170.306 ms ffn_svd_u=344.578 ms
[svd-offload-zero-profile] up_finish=0 up_cache=0 up_no_request=27 gate_finish=0 gate_cache=0 gate_no_request=27 down_finish=0 down_cache=0 down_no_request=27 other_finish=0 other_cache=0 other_no_request=0
[svd-local-timeout-profile] up_keep=0 up_drop=0 up_wait=0.000 ms gate_keep=0 gate_drop=0 gate_wait=0.000 ms down_keep=0 down_drop=0 down_wait=0.000 ms other_keep=0 other_drop=0 other_wait=0.000 ms
[svd-offload-client] up_gate_req=0 down_req=0 other_mat_req=0 ffn_req=0 gate_cache_hits=0 gate_cache_checks=0 miss_invalid=0 miss_layer=0 miss_rank=0 miss_hash=0 miss_output=0 miss_data=0 send_up_gate=0.000 ms send_down=0.000 ms send_other=0.000 ms send_ffn=0.000 ms wait_up_gate=0.000 ms wait_down=0.000 ms wait_other=0.000 ms wait_ffn=0.000 ms
[svd-offload-client-stage-profile] rpc_send_total=0.000 ms rpc_wait_total=0.000 ms
[svd-offload-client-debug] finish_fail_up_gate=0 finish_fail_down=0 finish_fail_other=0 finish_fail_ffn=0 cache_take_fail_up=0 cache_take_fail_gate=0 recv_up_sum_abs=0.000000e+00 recv_up_max_abs=0.000000e+00 recv_up_zero=0 recv_gate_sum_abs=0.000000e+00 recv_gate_max_abs=0.000000e+00 recv_gate_zero=0 recv_down_sum_abs=0.000000e+00 recv_down_max_abs=0.000000e+00 recv_down_zero=0 recv_other_sum_abs=0.000000e+00 recv_other_max_abs=0.000000e+00 recv_other_zero=0 recv_ffn_sum_abs=0.000000e+00 recv_ffn_max_abs=0.000000e+00 recv_ffn_zero=0
SUCCEED (one forward pass done)"
candidate,4c_gradient,1,all_0.5,,4,"60,61,62,63","0,20,60,100",ok,0.410936,2433.47,0.05336484643854295,,,,7.576380014419556,"llama_context: graph splits = 1
attach_threadpool: call
threads: decode=4 batch=4
prompt tokens: 4
running one forward pass (llama_decode) ...
Top-5 next-token candidates:
  id=11 logit=15.272 piece="",""
  id=12 logit=14.9123 piece=""-""
  id=51730 logit=14.8613 piece="" Ri""
  id=6216 logit=14.8165 piece="" ir""
  id=472 logit=14.5534 piece="" H""
Autoregressive generation:
Generated text: ,
Decode-only throughput: 0.410936 tokens/s (1 tokens in 2.43347 s of llama_decode)
End-to-end throughput: 0.410875 tokens/s (1 tokens in 2.43383 s)
[decode-stage-profile] model_load=385.483 ms context_create=59.6523 ms tokenize=0.461723 ms prefill_decode=4510.62 ms generation_decode=2433.47 ms generation_total=2433.83 ms program_total=7407.6 ms
[svd-local-op-profile] up_ops=56 gate_ops=56 down_ops=56 up_total=413.409 ms gate_total=360.576 ms down_total=336.019 ms up_v=159.816 ms gate_v=89.421 ms down_v=92.543 ms up_u=253.584 ms gate_u=271.152 ms down_u=243.471 ms
[svd-local-stage-profile] attention_total=1110.917 ms ffn_total=2151.698 ms ffn_svd_total=1110.004 ms ffn_svd_v=341.780 ms ffn_svd_u=768.207 ms
[svd-offload-zero-profile] up_finish=0 up_cache=0 up_no_request=27 gate_finish=0 gate_cache=0 gate_no_request=27 down_finish=0 down_cache=0 down_no_request=27 other_finish=0 other_cache=0 other_no_request=0
[svd-local-timeout-profile] up_keep=0 up_drop=0 up_wait=0.000 ms gate_keep=0 gate_drop=0 gate_wait=0.000 ms down_keep=0 down_drop=0 down_wait=0.000 ms other_keep=0 other_drop=0 other_wait=0.000 ms
[svd-offload-client] up_gate_req=0 down_req=0 other_mat_req=0 ffn_req=0 gate_cache_hits=0 gate_cache_checks=0 miss_invalid=0 miss_layer=0 miss_rank=0 miss_hash=0 miss_output=0 miss_data=0 send_up_gate=0.000 ms send_down=0.000 ms send_other=0.000 ms send_ffn=0.000 ms wait_up_gate=0.000 ms wait_down=0.000 ms wait_other=0.000 ms wait_ffn=0.000 ms
[svd-offload-client-stage-profile] rpc_send_total=0.000 ms rpc_wait_total=0.000 ms
[svd-offload-client-debug] finish_fail_up_gate=0 finish_fail_down=0 finish_fail_other=0 finish_fail_ffn=0 cache_take_fail_up=0 cache_take_fail_gate=0 recv_up_sum_abs=0.000000e+00 recv_up_max_abs=0.000000e+00 recv_up_zero=0 recv_gate_sum_abs=0.000000e+00 recv_gate_max_abs=0.000000e+00 recv_gate_zero=0 recv_down_sum_abs=0.000000e+00 recv_down_max_abs=0.000000e+00 recv_down_zero=0 recv_other_sum_abs=0.000000e+00 recv_other_max_abs=0.000000e+00 recv_other_zero=0 recv_ffn_sum_abs=0.000000e+00 recv_ffn_max_abs=0.000000e+00 recv_ffn_zero=0
SUCCEED (one forward pass done)"
candidate,4c_gradient,1,trunc_even_0.8,,4,"60,61,62,63","0,20,60,100",ok,17.7321,56.3948,2.302720602558275,,,,9.001041412353516,"llama_context: graph splits = 1
attach_threadpool: call
threads: decode=4 batch=4
prompt tokens: 4
running one forward pass (llama_decode) ...
Top-5 next-token candidates:
  id=3 logit=0 piece=""$""
  id=4 logit=0 piece=""%""
  id=1 logit=0 piece=""""""
  id=0 logit=0 piece=""!""
  id=2 logit=0 piece=""#""
Autoregressive generation:
Generated text: !
Decode-only throughput: 17.7321 tokens/s (1 tokens in 0.0563948 s of llama_decode)
End-to-end throughput: 17.6308 tokens/s (1 tokens in 0.0567188 s)
[decode-stage-profile] model_load=388.073 ms context_create=59.3577 ms tokenize=0.451113 ms prefill_decode=8312.22 ms generation_decode=56.3948 ms generation_total=56.7188 ms program_total=8834.28 ms
[svd-local-op-profile] up_ops=56 gate_ops=56 down_ops=56 up_total=477.947 ms gate_total=479.184 ms down_total=465.547 ms up_v=162.019 ms gate_v=152.377 ms down_v=163.487 ms up_u=315.923 ms gate_u=326.798 ms down_u=302.053 ms
[svd-local-stage-profile] attention_total=1093.988 ms ffn_total=2188.116 ms ffn_svd_total=1422.678 ms ffn_svd_v=477.883 ms ffn_svd_u=944.774 ms
[svd-offload-zero-profile] up_finish=0 up_cache=0 up_no_request=27 gate_finish=0 gate_cache=0 gate_no_request=27 down_finish=0 down_cache=0 down_no_request=27 other_finish=0 other_cache=0 other_no_request=0
[svd-local-timeout-profile] up_keep=0 up_drop=0 up_wait=0.000 ms gate_keep=0 gate_drop=0 gate_wait=0.000 ms down_keep=0 down_drop=0 down_wait=0.000 ms other_keep=0 other_drop=0 other_wait=0.000 ms
[svd-offload-client] up_gate_req=0 down_req=0 other_mat_req=0 ffn_req=0 gate_cache_hits=0 gate_cache_checks=0 miss_invalid=0 miss_layer=0 miss_rank=0 miss_hash=0 miss_output=0 miss_data=0 send_up_gate=0.000 ms send_down=0.000 ms send_other=0.000 ms send_ffn=0.000 ms wait_up_gate=0.000 ms wait_down=0.000 ms wait_other=0.000 ms wait_ffn=0.000 ms
[svd-offload-client-stage-profile] rpc_send_total=0.000 ms rpc_wait_total=0.000 ms
[svd-offload-client-debug] finish_fail_up_gate=0 finish_fail_down=0 finish_fail_other=0 finish_fail_ffn=0 cache_take_fail_up=0 cache_take_fail_gate=0 recv_up_sum_abs=0.000000e+00 recv_up_max_abs=0.000000e+00 recv_up_zero=0 recv_gate_sum_abs=0.000000e+00 recv_gate_max_abs=0.000000e+00 recv_gate_zero=0 recv_down_sum_abs=0.000000e+00 recv_down_max_abs=0.000000e+00 recv_down_zero=0 recv_other_sum_abs=0.000000e+00 recv_other_max_abs=0.000000e+00 recv_other_zero=0 recv_ffn_sum_abs=0.000000e+00 recv_ffn_max_abs=0.000000e+00 recv_ffn_zero=0
SUCCEED (one forward pass done)"
candidate,4c_gradient,1,trunc_even_0.85,,4,"60,61,62,63","0,20,60,100",ok,19.9855,50.0362,2.5953509512369326,,,,8.95622992515564,"llama_context: graph splits = 1
attach_threadpool: call
threads: decode=4 batch=4
prompt tokens: 4
running one forward pass (llama_decode) ...
Top-5 next-token candidates:
  id=3 logit=0 piece=""$""
  id=4 logit=0 piece=""%""
  id=1 logit=0 piece=""""""
  id=0 logit=0 piece=""!""
  id=2 logit=0 piece=""#""
Autoregressive generation:
Generated text: !
Decode-only throughput: 19.9855 tokens/s (1 tokens in 0.0500362 s of llama_decode)
End-to-end throughput: 19.8512 tokens/s (1 tokens in 0.0503747 s)
[decode-stage-profile] model_load=389.357 ms context_create=59.8022 ms tokenize=0.506478 ms prefill_decode=8275.98 ms generation_decode=50.0362 ms generation_total=50.3747 ms program_total=8793.49 ms
[svd-local-op-profile] up_ops=56 gate_ops=56 down_ops=56 up_total=449.571 ms gate_total=451.038 ms down_total=441.532 ms up_v=144.718 ms gate_v=149.033 ms down_v=155.629 ms up_u=304.848 ms gate_u=301.998 ms down_u=285.895 ms
[svd-local-stage-profile] attention_total=1179.422 ms ffn_total=2015.435 ms ffn_svd_total=1342.141 ms ffn_svd_v=449.380 ms ffn_svd_u=892.741 ms
[svd-offload-zero-profile] up_finish=0 up_cache=0 up_no_request=27 gate_finish=0 gate_cache=0 gate_no_request=27 down_finish=0 down_cache=0 down_no_request=27 other_finish=0 other_cache=0 other_no_request=0
[svd-local-timeout-profile] up_keep=0 up_drop=0 up_wait=0.000 ms gate_keep=0 gate_drop=0 gate_wait=0.000 ms down_keep=0 down_drop=0 down_wait=0.000 ms other_keep=0 other_drop=0 other_wait=0.000 ms
[svd-offload-client] up_gate_req=0 down_req=0 other_mat_req=0 ffn_req=0 gate_cache_hits=0 gate_cache_checks=0 miss_invalid=0 miss_layer=0 miss_rank=0 miss_hash=0 miss_output=0 miss_data=0 send_up_gate=0.000 ms send_down=0.000 ms send_other=0.000 ms send_ffn=0.000 ms wait_up_gate=0.000 ms wait_down=0.000 ms wait_other=0.000 ms wait_ffn=0.000 ms
[svd-offload-client-stage-profile] rpc_send_total=0.000 ms rpc_wait_total=0.000 ms
[svd-offload-client-debug] finish_fail_up_gate=0 finish_fail_down=0 finish_fail_other=0 finish_fail_ffn=0 cache_take_fail_up=0 cache_take_fail_gate=0 recv_up_sum_abs=0.000000e+00 recv_up_max_abs=0.000000e+00 recv_up_zero=0 recv_gate_sum_abs=0.000000e+00 recv_gate_max_abs=0.000000e+00 recv_gate_zero=0 recv_down_sum_abs=0.000000e+00 recv_down_max_abs=0.000000e+00 recv_down_zero=0 recv_other_sum_abs=0.000000e+00 recv_other_max_abs=0.000000e+00 recv_other_zero=0 recv_ffn_sum_abs=0.000000e+00 recv_ffn_max_abs=0.000000e+00 recv_ffn_zero=0
SUCCEED (one forward pass done)"
selected,4c_gradient,1,trunc_even_0.8,trunc_even_0.8,4,"60,61,62,63","0,20,60,100",ok,,,,7.7005,17.7321,2.302720602558275,,
candidate,4c_gradient,2,baseline_no_svd,,4,"60,61,62,63","0,20,60,100",ok,14.9059,67.0874,1.0,,,,6.420093774795532,"llama_context: graph splits = 1
attach_threadpool: call
threads: decode=4 batch=4
prompt tokens: 4
running one forward pass (llama_decode) ...
Top-5 next-token candidates:
  id=11 logit=20.2053 piece="",""
  id=304 logit=18.9277 piece="" in""
  id=3837 logit=18.7558 piece=""，""
  id=1052 logit=18.5616 piece="" there""
  id=358 logit=17.8374 piece="" I""
Autoregressive generation:
Generated text: ,
Decode-only throughput: 14.9059 tokens/s (1 tokens in 0.0670874 s of llama_decode)
End-to-end throughput: 14.8347 tokens/s (1 tokens in 0.0674095 s)
[decode-stage-profile] model_load=531.138 ms context_create=59.9019 ms tokenize=0.462802 ms prefill_decode=5566.39 ms generation_decode=67.0874 ms generation_total=67.4095 ms program_total=6242.86 ms
[svd-local-op-profile] up_ops=56 gate_ops=56 down_ops=56 up_total=310.247 ms gate_total=329.023 ms down_total=312.844 ms up_v=100.121 ms gate_v=104.125 ms down_v=128.444 ms up_u=210.121 ms gate_u=224.891 ms down_u=184.399 ms
[svd-local-stage-profile] attention_total=761.946 ms ffn_total=1417.728 ms ffn_svd_total=952.114 ms ffn_svd_v=332.690 ms ffn_svd_u=619.411 ms
[svd-offload-zero-profile] up_finish=0 up_cache=0 up_no_request=27 gate_finish=0 gate_cache=0 gate_no_request=27 down_finish=0 down_cache=0 down_no_request=27 other_finish=0 other_cache=0 other_no_request=0
[svd-local-timeout-profile] up_keep=0 up_drop=0 up_wait=0.000 ms gate_keep=0 gate_drop=0 gate_wait=0.000 ms down_keep=0 down_drop=0 down_wait=0.000 ms other_keep=0 other_drop=0 other_wait=0.000 ms
[svd-offload-client] up_gate_req=0 down_req=0 other_mat_req=0 ffn_req=0 gate_cache_hits=0 gate_cache_checks=0 miss_invalid=0 miss_layer=0 miss_rank=0 miss_hash=0 miss_output=0 miss_data=0 send_up_gate=0.000 ms send_down=0.000 ms send_other=0.000 ms send_ffn=0.000 ms wait_up_gate=0.000 ms wait_down=0.000 ms wait_other=0.000 ms wait_ffn=0.000 ms
[svd-offload-client-stage-profile] rpc_send_total=0.000 ms rpc_wait_total=0.000 ms
[svd-offload-client-debug] finish_fail_up_gate=0 finish_fail_down=0 finish_fail_other=0 finish_fail_ffn=0 cache_take_fail_up=0 cache_take_fail_gate=0 recv_up_sum_abs=0.000000e+00 recv_up_max_abs=0.000000e+00 recv_up_zero=0 recv_gate_sum_abs=0.000000e+00 recv_gate_max_abs=0.000000e+00 recv_gate_zero=0 recv_down_sum_abs=0.000000e+00 recv_down_max_abs=0.000000e+00 recv_down_zero=0 recv_other_sum_abs=0.000000e+00 recv_other_max_abs=0.000000e+00 recv_other_zero=0 recv_ffn_sum_abs=0.000000e+00 recv_ffn_max_abs=0.000000e+00 recv_ffn_zero=0
SUCCEED (one forward pass done)"
candidate,4c_gradient,2,all_0.1,,4,"60,61,62,63","0,20,60,100",ok,15.6584,63.8634,1.0504833656471597,,,,3.8566410541534424,"llama_context: graph splits = 1
attach_threadpool: call
threads: decode=4 batch=4
prompt tokens: 4
running one forward pass (llama_decode) ...
Top-5 next-token candidates:
  id=3 logit=0 piece=""$""
  id=4 logit=0 piece=""%""
  id=1 logit=0 piece=""""""
  id=0 logit=0 piece=""!""
  id=2 logit=0 piece=""#""
Autoregressive generation:
Generated text: !
Decode-only throughput: 15.6584 tokens/s (1 tokens in 0.0638634 s of llama_decode)
End-to-end throughput: 15.5822 tokens/s (1 tokens in 0.0641759 s)
[decode-stage-profile] model_load=436.974 ms context_create=69.9799 ms tokenize=0.905719 ms prefill_decode=3094.01 ms generation_decode=63.8634 ms generation_total=64.1759 ms program_total=3683.61 ms
[svd-local-op-profile] up_ops=56 gate_ops=56 down_ops=56 up_total=192.063 ms gate_total=199.781 ms down_total=185.673 ms up_v=58.578 ms gate_v=58.261 ms down_v=79.418 ms up_u=133.483 ms gate_u=141.515 ms down_u=106.252 ms
[svd-local-stage-profile] attention_total=443.795 ms ffn_total=837.494 ms ffn_svd_total=577.517 ms ffn_svd_v=196.257 ms ffn_svd_u=381.250 ms
[svd-offload-zero-profile] up_finish=0 up_cache=0 up_no_request=27 gate_finish=0 gate_cache=0 gate_no_request=27 down_finish=0 down_cache=0 down_no_request=27 other_finish=0 other_cache=0 other_no_request=0
[svd-local-timeout-profile] up_keep=0 up_drop=0 up_wait=0.000 ms gate_keep=0 gate_drop=0 gate_wait=0.000 ms down_keep=0 down_drop=0 down_wait=0.000 ms other_keep=0 other_drop=0 other_wait=0.000 ms
[svd-offload-client] up_gate_req=0 down_req=0 other_mat_req=0 ffn_req=0 gate_cache_hits=0 gate_cache_checks=0 miss_invalid=0 miss_layer=0 miss_rank=0 miss_hash=0 miss_output=0 miss_data=0 send_up_gate=0.000 ms send_down=0.000 ms send_other=0.000 ms send_ffn=0.000 ms wait_up_gate=0.000 ms wait_down=0.000 ms wait_other=0.000 ms wait_ffn=0.000 ms
[svd-offload-client-stage-profile] rpc_send_total=0.000 ms rpc_wait_total=0.000 ms
[svd-offload-client-debug] finish_fail_up_gate=0 finish_fail_down=0 finish_fail_other=0 finish_fail_ffn=0 cache_take_fail_up=0 cache_take_fail_gate=0 recv_up_sum_abs=0.000000e+00 recv_up_max_abs=0.000000e+00 recv_up_zero=0 recv_gate_sum_abs=0.000000e+00 recv_gate_max_abs=0.000000e+00 recv_gate_zero=0 recv_down_sum_abs=0.000000e+00 recv_down_max_abs=0.000000e+00 recv_down_zero=0 recv_other_sum_abs=0.000000e+00 recv_other_max_abs=0.000000e+00 recv_other_zero=0 recv_ffn_sum_abs=0.000000e+00 recv_ffn_max_abs=0.000000e+00 recv_ffn_zero=0
SUCCEED (one forward pass done)"
candidate,4c_gradient,2,all_0.2,,4,"60,61,62,63","0,20,60,100",ok,17.4993,57.1451,1.1739847979659062,,,,3.814197301864624,"llama_context: graph splits = 1
attach_threadpool: call
threads: decode=4 batch=4
prompt tokens: 4
running one forward pass (llama_decode) ...
Top-5 next-token candidates:
  id=3 logit=0 piece=""$""
  id=4 logit=0 piece=""%""
  id=1 logit=0 piece=""""""
  id=0 logit=0 piece=""!""
  id=2 logit=0 piece=""#""
Autoregressive generation:
Generated text: !
Decode-only throughput: 17.4993 tokens/s (1 tokens in 0.0571451 s of llama_decode)
End-to-end throughput: 17.399 tokens/s (1 tokens in 0.0574747 s)
[decode-stage-profile] model_load=482.521 ms context_create=64.2571 ms tokenize=0.776619 ms prefill_decode=3015.12 ms generation_decode=57.1451 ms generation_total=57.4747 ms program_total=3638.75 ms
[svd-local-op-profile] up_ops=56 gate_ops=56 down_ops=56 up_total=187.886 ms gate_total=183.250 ms down_total=177.820 ms up_v=58.125 ms gate_v=55.619 ms down_v=76.888 ms up_u=129.755 ms gate_u=127.627 ms down_u=100.923 ms
[svd-local-stage-profile] attention_total=394.330 ms ffn_total=822.809 ms ffn_svd_total=548.956 ms ffn_svd_v=190.632 ms ffn_svd_u=358.305 ms
[svd-offload-zero-profile] up_finish=0 up_cache=0 up_no_request=27 gate_finish=0 gate_cache=0 gate_no_request=27 down_finish=0 down_cache=0 down_no_request=27 other_finish=0 other_cache=0 other_no_request=0
[svd-local-timeout-profile] up_keep=0 up_drop=0 up_wait=0.000 ms gate_keep=0 gate_drop=0 gate_wait=0.000 ms down_keep=0 down_drop=0 down_wait=0.000 ms other_keep=0 other_drop=0 other_wait=0.000 ms
[svd-offload-client] up_gate_req=0 down_req=0 other_mat_req=0 ffn_req=0 gate_cache_hits=0 gate_cache_checks=0 miss_invalid=0 miss_layer=0 miss_rank=0 miss_hash=0 miss_output=0 miss_data=0 send_up_gate=0.000 ms send_down=0.000 ms send_other=0.000 ms send_ffn=0.000 ms wait_up_gate=0.000 ms wait_down=0.000 ms wait_other=0.000 ms wait_ffn=0.000 ms
[svd-offload-client-stage-profile] rpc_send_total=0.000 ms rpc_wait_total=0.000 ms
[svd-offload-client-debug] finish_fail_up_gate=0 finish_fail_down=0 finish_fail_other=0 finish_fail_ffn=0 cache_take_fail_up=0 cache_take_fail_gate=0 recv_up_sum_abs=0.000000e+00 recv_up_max_abs=0.000000e+00 recv_up_zero=0 recv_gate_sum_abs=0.000000e+00 recv_gate_max_abs=0.000000e+00 recv_gate_zero=0 recv_down_sum_abs=0.000000e+00 recv_down_max_abs=0.000000e+00 recv_down_zero=0 recv_other_sum_abs=0.000000e+00 recv_other_max_abs=0.000000e+00 recv_other_zero=0 recv_ffn_sum_abs=0.000000e+00 recv_ffn_max_abs=0.000000e+00 recv_ffn_zero=0
SUCCEED (one forward pass done)"
candidate,4c_gradient,2,all_0.3,,4,"60,61,62,63","0,20,60,100",ok,20.3243,49.2022,1.3635070676711907,,,,3.82800555229187,"llama_context: graph splits = 1
attach_threadpool: call
threads: decode=4 batch=4
prompt tokens: 4
running one forward pass (llama_decode) ...
Top-5 next-token candidates:
  id=3 logit=0 piece=""$""
  id=4 logit=0 piece=""%""
  id=1 logit=0 piece=""""""
  id=0 logit=0 piece=""!""
  id=2 logit=0 piece=""#""
Autoregressive generation:
Generated text: !
Decode-only throughput: 20.3243 tokens/s (1 tokens in 0.0492022 s of llama_decode)
End-to-end throughput: 20.1859 tokens/s (1 tokens in 0.0495395 s)
[decode-stage-profile] model_load=559.951 ms context_create=59.5675 ms tokenize=0.470033 ms prefill_decode=2966.95 ms generation_decode=49.2022 ms generation_total=49.5395 ms program_total=3653.99 ms
[svd-local-op-profile] up_ops=56 gate_ops=56 down_ops=56 up_total=185.622 ms gate_total=179.097 ms down_total=174.301 ms up_v=59.042 ms gate_v=54.141 ms down_v=72.707 ms up_u=126.577 ms gate_u=124.949 ms down_u=101.588 ms
[svd-local-stage-profile] attention_total=395.307 ms ffn_total=788.312 ms ffn_svd_total=539.020 ms ffn_svd_v=185.890 ms ffn_svd_u=353.114 ms
[svd-offload-zero-profile] up_finish=0 up_cache=0 up_no_request=27 gate_finish=0 gate_cache=0 gate_no_request=27 down_finish=0 down_cache=0 down_no_request=27 other_finish=0 other_cache=0 other_no_request=0
[svd-local-timeout-profile] up_keep=0 up_drop=0 up_wait=0.000 ms gate_keep=0 gate_drop=0 gate_wait=0.000 ms down_keep=0 down_drop=0 down_wait=0.000 ms other_keep=0 other_drop=0 other_wait=0.000 ms
[svd-offload-client] up_gate_req=0 down_req=0 other_mat_req=0 ffn_req=0 gate_cache_hits=0 gate_cache_checks=0 miss_invalid=0 miss_layer=0 miss_rank=0 miss_hash=0 miss_output=0 miss_data=0 send_up_gate=0.000 ms send_down=0.000 ms send_other=0.000 ms send_ffn=0.000 ms wait_up_gate=0.000 ms wait_down=0.000 ms wait_other=0.000 ms wait_ffn=0.000 ms
[svd-offload-client-stage-profile] rpc_send_total=0.000 ms rpc_wait_total=0.000 ms
[svd-offload-client-debug] finish_fail_up_gate=0 finish_fail_down=0 finish_fail_other=0 finish_fail_ffn=0 cache_take_fail_up=0 cache_take_fail_gate=0 recv_up_sum_abs=0.000000e+00 recv_up_max_abs=0.000000e+00 recv_up_zero=0 recv_gate_sum_abs=0.000000e+00 recv_gate_max_abs=0.000000e+00 recv_gate_zero=0 recv_down_sum_abs=0.000000e+00 recv_down_max_abs=0.000000e+00 recv_down_zero=0 recv_other_sum_abs=0.000000e+00 recv_other_max_abs=0.000000e+00 recv_other_zero=0 recv_ffn_sum_abs=0.000000e+00 recv_ffn_max_abs=0.000000e+00 recv_ffn_zero=0
SUCCEED (one forward pass done)"
candidate,4c_gradient,2,all_0.35,,4,"60,61,62,63","0,20,60,100",ok,20.5898,48.5678,1.3813188066470323,,,,3.8513119220733643,"llama_context: graph splits = 1
attach_threadpool: call
threads: decode=4 batch=4
prompt tokens: 4
running one forward pass (llama_decode) ...
Top-5 next-token candidates:
  id=3 logit=0 piece=""$""
  id=4 logit=0 piece=""%""
  id=1 logit=0 piece=""""""
  id=0 logit=0 piece=""!""
  id=2 logit=0 piece=""#""
Autoregressive generation:
Generated text: !
Decode-only throughput: 20.5898 tokens/s (1 tokens in 0.0485678 s of llama_decode)
End-to-end throughput: 20.4524 tokens/s (1 tokens in 0.0488941 s)
[decode-stage-profile] model_load=564.616 ms context_create=70.5238 ms tokenize=0.894992 ms prefill_decode=2950.74 ms generation_decode=48.5678 ms generation_total=48.8941 ms program_total=3653.8 ms
[svd-local-op-profile] up_ops=56 gate_ops=56 down_ops=56 up_total=192.422 ms gate_total=181.115 ms down_total=178.056 ms up_v=59.034 ms gate_v=52.792 ms down_v=72.126 ms up_u=133.385 ms gate_u=128.319 ms down_u=105.924 ms
[svd-local-stage-profile] attention_total=360.104 ms ffn_total=820.315 ms ffn_svd_total=551.593 ms ffn_svd_v=183.952 ms ffn_svd_u=367.628 ms
[svd-offload-zero-profile] up_finish=0 up_cache=0 up_no_request=27 gate_finish=0 gate_cache=0 gate_no_request=27 down_finish=0 down_cache=0 down_no_request=27 other_finish=0 other_cache=0 other_no_request=0
[svd-local-timeout-profile] up_keep=0 up_drop=0 up_wait=0.000 ms gate_keep=0 gate_drop=0 gate_wait=0.000 ms down_keep=0 down_drop=0 down_wait=0.000 ms other_keep=0 other_drop=0 other_wait=0.000 ms
[svd-offload-client] up_gate_req=0 down_req=0 other_mat_req=0 ffn_req=0 gate_cache_hits=0 gate_cache_checks=0 miss_invalid=0 miss_layer=0 miss_rank=0 miss_hash=0 miss_output=0 miss_data=0 send_up_gate=0.000 ms send_down=0.000 ms send_other=0.000 ms send_ffn=0.000 ms wait_up_gate=0.000 ms wait_down=0.000 ms wait_other=0.000 ms wait_ffn=0.000 ms
[svd-offload-client-stage-profile] rpc_send_total=0.000 ms rpc_wait_total=0.000 ms
[svd-offload-client-debug] finish_fail_up_gate=0 finish_fail_down=0 finish_fail_other=0 finish_fail_ffn=0 cache_take_fail_up=0 cache_take_fail_gate=0 recv_up_sum_abs=0.000000e+00 recv_up_max_abs=0.000000e+00 recv_up_zero=0 recv_gate_sum_abs=0.000000e+00 recv_gate_max_abs=0.000000e+00 recv_gate_zero=0 recv_down_sum_abs=0.000000e+00 recv_down_max_abs=0.000000e+00 recv_down_zero=0 recv_other_sum_abs=0.000000e+00 recv_other_max_abs=0.000000e+00 recv_other_zero=0 recv_ffn_sum_abs=0.000000e+00 recv_ffn_max_abs=0.000000e+00 recv_ffn_zero=0
SUCCEED (one forward pass done)"
candidate,4c_gradient,2,all_0.4,,4,"60,61,62,63","0,20,60,100",ok,19.5419,51.1722,1.311017784903964,,,,3.850119113922119,"llama_context: graph splits = 1
attach_threadpool: call
threads: decode=4 batch=4
prompt tokens: 4
running one forward pass (llama_decode) ...
Top-5 next-token candidates:
  id=3 logit=0 piece=""$""
  id=4 logit=0 piece=""%""
  id=1 logit=0 piece=""""""
  id=0 logit=0 piece=""!""
  id=2 logit=0 piece=""#""
Autoregressive generation:
Generated text: !
Decode-only throughput: 19.5419 tokens/s (1 tokens in 0.0511722 s of llama_decode)
End-to-end throughput: 19.4071 tokens/s (1 tokens in 0.0515275 s)
[decode-stage-profile] model_load=482.867 ms context_create=69.777 ms tokenize=0.74584 ms prefill_decode=3021.88 ms generation_decode=51.1722 ms generation_total=51.5275 ms program_total=3646.12 ms
[svd-local-op-profile] up_ops=56 gate_ops=56 down_ops=56 up_total=186.563 ms gate_total=184.278 ms down_total=172.745 ms up_v=55.220 ms gate_v=53.513 ms down_v=66.096 ms up_u=131.334 ms gate_u=130.761 ms down_u=106.643 ms
[svd-local-stage-profile] attention_total=479.614 ms ffn_total=766.944 ms ffn_svd_total=543.586 ms ffn_svd_v=174.829 ms ffn_svd_u=368.738 ms
[svd-offload-zero-profile] up_finish=0 up_cache=0 up_no_request=27 gate_finish=0 gate_cache=0 gate_no_request=27 down_finish=0 down_cache=0 down_no_request=27 other_finish=0 other_cache=0 other_no_request=0
[svd-local-timeout-profile] up_keep=0 up_drop=0 up_wait=0.000 ms gate_keep=0 gate_drop=0 gate_wait=0.000 ms down_keep=0 down_drop=0 down_wait=0.000 ms other_keep=0 other_drop=0 other_wait=0.000 ms
[svd-offload-client] up_gate_req=0 down_req=0 other_mat_req=0 ffn_req=0 gate_cache_hits=0 gate_cache_checks=0 miss_invalid=0 miss_layer=0 miss_rank=0 miss_hash=0 miss_output=0 miss_data=0 send_up_gate=0.000 ms send_down=0.000 ms send_other=0.000 ms send_ffn=0.000 ms wait_up_gate=0.000 ms wait_down=0.000 ms wait_other=0.000 ms wait_ffn=0.000 ms
[svd-offload-client-stage-profile] rpc_send_total=0.000 ms rpc_wait_total=0.000 ms
[svd-offload-client-debug] finish_fail_up_gate=0 finish_fail_down=0 finish_fail_other=0 finish_fail_ffn=0 cache_take_fail_up=0 cache_take_fail_gate=0 recv_up_sum_abs=0.000000e+00 recv_up_max_abs=0.000000e+00 recv_up_zero=0 recv_gate_sum_abs=0.000000e+00 recv_gate_max_abs=0.000000e+00 recv_gate_zero=0 recv_down_sum_abs=0.000000e+00 recv_down_max_abs=0.000000e+00 recv_down_zero=0 recv_other_sum_abs=0.000000e+00 recv_other_max_abs=0.000000e+00 recv_other_zero=0 recv_ffn_sum_abs=0.000000e+00 recv_ffn_max_abs=0.000000e+00 recv_ffn_zero=0
SUCCEED (one forward pass done)"
candidate,4c_gradient,2,all_0.45,,4,"60,61,62,63","0,20,60,100",ok,19.3101,51.7865,1.2954668956587658,,,,3.7893519401550293,"llama_context: graph splits = 1
attach_threadpool: call
threads: decode=4 batch=4
prompt tokens: 4
running one forward pass (llama_decode) ...
Top-5 next-token candidates:
  id=3 logit=0 piece=""$""
  id=4 logit=0 piece=""%""
  id=1 logit=0 piece=""""""
  id=0 logit=0 piece=""!""
  id=2 logit=0 piece=""#""
Autoregressive generation:
Generated text: !
Decode-only throughput: 19.3101 tokens/s (1 tokens in 0.0517865 s of llama_decode)
End-to-end throughput: 19.1899 tokens/s (1 tokens in 0.0521108 s)
[decode-stage-profile] model_load=453.41 ms context_create=71.131 ms tokenize=0.893274 ms prefill_decode=3018.97 ms generation_decode=51.7865 ms generation_total=52.1108 ms program_total=3614.16 ms
[svd-local-op-profile] up_ops=56 gate_ops=56 down_ops=56 up_total=182.863 ms gate_total=186.460 ms down_total=180.708 ms up_v=55.659 ms gate_v=55.955 ms down_v=70.180 ms up_u=127.197 ms gate_u=130.500 ms down_u=110.523 ms
[svd-local-stage-profile] attention_total=422.763 ms ffn_total=795.362 ms ffn_svd_total=550.031 ms ffn_svd_v=181.794 ms ffn_svd_u=368.220 ms
[svd-offload-zero-profile] up_finish=0 up_cache=0 up_no_request=27 gate_finish=0 gate_cache=0 gate_no_request=27 down_finish=0 down_cache=0 down_no_request=27 other_finish=0 other_cache=0 other_no_request=0
[svd-local-timeout-profile] up_keep=0 up_drop=0 up_wait=0.000 ms gate_keep=0 gate_drop=0 gate_wait=0.000 ms down_keep=0 down_drop=0 down_wait=0.000 ms other_keep=0 other_drop=0 other_wait=0.000 ms
[svd-offload-client] up_gate_req=0 down_req=0 other_mat_req=0 ffn_req=0 gate_cache_hits=0 gate_cache_checks=0 miss_invalid=0 miss_layer=0 miss_rank=0 miss_hash=0 miss_output=0 miss_data=0 send_up_gate=0.000 ms send_down=0.000 ms send_other=0.000 ms send_ffn=0.000 ms wait_up_gate=0.000 ms wait_down=0.000 ms wait_other=0.000 ms wait_ffn=0.000 ms
[svd-offload-client-stage-profile] rpc_send_total=0.000 ms rpc_wait_total=0.000 ms
[svd-offload-client-debug] finish_fail_up_gate=0 finish_fail_down=0 finish_fail_other=0 finish_fail_ffn=0 cache_take_fail_up=0 cache_take_fail_gate=0 recv_up_sum_abs=0.000000e+00 recv_up_max_abs=0.000000e+00 recv_up_zero=0 recv_gate_sum_abs=0.000000e+00 recv_gate_max_abs=0.000000e+00 recv_gate_zero=0 recv_down_sum_abs=0.000000e+00 recv_down_max_abs=0.000000e+00 recv_down_zero=0 recv_other_sum_abs=0.000000e+00 recv_other_max_abs=0.000000e+00 recv_other_zero=0 recv_ffn_sum_abs=0.000000e+00 recv_ffn_max_abs=0.000000e+00 recv_ffn_zero=0
SUCCEED (one forward pass done)"
candidate,4c_gradient,2,all_0.5,,4,"60,61,62,63","0,20,60,100",ok,23.0872,43.314,1.5488632018194137,,,,3.8176724910736084,"llama_context: graph splits = 1
attach_threadpool: call
threads: decode=4 batch=4
prompt tokens: 4
running one forward pass (llama_decode) ...
Top-5 next-token candidates:
  id=11 logit=15.272 piece="",""
  id=12 logit=14.9123 piece=""-""
  id=51730 logit=14.8613 piece="" Ri""
  id=6216 logit=14.8165 piece="" ir""
  id=472 logit=14.5534 piece="" H""
Autoregressive generation:
Generated text: ,
Decode-only throughput: 23.0872 tokens/s (1 tokens in 0.043314 s of llama_decode)
End-to-end throughput: 22.9195 tokens/s (1 tokens in 0.043631 s)
[decode-stage-profile] model_load=528.434 ms context_create=60.0638 ms tokenize=0.456441 ms prefill_decode=2984.59 ms generation_decode=43.314 ms generation_total=43.631 ms program_total=3634.76 ms
[svd-local-op-profile] up_ops=56 gate_ops=56 down_ops=56 up_total=176.505 ms gate_total=174.371 ms down_total=168.121 ms up_v=53.259 ms gate_v=49.498 ms down_v=61.657 ms up_u=123.240 ms gate_u=124.871 ms down_u=106.461 ms
[svd-local-stage-profile] attention_total=492.918 ms ffn_total=729.340 ms ffn_svd_total=518.997 ms ffn_svd_v=164.414 ms ffn_svd_u=354.572 ms
[svd-offload-zero-profile] up_finish=0 up_cache=0 up_no_request=27 gate_finish=0 gate_cache=0 gate_no_request=27 down_finish=0 down_cache=0 down_no_request=27 other_finish=0 other_cache=0 other_no_request=0
[svd-local-timeout-profile] up_keep=0 up_drop=0 up_wait=0.000 ms gate_keep=0 gate_drop=0 gate_wait=0.000 ms down_keep=0 down_drop=0 down_wait=0.000 ms other_keep=0 other_drop=0 other_wait=0.000 ms
[svd-offload-client] up_gate_req=0 down_req=0 other_mat_req=0 ffn_req=0 gate_cache_hits=0 gate_cache_checks=0 miss_invalid=0 miss_layer=0 miss_rank=0 miss_hash=0 miss_output=0 miss_data=0 send_up_gate=0.000 ms send_down=0.000 ms send_other=0.000 ms send_ffn=0.000 ms wait_up_gate=0.000 ms wait_down=0.000 ms wait_other=0.000 ms wait_ffn=0.000 ms
[svd-offload-client-stage-profile] rpc_send_total=0.000 ms rpc_wait_total=0.000 ms
[svd-offload-client-debug] finish_fail_up_gate=0 finish_fail_down=0 finish_fail_other=0 finish_fail_ffn=0 cache_take_fail_up=0 cache_take_fail_gate=0 recv_up_sum_abs=0.000000e+00 recv_up_max_abs=0.000000e+00 recv_up_zero=0 recv_gate_sum_abs=0.000000e+00 recv_gate_max_abs=0.000000e+00 recv_gate_zero=0 recv_down_sum_abs=0.000000e+00 recv_down_max_abs=0.000000e+00 recv_down_zero=0 recv_other_sum_abs=0.000000e+00 recv_other_max_abs=0.000000e+00 recv_other_zero=0 recv_ffn_sum_abs=0.000000e+00 recv_ffn_max_abs=0.000000e+00 recv_ffn_zero=0
SUCCEED (one forward pass done)"
candidate,4c_gradient,2,trunc_even_0.8,,4,"60,61,62,63","0,20,60,100",ok,18.0646,55.3568,1.2119093781656927,,,,3.8722662925720215,"llama_context: graph splits = 1
attach_threadpool: call
threads: decode=4 batch=4
prompt tokens: 4
running one forward pass (llama_decode) ...
Top-5 next-token candidates:
  id=3 logit=0 piece=""$""
  id=4 logit=0 piece=""%""
  id=1 logit=0 piece=""""""
  id=0 logit=0 piece=""!""
  id=2 logit=0 piece=""#""
Autoregressive generation:
Generated text: !
Decode-only throughput: 18.0646 tokens/s (1 tokens in 0.0553568 s of llama_decode)
End-to-end throughput: 17.9598 tokens/s (1 tokens in 0.05568 s)
[decode-stage-profile] model_load=565.806 ms context_create=69.5726 ms tokenize=0.903763 ms prefill_decode=2983.64 ms generation_decode=55.3568 ms generation_total=55.68 ms program_total=3693.36 ms
[svd-local-op-profile] up_ops=56 gate_ops=56 down_ops=56 up_total=187.720 ms gate_total=191.407 ms down_total=171.648 ms up_v=54.650 ms gate_v=58.949 ms down_v=72.897 ms up_u=133.066 ms gate_u=132.454 ms down_u=98.746 ms
[svd-local-stage-profile] attention_total=393.638 ms ffn_total=814.228 ms ffn_svd_total=550.775 ms ffn_svd_v=186.496 ms ffn_svd_u=364.266 ms
[svd-offload-zero-profile] up_finish=0 up_cache=0 up_no_request=27 gate_finish=0 gate_cache=0 gate_no_request=27 down_finish=0 down_cache=0 down_no_request=27 other_finish=0 other_cache=0 other_no_request=0
[svd-local-timeout-profile] up_keep=0 up_drop=0 up_wait=0.000 ms gate_keep=0 gate_drop=0 gate_wait=0.000 ms down_keep=0 down_drop=0 down_wait=0.000 ms other_keep=0 other_drop=0 other_wait=0.000 ms
[svd-offload-client] up_gate_req=0 down_req=0 other_mat_req=0 ffn_req=0 gate_cache_hits=0 gate_cache_checks=0 miss_invalid=0 miss_layer=0 miss_rank=0 miss_hash=0 miss_output=0 miss_data=0 send_up_gate=0.000 ms send_down=0.000 ms send_other=0.000 ms send_ffn=0.000 ms wait_up_gate=0.000 ms wait_down=0.000 ms wait_other=0.000 ms wait_ffn=0.000 ms
[svd-offload-client-stage-profile] rpc_send_total=0.000 ms rpc_wait_total=0.000 ms
[svd-offload-client-debug] finish_fail_up_gate=0 finish_fail_down=0 finish_fail_other=0 finish_fail_ffn=0 cache_take_fail_up=0 cache_take_fail_gate=0 recv_up_sum_abs=0.000000e+00 recv_up_max_abs=0.000000e+00 recv_up_zero=0 recv_gate_sum_abs=0.000000e+00 recv_gate_max_abs=0.000000e+00 recv_gate_zero=0 recv_down_sum_abs=0.000000e+00 recv_down_max_abs=0.000000e+00 recv_down_zero=0 recv_other_sum_abs=0.000000e+00 recv_other_max_abs=0.000000e+00 recv_other_zero=0 recv_ffn_sum_abs=0.000000e+00 recv_ffn_max_abs=0.000000e+00 recv_ffn_zero=0
SUCCEED (one forward pass done)"
candidate,4c_gradient,2,trunc_even_0.85,,4,"60,61,62,63","0,20,60,100",ok,20.1708,49.5766,1.3532091319544608,,,,3.824221611022949,"llama_context: graph splits = 1
attach_threadpool: call
threads: decode=4 batch=4
prompt tokens: 4
running one forward pass (llama_decode) ...
Top-5 next-token candidates:
  id=3 logit=0 piece=""$""
  id=4 logit=0 piece=""%""
  id=1 logit=0 piece=""""""
  id=0 logit=0 piece=""!""
  id=2 logit=0 piece=""#""
Autoregressive generation:
Generated text: !
Decode-only throughput: 20.1708 tokens/s (1 tokens in 0.0495766 s of llama_decode)
End-to-end throughput: 20.0413 tokens/s (1 tokens in 0.049897 s)
[decode-stage-profile] model_load=543.918 ms context_create=71.2007 ms tokenize=0.912422 ms prefill_decode=2959.45 ms generation_decode=49.5766 ms generation_total=49.897 ms program_total=3643.2 ms
[svd-local-op-profile] up_ops=56 gate_ops=56 down_ops=56 up_total=191.021 ms gate_total=185.257 ms down_total=174.784 ms up_v=58.044 ms gate_v=54.343 ms down_v=66.987 ms up_u=132.973 ms gate_u=130.908 ms down_u=107.792 ms
[svd-local-stage-profile] attention_total=385.540 ms ffn_total=800.998 ms ffn_svd_total=551.062 ms ffn_svd_v=179.374 ms ffn_svd_u=371.673 ms
[svd-offload-zero-profile] up_finish=0 up_cache=0 up_no_request=27 gate_finish=0 gate_cache=0 gate_no_request=27 down_finish=0 down_cache=0 down_no_request=27 other_finish=0 other_cache=0 other_no_request=0
[svd-local-timeout-profile] up_keep=0 up_drop=0 up_wait=0.000 ms gate_keep=0 gate_drop=0 gate_wait=0.000 ms down_keep=0 down_drop=0 down_wait=0.000 ms other_keep=0 other_drop=0 other_wait=0.000 ms
[svd-offload-client] up_gate_req=0 down_req=0 other_mat_req=0 ffn_req=0 gate_cache_hits=0 gate_cache_checks=0 miss_invalid=0 miss_layer=0 miss_rank=0 miss_hash=0 miss_output=0 miss_data=0 send_up_gate=0.000 ms send_down=0.000 ms send_other=0.000 ms send_ffn=0.000 ms wait_up_gate=0.000 ms wait_down=0.000 ms wait_other=0.000 ms wait_ffn=0.000 ms
[svd-offload-client-stage-profile] rpc_send_total=0.000 ms rpc_wait_total=0.000 ms
[svd-offload-client-debug] finish_fail_up_gate=0 finish_fail_down=0 finish_fail_other=0 finish_fail_ffn=0 cache_take_fail_up=0 cache_take_fail_gate=0 recv_up_sum_abs=0.000000e+00 recv_up_max_abs=0.000000e+00 recv_up_zero=0 recv_gate_sum_abs=0.000000e+00 recv_gate_max_abs=0.000000e+00 recv_gate_zero=0 recv_down_sum_abs=0.000000e+00 recv_down_max_abs=0.000000e+00 recv_down_zero=0 recv_other_sum_abs=0.000000e+00 recv_other_max_abs=0.000000e+00 recv_other_zero=0 recv_ffn_sum_abs=0.000000e+00 recv_ffn_max_abs=0.000000e+00 recv_ffn_zero=0
SUCCEED (one forward pass done)"
selected,4c_gradient,2,all_0.2,all_0.2,4,"60,61,62,63","0,20,60,100",ok,,,,14.9059,17.4993,1.1739847979659062,,
candidate,4c_gradient,3,baseline_no_svd,,4,"60,61,62,63","0,20,60,100",ok,16.7219,59.8019,1.0,,,,8.92872142791748,"llama_context: graph splits = 1
attach_threadpool: call
threads: decode=4 batch=4
prompt tokens: 4
running one forward pass (llama_decode) ...
Top-5 next-token candidates:
  id=11 logit=20.2053 piece="",""
  id=304 logit=18.9277 piece="" in""
  id=3837 logit=18.7558 piece=""，""
  id=1052 logit=18.5616 piece="" there""
  id=358 logit=17.8374 piece="" I""
Autoregressive generation:
Generated text: ,
Decode-only throughput: 16.7219 tokens/s (1 tokens in 0.0598019 s of llama_decode)
End-to-end throughput: 16.6242 tokens/s (1 tokens in 0.0601534 s)
[decode-stage-profile] model_load=565.291 ms context_create=70.9461 ms tokenize=0.91475 ms prefill_decode=8035.31 ms generation_decode=59.8019 ms generation_total=60.1534 ms program_total=8750.3 ms
[svd-local-op-profile] up_ops=56 gate_ops=56 down_ops=56 up_total=463.539 ms gate_total=450.837 ms down_total=447.645 ms up_v=154.194 ms gate_v=148.379 ms down_v=167.377 ms up_u=309.339 ms gate_u=302.454 ms down_u=280.265 ms
[svd-local-stage-profile] attention_total=1056.880 ms ffn_total=2089.618 ms ffn_svd_total=1362.021 ms ffn_svd_v=469.950 ms ffn_svd_u=892.058 ms
[svd-offload-zero-profile] up_finish=0 up_cache=0 up_no_request=27 gate_finish=0 gate_cache=0 gate_no_request=27 down_finish=0 down_cache=0 down_no_request=27 other_finish=0 other_cache=0 other_no_request=0
[svd-local-timeout-profile] up_keep=0 up_drop=0 up_wait=0.000 ms gate_keep=0 gate_drop=0 gate_wait=0.000 ms down_keep=0 down_drop=0 down_wait=0.000 ms other_keep=0 other_drop=0 other_wait=0.000 ms
[svd-offload-client] up_gate_req=0 down_req=0 other_mat_req=0 ffn_req=0 gate_cache_hits=0 gate_cache_checks=0 miss_invalid=0 miss_layer=0 miss_rank=0 miss_hash=0 miss_output=0 miss_data=0 send_up_gate=0.000 ms send_down=0.000 ms send_other=0.000 ms send_ffn=0.000 ms wait_up_gate=0.000 ms wait_down=0.000 ms wait_other=0.000 ms wait_ffn=0.000 ms
[svd-offload-client-stage-profile] rpc_send_total=0.000 ms rpc_wait_total=0.000 ms
[svd-offload-client-debug] finish_fail_up_gate=0 finish_fail_down=0 finish_fail_other=0 finish_fail_ffn=0 cache_take_fail_up=0 cache_take_fail_gate=0 recv_up_sum_abs=0.000000e+00 recv_up_max_abs=0.000000e+00 recv_up_zero=0 recv_gate_sum_abs=0.000000e+00 recv_gate_max_abs=0.000000e+00 recv_gate_zero=0 recv_down_sum_abs=0.000000e+00 recv_down_max_abs=0.000000e+00 recv_down_zero=0 recv_other_sum_abs=0.000000e+00 recv_other_max_abs=0.000000e+00 recv_other_zero=0 recv_ffn_sum_abs=0.000000e+00 recv_ffn_max_abs=0.000000e+00 recv_ffn_zero=0
SUCCEED (one forward pass done)"
candidate,4c_gradient,3,all_0.1,,4,"60,61,62,63","0,20,60,100",ok,18.6302,53.6762,1.1141198069597353,,,,3.8683249950408936,"llama_context: graph splits = 1
attach_threadpool: call
threads: decode=4 batch=4
prompt tokens: 4
running one forward pass (llama_decode) ...
Top-5 next-token candidates:
  id=3 logit=0 piece=""$""
  id=4 logit=0 piece=""%""
  id=1 logit=0 piece=""""""
  id=0 logit=0 piece=""!""
  id=2 logit=0 piece=""#""
Autoregressive generation:
Generated text: !
Decode-only throughput: 18.6302 tokens/s (1 tokens in 0.0536762 s of llama_decode)
End-to-end throughput: 18.5179 tokens/s (1 tokens in 0.0540018 s)
[decode-stage-profile] model_load=396.982 ms context_create=60.4452 ms tokenize=0.462686 ms prefill_decode=3154.6 ms generation_decode=53.6762 ms generation_total=54.0018 ms program_total=3684.41 ms
[svd-local-op-profile] up_ops=56 gate_ops=56 down_ops=56 up_total=182.017 ms gate_total=181.434 ms down_total=176.779 ms up_v=56.245 ms gate_v=52.532 ms down_v=73.163 ms up_u=125.769 ms gate_u=128.899 ms down_u=103.612 ms
[svd-local-stage-profile] attention_total=465.445 ms ffn_total=758.084 ms ffn_svd_total=540.230 ms ffn_svd_v=181.940 ms ffn_svd_u=358.280 ms
[svd-offload-zero-profile] up_finish=0 up_cache=0 up_no_request=27 gate_finish=0 gate_cache=0 gate_no_request=27 down_finish=0 down_cache=0 down_no_request=27 other_finish=0 other_cache=0 other_no_request=0
[svd-local-timeout-profile] up_keep=0 up_drop=0 up_wait=0.000 ms gate_keep=0 gate_drop=0 gate_wait=0.000 ms down_keep=0 down_drop=0 down_wait=0.000 ms other_keep=0 other_drop=0 other_wait=0.000 ms
[svd-offload-client] up_gate_req=0 down_req=0 other_mat_req=0 ffn_req=0 gate_cache_hits=0 gate_cache_checks=0 miss_invalid=0 miss_layer=0 miss_rank=0 miss_hash=0 miss_output=0 miss_data=0 send_up_gate=0.000 ms send_down=0.000 ms send_other=0.000 ms send_ffn=0.000 ms wait_up_gate=0.000 ms wait_down=0.000 ms wait_other=0.000 ms wait_ffn=0.000 ms
[svd-offload-client-stage-profile] rpc_send_total=0.000 ms rpc_wait_total=0.000 ms
[svd-offload-client-debug] finish_fail_up_gate=0 finish_fail_down=0 finish_fail_other=0 finish_fail_ffn=0 cache_take_fail_up=0 cache_take_fail_gate=0 recv_up_sum_abs=0.000000e+00 recv_up_max_abs=0.000000e+00 recv_up_zero=0 recv_gate_sum_abs=0.000000e+00 recv_gate_max_abs=0.000000e+00 recv_gate_zero=0 recv_down_sum_abs=0.000000e+00 recv_down_max_abs=0.000000e+00 recv_down_zero=0 recv_other_sum_abs=0.000000e+00 recv_other_max_abs=0.000000e+00 recv_other_zero=0 recv_ffn_sum_abs=0.000000e+00 recv_ffn_max_abs=0.000000e+00 recv_ffn_zero=0
SUCCEED (one forward pass done)"
candidate,4c_gradient,3,all_0.2,,4,"60,61,62,63","0,20,60,100",ok,20.8052,48.065,1.2441887584544817,,,,3.8347339630126953,"llama_context: graph splits = 1
attach_threadpool: call
threads: decode=4 batch=4
prompt tokens: 4
running one forward pass (llama_decode) ...
Top-5 next-token candidates:
  id=3 logit=0 piece=""$""
  id=4 logit=0 piece=""%""
  id=1 logit=0 piece=""""""
  id=0 logit=0 piece=""!""
  id=2 logit=0 piece=""#""
Autoregressive generation:
Generated text: !
Decode-only throughput: 20.8052 tokens/s (1 tokens in 0.048065 s of llama_decode)
End-to-end throughput: 20.6687 tokens/s (1 tokens in 0.0483824 s)
[decode-stage-profile] model_load=390.263 ms context_create=59.8599 ms tokenize=0.470539 ms prefill_decode=3146.88 ms generation_decode=48.065 ms generation_total=48.3824 ms program_total=3663.37 ms
[svd-local-op-profile] up_ops=56 gate_ops=56 down_ops=56 up_total=182.805 ms gate_total=183.855 ms down_total=172.552 ms up_v=53.678 ms gate_v=55.353 ms down_v=68.377 ms up_u=129.122 ms gate_u=128.495 ms down_u=104.167 ms
[svd-local-stage-profile] attention_total=419.345 ms ffn_total=798.974 ms ffn_svd_total=539.212 ms ffn_svd_v=177.408 ms ffn_svd_u=361.784 ms
[svd-offload-zero-profile] up_finish=0 up_cache=0 up_no_request=27 gate_finish=0 gate_cache=0 gate_no_request=27 down_finish=0 down_cache=0 down_no_request=27 other_finish=0 other_cache=0 other_no_request=0
[svd-local-timeout-profile] up_keep=0 up_drop=0 up_wait=0.000 ms gate_keep=0 gate_drop=0 gate_wait=0.000 ms down_keep=0 down_drop=0 down_wait=0.000 ms other_keep=0 other_drop=0 other_wait=0.000 ms
[svd-offload-client] up_gate_req=0 down_req=0 other_mat_req=0 ffn_req=0 gate_cache_hits=0 gate_cache_checks=0 miss_invalid=0 miss_layer=0 miss_rank=0 miss_hash=0 miss_output=0 miss_data=0 send_up_gate=0.000 ms send_down=0.000 ms send_other=0.000 ms send_ffn=0.000 ms wait_up_gate=0.000 ms wait_down=0.000 ms wait_other=0.000 ms wait_ffn=0.000 ms
[svd-offload-client-stage-profile] rpc_send_total=0.000 ms rpc_wait_total=0.000 ms
[svd-offload-client-debug] finish_fail_up_gate=0 finish_fail_down=0 finish_fail_other=0 finish_fail_ffn=0 cache_take_fail_up=0 cache_take_fail_gate=0 recv_up_sum_abs=0.000000e+00 recv_up_max_abs=0.000000e+00 recv_up_zero=0 recv_gate_sum_abs=0.000000e+00 recv_gate_max_abs=0.000000e+00 recv_gate_zero=0 recv_down_sum_abs=0.000000e+00 recv_down_max_abs=0.000000e+00 recv_down_zero=0 recv_other_sum_abs=0.000000e+00 recv_other_max_abs=0.000000e+00 recv_other_zero=0 recv_ffn_sum_abs=0.000000e+00 recv_ffn_max_abs=0.000000e+00 recv_ffn_zero=0
SUCCEED (one forward pass done)"
candidate,4c_gradient,3,all_0.3,,4,"60,61,62,63","0,20,60,100",ok,23.0095,43.4602,1.3760099031808584,,,,3.818352699279785,"llama_context: graph splits = 1
attach_threadpool: call
threads: decode=4 batch=4
prompt tokens: 4
running one forward pass (llama_decode) ...
Top-5 next-token candidates:
  id=3 logit=0 piece=""$""
  id=4 logit=0 piece=""%""
  id=1 logit=0 piece=""""""
  id=0 logit=0 piece=""!""
  id=2 logit=0 piece=""#""
Autoregressive generation:
Generated text: !
Decode-only throughput: 23.0095 tokens/s (1 tokens in 0.0434602 s of llama_decode)
End-to-end throughput: 22.841 tokens/s (1 tokens in 0.0437809 s)
[decode-stage-profile] model_load=393.861 ms context_create=60.4177 ms tokenize=0.466174 ms prefill_decode=3124.69 ms generation_decode=43.4602 ms generation_total=43.7809 ms program_total=3641.07 ms
[svd-local-op-profile] up_ops=56 gate_ops=56 down_ops=56 up_total=177.750 ms gate_total=179.290 ms down_total=173.672 ms up_v=51.105 ms gate_v=55.555 ms down_v=68.972 ms up_u=126.638 ms gate_u=123.730 ms down_u=104.694 ms
[svd-local-stage-profile] attention_total=347.486 ms ffn_total=823.918 ms ffn_svd_total=530.712 ms ffn_svd_v=175.632 ms ffn_svd_u=355.062 ms
[svd-offload-zero-profile] up_finish=0 up_cache=0 up_no_request=27 gate_finish=0 gate_cache=0 gate_no_request=27 down_finish=0 down_cache=0 down_no_request=27 other_finish=0 other_cache=0 other_no_request=0
[svd-local-timeout-profile] up_keep=0 up_drop=0 up_wait=0.000 ms gate_keep=0 gate_drop=0 gate_wait=0.000 ms down_keep=0 down_drop=0 down_wait=0.000 ms other_keep=0 other_drop=0 other_wait=0.000 ms
[svd-offload-client] up_gate_req=0 down_req=0 other_mat_req=0 ffn_req=0 gate_cache_hits=0 gate_cache_checks=0 miss_invalid=0 miss_layer=0 miss_rank=0 miss_hash=0 miss_output=0 miss_data=0 send_up_gate=0.000 ms send_down=0.000 ms send_other=0.000 ms send_ffn=0.000 ms wait_up_gate=0.000 ms wait_down=0.000 ms wait_other=0.000 ms wait_ffn=0.000 ms
[svd-offload-client-stage-profile] rpc_send_total=0.000 ms rpc_wait_total=0.000 ms
[svd-offload-client-debug] finish_fail_up_gate=0 finish_fail_down=0 finish_fail_other=0 finish_fail_ffn=0 cache_take_fail_up=0 cache_take_fail_gate=0 recv_up_sum_abs=0.000000e+00 recv_up_max_abs=0.000000e+00 recv_up_zero=0 recv_gate_sum_abs=0.000000e+00 recv_gate_max_abs=0.000000e+00 recv_gate_zero=0 recv_down_sum_abs=0.000000e+00 recv_down_max_abs=0.000000e+00 recv_down_zero=0 recv_other_sum_abs=0.000000e+00 recv_other_max_abs=0.000000e+00 recv_other_zero=0 recv_ffn_sum_abs=0.000000e+00 recv_ffn_max_abs=0.000000e+00 recv_ffn_zero=0
SUCCEED (one forward pass done)"
candidate,4c_gradient,3,all_0.35,,4,"60,61,62,63","0,20,60,100",ok,3.20659,311.858,0.19175990766599488,,,,4.1014275550842285,"llama_context: graph splits = 1
attach_threadpool: call
threads: decode=4 batch=4
prompt tokens: 4
running one forward pass (llama_decode) ...
Top-5 next-token candidates:
  id=3 logit=0 piece=""$""
  id=4 logit=0 piece=""%""
  id=1 logit=0 piece=""""""
  id=0 logit=0 piece=""!""
  id=2 logit=0 piece=""#""
Autoregressive generation:
Generated text: !
Decode-only throughput: 3.20659 tokens/s (1 tokens in 0.311858 s of llama_decode)
End-to-end throughput: 3.20327 tokens/s (1 tokens in 0.312181 s)
[decode-stage-profile] model_load=408.743 ms context_create=60.2538 ms tokenize=0.479525 ms prefill_decode=3130.41 ms generation_decode=311.858 ms generation_total=312.181 ms program_total=3929.74 ms
[svd-local-op-profile] up_ops=56 gate_ops=56 down_ops=56 up_total=198.086 ms gate_total=187.062 ms down_total=193.616 ms up_v=53.409 ms gate_v=55.252 ms down_v=73.422 ms up_u=144.672 ms gate_u=131.803 ms down_u=120.193 ms
[svd-local-stage-profile] attention_total=486.556 ms ffn_total=889.971 ms ffn_svd_total=578.764 ms ffn_svd_v=182.083 ms ffn_svd_u=396.668 ms
[svd-offload-zero-profile] up_finish=0 up_cache=0 up_no_request=27 gate_finish=0 gate_cache=0 gate_no_request=27 down_finish=0 down_cache=0 down_no_request=27 other_finish=0 other_cache=0 other_no_request=0
[svd-local-timeout-profile] up_keep=0 up_drop=0 up_wait=0.000 ms gate_keep=0 gate_drop=0 gate_wait=0.000 ms down_keep=0 down_drop=0 down_wait=0.000 ms other_keep=0 other_drop=0 other_wait=0.000 ms
[svd-offload-client] up_gate_req=0 down_req=0 other_mat_req=0 ffn_req=0 gate_cache_hits=0 gate_cache_checks=0 miss_invalid=0 miss_layer=0 miss_rank=0 miss_hash=0 miss_output=0 miss_data=0 send_up_gate=0.000 ms send_down=0.000 ms send_other=0.000 ms send_ffn=0.000 ms wait_up_gate=0.000 ms wait_down=0.000 ms wait_other=0.000 ms wait_ffn=0.000 ms
[svd-offload-client-stage-profile] rpc_send_total=0.000 ms rpc_wait_total=0.000 ms
[svd-offload-client-debug] finish_fail_up_gate=0 finish_fail_down=0 finish_fail_other=0 finish_fail_ffn=0 cache_take_fail_up=0 cache_take_fail_gate=0 recv_up_sum_abs=0.000000e+00 recv_up_max_abs=0.000000e+00 recv_up_zero=0 recv_gate_sum_abs=0.000000e+00 recv_gate_max_abs=0.000000e+00 recv_gate_zero=0 recv_down_sum_abs=0.000000e+00 recv_down_max_abs=0.000000e+00 recv_down_zero=0 recv_other_sum_abs=0.000000e+00 recv_other_max_abs=0.000000e+00 recv_other_zero=0 recv_ffn_sum_abs=0.000000e+00 recv_ffn_max_abs=0.000000e+00 recv_ffn_zero=0
SUCCEED (one forward pass done)"
candidate,4c_gradient,3,all_0.4,,4,"60,61,62,63","0,20,60,100",ok,24.0528,41.5751,1.4384011386265914,,,,0.7232162952423096,"llama_context: graph splits = 1
attach_threadpool: call
threads: decode=4 batch=4
prompt tokens: 4
running one forward pass (llama_decode) ...
Top-5 next-token candidates:
  id=3 logit=0 piece=""$""
  id=4 logit=0 piece=""%""
  id=1 logit=0 piece=""""""
  id=0 logit=0 piece=""!""
  id=2 logit=0 piece=""#""
Autoregressive generation:
Generated text: !
Decode-only throughput: 24.0528 tokens/s (1 tokens in 0.0415751 s of llama_decode)
End-to-end throughput: 23.8717 tokens/s (1 tokens in 0.0418905 s)
[decode-stage-profile] model_load=388.153 ms context_create=59.8065 ms tokenize=0.458762 ms prefill_decode=70.6157 ms generation_decode=41.5751 ms generation_total=41.8905 ms program_total=577.877 ms
[svd-local-op-profile] up_ops=56 gate_ops=56 down_ops=56 up_total=27.093 ms gate_total=26.937 ms down_total=19.524 ms up_v=3.842 ms gate_v=3.842 ms down_v=14.839 ms up_u=23.248 ms gate_u=23.091 ms down_u=4.681 ms
[svd-local-stage-profile] attention_total=1.323 ms ffn_total=74.816 ms ffn_svd_total=73.554 ms ffn_svd_v=22.523 ms ffn_svd_u=51.020 ms
[svd-offload-zero-profile] up_finish=0 up_cache=0 up_no_request=27 gate_finish=0 gate_cache=0 gate_no_request=27 down_finish=0 down_cache=0 down_no_request=27 other_finish=0 other_cache=0 other_no_request=0
[svd-local-timeout-profile] up_keep=0 up_drop=0 up_wait=0.000 ms gate_keep=0 gate_drop=0 gate_wait=0.000 ms down_keep=0 down_drop=0 down_wait=0.000 ms other_keep=0 other_drop=0 other_wait=0.000 ms
[svd-offload-client] up_gate_req=0 down_req=0 other_mat_req=0 ffn_req=0 gate_cache_hits=0 gate_cache_checks=0 miss_invalid=0 miss_layer=0 miss_rank=0 miss_hash=0 miss_output=0 miss_data=0 send_up_gate=0.000 ms send_down=0.000 ms send_other=0.000 ms send_ffn=0.000 ms wait_up_gate=0.000 ms wait_down=0.000 ms wait_other=0.000 ms wait_ffn=0.000 ms
[svd-offload-client-stage-profile] rpc_send_total=0.000 ms rpc_wait_total=0.000 ms
[svd-offload-client-debug] finish_fail_up_gate=0 finish_fail_down=0 finish_fail_other=0 finish_fail_ffn=0 cache_take_fail_up=0 cache_take_fail_gate=0 recv_up_sum_abs=0.000000e+00 recv_up_max_abs=0.000000e+00 recv_up_zero=0 recv_gate_sum_abs=0.000000e+00 recv_gate_max_abs=0.000000e+00 recv_gate_zero=0 recv_down_sum_abs=0.000000e+00 recv_down_max_abs=0.000000e+00 recv_down_zero=0 recv_other_sum_abs=0.000000e+00 recv_other_max_abs=0.000000e+00 recv_other_zero=0 recv_ffn_sum_abs=0.000000e+00 recv_ffn_max_abs=0.000000e+00 recv_ffn_zero=0
SUCCEED (one forward pass done)"
candidate,4c_gradient,3,all_0.45,,4,"60,61,62,63","0,20,60,100",ok,21.2466,47.0663,1.270585280380818,,,,2.8525774478912354,"llama_context: graph splits = 1
attach_threadpool: call
threads: decode=4 batch=4
prompt tokens: 4
running one forward pass (llama_decode) ...
Top-5 next-token candidates:
  id=3 logit=0 piece=""$""
  id=4 logit=0 piece=""%""
  id=1 logit=0 piece=""""""
  id=0 logit=0 piece=""!""
  id=2 logit=0 piece=""#""
Autoregressive generation:
Generated text: !
Decode-only throughput: 21.2466 tokens/s (1 tokens in 0.0470663 s of llama_decode)
End-to-end throughput: 21.1042 tokens/s (1 tokens in 0.0473839 s)
[decode-stage-profile] model_load=388.066 ms context_create=58.0463 ms tokenize=0.456916 ms prefill_decode=2155.88 ms generation_decode=47.0663 ms generation_total=47.3839 ms program_total=2667.4 ms
[svd-local-op-profile] up_ops=56 gate_ops=56 down_ops=56 up_total=133.357 ms gate_total=132.205 ms down_total=124.467 ms up_v=38.989 ms gate_v=35.715 ms down_v=52.448 ms up_u=94.367 ms gate_u=96.482 ms down_u=72.013 ms
[svd-local-stage-profile] attention_total=330.437 ms ffn_total=579.534 ms ffn_svd_total=390.029 ms ffn_svd_v=127.152 ms ffn_svd_u=262.862 ms
[svd-offload-zero-profile] up_finish=0 up_cache=0 up_no_request=27 gate_finish=0 gate_cache=0 gate_no_request=27 down_finish=0 down_cache=0 down_no_request=27 other_finish=0 other_cache=0 other_no_request=0
[svd-local-timeout-profile] up_keep=0 up_drop=0 up_wait=0.000 ms gate_keep=0 gate_drop=0 gate_wait=0.000 ms down_keep=0 down_drop=0 down_wait=0.000 ms other_keep=0 other_drop=0 other_wait=0.000 ms
[svd-offload-client] up_gate_req=0 down_req=0 other_mat_req=0 ffn_req=0 gate_cache_hits=0 gate_cache_checks=0 miss_invalid=0 miss_layer=0 miss_rank=0 miss_hash=0 miss_output=0 miss_data=0 send_up_gate=0.000 ms send_down=0.000 ms send_other=0.000 ms send_ffn=0.000 ms wait_up_gate=0.000 ms wait_down=0.000 ms wait_other=0.000 ms wait_ffn=0.000 ms
[svd-offload-client-stage-profile] rpc_send_total=0.000 ms rpc_wait_total=0.000 ms
[svd-offload-client-debug] finish_fail_up_gate=0 finish_fail_down=0 finish_fail_other=0 finish_fail_ffn=0 cache_take_fail_up=0 cache_take_fail_gate=0 recv_up_sum_abs=0.000000e+00 recv_up_max_abs=0.000000e+00 recv_up_zero=0 recv_gate_sum_abs=0.000000e+00 recv_gate_max_abs=0.000000e+00 recv_gate_zero=0 recv_down_sum_abs=0.000000e+00 recv_down_max_abs=0.000000e+00 recv_down_zero=0 recv_other_sum_abs=0.000000e+00 recv_other_max_abs=0.000000e+00 recv_other_zero=0 recv_ffn_sum_abs=0.000000e+00 recv_ffn_max_abs=0.000000e+00 recv_ffn_zero=0
SUCCEED (one forward pass done)"
candidate,4c_gradient,3,all_0.5,,4,"60,61,62,63","0,20,60,100",ok,19.8651,50.3394,1.1879690705003618,,,,8.911921739578247,"llama_context: graph splits = 1
attach_threadpool: call
threads: decode=4 batch=4
prompt tokens: 4
running one forward pass (llama_decode) ...
Top-5 next-token candidates:
  id=11 logit=15.272 piece="",""
  id=12 logit=14.9123 piece=""-""
  id=51730 logit=14.8613 piece="" Ri""
  id=6216 logit=14.8165 piece="" ir""
  id=472 logit=14.5534 piece="" H""
Autoregressive generation:
Generated text: ,
Decode-only throughput: 19.8651 tokens/s (1 tokens in 0.0503394 s of llama_decode)
End-to-end throughput: 19.7362 tokens/s (1 tokens in 0.0506683 s)
[decode-stage-profile] model_load=397.898 ms context_create=59.2739 ms tokenize=0.472483 ms prefill_decode=8211.06 ms generation_decode=50.3394 ms generation_total=50.6683 ms program_total=8736.85 ms
[svd-local-op-profile] up_ops=56 gate_ops=56 down_ops=56 up_total=457.866 ms gate_total=452.432 ms down_total=446.287 ms up_v=140.427 ms gate_v=145.576 ms down_v=153.172 ms up_u=317.436 ms gate_u=306.851 ms down_u=293.110 ms
[svd-local-stage-profile] attention_total=1150.141 ms ffn_total=2040.056 ms ffn_svd_total=1356.585 ms ffn_svd_v=439.175 ms ffn_svd_u=917.397 ms
[svd-offload-zero-profile] up_finish=0 up_cache=0 up_no_request=27 gate_finish=0 gate_cache=0 gate_no_request=27 down_finish=0 down_cache=0 down_no_request=27 other_finish=0 other_cache=0 other_no_request=0
[svd-local-timeout-profile] up_keep=0 up_drop=0 up_wait=0.000 ms gate_keep=0 gate_drop=0 gate_wait=0.000 ms down_keep=0 down_drop=0 down_wait=0.000 ms other_keep=0 other_drop=0 other_wait=0.000 ms
[svd-offload-client] up_gate_req=0 down_req=0 other_mat_req=0 ffn_req=0 gate_cache_hits=0 gate_cache_checks=0 miss_invalid=0 miss_layer=0 miss_rank=0 miss_hash=0 miss_output=0 miss_data=0 send_up_gate=0.000 ms send_down=0.000 ms send_other=0.000 ms send_ffn=0.000 ms wait_up_gate=0.000 ms wait_down=0.000 ms wait_other=0.000 ms wait_ffn=0.000 ms
[svd-offload-client-stage-profile] rpc_send_total=0.000 ms rpc_wait_total=0.000 ms
[svd-offload-client-debug] finish_fail_up_gate=0 finish_fail_down=0 finish_fail_other=0 finish_fail_ffn=0 cache_take_fail_up=0 cache_take_fail_gate=0 recv_up_sum_abs=0.000000e+00 recv_up_max_abs=0.000000e+00 recv_up_zero=0 recv_gate_sum_abs=0.000000e+00 recv_gate_max_abs=0.000000e+00 recv_gate_zero=0 recv_down_sum_abs=0.000000e+00 recv_down_max_abs=0.000000e+00 recv_down_zero=0 recv_other_sum_abs=0.000000e+00 recv_other_max_abs=0.000000e+00 recv_other_zero=0 recv_ffn_sum_abs=0.000000e+00 recv_ffn_max_abs=0.000000e+00 recv_ffn_zero=0
SUCCEED (one forward pass done)"
candidate,4c_gradient,3,trunc_even_0.8,,4,"60,61,62,63","0,20,60,100",ok,21.8997,45.6627,1.3096418469193092,,,,3.856348991394043,"llama_context: graph splits = 1
attach_threadpool: call
threads: decode=4 batch=4
prompt tokens: 4
running one forward pass (llama_decode) ...
Top-5 next-token candidates:
  id=3 logit=0 piece=""$""
  id=4 logit=0 piece=""%""
  id=1 logit=0 piece=""""""
  id=0 logit=0 piece=""!""
  id=2 logit=0 piece=""#""
Autoregressive generation:
Generated text: !
Decode-only throughput: 21.8997 tokens/s (1 tokens in 0.0456627 s of llama_decode)
End-to-end throughput: 21.7418 tokens/s (1 tokens in 0.0459944 s)
[decode-stage-profile] model_load=395.038 ms context_create=60.2172 ms tokenize=0.465594 ms prefill_decode=3165.37 ms generation_decode=45.6627 ms generation_total=45.9944 ms program_total=3684.64 ms
[svd-local-op-profile] up_ops=56 gate_ops=56 down_ops=56 up_total=175.177 ms gate_total=182.901 ms down_total=164.939 ms up_v=53.290 ms gate_v=56.102 ms down_v=62.933 ms up_u=121.879 ms gate_u=126.794 ms down_u=102.003 ms
[svd-local-stage-profile] attention_total=467.617 ms ffn_total=751.843 ms ffn_svd_total=523.017 ms ffn_svd_v=172.325 ms ffn_svd_u=350.676 ms
[svd-offload-zero-profile] up_finish=0 up_cache=0 up_no_request=27 gate_finish=0 gate_cache=0 gate_no_request=27 down_finish=0 down_cache=0 down_no_request=27 other_finish=0 other_cache=0 other_no_request=0
[svd-local-timeout-profile] up_keep=0 up_drop=0 up_wait=0.000 ms gate_keep=0 gate_drop=0 gate_wait=0.000 ms down_keep=0 down_drop=0 down_wait=0.000 ms other_keep=0 other_drop=0 other_wait=0.000 ms
[svd-offload-client] up_gate_req=0 down_req=0 other_mat_req=0 ffn_req=0 gate_cache_hits=0 gate_cache_checks=0 miss_invalid=0 miss_layer=0 miss_rank=0 miss_hash=0 miss_output=0 miss_data=0 send_up_gate=0.000 ms send_down=0.000 ms send_other=0.000 ms send_ffn=0.000 ms wait_up_gate=0.000 ms wait_down=0.000 ms wait_other=0.000 ms wait_ffn=0.000 ms
[svd-offload-client-stage-profile] rpc_send_total=0.000 ms rpc_wait_total=0.000 ms
[svd-offload-client-debug] finish_fail_up_gate=0 finish_fail_down=0 finish_fail_other=0 finish_fail_ffn=0 cache_take_fail_up=0 cache_take_fail_gate=0 recv_up_sum_abs=0.000000e+00 recv_up_max_abs=0.000000e+00 recv_up_zero=0 recv_gate_sum_abs=0.000000e+00 recv_gate_max_abs=0.000000e+00 recv_gate_zero=0 recv_down_sum_abs=0.000000e+00 recv_down_max_abs=0.000000e+00 recv_down_zero=0 recv_other_sum_abs=0.000000e+00 recv_other_max_abs=0.000000e+00 recv_other_zero=0 recv_ffn_sum_abs=0.000000e+00 recv_ffn_max_abs=0.000000e+00 recv_ffn_zero=0
SUCCEED (one forward pass done)"
candidate,4c_gradient,3,trunc_even_0.85,,4,"60,61,62,63","0,20,60,100",ok,16.8536,59.3343,1.0078758992698198,,,,11.468038320541382,"llama_context: graph splits = 1
attach_threadpool: call
threads: decode=4 batch=4
prompt tokens: 4
running one forward pass (llama_decode) ...
Top-5 next-token candidates:
  id=3 logit=0 piece=""$""
  id=4 logit=0 piece=""%""
  id=1 logit=0 piece=""""""
  id=0 logit=0 piece=""!""
  id=2 logit=0 piece=""#""
Autoregressive generation:
Generated text: !
Decode-only throughput: 16.8536 tokens/s (1 tokens in 0.0593343 s of llama_decode)
End-to-end throughput: 16.7622 tokens/s (1 tokens in 0.0596579 s)
[decode-stage-profile] model_load=381.736 ms context_create=59.3723 ms tokenize=0.449866 ms prefill_decode=10783.8 ms generation_decode=59.3343 ms generation_total=59.6579 ms program_total=11302.5 ms
[svd-local-op-profile] up_ops=56 gate_ops=56 down_ops=56 up_total=597.985 ms gate_total=603.058 ms down_total=585.314 ms up_v=194.948 ms gate_v=196.432 ms down_v=206.679 ms up_u=403.024 ms gate_u=406.618 ms down_u=378.630 ms
[svd-local-stage-profile] attention_total=1579.706 ms ffn_total=2679.668 ms ffn_svd_total=1786.357 ms ffn_svd_v=598.059 ms ffn_svd_u=1188.272 ms
[svd-offload-zero-profile] up_finish=0 up_cache=0 up_no_request=27 gate_finish=0 gate_cache=0 gate_no_request=27 down_finish=0 down_cache=0 down_no_request=27 other_finish=0 other_cache=0 other_no_request=0
[svd-local-timeout-profile] up_keep=0 up_drop=0 up_wait=0.000 ms gate_keep=0 gate_drop=0 gate_wait=0.000 ms down_keep=0 down_drop=0 down_wait=0.000 ms other_keep=0 other_drop=0 other_wait=0.000 ms
[svd-offload-client] up_gate_req=0 down_req=0 other_mat_req=0 ffn_req=0 gate_cache_hits=0 gate_cache_checks=0 miss_invalid=0 miss_layer=0 miss_rank=0 miss_hash=0 miss_output=0 miss_data=0 send_up_gate=0.000 ms send_down=0.000 ms send_other=0.000 ms send_ffn=0.000 ms wait_up_gate=0.000 ms wait_down=0.000 ms wait_other=0.000 ms wait_ffn=0.000 ms
[svd-offload-client-stage-profile] rpc_send_total=0.000 ms rpc_wait_total=0.000 ms
[svd-offload-client-debug] finish_fail_up_gate=0 finish_fail_down=0 finish_fail_other=0 finish_fail_ffn=0 cache_take_fail_up=0 cache_take_fail_gate=0 recv_up_sum_abs=0.000000e+00 recv_up_max_abs=0.000000e+00 recv_up_zero=0 recv_gate_sum_abs=0.000000e+00 recv_gate_max_abs=0.000000e+00 recv_gate_zero=0 recv_down_sum_abs=0.000000e+00 recv_down_max_abs=0.000000e+00 recv_down_zero=0 recv_other_sum_abs=0.000000e+00 recv_other_max_abs=0.000000e+00 recv_other_zero=0 recv_ffn_sum_abs=0.000000e+00 recv_ffn_max_abs=0.000000e+00 recv_ffn_zero=0
SUCCEED (one forward pass done)"
selected,4c_gradient,3,all_0.1,all_0.1,4,"60,61,62,63","0,20,60,100",ok,,,,16.7219,18.6302,1.1141198069597353,,
candidate,4c_gradient,4,baseline_no_svd,,4,"60,61,62,63","0,20,60,100",ok,15.2839,65.4282,1.0,,,,6.453702211380005,"llama_context: graph splits = 1
attach_threadpool: call
threads: decode=4 batch=4
prompt tokens: 4
running one forward pass (llama_decode) ...
Top-5 next-token candidates:
  id=11 logit=20.2053 piece="",""
  id=304 logit=18.9277 piece="" in""
  id=3837 logit=18.7558 piece=""，""
  id=1052 logit=18.5616 piece="" there""
  id=358 logit=17.8374 piece="" I""
Autoregressive generation:
Generated text: ,
Decode-only throughput: 15.2839 tokens/s (1 tokens in 0.0654282 s of llama_decode)
End-to-end throughput: 15.207 tokens/s (1 tokens in 0.0657591 s)
[decode-stage-profile] model_load=494.773 ms context_create=59.5793 ms tokenize=0.459245 ms prefill_decode=5614.46 ms generation_decode=65.4282 ms generation_total=65.7591 ms program_total=6253.19 ms
[svd-local-op-profile] up_ops=56 gate_ops=56 down_ops=56 up_total=316.394 ms gate_total=324.610 ms down_total=311.995 ms up_v=97.394 ms gate_v=104.112 ms down_v=126.433 ms up_u=218.995 ms gate_u=220.495 ms down_u=185.559 ms
[svd-local-stage-profile] attention_total=700.814 ms ffn_total=1473.876 ms ffn_svd_total=952.999 ms ffn_svd_v=327.939 ms ffn_svd_u=625.049 ms
[svd-offload-zero-profile] up_finish=0 up_cache=0 up_no_request=27 gate_finish=0 gate_cache=0 gate_no_request=27 down_finish=0 down_cache=0 down_no_request=27 other_finish=0 other_cache=0 other_no_request=0
[svd-local-timeout-profile] up_keep=0 up_drop=0 up_wait=0.000 ms gate_keep=0 gate_drop=0 gate_wait=0.000 ms down_keep=0 down_drop=0 down_wait=0.000 ms other_keep=0 other_drop=0 other_wait=0.000 ms
[svd-offload-client] up_gate_req=0 down_req=0 other_mat_req=0 ffn_req=0 gate_cache_hits=0 gate_cache_checks=0 miss_invalid=0 miss_layer=0 miss_rank=0 miss_hash=0 miss_output=0 miss_data=0 send_up_gate=0.000 ms send_down=0.000 ms send_other=0.000 ms send_ffn=0.000 ms wait_up_gate=0.000 ms wait_down=0.000 ms wait_other=0.000 ms wait_ffn=0.000 ms
[svd-offload-client-stage-profile] rpc_send_total=0.000 ms rpc_wait_total=0.000 ms
[svd-offload-client-debug] finish_fail_up_gate=0 finish_fail_down=0 finish_fail_other=0 finish_fail_ffn=0 cache_take_fail_up=0 cache_take_fail_gate=0 recv_up_sum_abs=0.000000e+00 recv_up_max_abs=0.000000e+00 recv_up_zero=0 recv_gate_sum_abs=0.000000e+00 recv_gate_max_abs=0.000000e+00 recv_gate_zero=0 recv_down_sum_abs=0.000000e+00 recv_down_max_abs=0.000000e+00 recv_down_zero=0 recv_other_sum_abs=0.000000e+00 recv_other_max_abs=0.000000e+00 recv_other_zero=0 recv_ffn_sum_abs=0.000000e+00 recv_ffn_max_abs=0.000000e+00 recv_ffn_zero=0
SUCCEED (one forward pass done)"
candidate,4c_gradient,4,all_0.1,,4,"60,61,62,63","0,20,60,100",ok,18.3717,54.4315,1.2020295866892614,,,,3.830699920654297,"llama_context: graph splits = 1
attach_threadpool: call
threads: decode=4 batch=4
prompt tokens: 4
running one forward pass (llama_decode) ...
Top-5 next-token candidates:
  id=3 logit=0 piece=""$""
  id=4 logit=0 piece=""%""
  id=1 logit=0 piece=""""""
  id=0 logit=0 piece=""!""
  id=2 logit=0 piece=""#""
Autoregressive generation:
Generated text: !
Decode-only throughput: 18.3717 tokens/s (1 tokens in 0.0544315 s of llama_decode)
End-to-end throughput: 18.2584 tokens/s (1 tokens in 0.0547693 s)
[decode-stage-profile] model_load=484.619 ms context_create=70.8545 ms tokenize=0.720942 ms prefill_decode=2990.87 ms generation_decode=54.4315 ms generation_total=54.7693 ms program_total=3621.04 ms
[svd-local-op-profile] up_ops=56 gate_ops=56 down_ops=56 up_total=196.092 ms gate_total=192.767 ms down_total=184.124 ms up_v=60.239 ms gate_v=59.068 ms down_v=75.741 ms up_u=135.847 ms gate_u=133.686 ms down_u=108.374 ms
[svd-local-stage-profile] attention_total=447.597 ms ffn_total=779.314 ms ffn_svd_total=572.983 ms ffn_svd_v=195.048 ms ffn_svd_u=377.907 ms
[svd-offload-zero-profile] up_finish=0 up_cache=0 up_no_request=27 gate_finish=0 gate_cache=0 gate_no_request=27 down_finish=0 down_cache=0 down_no_request=27 other_finish=0 other_cache=0 other_no_request=0
[svd-local-timeout-profile] up_keep=0 up_drop=0 up_wait=0.000 ms gate_keep=0 gate_drop=0 gate_wait=0.000 ms down_keep=0 down_drop=0 down_wait=0.000 ms other_keep=0 other_drop=0 other_wait=0.000 ms
[svd-offload-client] up_gate_req=0 down_req=0 other_mat_req=0 ffn_req=0 gate_cache_hits=0 gate_cache_checks=0 miss_invalid=0 miss_layer=0 miss_rank=0 miss_hash=0 miss_output=0 miss_data=0 send_up_gate=0.000 ms send_down=0.000 ms send_other=0.000 ms send_ffn=0.000 ms wait_up_gate=0.000 ms wait_down=0.000 ms wait_other=0.000 ms wait_ffn=0.000 ms
[svd-offload-client-stage-profile] rpc_send_total=0.000 ms rpc_wait_total=0.000 ms
[svd-offload-client-debug] finish_fail_up_gate=0 finish_fail_down=0 finish_fail_other=0 finish_fail_ffn=0 cache_take_fail_up=0 cache_take_fail_gate=0 recv_up_sum_abs=0.000000e+00 recv_up_max_abs=0.000000e+00 recv_up_zero=0 recv_gate_sum_abs=0.000000e+00 recv_gate_max_abs=0.000000e+00 recv_gate_zero=0 recv_down_sum_abs=0.000000e+00 recv_down_max_abs=0.000000e+00 recv_down_zero=0 recv_other_sum_abs=0.000000e+00 recv_other_max_abs=0.000000e+00 recv_other_zero=0 recv_ffn_sum_abs=0.000000e+00 recv_ffn_max_abs=0.000000e+00 recv_ffn_zero=0
SUCCEED (one forward pass done)"
candidate,4c_gradient,4,all_0.2,,4,"60,61,62,63","0,20,60,100",ok,19.0643,52.4539,1.247345245650652,,,,9.139298439025879,"llama_context: graph splits = 1
attach_threadpool: call
threads: decode=4 batch=4
prompt tokens: 4
running one forward pass (llama_decode) ...
Top-5 next-token candidates:
  id=3 logit=0 piece=""$""
  id=4 logit=0 piece=""%""
  id=1 logit=0 piece=""""""
  id=0 logit=0 piece=""!""
  id=2 logit=0 piece=""#""
Autoregressive generation:
Generated text: !
Decode-only throughput: 19.0643 tokens/s (1 tokens in 0.0524539 s of llama_decode)
End-to-end throughput: 18.946 tokens/s (1 tokens in 0.0527815 s)
[decode-stage-profile] model_load=454.877 ms context_create=70.6797 ms tokenize=0.928236 ms prefill_decode=8375.88 ms generation_decode=52.4539 ms generation_total=52.7815 ms program_total=8972.74 ms
[svd-local-op-profile] up_ops=56 gate_ops=56 down_ops=56 up_total=468.795 ms gate_total=458.857 ms down_total=452.563 ms up_v=156.004 ms gate_v=145.166 ms down_v=163.393 ms up_u=312.786 ms gate_u=313.686 ms down_u=289.167 ms
[svd-local-stage-profile] attention_total=1207.634 ms ffn_total=2065.359 ms ffn_svd_total=1380.215 ms ffn_svd_v=464.563 ms ffn_svd_u=915.639 ms
[svd-offload-zero-profile] up_finish=0 up_cache=0 up_no_request=27 gate_finish=0 gate_cache=0 gate_no_request=27 down_finish=0 down_cache=0 down_no_request=27 other_finish=0 other_cache=0 other_no_request=0
[svd-local-timeout-profile] up_keep=0 up_drop=0 up_wait=0.000 ms gate_keep=0 gate_drop=0 gate_wait=0.000 ms down_keep=0 down_drop=0 down_wait=0.000 ms other_keep=0 other_drop=0 other_wait=0.000 ms
[svd-offload-client] up_gate_req=0 down_req=0 other_mat_req=0 ffn_req=0 gate_cache_hits=0 gate_cache_checks=0 miss_invalid=0 miss_layer=0 miss_rank=0 miss_hash=0 miss_output=0 miss_data=0 send_up_gate=0.000 ms send_down=0.000 ms send_other=0.000 ms send_ffn=0.000 ms wait_up_gate=0.000 ms wait_down=0.000 ms wait_other=0.000 ms wait_ffn=0.000 ms
[svd-offload-client-stage-profile] rpc_send_total=0.000 ms rpc_wait_total=0.000 ms
[svd-offload-client-debug] finish_fail_up_gate=0 finish_fail_down=0 finish_fail_other=0 finish_fail_ffn=0 cache_take_fail_up=0 cache_take_fail_gate=0 recv_up_sum_abs=0.000000e+00 recv_up_max_abs=0.000000e+00 recv_up_zero=0 recv_gate_sum_abs=0.000000e+00 recv_gate_max_abs=0.000000e+00 recv_gate_zero=0 recv_down_sum_abs=0.000000e+00 recv_down_max_abs=0.000000e+00 recv_down_zero=0 recv_other_sum_abs=0.000000e+00 recv_other_max_abs=0.000000e+00 recv_other_zero=0 recv_ffn_sum_abs=0.000000e+00 recv_ffn_max_abs=0.000000e+00 recv_ffn_zero=0
SUCCEED (one forward pass done)"
candidate,4c_gradient,4,all_0.3,,4,"60,61,62,63","0,20,60,100",ok,20.8134,48.0459,1.3617859316012275,,,,3.9258995056152344,"llama_context: graph splits = 1
attach_threadpool: call
threads: decode=4 batch=4
prompt tokens: 4
running one forward pass (llama_decode) ...
Top-5 next-token candidates:
  id=3 logit=0 piece=""$""
  id=4 logit=0 piece=""%""
  id=1 logit=0 piece=""""""
  id=0 logit=0 piece=""!""
  id=2 logit=0 piece=""#""
Autoregressive generation:
Generated text: !
Decode-only throughput: 20.8134 tokens/s (1 tokens in 0.0480459 s of llama_decode)
End-to-end throughput: 20.6744 tokens/s (1 tokens in 0.048369 s)
[decode-stage-profile] model_load=390.524 ms context_create=59.5984 ms tokenize=0.461004 ms prefill_decode=3237.14 ms generation_decode=48.0459 ms generation_total=48.369 ms program_total=3753.62 ms
[svd-local-op-profile] up_ops=56 gate_ops=56 down_ops=56 up_total=200.686 ms gate_total=197.952 ms down_total=164.903 ms up_v=61.601 ms gate_v=60.943 ms down_v=60.971 ms up_u=139.079 ms gate_u=137.002 ms down_u=103.926 ms
[svd-local-stage-profile] attention_total=440.890 ms ffn_total=829.445 ms ffn_svd_total=563.541 ms ffn_svd_v=183.515 ms ffn_svd_u=380.007 ms
[svd-offload-zero-profile] up_finish=0 up_cache=0 up_no_request=27 gate_finish=0 gate_cache=0 gate_no_request=27 down_finish=0 down_cache=0 down_no_request=27 other_finish=0 other_cache=0 other_no_request=0
[svd-local-timeout-profile] up_keep=0 up_drop=0 up_wait=0.000 ms gate_keep=0 gate_drop=0 gate_wait=0.000 ms down_keep=0 down_drop=0 down_wait=0.000 ms other_keep=0 other_drop=0 other_wait=0.000 ms
[svd-offload-client] up_gate_req=0 down_req=0 other_mat_req=0 ffn_req=0 gate_cache_hits=0 gate_cache_checks=0 miss_invalid=0 miss_layer=0 miss_rank=0 miss_hash=0 miss_output=0 miss_data=0 send_up_gate=0.000 ms send_down=0.000 ms send_other=0.000 ms send_ffn=0.000 ms wait_up_gate=0.000 ms wait_down=0.000 ms wait_other=0.000 ms wait_ffn=0.000 ms
[svd-offload-client-stage-profile] rpc_send_total=0.000 ms rpc_wait_total=0.000 ms
[svd-offload-client-debug] finish_fail_up_gate=0 finish_fail_down=0 finish_fail_other=0 finish_fail_ffn=0 cache_take_fail_up=0 cache_take_fail_gate=0 recv_up_sum_abs=0.000000e+00 recv_up_max_abs=0.000000e+00 recv_up_zero=0 recv_gate_sum_abs=0.000000e+00 recv_gate_max_abs=0.000000e+00 recv_gate_zero=0 recv_down_sum_abs=0.000000e+00 recv_down_max_abs=0.000000e+00 recv_down_zero=0 recv_other_sum_abs=0.000000e+00 recv_other_max_abs=0.000000e+00 recv_other_zero=0 recv_ffn_sum_abs=0.000000e+00 recv_ffn_max_abs=0.000000e+00 recv_ffn_zero=0
SUCCEED (one forward pass done)"
candidate,4c_gradient,4,all_0.35,,4,"60,61,62,63","0,20,60,100",ok,22.124,45.1997,1.4475362963641478,,,,3.521277904510498,"llama_context: graph splits = 1
attach_threadpool: call
threads: decode=4 batch=4
prompt tokens: 4
running one forward pass (llama_decode) ...
Top-5 next-token candidates:
  id=3 logit=0 piece=""$""
  id=4 logit=0 piece=""%""
  id=1 logit=0 piece=""""""
  id=0 logit=0 piece=""!""
  id=2 logit=0 piece=""#""
Autoregressive generation:
Generated text: !
Decode-only throughput: 22.124 tokens/s (1 tokens in 0.0451997 s of llama_decode)
End-to-end throughput: 21.9722 tokens/s (1 tokens in 0.045512 s)
[decode-stage-profile] model_load=385.804 ms context_create=59.5031 ms tokenize=0.454331 ms prefill_decode=2845.78 ms generation_decode=45.1997 ms generation_total=45.512 ms program_total=3354.57 ms
[svd-local-op-profile] up_ops=56 gate_ops=56 down_ops=56 up_total=180.609 ms gate_total=178.415 ms down_total=147.649 ms up_v=60.755 ms gate_v=56.168 ms down_v=61.754 ms up_u=119.851 ms gate_u=122.241 ms down_u=85.891 ms
[svd-local-stage-profile] attention_total=352.793 ms ffn_total=756.382 ms ffn_svd_total=506.673 ms ffn_svd_v=178.677 ms ffn_svd_u=327.983 ms
[svd-offload-zero-profile] up_finish=0 up_cache=0 up_no_request=27 gate_finish=0 gate_cache=0 gate_no_request=27 down_finish=0 down_cache=0 down_no_request=27 other_finish=0 other_cache=0 other_no_request=0
[svd-local-timeout-profile] up_keep=0 up_drop=0 up_wait=0.000 ms gate_keep=0 gate_drop=0 gate_wait=0.000 ms down_keep=0 down_drop=0 down_wait=0.000 ms other_keep=0 other_drop=0 other_wait=0.000 ms
[svd-offload-client] up_gate_req=0 down_req=0 other_mat_req=0 ffn_req=0 gate_cache_hits=0 gate_cache_checks=0 miss_invalid=0 miss_layer=0 miss_rank=0 miss_hash=0 miss_output=0 miss_data=0 send_up_gate=0.000 ms send_down=0.000 ms send_other=0.000 ms send_ffn=0.000 ms wait_up_gate=0.000 ms wait_down=0.000 ms wait_other=0.000 ms wait_ffn=0.000 ms
[svd-offload-client-stage-profile] rpc_send_total=0.000 ms rpc_wait_total=0.000 ms
[svd-offload-client-debug] finish_fail_up_gate=0 finish_fail_down=0 finish_fail_other=0 finish_fail_ffn=0 cache_take_fail_up=0 cache_take_fail_gate=0 recv_up_sum_abs=0.000000e+00 recv_up_max_abs=0.000000e+00 recv_up_zero=0 recv_gate_sum_abs=0.000000e+00 recv_gate_max_abs=0.000000e+00 recv_gate_zero=0 recv_down_sum_abs=0.000000e+00 recv_down_max_abs=0.000000e+00 recv_down_zero=0 recv_other_sum_abs=0.000000e+00 recv_other_max_abs=0.000000e+00 recv_other_zero=0 recv_ffn_sum_abs=0.000000e+00 recv_ffn_max_abs=0.000000e+00 recv_ffn_zero=0
SUCCEED (one forward pass done)"
candidate,4c_gradient,4,all_0.4,,4,"60,61,62,63","0,20,60,100",ok,21.3511,46.836,1.39696674278162,,,,6.336820602416992,"llama_context: graph splits = 1
attach_threadpool: call
threads: decode=4 batch=4
prompt tokens: 4
running one forward pass (llama_decode) ...
Top-5 next-token candidates:
  id=3 logit=0 piece=""$""
  id=4 logit=0 piece=""%""
  id=1 logit=0 piece=""""""
  id=0 logit=0 piece=""!""
  id=2 logit=0 piece=""#""
Autoregressive generation:
Generated text: !
Decode-only throughput: 21.3511 tokens/s (1 tokens in 0.046836 s of llama_decode)
End-to-end throughput: 21.2082 tokens/s (1 tokens in 0.0471516 s)
[decode-stage-profile] model_load=385.272 ms context_create=58.8816 ms tokenize=0.448071 ms prefill_decode=5667.65 ms generation_decode=46.836 ms generation_total=47.1516 ms program_total=6176.84 ms
[svd-local-op-profile] up_ops=56 gate_ops=56 down_ops=56 up_total=317.032 ms gate_total=329.941 ms down_total=320.793 ms up_v=98.643 ms gate_v=98.224 ms down_v=119.325 ms up_u=218.380 ms gate_u=231.712 ms down_u=201.464 ms
[svd-local-stage-profile] attention_total=739.567 ms ffn_total=1507.519 ms ffn_svd_total=967.766 ms ffn_svd_v=316.192 ms ffn_svd_u=651.556 ms
[svd-offload-zero-profile] up_finish=0 up_cache=0 up_no_request=27 gate_finish=0 gate_cache=0 gate_no_request=27 down_finish=0 down_cache=0 down_no_request=27 other_finish=0 other_cache=0 other_no_request=0
[svd-local-timeout-profile] up_keep=0 up_drop=0 up_wait=0.000 ms gate_keep=0 gate_drop=0 gate_wait=0.000 ms down_keep=0 down_drop=0 down_wait=0.000 ms other_keep=0 other_drop=0 other_wait=0.000 ms
[svd-offload-client] up_gate_req=0 down_req=0 other_mat_req=0 ffn_req=0 gate_cache_hits=0 gate_cache_checks=0 miss_invalid=0 miss_layer=0 miss_rank=0 miss_hash=0 miss_output=0 miss_data=0 send_up_gate=0.000 ms send_down=0.000 ms send_other=0.000 ms send_ffn=0.000 ms wait_up_gate=0.000 ms wait_down=0.000 ms wait_other=0.000 ms wait_ffn=0.000 ms
[svd-offload-client-stage-profile] rpc_send_total=0.000 ms rpc_wait_total=0.000 ms
[svd-offload-client-debug] finish_fail_up_gate=0 finish_fail_down=0 finish_fail_other=0 finish_fail_ffn=0 cache_take_fail_up=0 cache_take_fail_gate=0 recv_up_sum_abs=0.000000e+00 recv_up_max_abs=0.000000e+00 recv_up_zero=0 recv_gate_sum_abs=0.000000e+00 recv_gate_max_abs=0.000000e+00 recv_gate_zero=0 recv_down_sum_abs=0.000000e+00 recv_down_max_abs=0.000000e+00 recv_down_zero=0 recv_other_sum_abs=0.000000e+00 recv_other_max_abs=0.000000e+00 recv_other_zero=0 recv_ffn_sum_abs=0.000000e+00 recv_ffn_max_abs=0.000000e+00 recv_ffn_zero=0
SUCCEED (one forward pass done)"
candidate,4c_gradient,4,all_0.45,,4,"60,61,62,63","0,20,60,100",ok,22.1453,45.1564,1.4489299197194434,,,,3.8490591049194336,"llama_context: graph splits = 1
attach_threadpool: call
threads: decode=4 batch=4
prompt tokens: 4
running one forward pass (llama_decode) ...
Top-5 next-token candidates:
  id=3 logit=0 piece=""$""
  id=4 logit=0 piece=""%""
  id=1 logit=0 piece=""""""
  id=0 logit=0 piece=""!""
  id=2 logit=0 piece=""#""
Autoregressive generation:
Generated text: !
Decode-only throughput: 22.1453 tokens/s (1 tokens in 0.0451564 s of llama_decode)
End-to-end throughput: 21.994 tokens/s (1 tokens in 0.045467 s)
[decode-stage-profile] model_load=380.532 ms context_create=58.0587 ms tokenize=0.444117 ms prefill_decode=3185.99 ms generation_decode=45.1564 ms generation_total=45.467 ms program_total=3687.57 ms
[svd-local-op-profile] up_ops=56 gate_ops=56 down_ops=56 up_total=177.144 ms gate_total=181.144 ms down_total=171.940 ms up_v=55.418 ms gate_v=57.644 ms down_v=64.354 ms up_u=121.721 ms gate_u=123.490 ms down_u=107.578 ms
[svd-local-stage-profile] attention_total=420.706 ms ffn_total=790.966 ms ffn_svd_total=530.228 ms ffn_svd_v=177.416 ms ffn_svd_u=352.789 ms
[svd-offload-zero-profile] up_finish=0 up_cache=0 up_no_request=27 gate_finish=0 gate_cache=0 gate_no_request=27 down_finish=0 down_cache=0 down_no_request=27 other_finish=0 other_cache=0 other_no_request=0
[svd-local-timeout-profile] up_keep=0 up_drop=0 up_wait=0.000 ms gate_keep=0 gate_drop=0 gate_wait=0.000 ms down_keep=0 down_drop=0 down_wait=0.000 ms other_keep=0 other_drop=0 other_wait=0.000 ms
[svd-offload-client] up_gate_req=0 down_req=0 other_mat_req=0 ffn_req=0 gate_cache_hits=0 gate_cache_checks=0 miss_invalid=0 miss_layer=0 miss_rank=0 miss_hash=0 miss_output=0 miss_data=0 send_up_gate=0.000 ms send_down=0.000 ms send_other=0.000 ms send_ffn=0.000 ms wait_up_gate=0.000 ms wait_down=0.000 ms wait_other=0.000 ms wait_ffn=0.000 ms
[svd-offload-client-stage-profile] rpc_send_total=0.000 ms rpc_wait_total=0.000 ms
[svd-offload-client-debug] finish_fail_up_gate=0 finish_fail_down=0 finish_fail_other=0 finish_fail_ffn=0 cache_take_fail_up=0 cache_take_fail_gate=0 recv_up_sum_abs=0.000000e+00 recv_up_max_abs=0.000000e+00 recv_up_zero=0 recv_gate_sum_abs=0.000000e+00 recv_gate_max_abs=0.000000e+00 recv_gate_zero=0 recv_down_sum_abs=0.000000e+00 recv_down_max_abs=0.000000e+00 recv_down_zero=0 recv_other_sum_abs=0.000000e+00 recv_other_max_abs=0.000000e+00 recv_other_zero=0 recv_ffn_sum_abs=0.000000e+00 recv_ffn_max_abs=0.000000e+00 recv_ffn_zero=0
SUCCEED (one forward pass done)"
candidate,4c_gradient,4,all_0.5,,4,"60,61,62,63","0,20,60,100",ok,19.2855,51.8523,1.261817991481232,,,,6.384689092636108,"llama_context: graph splits = 1
attach_threadpool: call
threads: decode=4 batch=4
prompt tokens: 4
running one forward pass (llama_decode) ...
Top-5 next-token candidates:
  id=11 logit=15.272 piece="",""
  id=12 logit=14.9123 piece=""-""
  id=51730 logit=14.8613 piece="" Ri""
  id=6216 logit=14.8165 piece="" ir""
  id=472 logit=14.5534 piece="" H""
Autoregressive generation:
Generated text: ,
Decode-only throughput: 19.2855 tokens/s (1 tokens in 0.0518523 s of llama_decode)
End-to-end throughput: 19.1511 tokens/s (1 tokens in 0.0522164 s)
[decode-stage-profile] model_load=388.34 ms context_create=58.7387 ms tokenize=0.457726 ms prefill_decode=5698.39 ms generation_decode=51.8523 ms generation_total=52.2164 ms program_total=6215.29 ms
[svd-local-op-profile] up_ops=56 gate_ops=56 down_ops=56 up_total=310.002 ms gate_total=301.886 ms down_total=314.065 ms up_v=94.601 ms gate_v=94.033 ms down_v=115.570 ms up_u=215.397 ms gate_u=207.849 ms down_u=198.489 ms
[svd-local-stage-profile] attention_total=797.978 ms ffn_total=1379.490 ms ffn_svd_total=925.953 ms ffn_svd_v=304.204 ms ffn_svd_u=621.735 ms
[svd-offload-zero-profile] up_finish=0 up_cache=0 up_no_request=27 gate_finish=0 gate_cache=0 gate_no_request=27 down_finish=0 down_cache=0 down_no_request=27 other_finish=0 other_cache=0 other_no_request=0
[svd-local-timeout-profile] up_keep=0 up_drop=0 up_wait=0.000 ms gate_keep=0 gate_drop=0 gate_wait=0.000 ms down_keep=0 down_drop=0 down_wait=0.000 ms other_keep=0 other_drop=0 other_wait=0.000 ms
[svd-offload-client] up_gate_req=0 down_req=0 other_mat_req=0 ffn_req=0 gate_cache_hits=0 gate_cache_checks=0 miss_invalid=0 miss_layer=0 miss_rank=0 miss_hash=0 miss_output=0 miss_data=0 send_up_gate=0.000 ms send_down=0.000 ms send_other=0.000 ms send_ffn=0.000 ms wait_up_gate=0.000 ms wait_down=0.000 ms wait_other=0.000 ms wait_ffn=0.000 ms
[svd-offload-client-stage-profile] rpc_send_total=0.000 ms rpc_wait_total=0.000 ms
[svd-offload-client-debug] finish_fail_up_gate=0 finish_fail_down=0 finish_fail_other=0 finish_fail_ffn=0 cache_take_fail_up=0 cache_take_fail_gate=0 recv_up_sum_abs=0.000000e+00 recv_up_max_abs=0.000000e+00 recv_up_zero=0 recv_gate_sum_abs=0.000000e+00 recv_gate_max_abs=0.000000e+00 recv_gate_zero=0 recv_down_sum_abs=0.000000e+00 recv_down_max_abs=0.000000e+00 recv_down_zero=0 recv_other_sum_abs=0.000000e+00 recv_other_max_abs=0.000000e+00 recv_other_zero=0 recv_ffn_sum_abs=0.000000e+00 recv_ffn_max_abs=0.000000e+00 recv_ffn_zero=0
SUCCEED (one forward pass done)"
candidate,4c_gradient,4,trunc_even_0.8,,4,"60,61,62,63","0,20,60,100",ok,22.1288,45.1899,1.4478503523315385,,,,3.8744077682495117,"llama_context: graph splits = 1
attach_threadpool: call
threads: decode=4 batch=4
prompt tokens: 4
running one forward pass (llama_decode) ...
Top-5 next-token candidates:
  id=3 logit=0 piece=""$""
  id=4 logit=0 piece=""%""
  id=1 logit=0 piece=""""""
  id=0 logit=0 piece=""!""
  id=2 logit=0 piece=""#""
Autoregressive generation:
Generated text: !
Decode-only throughput: 22.1288 tokens/s (1 tokens in 0.0451899 s of llama_decode)
End-to-end throughput: 21.975 tokens/s (1 tokens in 0.0455062 s)
[decode-stage-profile] model_load=385.244 ms context_create=59.249 ms tokenize=0.458913 ms prefill_decode=3204.2 ms generation_decode=45.1899 ms generation_total=45.5062 ms program_total=3712.19 ms
[svd-local-op-profile] up_ops=56 gate_ops=56 down_ops=56 up_total=179.957 ms gate_total=188.293 ms down_total=165.200 ms up_v=56.677 ms gate_v=63.525 ms down_v=65.980 ms up_u=123.273 ms gate_u=124.763 ms down_u=99.216 ms
[svd-local-stage-profile] attention_total=433.099 ms ffn_total=793.898 ms ffn_svd_total=533.450 ms ffn_svd_v=186.182 ms ffn_svd_u=347.252 ms
[svd-offload-zero-profile] up_finish=0 up_cache=0 up_no_request=27 gate_finish=0 gate_cache=0 gate_no_request=27 down_finish=0 down_cache=0 down_no_request=27 other_finish=0 other_cache=0 other_no_request=0
[svd-local-timeout-profile] up_keep=0 up_drop=0 up_wait=0.000 ms gate_keep=0 gate_drop=0 gate_wait=0.000 ms down_keep=0 down_drop=0 down_wait=0.000 ms other_keep=0 other_drop=0 other_wait=0.000 ms
[svd-offload-client] up_gate_req=0 down_req=0 other_mat_req=0 ffn_req=0 gate_cache_hits=0 gate_cache_checks=0 miss_invalid=0 miss_layer=0 miss_rank=0 miss_hash=0 miss_output=0 miss_data=0 send_up_gate=0.000 ms send_down=0.000 ms send_other=0.000 ms send_ffn=0.000 ms wait_up_gate=0.000 ms wait_down=0.000 ms wait_other=0.000 ms wait_ffn=0.000 ms
[svd-offload-client-stage-profile] rpc_send_total=0.000 ms rpc_wait_total=0.000 ms
[svd-offload-client-debug] finish_fail_up_gate=0 finish_fail_down=0 finish_fail_other=0 finish_fail_ffn=0 cache_take_fail_up=0 cache_take_fail_gate=0 recv_up_sum_abs=0.000000e+00 recv_up_max_abs=0.000000e+00 recv_up_zero=0 recv_gate_sum_abs=0.000000e+00 recv_gate_max_abs=0.000000e+00 recv_gate_zero=0 recv_down_sum_abs=0.000000e+00 recv_down_max_abs=0.000000e+00 recv_down_zero=0 recv_other_sum_abs=0.000000e+00 recv_other_max_abs=0.000000e+00 recv_other_zero=0 recv_ffn_sum_abs=0.000000e+00 recv_ffn_max_abs=0.000000e+00 recv_ffn_zero=0
SUCCEED (one forward pass done)"
candidate,4c_gradient,4,trunc_even_0.85,,4,"60,61,62,63","0,20,60,100",ok,21.4047,46.7187,1.4004737010841473,,,,0.7186803817749023,"llama_context: graph splits = 1
attach_threadpool: call
threads: decode=4 batch=4
prompt tokens: 4
running one forward pass (llama_decode) ...
Top-5 next-token candidates:
  id=3 logit=0 piece=""$""
  id=4 logit=0 piece=""%""
  id=1 logit=0 piece=""""""
  id=0 logit=0 piece=""!""
  id=2 logit=0 piece=""#""
Autoregressive generation:
Generated text: !
Decode-only throughput: 21.4047 tokens/s (1 tokens in 0.0467187 s of llama_decode)
End-to-end throughput: 21.2611 tokens/s (1 tokens in 0.0470342 s)
[decode-stage-profile] model_load=384.385 ms context_create=59.733 ms tokenize=0.478926 ms prefill_decode=63.1938 ms generation_decode=46.7187 ms generation_total=47.0342 ms program_total=571.873 ms
[svd-local-op-profile] up_ops=56 gate_ops=56 down_ops=56 up_total=26.441 ms gate_total=29.011 ms down_total=20.358 ms up_v=3.414 ms gate_v=3.354 ms down_v=15.881 ms up_u=23.024 ms gate_u=25.651 ms down_u=4.474 ms
[svd-local-stage-profile] attention_total=1.283 ms ffn_total=76.951 ms ffn_svd_total=75.810 ms ffn_svd_v=22.649 ms ffn_svd_u=53.149 ms
[svd-offload-zero-profile] up_finish=0 up_cache=0 up_no_request=27 gate_finish=0 gate_cache=0 gate_no_request=27 down_finish=0 down_cache=0 down_no_request=27 other_finish=0 other_cache=0 other_no_request=0
[svd-local-timeout-profile] up_keep=0 up_drop=0 up_wait=0.000 ms gate_keep=0 gate_drop=0 gate_wait=0.000 ms down_keep=0 down_drop=0 down_wait=0.000 ms other_keep=0 other_drop=0 other_wait=0.000 ms
[svd-offload-client] up_gate_req=0 down_req=0 other_mat_req=0 ffn_req=0 gate_cache_hits=0 gate_cache_checks=0 miss_invalid=0 miss_layer=0 miss_rank=0 miss_hash=0 miss_output=0 miss_data=0 send_up_gate=0.000 ms send_down=0.000 ms send_other=0.000 ms send_ffn=0.000 ms wait_up_gate=0.000 ms wait_down=0.000 ms wait_other=0.000 ms wait_ffn=0.000 ms
[svd-offload-client-stage-profile] rpc_send_total=0.000 ms rpc_wait_total=0.000 ms
[svd-offload-client-debug] finish_fail_up_gate=0 finish_fail_down=0 finish_fail_other=0 finish_fail_ffn=0 cache_take_fail_up=0 cache_take_fail_gate=0 recv_up_sum_abs=0.000000e+00 recv_up_max_abs=0.000000e+00 recv_up_zero=0 recv_gate_sum_abs=0.000000e+00 recv_gate_max_abs=0.000000e+00 recv_gate_zero=0 recv_down_sum_abs=0.000000e+00 recv_down_max_abs=0.000000e+00 recv_down_zero=0 recv_other_sum_abs=0.000000e+00 recv_other_max_abs=0.000000e+00 recv_other_zero=0 recv_ffn_sum_abs=0.000000e+00 recv_ffn_max_abs=0.000000e+00 recv_ffn_zero=0
SUCCEED (one forward pass done)"
selected,4c_gradient,4,all_0.1,all_0.1,4,"60,61,62,63","0,20,60,100",ok,,,,15.2839,18.3717,1.2020295866892614,,
candidate,8c_high,0,baseline_no_svd,,8,"60,61,62,63,64,65,66,67","30,40,50,60,70,80,90,100",ok,21.6584,46.1715,1.0,,,,8.360605239868164,"llama_context: graph splits = 1
attach_threadpool: call
threads: decode=8 batch=8
prompt tokens: 4
running one forward pass (llama_decode) ...
Top-5 next-token candidates:
  id=11 logit=20.2053 piece="",""
  id=304 logit=18.9277 piece="" in""
  id=3837 logit=18.7558 piece=""，""
  id=1052 logit=18.5616 piece="" there""
  id=358 logit=17.8374 piece="" I""
Autoregressive generation:
Generated text: ,
Decode-only throughput: 21.6584 tokens/s (1 tokens in 0.0461715 s of llama_decode)
End-to-end throughput: 21.4821 tokens/s (1 tokens in 0.0465504 s)
[decode-stage-profile] model_load=387.828 ms context_create=57.1466 ms tokenize=0.486258 ms prefill_decode=7682.42 ms generation_decode=46.1715 ms generation_total=46.5504 ms program_total=8191.62 ms
[svd-local-op-profile] up_ops=56 gate_ops=56 down_ops=56 up_total=407.869 ms gate_total=412.956 ms down_total=415.034 ms up_v=137.314 ms gate_v=135.917 ms down_v=151.533 ms up_u=270.550 ms gate_u=277.035 ms down_u=263.494 ms
[svd-local-stage-profile] attention_total=1046.317 ms ffn_total=1889.036 ms ffn_svd_total=1235.859 ms ffn_svd_v=424.764 ms ffn_svd_u=811.079 ms
[svd-offload-zero-profile] up_finish=0 up_cache=0 up_no_request=27 gate_finish=0 gate_cache=0 gate_no_request=27 down_finish=0 down_cache=0 down_no_request=27 other_finish=0 other_cache=0 other_no_request=0
[svd-local-timeout-profile] up_keep=0 up_drop=0 up_wait=0.000 ms gate_keep=0 gate_drop=0 gate_wait=0.000 ms down_keep=0 down_drop=0 down_wait=0.000 ms other_keep=0 other_drop=0 other_wait=0.000 ms
[svd-offload-client] up_gate_req=0 down_req=0 other_mat_req=0 ffn_req=0 gate_cache_hits=0 gate_cache_checks=0 miss_invalid=0 miss_layer=0 miss_rank=0 miss_hash=0 miss_output=0 miss_data=0 send_up_gate=0.000 ms send_down=0.000 ms send_other=0.000 ms send_ffn=0.000 ms wait_up_gate=0.000 ms wait_down=0.000 ms wait_other=0.000 ms wait_ffn=0.000 ms
[svd-offload-client-stage-profile] rpc_send_total=0.000 ms rpc_wait_total=0.000 ms
[svd-offload-client-debug] finish_fail_up_gate=0 finish_fail_down=0 finish_fail_other=0 finish_fail_ffn=0 cache_take_fail_up=0 cache_take_fail_gate=0 recv_up_sum_abs=0.000000e+00 recv_up_max_abs=0.000000e+00 recv_up_zero=0 recv_gate_sum_abs=0.000000e+00 recv_gate_max_abs=0.000000e+00 recv_gate_zero=0 recv_down_sum_abs=0.000000e+00 recv_down_max_abs=0.000000e+00 recv_down_zero=0 recv_other_sum_abs=0.000000e+00 recv_other_max_abs=0.000000e+00 recv_other_zero=0 recv_ffn_sum_abs=0.000000e+00 recv_ffn_max_abs=0.000000e+00 recv_ffn_zero=0
SUCCEED (one forward pass done)"
candidate,8c_high,0,all_0.1,,8,"60,61,62,63,64,65,66,67","30,40,50,60,70,80,90,100",ok,32.3919,30.8719,1.4955813910538174,,,,0.9064300060272217,"llama_context: graph splits = 1
attach_threadpool: call
threads: decode=8 batch=8
prompt tokens: 4
running one forward pass (llama_decode) ...
Top-5 next-token candidates:
  id=3 logit=0 piece=""$""
  id=4 logit=0 piece=""%""
  id=1 logit=0 piece=""""""
  id=0 logit=0 piece=""!""
  id=2 logit=0 piece=""#""
Autoregressive generation:
Generated text: !
Decode-only throughput: 32.3919 tokens/s (1 tokens in 0.0308719 s of llama_decode)
End-to-end throughput: 32.0541 tokens/s (1 tokens in 0.0311972 s)
[decode-stage-profile] model_load=419.951 ms context_create=59.2346 ms tokenize=0.483511 ms prefill_decode=233.665 ms generation_decode=30.8719 ms generation_total=31.1972 ms program_total=761.555 ms
[svd-local-op-profile] up_ops=56 gate_ops=56 down_ops=56 up_total=23.335 ms gate_total=25.599 ms down_total=19.302 ms up_v=5.759 ms gate_v=5.711 ms down_v=15.910 ms up_u=17.571 ms gate_u=19.885 ms down_u=3.387 ms
[svd-local-stage-profile] attention_total=51.319 ms ffn_total=69.624 ms ffn_svd_total=68.236 ms ffn_svd_v=27.380 ms ffn_svd_u=40.843 ms
[svd-offload-zero-profile] up_finish=0 up_cache=0 up_no_request=27 gate_finish=0 gate_cache=0 gate_no_request=27 down_finish=0 down_cache=0 down_no_request=27 other_finish=0 other_cache=0 other_no_request=0
[svd-local-timeout-profile] up_keep=0 up_drop=0 up_wait=0.000 ms gate_keep=0 gate_drop=0 gate_wait=0.000 ms down_keep=0 down_drop=0 down_wait=0.000 ms other_keep=0 other_drop=0 other_wait=0.000 ms
[svd-offload-client] up_gate_req=0 down_req=0 other_mat_req=0 ffn_req=0 gate_cache_hits=0 gate_cache_checks=0 miss_invalid=0 miss_layer=0 miss_rank=0 miss_hash=0 miss_output=0 miss_data=0 send_up_gate=0.000 ms send_down=0.000 ms send_other=0.000 ms send_ffn=0.000 ms wait_up_gate=0.000 ms wait_down=0.000 ms wait_other=0.000 ms wait_ffn=0.000 ms
[svd-offload-client-stage-profile] rpc_send_total=0.000 ms rpc_wait_total=0.000 ms
[svd-offload-client-debug] finish_fail_up_gate=0 finish_fail_down=0 finish_fail_other=0 finish_fail_ffn=0 cache_take_fail_up=0 cache_take_fail_gate=0 recv_up_sum_abs=0.000000e+00 recv_up_max_abs=0.000000e+00 recv_up_zero=0 recv_gate_sum_abs=0.000000e+00 recv_gate_max_abs=0.000000e+00 recv_gate_zero=0 recv_down_sum_abs=0.000000e+00 recv_down_max_abs=0.000000e+00 recv_down_zero=0 recv_other_sum_abs=0.000000e+00 recv_other_max_abs=0.000000e+00 recv_other_zero=0 recv_ffn_sum_abs=0.000000e+00 recv_ffn_max_abs=0.000000e+00 recv_ffn_zero=0
SUCCEED (one forward pass done)"
candidate,8c_high,0,all_0.2,,8,"60,61,62,63,64,65,66,67","30,40,50,60,70,80,90,100",ok,27.8577,35.8967,1.2862307465002032,,,,2.9343926906585693,"llama_context: graph splits = 1
attach_threadpool: call
threads: decode=8 batch=8
prompt tokens: 4
running one forward pass (llama_decode) ...
Top-5 next-token candidates:
  id=3 logit=0 piece=""$""
  id=4 logit=0 piece=""%""
  id=1 logit=0 piece=""""""
  id=0 logit=0 piece=""!""
  id=2 logit=0 piece=""#""
Autoregressive generation:
Generated text: !
Decode-only throughput: 27.8577 tokens/s (1 tokens in 0.0358967 s of llama_decode)
End-to-end throughput: 27.602 tokens/s (1 tokens in 0.0362292 s)
[decode-stage-profile] model_load=410.662 ms context_create=57.5506 ms tokenize=0.46489 ms prefill_decode=2248.64 ms generation_decode=35.8967 ms generation_total=36.2292 ms program_total=2770.98 ms
[svd-local-op-profile] up_ops=56 gate_ops=56 down_ops=56 up_total=134.287 ms gate_total=136.407 ms down_total=129.291 ms up_v=39.305 ms gate_v=38.769 ms down_v=50.867 ms up_u=94.977 ms gate_u=97.632 ms down_u=78.419 ms
[svd-local-stage-profile] attention_total=318.511 ms ffn_total=576.543 ms ffn_svd_total=399.985 ms ffn_svd_v=128.941 ms ffn_svd_u=271.028 ms
[svd-offload-zero-profile] up_finish=0 up_cache=0 up_no_request=27 gate_finish=0 gate_cache=0 gate_no_request=27 down_finish=0 down_cache=0 down_no_request=27 other_finish=0 other_cache=0 other_no_request=0
[svd-local-timeout-profile] up_keep=0 up_drop=0 up_wait=0.000 ms gate_keep=0 gate_drop=0 gate_wait=0.000 ms down_keep=0 down_drop=0 down_wait=0.000 ms other_keep=0 other_drop=0 other_wait=0.000 ms
[svd-offload-client] up_gate_req=0 down_req=0 other_mat_req=0 ffn_req=0 gate_cache_hits=0 gate_cache_checks=0 miss_invalid=0 miss_layer=0 miss_rank=0 miss_hash=0 miss_output=0 miss_data=0 send_up_gate=0.000 ms send_down=0.000 ms send_other=0.000 ms send_ffn=0.000 ms wait_up_gate=0.000 ms wait_down=0.000 ms wait_other=0.000 ms wait_ffn=0.000 ms
[svd-offload-client-stage-profile] rpc_send_total=0.000 ms rpc_wait_total=0.000 ms
[svd-offload-client-debug] finish_fail_up_gate=0 finish_fail_down=0 finish_fail_other=0 finish_fail_ffn=0 cache_take_fail_up=0 cache_take_fail_gate=0 recv_up_sum_abs=0.000000e+00 recv_up_max_abs=0.000000e+00 recv_up_zero=0 recv_gate_sum_abs=0.000000e+00 recv_gate_max_abs=0.000000e+00 recv_gate_zero=0 recv_down_sum_abs=0.000000e+00 recv_down_max_abs=0.000000e+00 recv_down_zero=0 recv_other_sum_abs=0.000000e+00 recv_other_max_abs=0.000000e+00 recv_other_zero=0 recv_ffn_sum_abs=0.000000e+00 recv_ffn_max_abs=0.000000e+00 recv_ffn_zero=0
SUCCEED (one forward pass done)"
candidate,8c_high,0,all_0.3,,8,"60,61,62,63,64,65,66,67","30,40,50,60,70,80,90,100",ok,31.0566,32.1993,1.4339286373878033,,,,1.9152588844299316,"llama_context: graph splits = 1
attach_threadpool: call
threads: decode=8 batch=8
prompt tokens: 4
running one forward pass (llama_decode) ...
Top-5 next-token candidates:
  id=3 logit=0 piece=""$""
  id=4 logit=0 piece=""%""
  id=1 logit=0 piece=""""""
  id=0 logit=0 piece=""!""
  id=2 logit=0 piece=""#""
Autoregressive generation:
Generated text: !
Decode-only throughput: 31.0566 tokens/s (1 tokens in 0.0321993 s of llama_decode)
End-to-end throughput: 30.7256 tokens/s (1 tokens in 0.0325462 s)
[decode-stage-profile] model_load=392.971 ms context_create=58.7627 ms tokenize=0.461624 ms prefill_decode=1243.66 ms generation_decode=32.1993 ms generation_total=32.5462 ms program_total=1745.46 ms
[svd-local-op-profile] up_ops=56 gate_ops=56 down_ops=56 up_total=64.589 ms gate_total=85.576 ms down_total=64.362 ms up_v=19.670 ms gate_v=25.691 ms down_v=28.919 ms up_u=44.915 ms gate_u=59.879 ms down_u=35.439 ms
[svd-local-stage-profile] attention_total=149.339 ms ffn_total=318.452 ms ffn_svd_total=214.527 ms ffn_svd_v=74.280 ms ffn_svd_u=140.233 ms
[svd-offload-zero-profile] up_finish=0 up_cache=0 up_no_request=27 gate_finish=0 gate_cache=0 gate_no_request=27 down_finish=0 down_cache=0 down_no_request=27 other_finish=0 other_cache=0 other_no_request=0
[svd-local-timeout-profile] up_keep=0 up_drop=0 up_wait=0.000 ms gate_keep=0 gate_drop=0 gate_wait=0.000 ms down_keep=0 down_drop=0 down_wait=0.000 ms other_keep=0 other_drop=0 other_wait=0.000 ms
[svd-offload-client] up_gate_req=0 down_req=0 other_mat_req=0 ffn_req=0 gate_cache_hits=0 gate_cache_checks=0 miss_invalid=0 miss_layer=0 miss_rank=0 miss_hash=0 miss_output=0 miss_data=0 send_up_gate=0.000 ms send_down=0.000 ms send_other=0.000 ms send_ffn=0.000 ms wait_up_gate=0.000 ms wait_down=0.000 ms wait_other=0.000 ms wait_ffn=0.000 ms
[svd-offload-client-stage-profile] rpc_send_total=0.000 ms rpc_wait_total=0.000 ms
[svd-offload-client-debug] finish_fail_up_gate=0 finish_fail_down=0 finish_fail_other=0 finish_fail_ffn=0 cache_take_fail_up=0 cache_take_fail_gate=0 recv_up_sum_abs=0.000000e+00 recv_up_max_abs=0.000000e+00 recv_up_zero=0 recv_gate_sum_abs=0.000000e+00 recv_gate_max_abs=0.000000e+00 recv_gate_zero=0 recv_down_sum_abs=0.000000e+00 recv_down_max_abs=0.000000e+00 recv_down_zero=0 recv_other_sum_abs=0.000000e+00 recv_other_max_abs=0.000000e+00 recv_other_zero=0 recv_ffn_sum_abs=0.000000e+00 recv_ffn_max_abs=0.000000e+00 recv_ffn_zero=0
SUCCEED (one forward pass done)"
candidate,8c_high,0,all_0.35,,8,"60,61,62,63,64,65,66,67","30,40,50,60,70,80,90,100",ok,25.6694,38.9568,1.1851937354559894,,,,1.9160771369934082,"llama_context: graph splits = 1
attach_threadpool: call
threads: decode=8 batch=8
prompt tokens: 4
running one forward pass (llama_decode) ...
Top-5 next-token candidates:
  id=3 logit=0 piece=""$""
  id=4 logit=0 piece=""%""
  id=1 logit=0 piece=""""""
  id=0 logit=0 piece=""!""
  id=2 logit=0 piece=""#""
Autoregressive generation:
Generated text: !
Decode-only throughput: 25.6694 tokens/s (1 tokens in 0.0389568 s of llama_decode)
End-to-end throughput: 25.4498 tokens/s (1 tokens in 0.039293 s)
[decode-stage-profile] model_load=389.68 ms context_create=56.1641 ms tokenize=0.488188 ms prefill_decode=1232.85 ms generation_decode=38.9568 ms generation_total=39.293 ms program_total=1739.26 ms
[svd-local-op-profile] up_ops=56 gate_ops=56 down_ops=56 up_total=61.469 ms gate_total=64.376 ms down_total=60.615 ms up_v=17.572 ms gate_v=17.725 ms down_v=28.127 ms up_u=43.887 ms gate_u=46.646 ms down_u=32.479 ms
[svd-local-stage-profile] attention_total=178.443 ms ffn_total=271.412 ms ffn_svd_total=186.460 ms ffn_svd_v=63.424 ms ffn_svd_u=123.012 ms
[svd-offload-zero-profile] up_finish=0 up_cache=0 up_no_request=27 gate_finish=0 gate_cache=0 gate_no_request=27 down_finish=0 down_cache=0 down_no_request=27 other_finish=0 other_cache=0 other_no_request=0
[svd-local-timeout-profile] up_keep=0 up_drop=0 up_wait=0.000 ms gate_keep=0 gate_drop=0 gate_wait=0.000 ms down_keep=0 down_drop=0 down_wait=0.000 ms other_keep=0 other_drop=0 other_wait=0.000 ms
[svd-offload-client] up_gate_req=0 down_req=0 other_mat_req=0 ffn_req=0 gate_cache_hits=0 gate_cache_checks=0 miss_invalid=0 miss_layer=0 miss_rank=0 miss_hash=0 miss_output=0 miss_data=0 send_up_gate=0.000 ms send_down=0.000 ms send_other=0.000 ms send_ffn=0.000 ms wait_up_gate=0.000 ms wait_down=0.000 ms wait_other=0.000 ms wait_ffn=0.000 ms
[svd-offload-client-stage-profile] rpc_send_total=0.000 ms rpc_wait_total=0.000 ms
[svd-offload-client-debug] finish_fail_up_gate=0 finish_fail_down=0 finish_fail_other=0 finish_fail_ffn=0 cache_take_fail_up=0 cache_take_fail_gate=0 recv_up_sum_abs=0.000000e+00 recv_up_max_abs=0.000000e+00 recv_up_zero=0 recv_gate_sum_abs=0.000000e+00 recv_gate_max_abs=0.000000e+00 recv_gate_zero=0 recv_down_sum_abs=0.000000e+00 recv_down_max_abs=0.000000e+00 recv_down_zero=0 recv_other_sum_abs=0.000000e+00 recv_other_max_abs=0.000000e+00 recv_other_zero=0 recv_ffn_sum_abs=0.000000e+00 recv_ffn_max_abs=0.000000e+00 recv_ffn_zero=0
SUCCEED (one forward pass done)"
candidate,8c_high,0,all_0.4,,8,"60,61,62,63,64,65,66,67","30,40,50,60,70,80,90,100",ok,34.8916,28.6602,1.6109961954715029,,,,3.184701681137085,"llama_context: graph splits = 1
attach_threadpool: call
threads: decode=8 batch=8
prompt tokens: 4
running one forward pass (llama_decode) ...
Top-5 next-token candidates:
  id=3 logit=0 piece=""$""
  id=4 logit=0 piece=""%""
  id=1 logit=0 piece=""""""
  id=0 logit=0 piece=""!""
  id=2 logit=0 piece=""#""
Autoregressive generation:
Generated text: !
Decode-only throughput: 34.8916 tokens/s (1 tokens in 0.0286602 s of llama_decode)
End-to-end throughput: 34.4989 tokens/s (1 tokens in 0.0289864 s)
[decode-stage-profile] model_load=392.814 ms context_create=58.0688 ms tokenize=0.455563 ms prefill_decode=2521.9 ms generation_decode=28.6602 ms generation_total=28.9864 ms program_total=3023.33 ms
[svd-local-op-profile] up_ops=56 gate_ops=56 down_ops=56 up_total=146.090 ms gate_total=146.671 ms down_total=150.535 ms up_v=48.822 ms gate_v=47.723 ms down_v=56.673 ms up_u=97.261 ms gate_u=98.943 ms down_u=93.854 ms
[svd-local-stage-profile] attention_total=333.803 ms ffn_total=667.685 ms ffn_svd_total=443.296 ms ffn_svd_v=153.218 ms ffn_svd_u=290.058 ms
[svd-offload-zero-profile] up_finish=0 up_cache=0 up_no_request=27 gate_finish=0 gate_cache=0 gate_no_request=27 down_finish=0 down_cache=0 down_no_request=27 other_finish=0 other_cache=0 other_no_request=0
[svd-local-timeout-profile] up_keep=0 up_drop=0 up_wait=0.000 ms gate_keep=0 gate_drop=0 gate_wait=0.000 ms down_keep=0 down_drop=0 down_wait=0.000 ms other_keep=0 other_drop=0 other_wait=0.000 ms
[svd-offload-client] up_gate_req=0 down_req=0 other_mat_req=0 ffn_req=0 gate_cache_hits=0 gate_cache_checks=0 miss_invalid=0 miss_layer=0 miss_rank=0 miss_hash=0 miss_output=0 miss_data=0 send_up_gate=0.000 ms send_down=0.000 ms send_other=0.000 ms send_ffn=0.000 ms wait_up_gate=0.000 ms wait_down=0.000 ms wait_other=0.000 ms wait_ffn=0.000 ms
[svd-offload-client-stage-profile] rpc_send_total=0.000 ms rpc_wait_total=0.000 ms
[svd-offload-client-debug] finish_fail_up_gate=0 finish_fail_down=0 finish_fail_other=0 finish_fail_ffn=0 cache_take_fail_up=0 cache_take_fail_gate=0 recv_up_sum_abs=0.000000e+00 recv_up_max_abs=0.000000e+00 recv_up_zero=0 recv_gate_sum_abs=0.000000e+00 recv_gate_max_abs=0.000000e+00 recv_gate_zero=0 recv_down_sum_abs=0.000000e+00 recv_down_max_abs=0.000000e+00 recv_down_zero=0 recv_other_sum_abs=0.000000e+00 recv_other_max_abs=0.000000e+00 recv_other_zero=0 recv_ffn_sum_abs=0.000000e+00 recv_ffn_max_abs=0.000000e+00 recv_ffn_zero=0
SUCCEED (one forward pass done)"
candidate,8c_high,0,all_0.45,,8,"60,61,62,63,64,65,66,67","30,40,50,60,70,80,90,100",ok,35.9563,27.8115,1.6601549514276215,,,,1.9155075550079346,"llama_context: graph splits = 1
attach_threadpool: call
threads: decode=8 batch=8
prompt tokens: 4
running one forward pass (llama_decode) ...
Top-5 next-token candidates:
  id=3 logit=0 piece=""$""
  id=4 logit=0 piece=""%""
  id=1 logit=0 piece=""""""
  id=0 logit=0 piece=""!""
  id=2 logit=0 piece=""#""
Autoregressive generation:
Generated text: !
Decode-only throughput: 35.9563 tokens/s (1 tokens in 0.0278115 s of llama_decode)
End-to-end throughput: 35.5298 tokens/s (1 tokens in 0.0281454 s)
[decode-stage-profile] model_load=389.486 ms context_create=61.5062 ms tokenize=0.533378 ms prefill_decode=1250.86 ms generation_decode=27.8115 ms generation_total=28.1454 ms program_total=1747.63 ms
[svd-local-op-profile] up_ops=56 gate_ops=56 down_ops=56 up_total=80.816 ms gate_total=85.955 ms down_total=51.991 ms up_v=26.484 ms gate_v=26.441 ms down_v=22.717 ms up_u=54.325 ms gate_u=59.509 ms down_u=29.269 ms
[svd-local-stage-profile] attention_total=175.335 ms ffn_total=315.979 ms ffn_svd_total=218.762 ms ffn_svd_v=75.642 ms ffn_svd_u=143.103 ms
[svd-offload-zero-profile] up_finish=0 up_cache=0 up_no_request=27 gate_finish=0 gate_cache=0 gate_no_request=27 down_finish=0 down_cache=0 down_no_request=27 other_finish=0 other_cache=0 other_no_request=0
[svd-local-timeout-profile] up_keep=0 up_drop=0 up_wait=0.000 ms gate_keep=0 gate_drop=0 gate_wait=0.000 ms down_keep=0 down_drop=0 down_wait=0.000 ms other_keep=0 other_drop=0 other_wait=0.000 ms
[svd-offload-client] up_gate_req=0 down_req=0 other_mat_req=0 ffn_req=0 gate_cache_hits=0 gate_cache_checks=0 miss_invalid=0 miss_layer=0 miss_rank=0 miss_hash=0 miss_output=0 miss_data=0 send_up_gate=0.000 ms send_down=0.000 ms send_other=0.000 ms send_ffn=0.000 ms wait_up_gate=0.000 ms wait_down=0.000 ms wait_other=0.000 ms wait_ffn=0.000 ms
[svd-offload-client-stage-profile] rpc_send_total=0.000 ms rpc_wait_total=0.000 ms
[svd-offload-client-debug] finish_fail_up_gate=0 finish_fail_down=0 finish_fail_other=0 finish_fail_ffn=0 cache_take_fail_up=0 cache_take_fail_gate=0 recv_up_sum_abs=0.000000e+00 recv_up_max_abs=0.000000e+00 recv_up_zero=0 recv_gate_sum_abs=0.000000e+00 recv_gate_max_abs=0.000000e+00 recv_gate_zero=0 recv_down_sum_abs=0.000000e+00 recv_down_max_abs=0.000000e+00 recv_down_zero=0 recv_other_sum_abs=0.000000e+00 recv_other_max_abs=0.000000e+00 recv_other_zero=0 recv_ffn_sum_abs=0.000000e+00 recv_ffn_max_abs=0.000000e+00 recv_ffn_zero=0
SUCCEED (one forward pass done)"
candidate,8c_high,0,all_0.5,,8,"60,61,62,63,64,65,66,67","30,40,50,60,70,80,90,100",ok,28.9538,34.5378,1.336839286373878,,,,3.212322950363159,"llama_context: graph splits = 1
attach_threadpool: call
threads: decode=8 batch=8
prompt tokens: 4
running one forward pass (llama_decode) ...
Top-5 next-token candidates:
  id=11 logit=15.272 piece="",""
  id=12 logit=14.9123 piece=""-""
  id=51730 logit=14.8613 piece="" Ri""
  id=6216 logit=14.8165 piece="" ir""
  id=472 logit=14.5534 piece="" H""
Autoregressive generation:
Generated text: ,
Decode-only throughput: 28.9538 tokens/s (1 tokens in 0.0345378 s of llama_decode)
End-to-end throughput: 28.6738 tokens/s (1 tokens in 0.034875 s)
[decode-stage-profile] model_load=391.252 ms context_create=57.9318 ms tokenize=0.487101 ms prefill_decode=2547.09 ms generation_decode=34.5378 ms generation_total=34.875 ms program_total=3048.64 ms
[svd-local-op-profile] up_ops=56 gate_ops=56 down_ops=56 up_total=150.948 ms gate_total=151.516 ms down_total=151.883 ms up_v=49.359 ms gate_v=51.839 ms down_v=53.775 ms up_u=101.588 ms gate_u=99.672 ms down_u=98.104 ms
[svd-local-stage-profile] attention_total=397.158 ms ffn_total=631.591 ms ffn_svd_total=454.347 ms ffn_svd_v=154.973 ms ffn_svd_u=299.364 ms
[svd-offload-zero-profile] up_finish=0 up_cache=0 up_no_request=27 gate_finish=0 gate_cache=0 gate_no_request=27 down_finish=0 down_cache=0 down_no_request=27 other_finish=0 other_cache=0 other_no_request=0
[svd-local-timeout-profile] up_keep=0 up_drop=0 up_wait=0.000 ms gate_keep=0 gate_drop=0 gate_wait=0.000 ms down_keep=0 down_drop=0 down_wait=0.000 ms other_keep=0 other_drop=0 other_wait=0.000 ms
[svd-offload-client] up_gate_req=0 down_req=0 other_mat_req=0 ffn_req=0 gate_cache_hits=0 gate_cache_checks=0 miss_invalid=0 miss_layer=0 miss_rank=0 miss_hash=0 miss_output=0 miss_data=0 send_up_gate=0.000 ms send_down=0.000 ms send_other=0.000 ms send_ffn=0.000 ms wait_up_gate=0.000 ms wait_down=0.000 ms wait_other=0.000 ms wait_ffn=0.000 ms
[svd-offload-client-stage-profile] rpc_send_total=0.000 ms rpc_wait_total=0.000 ms
[svd-offload-client-debug] finish_fail_up_gate=0 finish_fail_down=0 finish_fail_other=0 finish_fail_ffn=0 cache_take_fail_up=0 cache_take_fail_gate=0 recv_up_sum_abs=0.000000e+00 recv_up_max_abs=0.000000e+00 recv_up_zero=0 recv_gate_sum_abs=0.000000e+00 recv_gate_max_abs=0.000000e+00 recv_gate_zero=0 recv_down_sum_abs=0.000000e+00 recv_down_max_abs=0.000000e+00 recv_down_zero=0 recv_other_sum_abs=0.000000e+00 recv_other_max_abs=0.000000e+00 recv_other_zero=0 recv_ffn_sum_abs=0.000000e+00 recv_ffn_max_abs=0.000000e+00 recv_ffn_zero=0
SUCCEED (one forward pass done)"
candidate,8c_high,0,trunc_even_0.8,,8,"60,61,62,63,64,65,66,67","30,40,50,60,70,80,90,100",ok,32.2478,31.0098,1.4889280833302552,,,,1.575155258178711,"llama_context: graph splits = 1
attach_threadpool: call
threads: decode=8 batch=8
prompt tokens: 4
running one forward pass (llama_decode) ...
Top-5 next-token candidates:
  id=3 logit=0 piece=""$""
  id=4 logit=0 piece=""%""
  id=1 logit=0 piece=""""""
  id=0 logit=0 piece=""!""
  id=2 logit=0 piece=""#""
Autoregressive generation:
Generated text: !
Decode-only throughput: 32.2478 tokens/s (1 tokens in 0.0310098 s of llama_decode)
End-to-end throughput: 31.9116 tokens/s (1 tokens in 0.0313366 s)
[decode-stage-profile] model_load=393.214 ms context_create=62.9945 ms tokenize=0.479325 ms prefill_decode=907.17 ms generation_decode=31.0098 ms generation_total=31.3366 ms program_total=1411.74 ms
[svd-local-op-profile] up_ops=56 gate_ops=56 down_ops=56 up_total=64.573 ms gate_total=68.575 ms down_total=56.514 ms up_v=19.375 ms gate_v=21.440 ms down_v=23.460 ms up_u=45.194 ms gate_u=47.129 ms down_u=33.045 ms
[svd-local-stage-profile] attention_total=121.673 ms ffn_total=268.016 ms ffn_svd_total=189.662 ms ffn_svd_v=64.275 ms ffn_svd_u=125.368 ms
[svd-offload-zero-profile] up_finish=0 up_cache=0 up_no_request=27 gate_finish=0 gate_cache=0 gate_no_request=27 down_finish=0 down_cache=0 down_no_request=27 other_finish=0 other_cache=0 other_no_request=0
[svd-local-timeout-profile] up_keep=0 up_drop=0 up_wait=0.000 ms gate_keep=0 gate_drop=0 gate_wait=0.000 ms down_keep=0 down_drop=0 down_wait=0.000 ms other_keep=0 other_drop=0 other_wait=0.000 ms
[svd-offload-client] up_gate_req=0 down_req=0 other_mat_req=0 ffn_req=0 gate_cache_hits=0 gate_cache_checks=0 miss_invalid=0 miss_layer=0 miss_rank=0 miss_hash=0 miss_output=0 miss_data=0 send_up_gate=0.000 ms send_down=0.000 ms send_other=0.000 ms send_ffn=0.000 ms wait_up_gate=0.000 ms wait_down=0.000 ms wait_other=0.000 ms wait_ffn=0.000 ms
[svd-offload-client-stage-profile] rpc_send_total=0.000 ms rpc_wait_total=0.000 ms
[svd-offload-client-debug] finish_fail_up_gate=0 finish_fail_down=0 finish_fail_other=0 finish_fail_ffn=0 cache_take_fail_up=0 cache_take_fail_gate=0 recv_up_sum_abs=0.000000e+00 recv_up_max_abs=0.000000e+00 recv_up_zero=0 recv_gate_sum_abs=0.000000e+00 recv_gate_max_abs=0.000000e+00 recv_gate_zero=0 recv_down_sum_abs=0.000000e+00 recv_down_max_abs=0.000000e+00 recv_down_zero=0 recv_other_sum_abs=0.000000e+00 recv_other_max_abs=0.000000e+00 recv_other_zero=0 recv_ffn_sum_abs=0.000000e+00 recv_ffn_max_abs=0.000000e+00 recv_ffn_zero=0
SUCCEED (one forward pass done)"
candidate,8c_high,0,trunc_even_0.85,,8,"60,61,62,63,64,65,66,67","30,40,50,60,70,80,90,100",ok,36.2204,27.6088,1.6723488346322903,,,,2.4758763313293457,"llama_context: graph splits = 1
attach_threadpool: call
threads: decode=8 batch=8
prompt tokens: 4
running one forward pass (llama_decode) ...
Top-5 next-token candidates:
  id=3 logit=0 piece=""$""
  id=4 logit=0 piece=""%""
  id=1 logit=0 piece=""""""
  id=0 logit=0 piece=""!""
  id=2 logit=0 piece=""#""
Autoregressive generation:
Generated text: !
Decode-only throughput: 36.2204 tokens/s (1 tokens in 0.0276088 s of llama_decode)
End-to-end throughput: 35.7723 tokens/s (1 tokens in 0.0279546 s)
[decode-stage-profile] model_load=390.034 ms context_create=57.3413 ms tokenize=0.461892 ms prefill_decode=1830.46 ms generation_decode=27.6088 ms generation_total=27.9546 ms program_total=2323.14 ms
[svd-local-op-profile] up_ops=56 gate_ops=56 down_ops=56 up_total=103.724 ms gate_total=109.619 ms down_total=102.579 ms up_v=31.162 ms gate_v=31.268 ms down_v=38.931 ms up_u=72.556 ms gate_u=78.345 ms down_u=63.645 ms
[svd-local-stage-profile] attention_total=280.949 ms ffn_total=469.752 ms ffn_svd_total=315.922 ms ffn_svd_v=101.361 ms ffn_svd_u=214.546 ms
[svd-offload-zero-profile] up_finish=0 up_cache=0 up_no_request=27 gate_finish=0 gate_cache=0 gate_no_request=27 down_finish=0 down_cache=0 down_no_request=27 other_finish=0 other_cache=0 other_no_request=0
[svd-local-timeout-profile] up_keep=0 up_drop=0 up_wait=0.000 ms gate_keep=0 gate_drop=0 gate_wait=0.000 ms down_keep=0 down_drop=0 down_wait=0.000 ms other_keep=0 other_drop=0 other_wait=0.000 ms
[svd-offload-client] up_gate_req=0 down_req=0 other_mat_req=0 ffn_req=0 gate_cache_hits=0 gate_cache_checks=0 miss_invalid=0 miss_layer=0 miss_rank=0 miss_hash=0 miss_output=0 miss_data=0 send_up_gate=0.000 ms send_down=0.000 ms send_other=0.000 ms send_ffn=0.000 ms wait_up_gate=0.000 ms wait_down=0.000 ms wait_other=0.000 ms wait_ffn=0.000 ms
[svd-offload-client-stage-profile] rpc_send_total=0.000 ms rpc_wait_total=0.000 ms
[svd-offload-client-debug] finish_fail_up_gate=0 finish_fail_down=0 finish_fail_other=0 finish_fail_ffn=0 cache_take_fail_up=0 cache_take_fail_gate=0 recv_up_sum_abs=0.000000e+00 recv_up_max_abs=0.000000e+00 recv_up_zero=0 recv_gate_sum_abs=0.000000e+00 recv_gate_max_abs=0.000000e+00 recv_gate_zero=0 recv_down_sum_abs=0.000000e+00 recv_down_max_abs=0.000000e+00 recv_down_zero=0 recv_other_sum_abs=0.000000e+00 recv_other_max_abs=0.000000e+00 recv_other_zero=0 recv_ffn_sum_abs=0.000000e+00 recv_ffn_max_abs=0.000000e+00 recv_ffn_zero=0
SUCCEED (one forward pass done)"
selected,8c_high,0,all_0.35,all_0.35,8,"60,61,62,63,64,65,66,67","30,40,50,60,70,80,90,100",ok,,,,21.6584,25.6694,1.1851937354559894,,
candidate,8c_high,1,baseline_no_svd,,8,"60,61,62,63,64,65,66,67","30,40,50,60,70,80,90,100",ok,22.8681,43.729,1.0,,,,3.2184691429138184,"llama_context: graph splits = 1
attach_threadpool: call
threads: decode=8 batch=8
prompt tokens: 4
running one forward pass (llama_decode) ...
Top-5 next-token candidates:
  id=11 logit=20.2053 piece="",""
  id=304 logit=18.9277 piece="" in""
  id=3837 logit=18.7558 piece=""，""
  id=1052 logit=18.5616 piece="" there""
  id=358 logit=17.8374 piece="" I""
Autoregressive generation:
Generated text: ,
Decode-only throughput: 22.8681 tokens/s (1 tokens in 0.043729 s of llama_decode)
End-to-end throughput: 22.6912 tokens/s (1 tokens in 0.0440699 s)
[decode-stage-profile] model_load=395.237 ms context_create=62.468 ms tokenize=0.457006 ms prefill_decode=2541.49 ms generation_decode=43.729 ms generation_total=44.0699 ms program_total=3064.12 ms
[svd-local-op-profile] up_ops=56 gate_ops=56 down_ops=56 up_total=156.754 ms gate_total=154.978 ms down_total=132.699 ms up_v=47.911 ms gate_v=50.059 ms down_v=55.057 ms up_u=108.836 ms gate_u=104.916 ms down_u=77.638 ms
[svd-local-stage-profile] attention_total=362.008 ms ffn_total=641.525 ms ffn_svd_total=444.431 ms ffn_svd_v=153.027 ms ffn_svd_u=291.390 ms
[svd-offload-zero-profile] up_finish=0 up_cache=0 up_no_request=27 gate_finish=0 gate_cache=0 gate_no_request=27 down_finish=0 down_cache=0 down_no_request=27 other_finish=0 other_cache=0 other_no_request=0
[svd-local-timeout-profile] up_keep=0 up_drop=0 up_wait=0.000 ms gate_keep=0 gate_drop=0 gate_wait=0.000 ms down_keep=0 down_drop=0 down_wait=0.000 ms other_keep=0 other_drop=0 other_wait=0.000 ms
[svd-offload-client] up_gate_req=0 down_req=0 other_mat_req=0 ffn_req=0 gate_cache_hits=0 gate_cache_checks=0 miss_invalid=0 miss_layer=0 miss_rank=0 miss_hash=0 miss_output=0 miss_data=0 send_up_gate=0.000 ms send_down=0.000 ms send_other=0.000 ms send_ffn=0.000 ms wait_up_gate=0.000 ms wait_down=0.000 ms wait_other=0.000 ms wait_ffn=0.000 ms
[svd-offload-client-stage-profile] rpc_send_total=0.000 ms rpc_wait_total=0.000 ms
[svd-offload-client-debug] finish_fail_up_gate=0 finish_fail_down=0 finish_fail_other=0 finish_fail_ffn=0 cache_take_fail_up=0 cache_take_fail_gate=0 recv_up_sum_abs=0.000000e+00 recv_up_max_abs=0.000000e+00 recv_up_zero=0 recv_gate_sum_abs=0.000000e+00 recv_gate_max_abs=0.000000e+00 recv_gate_zero=0 recv_down_sum_abs=0.000000e+00 recv_down_max_abs=0.000000e+00 recv_down_zero=0 recv_other_sum_abs=0.000000e+00 recv_other_max_abs=0.000000e+00 recv_other_zero=0 recv_ffn_sum_abs=0.000000e+00 recv_ffn_max_abs=0.000000e+00 recv_ffn_zero=0
SUCCEED (one forward pass done)"
candidate,8c_high,1,all_0.1,,8,"60,61,62,63,64,65,66,67","30,40,50,60,70,80,90,100",ok,29.4645,33.9392,1.2884542222572055,,,,3.174964666366577,"llama_context: graph splits = 1
attach_threadpool: call
threads: decode=8 batch=8
prompt tokens: 4
running one forward pass (llama_decode) ...
Top-5 next-token candidates:
  id=3 logit=0 piece=""$""
  id=4 logit=0 piece=""%""
  id=1 logit=0 piece=""""""
  id=0 logit=0 piece=""!""
  id=2 logit=0 piece=""#""
Autoregressive generation:
Generated text: !
Decode-only throughput: 29.4645 tokens/s (1 tokens in 0.0339392 s of llama_decode)
End-to-end throughput: 29.1749 tokens/s (1 tokens in 0.034276 s)
[decode-stage-profile] model_load=391.956 ms context_create=56.9718 ms tokenize=0.530173 ms prefill_decode=2510.29 ms generation_decode=33.9392 ms generation_total=34.276 ms program_total=3014.9 ms
[svd-local-op-profile] up_ops=56 gate_ops=56 down_ops=56 up_total=154.730 ms gate_total=155.823 ms down_total=143.797 ms up_v=47.592 ms gate_v=49.368 ms down_v=57.697 ms up_u=107.135 ms gate_u=106.442 ms down_u=86.093 ms
[svd-local-stage-profile] attention_total=332.429 ms ffn_total=669.444 ms ffn_svd_total=454.350 ms ffn_svd_v=154.657 ms ffn_svd_u=299.670 ms
[svd-offload-zero-profile] up_finish=0 up_cache=0 up_no_request=27 gate_finish=0 gate_cache=0 gate_no_request=27 down_finish=0 down_cache=0 down_no_request=27 other_finish=0 other_cache=0 other_no_request=0
[svd-local-timeout-profile] up_keep=0 up_drop=0 up_wait=0.000 ms gate_keep=0 gate_drop=0 gate_wait=0.000 ms down_keep=0 down_drop=0 down_wait=0.000 ms other_keep=0 other_drop=0 other_wait=0.000 ms
[svd-offload-client] up_gate_req=0 down_req=0 other_mat_req=0 ffn_req=0 gate_cache_hits=0 gate_cache_checks=0 miss_invalid=0 miss_layer=0 miss_rank=0 miss_hash=0 miss_output=0 miss_data=0 send_up_gate=0.000 ms send_down=0.000 ms send_other=0.000 ms send_ffn=0.000 ms wait_up_gate=0.000 ms wait_down=0.000 ms wait_other=0.000 ms wait_ffn=0.000 ms
[svd-offload-client-stage-profile] rpc_send_total=0.000 ms rpc_wait_total=0.000 ms
[svd-offload-client-debug] finish_fail_up_gate=0 finish_fail_down=0 finish_fail_other=0 finish_fail_ffn=0 cache_take_fail_up=0 cache_take_fail_gate=0 recv_up_sum_abs=0.000000e+00 recv_up_max_abs=0.000000e+00 recv_up_zero=0 recv_gate_sum_abs=0.000000e+00 recv_gate_max_abs=0.000000e+00 recv_gate_zero=0 recv_down_sum_abs=0.000000e+00 recv_down_max_abs=0.000000e+00 recv_down_zero=0 recv_other_sum_abs=0.000000e+00 recv_other_max_abs=0.000000e+00 recv_other_zero=0 recv_ffn_sum_abs=0.000000e+00 recv_ffn_max_abs=0.000000e+00 recv_ffn_zero=0
SUCCEED (one forward pass done)"
candidate,8c_high,1,all_0.2,,8,"60,61,62,63,64,65,66,67","30,40,50,60,70,80,90,100",ok,32.5119,30.758,1.421714090807719,,,,3.1901843547821045,"llama_context: graph splits = 1
attach_threadpool: call
threads: decode=8 batch=8
prompt tokens: 4
running one forward pass (llama_decode) ...
Top-5 next-token candidates:
  id=3 logit=0 piece=""$""
  id=4 logit=0 piece=""%""
  id=1 logit=0 piece=""""""
  id=0 logit=0 piece=""!""
  id=2 logit=0 piece=""#""
Autoregressive generation:
Generated text: !
Decode-only throughput: 32.5119 tokens/s (1 tokens in 0.030758 s of llama_decode)
End-to-end throughput: 32.1535 tokens/s (1 tokens in 0.0311008 s)
[decode-stage-profile] model_load=385.315 ms context_create=58.0414 ms tokenize=0.458718 ms prefill_decode=2533.45 ms generation_decode=30.758 ms generation_total=31.1008 ms program_total=3025.24 ms
[svd-local-op-profile] up_ops=56 gate_ops=56 down_ops=56 up_total=154.705 ms gate_total=154.228 ms down_total=147.659 ms up_v=50.369 ms gate_v=48.146 ms down_v=57.141 ms up_u=104.332 ms gate_u=106.075 ms down_u=90.512 ms
[svd-local-stage-profile] attention_total=337.278 ms ffn_total=666.060 ms ffn_svd_total=456.592 ms ffn_svd_v=155.656 ms ffn_svd_u=300.919 ms
[svd-offload-zero-profile] up_finish=0 up_cache=0 up_no_request=27 gate_finish=0 gate_cache=0 gate_no_request=27 down_finish=0 down_cache=0 down_no_request=27 other_finish=0 other_cache=0 other_no_request=0
[svd-local-timeout-profile] up_keep=0 up_drop=0 up_wait=0.000 ms gate_keep=0 gate_drop=0 gate_wait=0.000 ms down_keep=0 down_drop=0 down_wait=0.000 ms other_keep=0 other_drop=0 other_wait=0.000 ms
[svd-offload-client] up_gate_req=0 down_req=0 other_mat_req=0 ffn_req=0 gate_cache_hits=0 gate_cache_checks=0 miss_invalid=0 miss_layer=0 miss_rank=0 miss_hash=0 miss_output=0 miss_data=0 send_up_gate=0.000 ms send_down=0.000 ms send_other=0.000 ms send_ffn=0.000 ms wait_up_gate=0.000 ms wait_down=0.000 ms wait_other=0.000 ms wait_ffn=0.000 ms
[svd-offload-client-stage-profile] rpc_send_total=0.000 ms rpc_wait_total=0.000 ms
[svd-offload-client-debug] finish_fail_up_gate=0 finish_fail_down=0 finish_fail_other=0 finish_fail_ffn=0 cache_take_fail_up=0 cache_take_fail_gate=0 recv_up_sum_abs=0.000000e+00 recv_up_max_abs=0.000000e+00 recv_up_zero=0 recv_gate_sum_abs=0.000000e+00 recv_gate_max_abs=0.000000e+00 recv_gate_zero=0 recv_down_sum_abs=0.000000e+00 recv_down_max_abs=0.000000e+00 recv_down_zero=0 recv_other_sum_abs=0.000000e+00 recv_other_max_abs=0.000000e+00 recv_other_zero=0 recv_ffn_sum_abs=0.000000e+00 recv_ffn_max_abs=0.000000e+00 recv_ffn_zero=0
SUCCEED (one forward pass done)"
candidate,8c_high,1,all_0.3,,8,"60,61,62,63,64,65,66,67","30,40,50,60,70,80,90,100",ok,30.9827,32.2761,1.3548436468268026,,,,3.188281774520874,"llama_context: graph splits = 1
attach_threadpool: call
threads: decode=8 batch=8
prompt tokens: 4
running one forward pass (llama_decode) ...
Top-5 next-token candidates:
  id=3 logit=0 piece=""$""
  id=4 logit=0 piece=""%""
  id=1 logit=0 piece=""""""
  id=0 logit=0 piece=""!""
  id=2 logit=0 piece=""#""
Autoregressive generation:
Generated text: !
Decode-only throughput: 30.9827 tokens/s (1 tokens in 0.0322761 s of llama_decode)
End-to-end throughput: 30.6731 tokens/s (1 tokens in 0.0326018 s)
[decode-stage-profile] model_load=397.707 ms context_create=62.6372 ms tokenize=0.471898 ms prefill_decode=2518.79 ms generation_decode=32.2761 ms generation_total=32.6018 ms program_total=3029.07 ms
[svd-local-op-profile] up_ops=56 gate_ops=56 down_ops=56 up_total=151.731 ms gate_total=155.271 ms down_total=140.896 ms up_v=44.704 ms gate_v=48.552 ms down_v=52.660 ms up_u=107.019 ms gate_u=106.712 ms down_u=88.227 ms
[svd-local-stage-profile] attention_total=344.982 ms ffn_total=666.016 ms ffn_svd_total=447.898 ms ffn_svd_v=145.916 ms ffn_svd_u=301.958 ms
[svd-offload-zero-profile] up_finish=0 up_cache=0 up_no_request=27 gate_finish=0 gate_cache=0 gate_no_request=27 down_finish=0 down_cache=0 down_no_request=27 other_finish=0 other_cache=0 other_no_request=0
[svd-local-timeout-profile] up_keep=0 up_drop=0 up_wait=0.000 ms gate_keep=0 gate_drop=0 gate_wait=0.000 ms down_keep=0 down_drop=0 down_wait=0.000 ms other_keep=0 other_drop=0 other_wait=0.000 ms
[svd-offload-client] up_gate_req=0 down_req=0 other_mat_req=0 ffn_req=0 gate_cache_hits=0 gate_cache_checks=0 miss_invalid=0 miss_layer=0 miss_rank=0 miss_hash=0 miss_output=0 miss_data=0 send_up_gate=0.000 ms send_down=0.000 ms send_other=0.000 ms send_ffn=0.000 ms wait_up_gate=0.000 ms wait_down=0.000 ms wait_other=0.000 ms wait_ffn=0.000 ms
[svd-offload-client-stage-profile] rpc_send_total=0.000 ms rpc_wait_total=0.000 ms
[svd-offload-client-debug] finish_fail_up_gate=0 finish_fail_down=0 finish_fail_other=0 finish_fail_ffn=0 cache_take_fail_up=0 cache_take_fail_gate=0 recv_up_sum_abs=0.000000e+00 recv_up_max_abs=0.000000e+00 recv_up_zero=0 recv_gate_sum_abs=0.000000e+00 recv_gate_max_abs=0.000000e+00 recv_gate_zero=0 recv_down_sum_abs=0.000000e+00 recv_down_max_abs=0.000000e+00 recv_down_zero=0 recv_other_sum_abs=0.000000e+00 recv_other_max_abs=0.000000e+00 recv_other_zero=0 recv_ffn_sum_abs=0.000000e+00 recv_ffn_max_abs=0.000000e+00 recv_ffn_zero=0
SUCCEED (one forward pass done)"
candidate,8c_high,1,all_0.35,,8,"60,61,62,63,64,65,66,67","30,40,50,60,70,80,90,100",ok,28.6494,34.9047,1.2528106838784159,,,,1.9372575283050537,"llama_context: graph splits = 1
attach_threadpool: call
threads: decode=8 batch=8
prompt tokens: 4
running one forward pass (llama_decode) ...
Top-5 next-token candidates:
  id=3 logit=0 piece=""$""
  id=4 logit=0 piece=""%""
  id=1 logit=0 piece=""""""
  id=0 logit=0 piece=""!""
  id=2 logit=0 piece=""#""
Autoregressive generation:
Generated text: !
Decode-only throughput: 28.6494 tokens/s (1 tokens in 0.0349047 s of llama_decode)
End-to-end throughput: 28.376 tokens/s (1 tokens in 0.0352411 s)
[decode-stage-profile] model_load=396.34 ms context_create=58.078 ms tokenize=0.479895 ms prefill_decode=1265.76 ms generation_decode=34.9047 ms generation_total=35.2411 ms program_total=1772.98 ms
[svd-local-op-profile] up_ops=56 gate_ops=56 down_ops=56 up_total=69.759 ms gate_total=84.489 ms down_total=56.665 ms up_v=20.877 ms gate_v=24.795 ms down_v=25.364 ms up_u=48.873 ms gate_u=59.689 ms down_u=31.295 ms
[svd-local-stage-profile] attention_total=189.707 ms ffn_total=292.400 ms ffn_svd_total=210.913 ms ffn_svd_v=71.036 ms ffn_svd_u=139.857 ms
[svd-offload-zero-profile] up_finish=0 up_cache=0 up_no_request=27 gate_finish=0 gate_cache=0 gate_no_request=27 down_finish=0 down_cache=0 down_no_request=27 other_finish=0 other_cache=0 other_no_request=0
[svd-local-timeout-profile] up_keep=0 up_drop=0 up_wait=0.000 ms gate_keep=0 gate_drop=0 gate_wait=0.000 ms down_keep=0 down_drop=0 down_wait=0.000 ms other_keep=0 other_drop=0 other_wait=0.000 ms
[svd-offload-client] up_gate_req=0 down_req=0 other_mat_req=0 ffn_req=0 gate_cache_hits=0 gate_cache_checks=0 miss_invalid=0 miss_layer=0 miss_rank=0 miss_hash=0 miss_output=0 miss_data=0 send_up_gate=0.000 ms send_down=0.000 ms send_other=0.000 ms send_ffn=0.000 ms wait_up_gate=0.000 ms wait_down=0.000 ms wait_other=0.000 ms wait_ffn=0.000 ms
[svd-offload-client-stage-profile] rpc_send_total=0.000 ms rpc_wait_total=0.000 ms
[svd-offload-client-debug] finish_fail_up_gate=0 finish_fail_down=0 finish_fail_other=0 finish_fail_ffn=0 cache_take_fail_up=0 cache_take_fail_gate=0 recv_up_sum_abs=0.000000e+00 recv_up_max_abs=0.000000e+00 recv_up_zero=0 recv_gate_sum_abs=0.000000e+00 recv_gate_max_abs=0.000000e+00 recv_gate_zero=0 recv_down_sum_abs=0.000000e+00 recv_down_max_abs=0.000000e+00 recv_down_zero=0 recv_other_sum_abs=0.000000e+00 recv_other_max_abs=0.000000e+00 recv_other_zero=0 recv_ffn_sum_abs=0.000000e+00 recv_ffn_max_abs=0.000000e+00 recv_ffn_zero=0
SUCCEED (one forward pass done)"
candidate,8c_high,1,all_0.4,,8,"60,61,62,63,64,65,66,67","30,40,50,60,70,80,90,100",ok,21.6726,46.1411,0.9477219357970273,,,,3.204328775405884,"llama_context: graph splits = 1
attach_threadpool: call
threads: decode=8 batch=8
prompt tokens: 4
running one forward pass (llama_decode) ...
Top-5 next-token candidates:
  id=3 logit=0 piece=""$""
  id=4 logit=0 piece=""%""
  id=1 logit=0 piece=""""""
  id=0 logit=0 piece=""!""
  id=2 logit=0 piece=""#""
Autoregressive generation:
Generated text: !
Decode-only throughput: 21.6726 tokens/s (1 tokens in 0.0461411 s of llama_decode)
End-to-end throughput: 21.516 tokens/s (1 tokens in 0.0464771 s)
[decode-stage-profile] model_load=392.089 ms context_create=57.2646 ms tokenize=0.447448 ms prefill_decode=2527.98 ms generation_decode=46.1411 ms generation_total=46.4771 ms program_total=3041.12 ms
[svd-local-op-profile] up_ops=56 gate_ops=56 down_ops=56 up_total=152.350 ms gate_total=156.549 ms down_total=132.690 ms up_v=47.777 ms gate_v=48.378 ms down_v=55.566 ms up_u=104.570 ms gate_u=108.166 ms down_u=77.122 ms
[svd-local-stage-profile] attention_total=388.425 ms ffn_total=622.492 ms ffn_svd_total=441.589 ms ffn_svd_v=151.721 ms ffn_svd_u=289.858 ms
[svd-offload-zero-profile] up_finish=0 up_cache=0 up_no_request=27 gate_finish=0 gate_cache=0 gate_no_request=27 down_finish=0 down_cache=0 down_no_request=27 other_finish=0 other_cache=0 other_no_request=0
[svd-local-timeout-profile] up_keep=0 up_drop=0 up_wait=0.000 ms gate_keep=0 gate_drop=0 gate_wait=0.000 ms down_keep=0 down_drop=0 down_wait=0.000 ms other_keep=0 other_drop=0 other_wait=0.000 ms
[svd-offload-client] up_gate_req=0 down_req=0 other_mat_req=0 ffn_req=0 gate_cache_hits=0 gate_cache_checks=0 miss_invalid=0 miss_layer=0 miss_rank=0 miss_hash=0 miss_output=0 miss_data=0 send_up_gate=0.000 ms send_down=0.000 ms send_other=0.000 ms send_ffn=0.000 ms wait_up_gate=0.000 ms wait_down=0.000 ms wait_other=0.000 ms wait_ffn=0.000 ms
[svd-offload-client-stage-profile] rpc_send_total=0.000 ms rpc_wait_total=0.000 ms
[svd-offload-client-debug] finish_fail_up_gate=0 finish_fail_down=0 finish_fail_other=0 finish_fail_ffn=0 cache_take_fail_up=0 cache_take_fail_gate=0 recv_up_sum_abs=0.000000e+00 recv_up_max_abs=0.000000e+00 recv_up_zero=0 recv_gate_sum_abs=0.000000e+00 recv_gate_max_abs=0.000000e+00 recv_gate_zero=0 recv_down_sum_abs=0.000000e+00 recv_down_max_abs=0.000000e+00 recv_down_zero=0 recv_other_sum_abs=0.000000e+00 recv_other_max_abs=0.000000e+00 recv_other_zero=0 recv_ffn_sum_abs=0.000000e+00 recv_ffn_max_abs=0.000000e+00 recv_ffn_zero=0
SUCCEED (one forward pass done)"
candidate,8c_high,1,all_0.45,,8,"60,61,62,63,64,65,66,67","30,40,50,60,70,80,90,100",ok,33.0636,30.2447,1.4458394007372717,,,,4.02269983291626,"llama_context: graph splits = 1
attach_threadpool: call
threads: decode=8 batch=8
prompt tokens: 4
running one forward pass (llama_decode) ...
Top-5 next-token candidates:
  id=3 logit=0 piece=""$""
  id=4 logit=0 piece=""%""
  id=1 logit=0 piece=""""""
  id=0 logit=0 piece=""!""
  id=2 logit=0 piece=""#""
Autoregressive generation:
Generated text: !
Decode-only throughput: 33.0636 tokens/s (1 tokens in 0.0302447 s of llama_decode)
End-to-end throughput: 32.6902 tokens/s (1 tokens in 0.0305902 s)
[decode-stage-profile] model_load=387.665 ms context_create=58.5457 ms tokenize=0.486758 ms prefill_decode=3368.23 ms generation_decode=30.2447 ms generation_total=30.5902 ms program_total=3862.7 ms
[svd-local-op-profile] up_ops=56 gate_ops=56 down_ops=56 up_total=197.013 ms gate_total=187.846 ms down_total=188.615 ms up_v=61.858 ms gate_v=59.062 ms down_v=64.540 ms up_u=135.150 ms gate_u=128.779 ms down_u=124.069 ms
[svd-local-stage-profile] attention_total=452.337 ms ffn_total=862.362 ms ffn_svd_total=573.474 ms ffn_svd_v=185.460 ms ffn_svd_u=387.998 ms
[svd-offload-zero-profile] up_finish=0 up_cache=0 up_no_request=27 gate_finish=0 gate_cache=0 gate_no_request=27 down_finish=0 down_cache=0 down_no_request=27 other_finish=0 other_cache=0 other_no_request=0
[svd-local-timeout-profile] up_keep=0 up_drop=0 up_wait=0.000 ms gate_keep=0 gate_drop=0 gate_wait=0.000 ms down_keep=0 down_drop=0 down_wait=0.000 ms other_keep=0 other_drop=0 other_wait=0.000 ms
[svd-offload-client] up_gate_req=0 down_req=0 other_mat_req=0 ffn_req=0 gate_cache_hits=0 gate_cache_checks=0 miss_invalid=0 miss_layer=0 miss_rank=0 miss_hash=0 miss_output=0 miss_data=0 send_up_gate=0.000 ms send_down=0.000 ms send_other=0.000 ms send_ffn=0.000 ms wait_up_gate=0.000 ms wait_down=0.000 ms wait_other=0.000 ms wait_ffn=0.000 ms
[svd-offload-client-stage-profile] rpc_send_total=0.000 ms rpc_wait_total=0.000 ms
[svd-offload-client-debug] finish_fail_up_gate=0 finish_fail_down=0 finish_fail_other=0 finish_fail_ffn=0 cache_take_fail_up=0 cache_take_fail_gate=0 recv_up_sum_abs=0.000000e+00 recv_up_max_abs=0.000000e+00 recv_up_zero=0 recv_gate_sum_abs=0.000000e+00 recv_gate_max_abs=0.000000e+00 recv_gate_zero=0 recv_down_sum_abs=0.000000e+00 recv_down_max_abs=0.000000e+00 recv_down_zero=0 recv_other_sum_abs=0.000000e+00 recv_other_max_abs=0.000000e+00 recv_other_zero=0 recv_ffn_sum_abs=0.000000e+00 recv_ffn_max_abs=0.000000e+00 recv_ffn_zero=0
SUCCEED (one forward pass done)"
candidate,8c_high,1,all_0.5,,8,"60,61,62,63,64,65,66,67","30,40,50,60,70,80,90,100",ok,32.8137,30.4751,1.434911514292836,,,,1.8238189220428467,"llama_context: graph splits = 1
attach_threadpool: call
threads: decode=8 batch=8
prompt tokens: 4
running one forward pass (llama_decode) ...
Top-5 next-token candidates:
  id=11 logit=15.272 piece="",""
  id=12 logit=14.9123 piece=""-""
  id=51730 logit=14.8613 piece="" Ri""
  id=6216 logit=14.8165 piece="" ir""
  id=472 logit=14.5534 piece="" H""
Autoregressive generation:
Generated text: ,
Decode-only throughput: 32.8137 tokens/s (1 tokens in 0.0304751 s of llama_decode)
End-to-end throughput: 32.4598 tokens/s (1 tokens in 0.0308073 s)
[decode-stage-profile] model_load=400.284 ms context_create=58.3772 ms tokenize=0.459197 ms prefill_decode=1148.91 ms generation_decode=30.4751 ms generation_total=30.8073 ms program_total=1656.5 ms
[svd-local-op-profile] up_ops=56 gate_ops=56 down_ops=56 up_total=65.379 ms gate_total=60.888 ms down_total=59.944 ms up_v=17.621 ms gate_v=18.285 ms down_v=27.413 ms up_u=47.750 ms gate_u=42.595 ms down_u=32.523 ms
[svd-local-stage-profile] attention_total=148.312 ms ffn_total=264.429 ms ffn_svd_total=186.211 ms ffn_svd_v=63.319 ms ffn_svd_u=122.868 ms
[svd-offload-zero-profile] up_finish=0 up_cache=0 up_no_request=27 gate_finish=0 gate_cache=0 gate_no_request=27 down_finish=0 down_cache=0 down_no_request=27 other_finish=0 other_cache=0 other_no_request=0
[svd-local-timeout-profile] up_keep=0 up_drop=0 up_wait=0.000 ms gate_keep=0 gate_drop=0 gate_wait=0.000 ms down_keep=0 down_drop=0 down_wait=0.000 ms other_keep=0 other_drop=0 other_wait=0.000 ms
[svd-offload-client] up_gate_req=0 down_req=0 other_mat_req=0 ffn_req=0 gate_cache_hits=0 gate_cache_checks=0 miss_invalid=0 miss_layer=0 miss_rank=0 miss_hash=0 miss_output=0 miss_data=0 send_up_gate=0.000 ms send_down=0.000 ms send_other=0.000 ms send_ffn=0.000 ms wait_up_gate=0.000 ms wait_down=0.000 ms wait_other=0.000 ms wait_ffn=0.000 ms
[svd-offload-client-stage-profile] rpc_send_total=0.000 ms rpc_wait_total=0.000 ms
[svd-offload-client-debug] finish_fail_up_gate=0 finish_fail_down=0 finish_fail_other=0 finish_fail_ffn=0 cache_take_fail_up=0 cache_take_fail_gate=0 recv_up_sum_abs=0.000000e+00 recv_up_max_abs=0.000000e+00 recv_up_zero=0 recv_gate_sum_abs=0.000000e+00 recv_gate_max_abs=0.000000e+00 recv_gate_zero=0 recv_down_sum_abs=0.000000e+00 recv_down_max_abs=0.000000e+00 recv_down_zero=0 recv_other_sum_abs=0.000000e+00 recv_other_max_abs=0.000000e+00 recv_other_zero=0 recv_ffn_sum_abs=0.000000e+00 recv_ffn_max_abs=0.000000e+00 recv_ffn_zero=0
SUCCEED (one forward pass done)"
candidate,8c_high,1,trunc_even_0.8,,8,"60,61,62,63,64,65,66,67","30,40,50,60,70,80,90,100",ok,32.7883,30.4987,1.4338007967430615,,,,2.44279146194458,"llama_context: graph splits = 1
attach_threadpool: call
threads: decode=8 batch=8
prompt tokens: 4
running one forward pass (llama_decode) ...
Top-5 next-token candidates:
  id=3 logit=0 piece=""$""
  id=4 logit=0 piece=""%""
  id=1 logit=0 piece=""""""
  id=0 logit=0 piece=""!""
  id=2 logit=0 piece=""#""
Autoregressive generation:
Generated text: !
Decode-only throughput: 32.7883 tokens/s (1 tokens in 0.0304987 s of llama_decode)
End-to-end throughput: 32.3835 tokens/s (1 tokens in 0.0308799 s)
[decode-stage-profile] model_load=385.245 ms context_create=57.1632 ms tokenize=0.734323 ms prefill_decode=1778.95 ms generation_decode=30.4987 ms generation_total=30.8799 ms program_total=2274.07 ms
[svd-local-op-profile] up_ops=56 gate_ops=56 down_ops=56 up_total=105.670 ms gate_total=106.638 ms down_total=101.594 ms up_v=32.930 ms gate_v=32.326 ms down_v=39.384 ms up_u=72.737 ms gate_u=74.304 ms down_u=62.208 ms
[svd-local-stage-profile] attention_total=270.487 ms ffn_total=456.455 ms ffn_svd_total=313.902 ms ffn_svd_v=104.640 ms ffn_svd_u=209.249 ms
[svd-offload-zero-profile] up_finish=0 up_cache=0 up_no_request=27 gate_finish=0 gate_cache=0 gate_no_request=27 down_finish=0 down_cache=0 down_no_request=27 other_finish=0 other_cache=0 other_no_request=0
[svd-local-timeout-profile] up_keep=0 up_drop=0 up_wait=0.000 ms gate_keep=0 gate_drop=0 gate_wait=0.000 ms down_keep=0 down_drop=0 down_wait=0.000 ms other_keep=0 other_drop=0 other_wait=0.000 ms
[svd-offload-client] up_gate_req=0 down_req=0 other_mat_req=0 ffn_req=0 gate_cache_hits=0 gate_cache_checks=0 miss_invalid=0 miss_layer=0 miss_rank=0 miss_hash=0 miss_output=0 miss_data=0 send_up_gate=0.000 ms send_down=0.000 ms send_other=0.000 ms send_ffn=0.000 ms wait_up_gate=0.000 ms wait_down=0.000 ms wait_other=0.000 ms wait_ffn=0.000 ms
[svd-offload-client-stage-profile] rpc_send_total=0.000 ms rpc_wait_total=0.000 ms
[svd-offload-client-debug] finish_fail_up_gate=0 finish_fail_down=0 finish_fail_other=0 finish_fail_ffn=0 cache_take_fail_up=0 cache_take_fail_gate=0 recv_up_sum_abs=0.000000e+00 recv_up_max_abs=0.000000e+00 recv_up_zero=0 recv_gate_sum_abs=0.000000e+00 recv_gate_max_abs=0.000000e+00 recv_gate_zero=0 recv_down_sum_abs=0.000000e+00 recv_down_max_abs=0.000000e+00 recv_down_zero=0 recv_other_sum_abs=0.000000e+00 recv_other_max_abs=0.000000e+00 recv_other_zero=0 recv_ffn_sum_abs=0.000000e+00 recv_ffn_max_abs=0.000000e+00 recv_ffn_zero=0
SUCCEED (one forward pass done)"
candidate,8c_high,1,trunc_even_0.85,,8,"60,61,62,63,64,65,66,67","30,40,50,60,70,80,90,100",ok,29.7716,33.589,1.3018834096405036,,,,1.9141671657562256,"llama_context: graph splits = 1
attach_threadpool: call
threads: decode=8 batch=8
prompt tokens: 4
running one forward pass (llama_decode) ...
Top-5 next-token candidates:
  id=3 logit=0 piece=""$""
  id=4 logit=0 piece=""%""
  id=1 logit=0 piece=""""""
  id=0 logit=0 piece=""!""
  id=2 logit=0 piece=""#""
Autoregressive generation:
Generated text: !
Decode-only throughput: 29.7716 tokens/s (1 tokens in 0.033589 s of llama_decode)
End-to-end throughput: 29.477 tokens/s (1 tokens in 0.0339247 s)
[decode-stage-profile] model_load=386.915 ms context_create=57.3533 ms tokenize=0.487589 ms prefill_decode=1247.03 ms generation_decode=33.589 ms generation_total=33.9247 ms program_total=1746.68 ms
[svd-local-op-profile] up_ops=56 gate_ops=56 down_ops=56 up_total=84.826 ms gate_total=82.875 ms down_total=59.031 ms up_v=26.349 ms gate_v=23.912 ms down_v=26.780 ms up_u=58.473 ms gate_u=58.954 ms down_u=32.244 ms
[svd-local-stage-profile] attention_total=163.804 ms ffn_total=324.198 ms ffn_svd_total=226.732 ms ffn_svd_v=77.041 ms ffn_svd_u=149.671 ms
[svd-offload-zero-profile] up_finish=0 up_cache=0 up_no_request=27 gate_finish=0 gate_cache=0 gate_no_request=27 down_finish=0 down_cache=0 down_no_request=27 other_finish=0 other_cache=0 other_no_request=0
[svd-local-timeout-profile] up_keep=0 up_drop=0 up_wait=0.000 ms gate_keep=0 gate_drop=0 gate_wait=0.000 ms down_keep=0 down_drop=0 down_wait=0.000 ms other_keep=0 other_drop=0 other_wait=0.000 ms
[svd-offload-client] up_gate_req=0 down_req=0 other_mat_req=0 ffn_req=0 gate_cache_hits=0 gate_cache_checks=0 miss_invalid=0 miss_layer=0 miss_rank=0 miss_hash=0 miss_output=0 miss_data=0 send_up_gate=0.000 ms send_down=0.000 ms send_other=0.000 ms send_ffn=0.000 ms wait_up_gate=0.000 ms wait_down=0.000 ms wait_other=0.000 ms wait_ffn=0.000 ms
[svd-offload-client-stage-profile] rpc_send_total=0.000 ms rpc_wait_total=0.000 ms
[svd-offload-client-debug] finish_fail_up_gate=0 finish_fail_down=0 finish_fail_other=0 finish_fail_ffn=0 cache_take_fail_up=0 cache_take_fail_gate=0 recv_up_sum_abs=0.000000e+00 recv_up_max_abs=0.000000e+00 recv_up_zero=0 recv_gate_sum_abs=0.000000e+00 recv_gate_max_abs=0.000000e+00 recv_gate_zero=0 recv_down_sum_abs=0.000000e+00 recv_down_max_abs=0.000000e+00 recv_down_zero=0 recv_other_sum_abs=0.000000e+00 recv_other_max_abs=0.000000e+00 recv_other_zero=0 recv_ffn_sum_abs=0.000000e+00 recv_ffn_max_abs=0.000000e+00 recv_ffn_zero=0
SUCCEED (one forward pass done)"
selected,8c_high,1,all_0.35,all_0.35,8,"60,61,62,63,64,65,66,67","30,40,50,60,70,80,90,100",ok,,,,22.8681,28.6494,1.2528106838784159,,
candidate,8c_high,2,baseline_no_svd,,8,"60,61,62,63,64,65,66,67","30,40,50,60,70,80,90,100",ok,28.6706,34.8789,1.0,,,,3.2142841815948486,"llama_context: graph splits = 1
attach_threadpool: call
threads: decode=8 batch=8
prompt tokens: 4
running one forward pass (llama_decode) ...
Top-5 next-token candidates:
  id=11 logit=20.2053 piece="",""
  id=304 logit=18.9277 piece="" in""
  id=3837 logit=18.7558 piece=""，""
  id=1052 logit=18.5616 piece="" there""
  id=358 logit=17.8374 piece="" I""
Autoregressive generation:
Generated text: ,
Decode-only throughput: 28.6706 tokens/s (1 tokens in 0.0348789 s of llama_decode)
End-to-end throughput: 28.3912 tokens/s (1 tokens in 0.0352222 s)
[decode-stage-profile] model_load=379.85 ms context_create=57.8686 ms tokenize=0.478734 ms prefill_decode=2563.64 ms generation_decode=34.8789 ms generation_total=35.2222 ms program_total=3053.88 ms
[svd-local-op-profile] up_ops=56 gate_ops=56 down_ops=56 up_total=164.883 ms gate_total=159.919 ms down_total=129.583 ms up_v=57.866 ms gate_v=51.240 ms down_v=52.558 ms up_u=107.012 ms gate_u=108.672 ms down_u=77.021 ms
[svd-local-stage-profile] attention_total=351.881 ms ffn_total=670.635 ms ffn_svd_total=454.385 ms ffn_svd_v=161.664 ms ffn_svd_u=292.705 ms
[svd-offload-zero-profile] up_finish=0 up_cache=0 up_no_request=27 gate_finish=0 gate_cache=0 gate_no_request=27 down_finish=0 down_cache=0 down_no_request=27 other_finish=0 other_cache=0 other_no_request=0
[svd-local-timeout-profile] up_keep=0 up_drop=0 up_wait=0.000 ms gate_keep=0 gate_drop=0 gate_wait=0.000 ms down_keep=0 down_drop=0 down_wait=0.000 ms other_keep=0 other_drop=0 other_wait=0.000 ms
[svd-offload-client] up_gate_req=0 down_req=0 other_mat_req=0 ffn_req=0 gate_cache_hits=0 gate_cache_checks=0 miss_invalid=0 miss_layer=0 miss_rank=0 miss_hash=0 miss_output=0 miss_data=0 send_up_gate=0.000 ms send_down=0.000 ms send_other=0.000 ms send_ffn=0.000 ms wait_up_gate=0.000 ms wait_down=0.000 ms wait_other=0.000 ms wait_ffn=0.000 ms
[svd-offload-client-stage-profile] rpc_send_total=0.000 ms rpc_wait_total=0.000 ms
[svd-offload-client-debug] finish_fail_up_gate=0 finish_fail_down=0 finish_fail_other=0 finish_fail_ffn=0 cache_take_fail_up=0 cache_take_fail_gate=0 recv_up_sum_abs=0.000000e+00 recv_up_max_abs=0.000000e+00 recv_up_zero=0 recv_gate_sum_abs=0.000000e+00 recv_gate_max_abs=0.000000e+00 recv_gate_zero=0 recv_down_sum_abs=0.000000e+00 recv_down_max_abs=0.000000e+00 recv_down_zero=0 recv_other_sum_abs=0.000000e+00 recv_other_max_abs=0.000000e+00 recv_other_zero=0 recv_ffn_sum_abs=0.000000e+00 recv_ffn_max_abs=0.000000e+00 recv_ffn_zero=0
SUCCEED (one forward pass done)"
candidate,8c_high,2,all_0.1,,8,"60,61,62,63,64,65,66,67","30,40,50,60,70,80,90,100",ok,29.7507,33.6127,1.0376727379266566,,,,1.4254045486450195,"llama_context: graph splits = 1
attach_threadpool: call
threads: decode=8 batch=8
prompt tokens: 4
running one forward pass (llama_decode) ...
Top-5 next-token candidates:
  id=3 logit=0 piece=""$""
  id=4 logit=0 piece=""%""
  id=1 logit=0 piece=""""""
  id=0 logit=0 piece=""!""
  id=2 logit=0 piece=""#""
Autoregressive generation:
Generated text: !
Decode-only throughput: 29.7507 tokens/s (1 tokens in 0.0336127 s of llama_decode)
End-to-end throughput: 29.464 tokens/s (1 tokens in 0.0339397 s)
[decode-stage-profile] model_load=400.004 ms context_create=58.1785 ms tokenize=0.480281 ms prefill_decode=764.637 ms generation_decode=33.6127 ms generation_total=33.9397 ms program_total=1273.85 ms
[svd-local-op-profile] up_ops=56 gate_ops=56 down_ops=56 up_total=72.987 ms gate_total=60.229 ms down_total=62.203 ms up_v=24.116 ms gate_v=12.451 ms down_v=30.547 ms up_u=48.866 ms gate_u=47.770 ms down_u=31.652 ms
[svd-local-stage-profile] attention_total=138.846 ms ffn_total=257.507 ms ffn_svd_total=195.419 ms ffn_svd_v=67.114 ms ffn_svd_u=128.288 ms
[svd-offload-zero-profile] up_finish=0 up_cache=0 up_no_request=27 gate_finish=0 gate_cache=0 gate_no_request=27 down_finish=0 down_cache=0 down_no_request=27 other_finish=0 other_cache=0 other_no_request=0
[svd-local-timeout-profile] up_keep=0 up_drop=0 up_wait=0.000 ms gate_keep=0 gate_drop=0 gate_wait=0.000 ms down_keep=0 down_drop=0 down_wait=0.000 ms other_keep=0 other_drop=0 other_wait=0.000 ms
[svd-offload-client] up_gate_req=0 down_req=0 other_mat_req=0 ffn_req=0 gate_cache_hits=0 gate_cache_checks=0 miss_invalid=0 miss_layer=0 miss_rank=0 miss_hash=0 miss_output=0 miss_data=0 send_up_gate=0.000 ms send_down=0.000 ms send_other=0.000 ms send_ffn=0.000 ms wait_up_gate=0.000 ms wait_down=0.000 ms wait_other=0.000 ms wait_ffn=0.000 ms
[svd-offload-client-stage-profile] rpc_send_total=0.000 ms rpc_wait_total=0.000 ms
[svd-offload-client-debug] finish_fail_up_gate=0 finish_fail_down=0 finish_fail_other=0 finish_fail_ffn=0 cache_take_fail_up=0 cache_take_fail_gate=0 recv_up_sum_abs=0.000000e+00 recv_up_max_abs=0.000000e+00 recv_up_zero=0 recv_gate_sum_abs=0.000000e+00 recv_gate_max_abs=0.000000e+00 recv_gate_zero=0 recv_down_sum_abs=0.000000e+00 recv_down_max_abs=0.000000e+00 recv_down_zero=0 recv_other_sum_abs=0.000000e+00 recv_other_max_abs=0.000000e+00 recv_other_zero=0 recv_ffn_sum_abs=0.000000e+00 recv_ffn_max_abs=0.000000e+00 recv_ffn_zero=0
SUCCEED (one forward pass done)"
candidate,8c_high,2,all_0.2,,8,"60,61,62,63,64,65,66,67","30,40,50,60,70,80,90,100",ok,32.8636,30.4288,1.146247375360125,,,,1.7512216567993164,"llama_context: graph splits = 1
attach_threadpool: call
threads: decode=8 batch=8
prompt tokens: 4
running one forward pass (llama_decode) ...
Top-5 next-token candidates:
  id=3 logit=0 piece=""$""
  id=4 logit=0 piece=""%""
  id=1 logit=0 piece=""""""
  id=0 logit=0 piece=""!""
  id=2 logit=0 piece=""#""
Autoregressive generation:
Generated text: !
Decode-only throughput: 32.8636 tokens/s (1 tokens in 0.0304288 s of llama_decode)
End-to-end throughput: 32.5084 tokens/s (1 tokens in 0.0307613 s)
[decode-stage-profile] model_load=392.449 ms context_create=58.4401 ms tokenize=0.492808 ms prefill_decode=1088.59 ms generation_decode=30.4288 ms generation_total=30.7613 ms program_total=1587.93 ms
[svd-local-op-profile] up_ops=56 gate_ops=56 down_ops=56 up_total=66.999 ms gate_total=65.313 ms down_total=60.942 ms up_v=18.315 ms gate_v=18.066 ms down_v=26.254 ms up_u=48.675 ms gate_u=47.243 ms down_u=34.684 ms
[svd-local-stage-profile] attention_total=172.702 ms ffn_total=265.340 ms ffn_svd_total=193.254 ms ffn_svd_v=62.635 ms ffn_svd_u=130.602 ms
[svd-offload-zero-profile] up_finish=0 up_cache=0 up_no_request=27 gate_finish=0 gate_cache=0 gate_no_request=27 down_finish=0 down_cache=0 down_no_request=27 other_finish=0 other_cache=0 other_no_request=0
[svd-local-timeout-profile] up_keep=0 up_drop=0 up_wait=0.000 ms gate_keep=0 gate_drop=0 gate_wait=0.000 ms down_keep=0 down_drop=0 down_wait=0.000 ms other_keep=0 other_drop=0 other_wait=0.000 ms
[svd-offload-client] up_gate_req=0 down_req=0 other_mat_req=0 ffn_req=0 gate_cache_hits=0 gate_cache_checks=0 miss_invalid=0 miss_layer=0 miss_rank=0 miss_hash=0 miss_output=0 miss_data=0 send_up_gate=0.000 ms send_down=0.000 ms send_other=0.000 ms send_ffn=0.000 ms wait_up_gate=0.000 ms wait_down=0.000 ms wait_other=0.000 ms wait_ffn=0.000 ms
[svd-offload-client-stage-profile] rpc_send_total=0.000 ms rpc_wait_total=0.000 ms
[svd-offload-client-debug] finish_fail_up_gate=0 finish_fail_down=0 finish_fail_other=0 finish_fail_ffn=0 cache_take_fail_up=0 cache_take_fail_gate=0 recv_up_sum_abs=0.000000e+00 recv_up_max_abs=0.000000e+00 recv_up_zero=0 recv_gate_sum_abs=0.000000e+00 recv_gate_max_abs=0.000000e+00 recv_gate_zero=0 recv_down_sum_abs=0.000000e+00 recv_down_max_abs=0.000000e+00 recv_down_zero=0 recv_other_sum_abs=0.000000e+00 recv_other_max_abs=0.000000e+00 recv_other_zero=0 recv_ffn_sum_abs=0.000000e+00 recv_ffn_max_abs=0.000000e+00 recv_ffn_zero=0
SUCCEED (one forward pass done)"
candidate,8c_high,2,all_0.3,,8,"60,61,62,63,64,65,66,67","30,40,50,60,70,80,90,100",ok,34.22,29.2227,1.1935571630869253,,,,0.8530874252319336,"llama_context: graph splits = 1
attach_threadpool: call
threads: decode=8 batch=8
prompt tokens: 4
running one forward pass (llama_decode) ...
Top-5 next-token candidates:
  id=3 logit=0 piece=""$""
  id=4 logit=0 piece=""%""
  id=1 logit=0 piece=""""""
  id=0 logit=0 piece=""!""
  id=2 logit=0 piece=""#""
Autoregressive generation:
Generated text: !
Decode-only throughput: 34.22 tokens/s (1 tokens in 0.0292227 s of llama_decode)
End-to-end throughput: 33.8454 tokens/s (1 tokens in 0.0295461 s)
[decode-stage-profile] model_load=392.964 ms context_create=58.1395 ms tokenize=0.49034 ms prefill_decode=196.07 ms generation_decode=29.2227 ms generation_total=29.5461 ms program_total=693.944 ms
[svd-local-op-profile] up_ops=56 gate_ops=56 down_ops=56 up_total=20.678 ms gate_total=26.019 ms down_total=16.904 ms up_v=5.083 ms gate_v=4.729 ms down_v=10.816 ms up_u=15.588 ms gate_u=21.279 ms down_u=6.081 ms
[svd-local-stage-profile] attention_total=55.367 ms ffn_total=64.806 ms ffn_svd_total=63.601 ms ffn_svd_v=20.628 ms ffn_svd_u=42.948 ms
[svd-offload-zero-profile] up_finish=0 up_cache=0 up_no_request=27 gate_finish=0 gate_cache=0 gate_no_request=27 down_finish=0 down_cache=0 down_no_request=27 other_finish=0 other_cache=0 other_no_request=0
[svd-local-timeout-profile] up_keep=0 up_drop=0 up_wait=0.000 ms gate_keep=0 gate_drop=0 gate_wait=0.000 ms down_keep=0 down_drop=0 down_wait=0.000 ms other_keep=0 other_drop=0 other_wait=0.000 ms
[svd-offload-client] up_gate_req=0 down_req=0 other_mat_req=0 ffn_req=0 gate_cache_hits=0 gate_cache_checks=0 miss_invalid=0 miss_layer=0 miss_rank=0 miss_hash=0 miss_output=0 miss_data=0 send_up_gate=0.000 ms send_down=0.000 ms send_other=0.000 ms send_ffn=0.000 ms wait_up_gate=0.000 ms wait_down=0.000 ms wait_other=0.000 ms wait_ffn=0.000 ms
[svd-offload-client-stage-profile] rpc_send_total=0.000 ms rpc_wait_total=0.000 ms
[svd-offload-client-debug] finish_fail_up_gate=0 finish_fail_down=0 finish_fail_other=0 finish_fail_ffn=0 cache_take_fail_up=0 cache_take_fail_gate=0 recv_up_sum_abs=0.000000e+00 recv_up_max_abs=0.000000e+00 recv_up_zero=0 recv_gate_sum_abs=0.000000e+00 recv_gate_max_abs=0.000000e+00 recv_gate_zero=0 recv_down_sum_abs=0.000000e+00 recv_down_max_abs=0.000000e+00 recv_down_zero=0 recv_other_sum_abs=0.000000e+00 recv_other_max_abs=0.000000e+00 recv_other_zero=0 recv_ffn_sum_abs=0.000000e+00 recv_ffn_max_abs=0.000000e+00 recv_ffn_zero=0
SUCCEED (one forward pass done)"
candidate,8c_high,2,all_0.35,,8,"60,61,62,63,64,65,66,67","30,40,50,60,70,80,90,100",ok,32.6353,30.6416,1.1382845144503428,,,,2.3303050994873047,"llama_context: graph splits = 1
attach_threadpool: call
threads: decode=8 batch=8
prompt tokens: 4
running one forward pass (llama_decode) ...
Top-5 next-token candidates:
  id=3 logit=0 piece=""$""
  id=4 logit=0 piece=""%""
  id=1 logit=0 piece=""""""
  id=0 logit=0 piece=""!""
  id=2 logit=0 piece=""#""
Autoregressive generation:
Generated text: !
Decode-only throughput: 32.6353 tokens/s (1 tokens in 0.0306416 s of llama_decode)
End-to-end throughput: 32.2883 tokens/s (1 tokens in 0.030971 s)
[decode-stage-profile] model_load=394.366 ms context_create=58.1131 ms tokenize=0.462423 ms prefill_decode=1668.7 ms generation_decode=30.6416 ms generation_total=30.971 ms program_total=2169.71 ms
[svd-local-op-profile] up_ops=56 gate_ops=56 down_ops=56 up_total=107.057 ms gate_total=105.475 ms down_total=82.294 ms up_v=33.522 ms gate_v=31.490 ms down_v=34.221 ms up_u=73.532 ms gate_u=73.980 ms down_u=48.071 ms
[svd-local-stage-profile] attention_total=220.297 ms ffn_total=426.042 ms ffn_svd_total=294.826 ms ffn_svd_v=99.233 ms ffn_svd_u=195.583 ms
[svd-offload-zero-profile] up_finish=0 up_cache=0 up_no_request=27 gate_finish=0 gate_cache=0 gate_no_request=27 down_finish=0 down_cache=0 down_no_request=27 other_finish=0 other_cache=0 other_no_request=0
[svd-local-timeout-profile] up_keep=0 up_drop=0 up_wait=0.000 ms gate_keep=0 gate_drop=0 gate_wait=0.000 ms down_keep=0 down_drop=0 down_wait=0.000 ms other_keep=0 other_drop=0 other_wait=0.000 ms
[svd-offload-client] up_gate_req=0 down_req=0 other_mat_req=0 ffn_req=0 gate_cache_hits=0 gate_cache_checks=0 miss_invalid=0 miss_layer=0 miss_rank=0 miss_hash=0 miss_output=0 miss_data=0 send_up_gate=0.000 ms send_down=0.000 ms send_other=0.000 ms send_ffn=0.000 ms wait_up_gate=0.000 ms wait_down=0.000 ms wait_other=0.000 ms wait_ffn=0.000 ms
[svd-offload-client-stage-profile] rpc_send_total=0.000 ms rpc_wait_total=0.000 ms
[svd-offload-client-debug] finish_fail_up_gate=0 finish_fail_down=0 finish_fail_other=0 finish_fail_ffn=0 cache_take_fail_up=0 cache_take_fail_gate=0 recv_up_sum_abs=0.000000e+00 recv_up_max_abs=0.000000e+00 recv_up_zero=0 recv_gate_sum_abs=0.000000e+00 recv_gate_max_abs=0.000000e+00 recv_gate_zero=0 recv_down_sum_abs=0.000000e+00 recv_down_max_abs=0.000000e+00 recv_down_zero=0 recv_other_sum_abs=0.000000e+00 recv_other_max_abs=0.000000e+00 recv_other_zero=0 recv_ffn_sum_abs=0.000000e+00 recv_ffn_max_abs=0.000000e+00 recv_ffn_zero=0
SUCCEED (one forward pass done)"
candidate,8c_high,2,all_0.4,,8,"60,61,62,63,64,65,66,67","30,40,50,60,70,80,90,100",ok,29.3759,34.0415,1.0246001130077502,,,,3.2070066928863525,"llama_context: graph splits = 1
attach_threadpool: call
threads: decode=8 batch=8
prompt tokens: 4
running one forward pass (llama_decode) ...
Top-5 next-token candidates:
  id=3 logit=0 piece=""$""
  id=4 logit=0 piece=""%""
  id=1 logit=0 piece=""""""
  id=0 logit=0 piece=""!""
  id=2 logit=0 piece=""#""
Autoregressive generation:
Generated text: !
Decode-only throughput: 29.3759 tokens/s (1 tokens in 0.0340415 s of llama_decode)
End-to-end throughput: 29.0942 tokens/s (1 tokens in 0.0343711 s)
[decode-stage-profile] model_load=396.22 ms context_create=58.4881 ms tokenize=0.466134 ms prefill_decode=2541.27 ms generation_decode=34.0415 ms generation_total=34.3711 ms program_total=3048.18 ms
[svd-local-op-profile] up_ops=56 gate_ops=56 down_ops=56 up_total=130.428 ms gate_total=129.239 ms down_total=129.558 ms up_v=37.917 ms gate_v=38.818 ms down_v=52.256 ms up_u=92.509 ms gate_u=90.416 ms down_u=77.299 ms
[svd-local-stage-profile] attention_total=381.157 ms ffn_total=585.548 ms ffn_svd_total=389.225 ms ffn_svd_v=128.991 ms ffn_svd_u=260.224 ms
[svd-offload-zero-profile] up_finish=0 up_cache=0 up_no_request=27 gate_finish=0 gate_cache=0 gate_no_request=27 down_finish=0 down_cache=0 down_no_request=27 other_finish=0 other_cache=0 other_no_request=0
[svd-local-timeout-profile] up_keep=0 up_drop=0 up_wait=0.000 ms gate_keep=0 gate_drop=0 gate_wait=0.000 ms down_keep=0 down_drop=0 down_wait=0.000 ms other_keep=0 other_drop=0 other_wait=0.000 ms
[svd-offload-client] up_gate_req=0 down_req=0 other_mat_req=0 ffn_req=0 gate_cache_hits=0 gate_cache_checks=0 miss_invalid=0 miss_layer=0 miss_rank=0 miss_hash=0 miss_output=0 miss_data=0 send_up_gate=0.000 ms send_down=0.000 ms send_other=0.000 ms send_ffn=0.000 ms wait_up_gate=0.000 ms wait_down=0.000 ms wait_other=0.000 ms wait_ffn=0.000 ms
[svd-offload-client-stage-profile] rpc_send_total=0.000 ms rpc_wait_total=0.000 ms
[svd-offload-client-debug] finish_fail_up_gate=0 finish_fail_down=0 finish_fail_other=0 finish_fail_ffn=0 cache_take_fail_up=0 cache_take_fail_gate=0 recv_up_sum_abs=0.000000e+00 recv_up_max_abs=0.000000e+00 recv_up_zero=0 recv_gate_sum_abs=0.000000e+00 recv_gate_max_abs=0.000000e+00 recv_gate_zero=0 recv_down_sum_abs=0.000000e+00 recv_down_max_abs=0.000000e+00 recv_down_zero=0 recv_other_sum_abs=0.000000e+00 recv_other_max_abs=0.000000e+00 recv_other_zero=0 recv_ffn_sum_abs=0.000000e+00 recv_ffn_max_abs=0.000000e+00 recv_ffn_zero=0
SUCCEED (one forward pass done)"
candidate,8c_high,2,all_0.45,,8,"60,61,62,63,64,65,66,67","30,40,50,60,70,80,90,100",ok,33.0013,30.3019,1.1510502047393498,,,,3.210462808609009,"llama_context: graph splits = 1
attach_threadpool: call
threads: decode=8 batch=8
prompt tokens: 4
running one forward pass (llama_decode) ...
Top-5 next-token candidates:
  id=3 logit=0 piece=""$""
  id=4 logit=0 piece=""%""
  id=1 logit=0 piece=""""""
  id=0 logit=0 piece=""!""
  id=2 logit=0 piece=""#""
Autoregressive generation:
Generated text: !
Decode-only throughput: 33.0013 tokens/s (1 tokens in 0.0303019 s of llama_decode)
End-to-end throughput: 32.6329 tokens/s (1 tokens in 0.0306439 s)
[decode-stage-profile] model_load=393.33 ms context_create=58.7178 ms tokenize=0.454335 ms prefill_decode=2539.34 ms generation_decode=30.3019 ms generation_total=30.6439 ms program_total=3039.47 ms
[svd-local-op-profile] up_ops=56 gate_ops=56 down_ops=56 up_total=154.687 ms gate_total=154.095 ms down_total=142.284 ms up_v=49.035 ms gate_v=50.212 ms down_v=51.886 ms up_u=105.645 ms gate_u=103.879 ms down_u=90.394 ms
[svd-local-stage-profile] attention_total=281.215 ms ffn_total=704.549 ms ffn_svd_total=451.066 ms ffn_svd_v=151.133 ms ffn_svd_u=299.918 ms
[svd-offload-zero-profile] up_finish=0 up_cache=0 up_no_request=27 gate_finish=0 gate_cache=0 gate_no_request=27 down_finish=0 down_cache=0 down_no_request=27 other_finish=0 other_cache=0 other_no_request=0
[svd-local-timeout-profile] up_keep=0 up_drop=0 up_wait=0.000 ms gate_keep=0 gate_drop=0 gate_wait=0.000 ms down_keep=0 down_drop=0 down_wait=0.000 ms other_keep=0 other_drop=0 other_wait=0.000 ms
[svd-offload-client] up_gate_req=0 down_req=0 other_mat_req=0 ffn_req=0 gate_cache_hits=0 gate_cache_checks=0 miss_invalid=0 miss_layer=0 miss_rank=0 miss_hash=0 miss_output=0 miss_data=0 send_up_gate=0.000 ms send_down=0.000 ms send_other=0.000 ms send_ffn=0.000 ms wait_up_gate=0.000 ms wait_down=0.000 ms wait_other=0.000 ms wait_ffn=0.000 ms
[svd-offload-client-stage-profile] rpc_send_total=0.000 ms rpc_wait_total=0.000 ms
[svd-offload-client-debug] finish_fail_up_gate=0 finish_fail_down=0 finish_fail_other=0 finish_fail_ffn=0 cache_take_fail_up=0 cache_take_fail_gate=0 recv_up_sum_abs=0.000000e+00 recv_up_max_abs=0.000000e+00 recv_up_zero=0 recv_gate_sum_abs=0.000000e+00 recv_gate_max_abs=0.000000e+00 recv_gate_zero=0 recv_down_sum_abs=0.000000e+00 recv_down_max_abs=0.000000e+00 recv_down_zero=0 recv_other_sum_abs=0.000000e+00 recv_other_max_abs=0.000000e+00 recv_other_zero=0 recv_ffn_sum_abs=0.000000e+00 recv_ffn_max_abs=0.000000e+00 recv_ffn_zero=0
SUCCEED (one forward pass done)"
candidate,8c_high,2,all_0.5,,8,"60,61,62,63,64,65,66,67","30,40,50,60,70,80,90,100",ok,35.7625,27.9623,1.2473579206573984,,,,1.886531114578247,"llama_context: graph splits = 1
attach_threadpool: call
threads: decode=8 batch=8
prompt tokens: 4
running one forward pass (llama_decode) ...
Top-5 next-token candidates:
  id=11 logit=15.272 piece="",""
  id=12 logit=14.9123 piece=""-""
  id=51730 logit=14.8613 piece="" Ri""
  id=6216 logit=14.8165 piece="" ir""
  id=472 logit=14.5534 piece="" H""
Autoregressive generation:
Generated text: ,
Decode-only throughput: 35.7625 tokens/s (1 tokens in 0.0279623 s of llama_decode)
End-to-end throughput: 35.34 tokens/s (1 tokens in 0.0282966 s)
[decode-stage-profile] model_load=399.482 ms context_create=62.2073 ms tokenize=0.495045 ms prefill_decode=1215 ms generation_decode=27.9623 ms generation_total=28.2966 ms program_total=1722.55 ms
[svd-local-op-profile] up_ops=56 gate_ops=56 down_ops=56 up_total=62.506 ms gate_total=68.683 ms down_total=52.948 ms up_v=19.378 ms gate_v=21.296 ms down_v=21.600 ms up_u=43.122 ms gate_u=47.381 ms down_u=31.346 ms
[svd-local-stage-profile] attention_total=186.343 ms ffn_total=259.960 ms ffn_svd_total=184.137 ms ffn_svd_v=62.274 ms ffn_svd_u=121.849 ms
[svd-offload-zero-profile] up_finish=0 up_cache=0 up_no_request=27 gate_finish=0 gate_cache=0 gate_no_request=27 down_finish=0 down_cache=0 down_no_request=27 other_finish=0 other_cache=0 other_no_request=0
[svd-local-timeout-profile] up_keep=0 up_drop=0 up_wait=0.000 ms gate_keep=0 gate_drop=0 gate_wait=0.000 ms down_keep=0 down_drop=0 down_wait=0.000 ms other_keep=0 other_drop=0 other_wait=0.000 ms
[svd-offload-client] up_gate_req=0 down_req=0 other_mat_req=0 ffn_req=0 gate_cache_hits=0 gate_cache_checks=0 miss_invalid=0 miss_layer=0 miss_rank=0 miss_hash=0 miss_output=0 miss_data=0 send_up_gate=0.000 ms send_down=0.000 ms send_other=0.000 ms send_ffn=0.000 ms wait_up_gate=0.000 ms wait_down=0.000 ms wait_other=0.000 ms wait_ffn=0.000 ms
[svd-offload-client-stage-profile] rpc_send_total=0.000 ms rpc_wait_total=0.000 ms
[svd-offload-client-debug] finish_fail_up_gate=0 finish_fail_down=0 finish_fail_other=0 finish_fail_ffn=0 cache_take_fail_up=0 cache_take_fail_gate=0 recv_up_sum_abs=0.000000e+00 recv_up_max_abs=0.000000e+00 recv_up_zero=0 recv_gate_sum_abs=0.000000e+00 recv_gate_max_abs=0.000000e+00 recv_gate_zero=0 recv_down_sum_abs=0.000000e+00 recv_down_max_abs=0.000000e+00 recv_down_zero=0 recv_other_sum_abs=0.000000e+00 recv_other_max_abs=0.000000e+00 recv_other_zero=0 recv_ffn_sum_abs=0.000000e+00 recv_ffn_max_abs=0.000000e+00 recv_ffn_zero=0
SUCCEED (one forward pass done)"
candidate,8c_high,2,trunc_even_0.8,,8,"60,61,62,63,64,65,66,67","30,40,50,60,70,80,90,100",ok,28.8618,34.6478,1.0066688524132734,,,,3.209291934967041,"llama_context: graph splits = 1
attach_threadpool: call
threads: decode=8 batch=8
prompt tokens: 4
running one forward pass (llama_decode) ...
Top-5 next-token candidates:
  id=3 logit=0 piece=""$""
  id=4 logit=0 piece=""%""
  id=1 logit=0 piece=""""""
  id=0 logit=0 piece=""!""
  id=2 logit=0 piece=""#""
Autoregressive generation:
Generated text: !
Decode-only throughput: 28.8618 tokens/s (1 tokens in 0.0346478 s of llama_decode)
End-to-end throughput: 28.5835 tokens/s (1 tokens in 0.0349852 s)
[decode-stage-profile] model_load=389.747 ms context_create=58.4163 ms tokenize=0.502475 ms prefill_decode=2533.75 ms generation_decode=34.6478 ms generation_total=34.9852 ms program_total=3038.39 ms
[svd-local-op-profile] up_ops=56 gate_ops=56 down_ops=56 up_total=148.521 ms gate_total=155.312 ms down_total=122.601 ms up_v=44.216 ms gate_v=46.349 ms down_v=47.802 ms up_u=104.302 ms gate_u=108.956 ms down_u=74.793 ms
[svd-local-stage-profile] attention_total=371.779 ms ffn_total=627.511 ms ffn_svd_total=426.434 ms ffn_svd_v=138.367 ms ffn_svd_u=288.051 ms
[svd-offload-zero-profile] up_finish=0 up_cache=0 up_no_request=27 gate_finish=0 gate_cache=0 gate_no_request=27 down_finish=0 down_cache=0 down_no_request=27 other_finish=0 other_cache=0 other_no_request=0
[svd-local-timeout-profile] up_keep=0 up_drop=0 up_wait=0.000 ms gate_keep=0 gate_drop=0 gate_wait=0.000 ms down_keep=0 down_drop=0 down_wait=0.000 ms other_keep=0 other_drop=0 other_wait=0.000 ms
[svd-offload-client] up_gate_req=0 down_req=0 other_mat_req=0 ffn_req=0 gate_cache_hits=0 gate_cache_checks=0 miss_invalid=0 miss_layer=0 miss_rank=0 miss_hash=0 miss_output=0 miss_data=0 send_up_gate=0.000 ms send_down=0.000 ms send_other=0.000 ms send_ffn=0.000 ms wait_up_gate=0.000 ms wait_down=0.000 ms wait_other=0.000 ms wait_ffn=0.000 ms
[svd-offload-client-stage-profile] rpc_send_total=0.000 ms rpc_wait_total=0.000 ms
[svd-offload-client-debug] finish_fail_up_gate=0 finish_fail_down=0 finish_fail_other=0 finish_fail_ffn=0 cache_take_fail_up=0 cache_take_fail_gate=0 recv_up_sum_abs=0.000000e+00 recv_up_max_abs=0.000000e+00 recv_up_zero=0 recv_gate_sum_abs=0.000000e+00 recv_gate_max_abs=0.000000e+00 recv_gate_zero=0 recv_down_sum_abs=0.000000e+00 recv_down_max_abs=0.000000e+00 recv_down_zero=0 recv_other_sum_abs=0.000000e+00 recv_other_max_abs=0.000000e+00 recv_other_zero=0 recv_ffn_sum_abs=0.000000e+00 recv_ffn_max_abs=0.000000e+00 recv_ffn_zero=0
SUCCEED (one forward pass done)"
candidate,8c_high,2,trunc_even_0.85,,8,"60,61,62,63,64,65,66,67","30,40,50,60,70,80,90,100",ok,27.5045,36.3576,0.959327673644779,,,,3.2058918476104736,"llama_context: graph splits = 1
attach_threadpool: call
threads: decode=8 batch=8
prompt tokens: 4
running one forward pass (llama_decode) ...
Top-5 next-token candidates:
  id=3 logit=0 piece=""$""
  id=4 logit=0 piece=""%""
  id=1 logit=0 piece=""""""
  id=0 logit=0 piece=""!""
  id=2 logit=0 piece=""#""
Autoregressive generation:
Generated text: !
Decode-only throughput: 27.5045 tokens/s (1 tokens in 0.0363576 s of llama_decode)
End-to-end throughput: 27.2444 tokens/s (1 tokens in 0.0367048 s)
[decode-stage-profile] model_load=396.572 ms context_create=61.7572 ms tokenize=0.452614 ms prefill_decode=2521.93 ms generation_decode=36.3576 ms generation_total=36.7048 ms program_total=3034.7 ms
[svd-local-op-profile] up_ops=56 gate_ops=56 down_ops=56 up_total=148.894 ms gate_total=131.364 ms down_total=149.455 ms up_v=44.506 ms gate_v=39.169 ms down_v=50.136 ms up_u=104.381 ms gate_u=92.185 ms down_u=99.313 ms
[svd-local-stage-profile] attention_total=347.457 ms ffn_total=658.602 ms ffn_svd_total=429.713 ms ffn_svd_v=133.811 ms ffn_svd_u=295.879 ms
[svd-offload-zero-profile] up_finish=0 up_cache=0 up_no_request=27 gate_finish=0 gate_cache=0 gate_no_request=27 down_finish=0 down_cache=0 down_no_request=27 other_finish=0 other_cache=0 other_no_request=0
[svd-local-timeout-profile] up_keep=0 up_drop=0 up_wait=0.000 ms gate_keep=0 gate_drop=0 gate_wait=0.000 ms down_keep=0 down_drop=0 down_wait=0.000 ms other_keep=0 other_drop=0 other_wait=0.000 ms
[svd-offload-client] up_gate_req=0 down_req=0 other_mat_req=0 ffn_req=0 gate_cache_hits=0 gate_cache_checks=0 miss_invalid=0 miss_layer=0 miss_rank=0 miss_hash=0 miss_output=0 miss_data=0 send_up_gate=0.000 ms send_down=0.000 ms send_other=0.000 ms send_ffn=0.000 ms wait_up_gate=0.000 ms wait_down=0.000 ms wait_other=0.000 ms wait_ffn=0.000 ms
[svd-offload-client-stage-profile] rpc_send_total=0.000 ms rpc_wait_total=0.000 ms
[svd-offload-client-debug] finish_fail_up_gate=0 finish_fail_down=0 finish_fail_other=0 finish_fail_ffn=0 cache_take_fail_up=0 cache_take_fail_gate=0 recv_up_sum_abs=0.000000e+00 recv_up_max_abs=0.000000e+00 recv_up_zero=0 recv_gate_sum_abs=0.000000e+00 recv_gate_max_abs=0.000000e+00 recv_gate_zero=0 recv_down_sum_abs=0.000000e+00 recv_down_max_abs=0.000000e+00 recv_down_zero=0 recv_other_sum_abs=0.000000e+00 recv_other_max_abs=0.000000e+00 recv_other_zero=0 recv_ffn_sum_abs=0.000000e+00 recv_ffn_max_abs=0.000000e+00 recv_ffn_zero=0
SUCCEED (one forward pass done)"
selected,8c_high,2,all_0.45,all_0.45,8,"60,61,62,63,64,65,66,67","30,40,50,60,70,80,90,100",ok,,,,28.6706,33.0013,1.1510502047393498,,
candidate,8c_high,3,baseline_no_svd,,8,"60,61,62,63,64,65,66,67","30,40,50,60,70,80,90,100",ok,29.1446,34.3117,1.0,,,,3.219991683959961,"llama_context: graph splits = 1
attach_threadpool: call
threads: decode=8 batch=8
prompt tokens: 4
running one forward pass (llama_decode) ...
Top-5 next-token candidates:
  id=11 logit=20.2053 piece="",""
  id=304 logit=18.9277 piece="" in""
  id=3837 logit=18.7558 piece=""，""
  id=1052 logit=18.5616 piece="" there""
  id=358 logit=17.8374 piece="" I""
Autoregressive generation:
Generated text: ,
Decode-only throughput: 29.1446 tokens/s (1 tokens in 0.0343117 s of llama_decode)
End-to-end throughput: 28.8602 tokens/s (1 tokens in 0.0346498 s)
[decode-stage-profile] model_load=390.132 ms context_create=61.7912 ms tokenize=0.499716 ms prefill_decode=2553.04 ms generation_decode=34.3117 ms generation_total=34.6498 ms program_total=3057.04 ms
[svd-local-op-profile] up_ops=56 gate_ops=56 down_ops=56 up_total=133.111 ms gate_total=135.104 ms down_total=136.477 ms up_v=43.975 ms gate_v=44.332 ms down_v=58.924 ms up_u=89.132 ms gate_u=90.766 ms down_u=77.548 ms
[svd-local-stage-profile] attention_total=382.809 ms ffn_total=591.618 ms ffn_svd_total=404.692 ms ffn_svd_v=147.231 ms ffn_svd_u=257.446 ms
[svd-offload-zero-profile] up_finish=0 up_cache=0 up_no_request=27 gate_finish=0 gate_cache=0 gate_no_request=27 down_finish=0 down_cache=0 down_no_request=27 other_finish=0 other_cache=0 other_no_request=0
[svd-local-timeout-profile] up_keep=0 up_drop=0 up_wait=0.000 ms gate_keep=0 gate_drop=0 gate_wait=0.000 ms down_keep=0 down_drop=0 down_wait=0.000 ms other_keep=0 other_drop=0 other_wait=0.000 ms
[svd-offload-client] up_gate_req=0 down_req=0 other_mat_req=0 ffn_req=0 gate_cache_hits=0 gate_cache_checks=0 miss_invalid=0 miss_layer=0 miss_rank=0 miss_hash=0 miss_output=0 miss_data=0 send_up_gate=0.000 ms send_down=0.000 ms send_other=0.000 ms send_ffn=0.000 ms wait_up_gate=0.000 ms wait_down=0.000 ms wait_other=0.000 ms wait_ffn=0.000 ms
[svd-offload-client-stage-profile] rpc_send_total=0.000 ms rpc_wait_total=0.000 ms
[svd-offload-client-debug] finish_fail_up_gate=0 finish_fail_down=0 finish_fail_other=0 finish_fail_ffn=0 cache_take_fail_up=0 cache_take_fail_gate=0 recv_up_sum_abs=0.000000e+00 recv_up_max_abs=0.000000e+00 recv_up_zero=0 recv_gate_sum_abs=0.000000e+00 recv_gate_max_abs=0.000000e+00 recv_gate_zero=0 recv_down_sum_abs=0.000000e+00 recv_down_max_abs=0.000000e+00 recv_down_zero=0 recv_other_sum_abs=0.000000e+00 recv_other_max_abs=0.000000e+00 recv_other_zero=0 recv_ffn_sum_abs=0.000000e+00 recv_ffn_max_abs=0.000000e+00 recv_ffn_zero=0
SUCCEED (one forward pass done)"
candidate,8c_high,3,all_0.1,,8,"60,61,62,63,64,65,66,67","30,40,50,60,70,80,90,100",ok,28.4415,35.1599,0.9758754623498007,,,,2.545301675796509,"llama_context: graph splits = 1
attach_threadpool: call
threads: decode=8 batch=8
prompt tokens: 4
running one forward pass (llama_decode) ...
Top-5 next-token candidates:
  id=3 logit=0 piece=""$""
  id=4 logit=0 piece=""%""
  id=1 logit=0 piece=""""""
  id=0 logit=0 piece=""!""
  id=2 logit=0 piece=""#""
Autoregressive generation:
Generated text: !
Decode-only throughput: 28.4415 tokens/s (1 tokens in 0.0351599 s of llama_decode)
End-to-end throughput: 28.1681 tokens/s (1 tokens in 0.0355012 s)
[decode-stage-profile] model_load=391.118 ms context_create=59.0641 ms tokenize=0.464613 ms prefill_decode=1875.61 ms generation_decode=35.1599 ms generation_total=35.5012 ms program_total=2379.06 ms
[svd-local-op-profile] up_ops=56 gate_ops=56 down_ops=56 up_total=112.077 ms gate_total=114.847 ms down_total=109.434 ms up_v=33.594 ms gate_v=33.535 ms down_v=45.785 ms up_u=78.476 ms gate_u=81.304 ms down_u=63.638 ms
[svd-local-stage-profile] attention_total=290.198 ms ffn_total=486.585 ms ffn_svd_total=336.358 ms ffn_svd_v=112.914 ms ffn_svd_u=223.418 ms
[svd-offload-zero-profile] up_finish=0 up_cache=0 up_no_request=27 gate_finish=0 gate_cache=0 gate_no_request=27 down_finish=0 down_cache=0 down_no_request=27 other_finish=0 other_cache=0 other_no_request=0
[svd-local-timeout-profile] up_keep=0 up_drop=0 up_wait=0.000 ms gate_keep=0 gate_drop=0 gate_wait=0.000 ms down_keep=0 down_drop=0 down_wait=0.000 ms other_keep=0 other_drop=0 other_wait=0.000 ms
[svd-offload-client] up_gate_req=0 down_req=0 other_mat_req=0 ffn_req=0 gate_cache_hits=0 gate_cache_checks=0 miss_invalid=0 miss_layer=0 miss_rank=0 miss_hash=0 miss_output=0 miss_data=0 send_up_gate=0.000 ms send_down=0.000 ms send_other=0.000 ms send_ffn=0.000 ms wait_up_gate=0.000 ms wait_down=0.000 ms wait_other=0.000 ms wait_ffn=0.000 ms
[svd-offload-client-stage-profile] rpc_send_total=0.000 ms rpc_wait_total=0.000 ms
[svd-offload-client-debug] finish_fail_up_gate=0 finish_fail_down=0 finish_fail_other=0 finish_fail_ffn=0 cache_take_fail_up=0 cache_take_fail_gate=0 recv_up_sum_abs=0.000000e+00 recv_up_max_abs=0.000000e+00 recv_up_zero=0 recv_gate_sum_abs=0.000000e+00 recv_gate_max_abs=0.000000e+00 recv_gate_zero=0 recv_down_sum_abs=0.000000e+00 recv_down_max_abs=0.000000e+00 recv_down_zero=0 recv_other_sum_abs=0.000000e+00 recv_other_max_abs=0.000000e+00 recv_other_zero=0 recv_ffn_sum_abs=0.000000e+00 recv_ffn_max_abs=0.000000e+00 recv_ffn_zero=0
SUCCEED (one forward pass done)"
candidate,8c_high,3,all_0.2,,8,"60,61,62,63,64,65,66,67","30,40,50,60,70,80,90,100",ok,32.6229,30.6534,1.1193462939961434,,,,3.194521903991699,"llama_context: graph splits = 1
attach_threadpool: call
threads: decode=8 batch=8
prompt tokens: 4
running one forward pass (llama_decode) ...
Top-5 next-token candidates:
  id=3 logit=0 piece=""$""
  id=4 logit=0 piece=""%""
  id=1 logit=0 piece=""""""
  id=0 logit=0 piece=""!""
  id=2 logit=0 piece=""#""
Autoregressive generation:
Generated text: !
Decode-only throughput: 32.6229 tokens/s (1 tokens in 0.0306534 s of llama_decode)
End-to-end throughput: 32.2436 tokens/s (1 tokens in 0.0310139 s)
[decode-stage-profile] model_load=412.07 ms context_create=60.3528 ms tokenize=0.482113 ms prefill_decode=2505.06 ms generation_decode=30.6534 ms generation_total=31.0139 ms program_total=3026.25 ms
[svd-local-op-profile] up_ops=56 gate_ops=56 down_ops=56 up_total=157.692 ms gate_total=155.853 ms down_total=125.021 ms up_v=47.247 ms gate_v=50.284 ms down_v=51.335 ms up_u=110.438 ms gate_u=105.564 ms down_u=73.683 ms
[svd-local-stage-profile] attention_total=324.624 ms ffn_total=640.272 ms ffn_svd_total=438.566 ms ffn_svd_v=148.866 ms ffn_svd_u=289.685 ms
[svd-offload-zero-profile] up_finish=0 up_cache=0 up_no_request=27 gate_finish=0 gate_cache=0 gate_no_request=27 down_finish=0 down_cache=0 down_no_request=27 other_finish=0 other_cache=0 other_no_request=0
[svd-local-timeout-profile] up_keep=0 up_drop=0 up_wait=0.000 ms gate_keep=0 gate_drop=0 gate_wait=0.000 ms down_keep=0 down_drop=0 down_wait=0.000 ms other_keep=0 other_drop=0 other_wait=0.000 ms
[svd-offload-client] up_gate_req=0 down_req=0 other_mat_req=0 ffn_req=0 gate_cache_hits=0 gate_cache_checks=0 miss_invalid=0 miss_layer=0 miss_rank=0 miss_hash=0 miss_output=0 miss_data=0 send_up_gate=0.000 ms send_down=0.000 ms send_other=0.000 ms send_ffn=0.000 ms wait_up_gate=0.000 ms wait_down=0.000 ms wait_other=0.000 ms wait_ffn=0.000 ms
[svd-offload-client-stage-profile] rpc_send_total=0.000 ms rpc_wait_total=0.000 ms
[svd-offload-client-debug] finish_fail_up_gate=0 finish_fail_down=0 finish_fail_other=0 finish_fail_ffn=0 cache_take_fail_up=0 cache_take_fail_gate=0 recv_up_sum_abs=0.000000e+00 recv_up_max_abs=0.000000e+00 recv_up_zero=0 recv_gate_sum_abs=0.000000e+00 recv_gate_max_abs=0.000000e+00 recv_gate_zero=0 recv_down_sum_abs=0.000000e+00 recv_down_max_abs=0.000000e+00 recv_down_zero=0 recv_other_sum_abs=0.000000e+00 recv_other_max_abs=0.000000e+00 recv_other_zero=0 recv_ffn_sum_abs=0.000000e+00 recv_ffn_max_abs=0.000000e+00 recv_ffn_zero=0
SUCCEED (one forward pass done)"
candidate,8c_high,3,all_0.3,,8,"60,61,62,63,64,65,66,67","30,40,50,60,70,80,90,100",ok,33.0447,30.2621,1.133818957885852,,,,3.170551061630249,"llama_context: graph splits = 1
attach_threadpool: call
threads: decode=8 batch=8
prompt tokens: 4
running one forward pass (llama_decode) ...
Top-5 next-token candidates:
  id=3 logit=0 piece=""$""
  id=4 logit=0 piece=""%""
  id=1 logit=0 piece=""""""
  id=0 logit=0 piece=""!""
  id=2 logit=0 piece=""#""
Autoregressive generation:
Generated text: !
Decode-only throughput: 33.0447 tokens/s (1 tokens in 0.0302621 s of llama_decode)
End-to-end throughput: 32.6501 tokens/s (1 tokens in 0.0306278 s)
[decode-stage-profile] model_load=394.593 ms context_create=63.2147 ms tokenize=0.457981 ms prefill_decode=2500.36 ms generation_decode=30.2621 ms generation_total=30.6278 ms program_total=3006.27 ms
[svd-local-op-profile] up_ops=56 gate_ops=56 down_ops=56 up_total=155.683 ms gate_total=147.732 ms down_total=125.898 ms up_v=53.193 ms gate_v=46.815 ms down_v=47.948 ms up_u=102.482 ms gate_u=100.908 ms down_u=77.942 ms
[svd-local-stage-profile] attention_total=327.947 ms ffn_total=639.293 ms ffn_svd_total=429.313 ms ffn_svd_v=147.956 ms ffn_svd_u=281.332 ms
[svd-offload-zero-profile] up_finish=0 up_cache=0 up_no_request=27 gate_finish=0 gate_cache=0 gate_no_request=27 down_finish=0 down_cache=0 down_no_request=27 other_finish=0 other_cache=0 other_no_request=0
[svd-local-timeout-profile] up_keep=0 up_drop=0 up_wait=0.000 ms gate_keep=0 gate_drop=0 gate_wait=0.000 ms down_keep=0 down_drop=0 down_wait=0.000 ms other_keep=0 other_drop=0 other_wait=0.000 ms
[svd-offload-client] up_gate_req=0 down_req=0 other_mat_req=0 ffn_req=0 gate_cache_hits=0 gate_cache_checks=0 miss_invalid=0 miss_layer=0 miss_rank=0 miss_hash=0 miss_output=0 miss_data=0 send_up_gate=0.000 ms send_down=0.000 ms send_other=0.000 ms send_ffn=0.000 ms wait_up_gate=0.000 ms wait_down=0.000 ms wait_other=0.000 ms wait_ffn=0.000 ms
[svd-offload-client-stage-profile] rpc_send_total=0.000 ms rpc_wait_total=0.000 ms
[svd-offload-client-debug] finish_fail_up_gate=0 finish_fail_down=0 finish_fail_other=0 finish_fail_ffn=0 cache_take_fail_up=0 cache_take_fail_gate=0 recv_up_sum_abs=0.000000e+00 recv_up_max_abs=0.000000e+00 recv_up_zero=0 recv_gate_sum_abs=0.000000e+00 recv_gate_max_abs=0.000000e+00 recv_gate_zero=0 recv_down_sum_abs=0.000000e+00 recv_down_max_abs=0.000000e+00 recv_down_zero=0 recv_other_sum_abs=0.000000e+00 recv_other_max_abs=0.000000e+00 recv_other_zero=0 recv_ffn_sum_abs=0.000000e+00 recv_ffn_max_abs=0.000000e+00 recv_ffn_zero=0
SUCCEED (one forward pass done)"
candidate,8c_high,3,all_0.35,,8,"60,61,62,63,64,65,66,67","30,40,50,60,70,80,90,100",ok,33.7062,29.6681,1.1565161299177207,,,,3.197175979614258,"llama_context: graph splits = 1
attach_threadpool: call
threads: decode=8 batch=8
prompt tokens: 4
running one forward pass (llama_decode) ...
Top-5 next-token candidates:
  id=3 logit=0 piece=""$""
  id=4 logit=0 piece=""%""
  id=1 logit=0 piece=""""""
  id=0 logit=0 piece=""!""
  id=2 logit=0 piece=""#""
Autoregressive generation:
Generated text: !
Decode-only throughput: 33.7062 tokens/s (1 tokens in 0.0296681 s of llama_decode)
End-to-end throughput: 33.3153 tokens/s (1 tokens in 0.0300162 s)
[decode-stage-profile] model_load=395.543 ms context_create=58.2659 ms tokenize=0.467462 ms prefill_decode=2529.41 ms generation_decode=29.6681 ms generation_total=30.0162 ms program_total=3030.87 ms
[svd-local-op-profile] up_ops=56 gate_ops=56 down_ops=56 up_total=152.828 ms gate_total=149.488 ms down_total=144.882 ms up_v=46.827 ms gate_v=49.771 ms down_v=54.526 ms up_u=105.997 ms gate_u=99.708 ms down_u=90.349 ms
[svd-local-stage-profile] attention_total=337.992 ms ffn_total=667.560 ms ffn_svd_total=447.198 ms ffn_svd_v=151.124 ms ffn_svd_u=296.054 ms
[svd-offload-zero-profile] up_finish=0 up_cache=0 up_no_request=27 gate_finish=0 gate_cache=0 gate_no_request=27 down_finish=0 down_cache=0 down_no_request=27 other_finish=0 other_cache=0 other_no_request=0
[svd-local-timeout-profile] up_keep=0 up_drop=0 up_wait=0.000 ms gate_keep=0 gate_drop=0 gate_wait=0.000 ms down_keep=0 down_drop=0 down_wait=0.000 ms other_keep=0 other_drop=0 other_wait=0.000 ms
[svd-offload-client] up_gate_req=0 down_req=0 other_mat_req=0 ffn_req=0 gate_cache_hits=0 gate_cache_checks=0 miss_invalid=0 miss_layer=0 miss_rank=0 miss_hash=0 miss_output=0 miss_data=0 send_up_gate=0.000 ms send_down=0.000 ms send_other=0.000 ms send_ffn=0.000 ms wait_up_gate=0.000 ms wait_down=0.000 ms wait_other=0.000 ms wait_ffn=0.000 ms
[svd-offload-client-stage-profile] rpc_send_total=0.000 ms rpc_wait_total=0.000 ms
[svd-offload-client-debug] finish_fail_up_gate=0 finish_fail_down=0 finish_fail_other=0 finish_fail_ffn=0 cache_take_fail_up=0 cache_take_fail_gate=0 recv_up_sum_abs=0.000000e+00 recv_up_max_abs=0.000000e+00 recv_up_zero=0 recv_gate_sum_abs=0.000000e+00 recv_gate_max_abs=0.000000e+00 recv_gate_zero=0 recv_down_sum_abs=0.000000e+00 recv_down_max_abs=0.000000e+00 recv_down_zero=0 recv_other_sum_abs=0.000000e+00 recv_other_max_abs=0.000000e+00 recv_other_zero=0 recv_ffn_sum_abs=0.000000e+00 recv_ffn_max_abs=0.000000e+00 recv_ffn_zero=0
SUCCEED (one forward pass done)"
candidate,8c_high,3,all_0.4,,8,"60,61,62,63,64,65,66,67","30,40,50,60,70,80,90,100",ok,27.8059,35.9636,0.9540669626620369,,,,3.202667474746704,"llama_context: graph splits = 1
attach_threadpool: call
threads: decode=8 batch=8
prompt tokens: 4
running one forward pass (llama_decode) ...
Top-5 next-token candidates:
  id=3 logit=0 piece=""$""
  id=4 logit=0 piece=""%""
  id=1 logit=0 piece=""""""
  id=0 logit=0 piece=""!""
  id=2 logit=0 piece=""#""
Autoregressive generation:
Generated text: !
Decode-only throughput: 27.8059 tokens/s (1 tokens in 0.0359636 s of llama_decode)
End-to-end throughput: 27.5438 tokens/s (1 tokens in 0.0363059 s)
[decode-stage-profile] model_load=389.394 ms context_create=60.7751 ms tokenize=0.452983 ms prefill_decode=2536.62 ms generation_decode=35.9636 ms generation_total=36.3059 ms program_total=3040.47 ms
[svd-local-op-profile] up_ops=56 gate_ops=56 down_ops=56 up_total=153.267 ms gate_total=150.791 ms down_total=144.236 ms up_v=47.065 ms gate_v=50.773 ms down_v=53.173 ms up_u=106.199 ms gate_u=100.015 ms down_u=91.059 ms
[svd-local-stage-profile] attention_total=335.598 ms ffn_total=659.235 ms ffn_svd_total=448.294 ms ffn_svd_v=151.011 ms ffn_svd_u=297.273 ms
[svd-offload-zero-profile] up_finish=0 up_cache=0 up_no_request=27 gate_finish=0 gate_cache=0 gate_no_request=27 down_finish=0 down_cache=0 down_no_request=27 other_finish=0 other_cache=0 other_no_request=0
[svd-local-timeout-profile] up_keep=0 up_drop=0 up_wait=0.000 ms gate_keep=0 gate_drop=0 gate_wait=0.000 ms down_keep=0 down_drop=0 down_wait=0.000 ms other_keep=0 other_drop=0 other_wait=0.000 ms
[svd-offload-client] up_gate_req=0 down_req=0 other_mat_req=0 ffn_req=0 gate_cache_hits=0 gate_cache_checks=0 miss_invalid=0 miss_layer=0 miss_rank=0 miss_hash=0 miss_output=0 miss_data=0 send_up_gate=0.000 ms send_down=0.000 ms send_other=0.000 ms send_ffn=0.000 ms wait_up_gate=0.000 ms wait_down=0.000 ms wait_other=0.000 ms wait_ffn=0.000 ms
[svd-offload-client-stage-profile] rpc_send_total=0.000 ms rpc_wait_total=0.000 ms
[svd-offload-client-debug] finish_fail_up_gate=0 finish_fail_down=0 finish_fail_other=0 finish_fail_ffn=0 cache_take_fail_up=0 cache_take_fail_gate=0 recv_up_sum_abs=0.000000e+00 recv_up_max_abs=0.000000e+00 recv_up_zero=0 recv_gate_sum_abs=0.000000e+00 recv_gate_max_abs=0.000000e+00 recv_gate_zero=0 recv_down_sum_abs=0.000000e+00 recv_down_max_abs=0.000000e+00 recv_down_zero=0 recv_other_sum_abs=0.000000e+00 recv_other_max_abs=0.000000e+00 recv_other_zero=0 recv_ffn_sum_abs=0.000000e+00 recv_ffn_max_abs=0.000000e+00 recv_ffn_zero=0
SUCCEED (one forward pass done)"
candidate,8c_high,3,all_0.45,,8,"60,61,62,63,64,65,66,67","30,40,50,60,70,80,90,100",ok,35.9995,27.7782,1.2352030907955505,,,,3.177779197692871,"llama_context: graph splits = 1
attach_threadpool: call
threads: decode=8 batch=8
prompt tokens: 4
running one forward pass (llama_decode) ...
Top-5 next-token candidates:
  id=3 logit=0 piece=""$""
  id=4 logit=0 piece=""%""
  id=1 logit=0 piece=""""""
  id=0 logit=0 piece=""!""
  id=2 logit=0 piece=""#""
Autoregressive generation:
Generated text: !
Decode-only throughput: 35.9995 tokens/s (1 tokens in 0.0277782 s of llama_decode)
End-to-end throughput: 35.5438 tokens/s (1 tokens in 0.0281343 s)
[decode-stage-profile] model_load=394.14 ms context_create=57.9178 ms tokenize=0.512916 ms prefill_decode=2520.21 ms generation_decode=27.7782 ms generation_total=28.1343 ms program_total=3017.91 ms
[svd-local-op-profile] up_ops=56 gate_ops=56 down_ops=56 up_total=153.944 ms gate_total=148.682 ms down_total=140.217 ms up_v=48.377 ms gate_v=46.622 ms down_v=57.600 ms up_u=105.559 ms gate_u=102.052 ms down_u=82.612 ms
[svd-local-stage-profile] attention_total=323.489 ms ffn_total=648.927 ms ffn_svd_total=442.843 ms ffn_svd_v=152.599 ms ffn_svd_u=290.223 ms
[svd-offload-zero-profile] up_finish=0 up_cache=0 up_no_request=27 gate_finish=0 gate_cache=0 gate_no_request=27 down_finish=0 down_cache=0 down_no_request=27 other_finish=0 other_cache=0 other_no_request=0
[svd-local-timeout-profile] up_keep=0 up_drop=0 up_wait=0.000 ms gate_keep=0 gate_drop=0 gate_wait=0.000 ms down_keep=0 down_drop=0 down_wait=0.000 ms other_keep=0 other_drop=0 other_wait=0.000 ms
[svd-offload-client] up_gate_req=0 down_req=0 other_mat_req=0 ffn_req=0 gate_cache_hits=0 gate_cache_checks=0 miss_invalid=0 miss_layer=0 miss_rank=0 miss_hash=0 miss_output=0 miss_data=0 send_up_gate=0.000 ms send_down=0.000 ms send_other=0.000 ms send_ffn=0.000 ms wait_up_gate=0.000 ms wait_down=0.000 ms wait_other=0.000 ms wait_ffn=0.000 ms
[svd-offload-client-stage-profile] rpc_send_total=0.000 ms rpc_wait_total=0.000 ms
[svd-offload-client-debug] finish_fail_up_gate=0 finish_fail_down=0 finish_fail_other=0 finish_fail_ffn=0 cache_take_fail_up=0 cache_take_fail_gate=0 recv_up_sum_abs=0.000000e+00 recv_up_max_abs=0.000000e+00 recv_up_zero=0 recv_gate_sum_abs=0.000000e+00 recv_gate_max_abs=0.000000e+00 recv_gate_zero=0 recv_down_sum_abs=0.000000e+00 recv_down_max_abs=0.000000e+00 recv_down_zero=0 recv_other_sum_abs=0.000000e+00 recv_other_max_abs=0.000000e+00 recv_other_zero=0 recv_ffn_sum_abs=0.000000e+00 recv_ffn_max_abs=0.000000e+00 recv_ffn_zero=0
SUCCEED (one forward pass done)"
candidate,8c_high,3,all_0.5,,8,"60,61,62,63,64,65,66,67","30,40,50,60,70,80,90,100",ok,36.3554,27.5062,1.2474146154004517,,,,3.1995794773101807,"llama_context: graph splits = 1
attach_threadpool: call
threads: decode=8 batch=8
prompt tokens: 4
running one forward pass (llama_decode) ...
Top-5 next-token candidates:
  id=11 logit=15.272 piece="",""
  id=12 logit=14.9123 piece=""-""
  id=51730 logit=14.8613 piece="" Ri""
  id=6216 logit=14.8165 piece="" ir""
  id=472 logit=14.5534 piece="" H""
Autoregressive generation:
Generated text: ,
Decode-only throughput: 36.3554 tokens/s (1 tokens in 0.0275062 s of llama_decode)
End-to-end throughput: 35.9212 tokens/s (1 tokens in 0.0278387 s)
[decode-stage-profile] model_load=388.701 ms context_create=59.0157 ms tokenize=0.478713 ms prefill_decode=2545.05 ms generation_decode=27.5062 ms generation_total=27.8387 ms program_total=3038.15 ms
[svd-local-op-profile] up_ops=56 gate_ops=56 down_ops=56 up_total=149.089 ms gate_total=149.770 ms down_total=148.805 ms up_v=44.816 ms gate_v=43.217 ms down_v=55.352 ms up_u=104.266 ms gate_u=106.545 ms down_u=93.451 ms
[svd-local-stage-profile] attention_total=359.768 ms ffn_total=671.783 ms ffn_svd_total=447.664 ms ffn_svd_v=143.385 ms ffn_svd_u=304.262 ms
[svd-offload-zero-profile] up_finish=0 up_cache=0 up_no_request=27 gate_finish=0 gate_cache=0 gate_no_request=27 down_finish=0 down_cache=0 down_no_request=27 other_finish=0 other_cache=0 other_no_request=0
[svd-local-timeout-profile] up_keep=0 up_drop=0 up_wait=0.000 ms gate_keep=0 gate_drop=0 gate_wait=0.000 ms down_keep=0 down_drop=0 down_wait=0.000 ms other_keep=0 other_drop=0 other_wait=0.000 ms
[svd-offload-client] up_gate_req=0 down_req=0 other_mat_req=0 ffn_req=0 gate_cache_hits=0 gate_cache_checks=0 miss_invalid=0 miss_layer=0 miss_rank=0 miss_hash=0 miss_output=0 miss_data=0 send_up_gate=0.000 ms send_down=0.000 ms send_other=0.000 ms send_ffn=0.000 ms wait_up_gate=0.000 ms wait_down=0.000 ms wait_other=0.000 ms wait_ffn=0.000 ms
[svd-offload-client-stage-profile] rpc_send_total=0.000 ms rpc_wait_total=0.000 ms
[svd-offload-client-debug] finish_fail_up_gate=0 finish_fail_down=0 finish_fail_other=0 finish_fail_ffn=0 cache_take_fail_up=0 cache_take_fail_gate=0 recv_up_sum_abs=0.000000e+00 recv_up_max_abs=0.000000e+00 recv_up_zero=0 recv_gate_sum_abs=0.000000e+00 recv_gate_max_abs=0.000000e+00 recv_gate_zero=0 recv_down_sum_abs=0.000000e+00 recv_down_max_abs=0.000000e+00 recv_down_zero=0 recv_other_sum_abs=0.000000e+00 recv_other_max_abs=0.000000e+00 recv_other_zero=0 recv_ffn_sum_abs=0.000000e+00 recv_ffn_max_abs=0.000000e+00 recv_ffn_zero=0
SUCCEED (one forward pass done)"
candidate,8c_high,3,trunc_even_0.8,,8,"60,61,62,63,64,65,66,67","30,40,50,60,70,80,90,100",ok,31.5709,31.6748,1.083250413455666,,,,1.9310221672058105,"llama_context: graph splits = 1
attach_threadpool: call
threads: decode=8 batch=8
prompt tokens: 4
running one forward pass (llama_decode) ...
Top-5 next-token candidates:
  id=3 logit=0 piece=""$""
  id=4 logit=0 piece=""%""
  id=1 logit=0 piece=""""""
  id=0 logit=0 piece=""!""
  id=2 logit=0 piece=""#""
Autoregressive generation:
Generated text: !
Decode-only throughput: 31.5709 tokens/s (1 tokens in 0.0316748 s of llama_decode)
End-to-end throughput: 31.2364 tokens/s (1 tokens in 0.032014 s)
[decode-stage-profile] model_load=390.215 ms context_create=62.59 ms tokenize=0.47294 ms prefill_decode=1272.76 ms generation_decode=31.6748 ms generation_total=32.014 ms program_total=1775.29 ms
[svd-local-op-profile] up_ops=56 gate_ops=56 down_ops=56 up_total=67.950 ms gate_total=91.678 ms down_total=56.544 ms up_v=18.484 ms gate_v=22.574 ms down_v=23.390 ms up_u=49.458 ms gate_u=69.100 ms down_u=33.144 ms
[svd-local-stage-profile] attention_total=173.485 ms ffn_total=314.922 ms ffn_svd_total=216.172 ms ffn_svd_v=64.448 ms ffn_svd_u=151.702 ms
[svd-offload-zero-profile] up_finish=0 up_cache=0 up_no_request=27 gate_finish=0 gate_cache=0 gate_no_request=27 down_finish=0 down_cache=0 down_no_request=27 other_finish=0 other_cache=0 other_no_request=0
[svd-local-timeout-profile] up_keep=0 up_drop=0 up_wait=0.000 ms gate_keep=0 gate_drop=0 gate_wait=0.000 ms down_keep=0 down_drop=0 down_wait=0.000 ms other_keep=0 other_drop=0 other_wait=0.000 ms
[svd-offload-client] up_gate_req=0 down_req=0 other_mat_req=0 ffn_req=0 gate_cache_hits=0 gate_cache_checks=0 miss_invalid=0 miss_layer=0 miss_rank=0 miss_hash=0 miss_output=0 miss_data=0 send_up_gate=0.000 ms send_down=0.000 ms send_other=0.000 ms send_ffn=0.000 ms wait_up_gate=0.000 ms wait_down=0.000 ms wait_other=0.000 ms wait_ffn=0.000 ms
[svd-offload-client-stage-profile] rpc_send_total=0.000 ms rpc_wait_total=0.000 ms
[svd-offload-client-debug] finish_fail_up_gate=0 finish_fail_down=0 finish_fail_other=0 finish_fail_ffn=0 cache_take_fail_up=0 cache_take_fail_gate=0 recv_up_sum_abs=0.000000e+00 recv_up_max_abs=0.000000e+00 recv_up_zero=0 recv_gate_sum_abs=0.000000e+00 recv_gate_max_abs=0.000000e+00 recv_gate_zero=0 recv_down_sum_abs=0.000000e+00 recv_down_max_abs=0.000000e+00 recv_down_zero=0 recv_other_sum_abs=0.000000e+00 recv_other_max_abs=0.000000e+00 recv_other_zero=0 recv_ffn_sum_abs=0.000000e+00 recv_ffn_max_abs=0.000000e+00 recv_ffn_zero=0
SUCCEED (one forward pass done)"
candidate,8c_high,3,trunc_even_0.85,,8,"60,61,62,63,64,65,66,67","30,40,50,60,70,80,90,100",ok,28.2585,35.3876,0.9695964260960864,,,,3.9008290767669678,"llama_context: graph splits = 1
attach_threadpool: call
threads: decode=8 batch=8
prompt tokens: 4
running one forward pass (llama_decode) ...
Top-5 next-token candidates:
  id=3 logit=0 piece=""$""
  id=4 logit=0 piece=""%""
  id=1 logit=0 piece=""""""
  id=0 logit=0 piece=""!""
  id=2 logit=0 piece=""#""
Autoregressive generation:
Generated text: !
Decode-only throughput: 28.2585 tokens/s (1 tokens in 0.0353876 s of llama_decode)
End-to-end throughput: 27.9984 tokens/s (1 tokens in 0.0357163 s)
[decode-stage-profile] model_load=390.769 ms context_create=56.7195 ms tokenize=0.475071 ms prefill_decode=3233.69 ms generation_decode=35.3876 ms generation_total=35.7163 ms program_total=3734.33 ms
[svd-local-op-profile] up_ops=56 gate_ops=56 down_ops=56 up_total=168.523 ms gate_total=184.474 ms down_total=169.433 ms up_v=56.412 ms gate_v=53.302 ms down_v=59.897 ms up_u=112.110 ms gate_u=131.168 ms down_u=109.534 ms
[svd-local-stage-profile] attention_total=440.830 ms ffn_total=784.217 ms ffn_svd_total=522.430 ms ffn_svd_v=169.611 ms ffn_svd_u=352.812 ms
[svd-offload-zero-profile] up_finish=0 up_cache=0 up_no_request=27 gate_finish=0 gate_cache=0 gate_no_request=27 down_finish=0 down_cache=0 down_no_request=27 other_finish=0 other_cache=0 other_no_request=0
[svd-local-timeout-profile] up_keep=0 up_drop=0 up_wait=0.000 ms gate_keep=0 gate_drop=0 gate_wait=0.000 ms down_keep=0 down_drop=0 down_wait=0.000 ms other_keep=0 other_drop=0 other_wait=0.000 ms
[svd-offload-client] up_gate_req=0 down_req=0 other_mat_req=0 ffn_req=0 gate_cache_hits=0 gate_cache_checks=0 miss_invalid=0 miss_layer=0 miss_rank=0 miss_hash=0 miss_output=0 miss_data=0 send_up_gate=0.000 ms send_down=0.000 ms send_other=0.000 ms send_ffn=0.000 ms wait_up_gate=0.000 ms wait_down=0.000 ms wait_other=0.000 ms wait_ffn=0.000 ms
[svd-offload-client-stage-profile] rpc_send_total=0.000 ms rpc_wait_total=0.000 ms
[svd-offload-client-debug] finish_fail_up_gate=0 finish_fail_down=0 finish_fail_other=0 finish_fail_ffn=0 cache_take_fail_up=0 cache_take_fail_gate=0 recv_up_sum_abs=0.000000e+00 recv_up_max_abs=0.000000e+00 recv_up_zero=0 recv_gate_sum_abs=0.000000e+00 recv_gate_max_abs=0.000000e+00 recv_gate_zero=0 recv_down_sum_abs=0.000000e+00 recv_down_max_abs=0.000000e+00 recv_down_zero=0 recv_other_sum_abs=0.000000e+00 recv_other_max_abs=0.000000e+00 recv_other_zero=0 recv_ffn_sum_abs=0.000000e+00 recv_ffn_max_abs=0.000000e+00 recv_ffn_zero=0
SUCCEED (one forward pass done)"
selected,8c_high,3,all_0.35,all_0.35,8,"60,61,62,63,64,65,66,67","30,40,50,60,70,80,90,100",ok,,,,29.1446,33.7062,1.1565161299177207,,
candidate,8c_high,4,baseline_no_svd,,8,"60,61,62,63,64,65,66,67","30,40,50,60,70,80,90,100",ok,28.0386,35.6651,1.0,,,,1.9389610290527344,"llama_context: graph splits = 1
attach_threadpool: call
threads: decode=8 batch=8
prompt tokens: 4
running one forward pass (llama_decode) ...
Top-5 next-token candidates:
  id=11 logit=20.2053 piece="",""
  id=304 logit=18.9277 piece="" in""
  id=3837 logit=18.7558 piece=""，""
  id=1052 logit=18.5616 piece="" there""
  id=358 logit=17.8374 piece="" I""
Autoregressive generation:
Generated text: ,
Decode-only throughput: 28.0386 tokens/s (1 tokens in 0.0356651 s of llama_decode)
End-to-end throughput: 27.7686 tokens/s (1 tokens in 0.0360119 s)
[decode-stage-profile] model_load=403.718 ms context_create=60.7023 ms tokenize=0.490749 ms prefill_decode=1255.34 ms generation_decode=35.6651 ms generation_total=36.0119 ms program_total=1773.65 ms
[svd-local-op-profile] up_ops=56 gate_ops=56 down_ops=56 up_total=75.702 ms gate_total=72.404 ms down_total=66.231 ms up_v=21.939 ms gate_v=25.879 ms down_v=28.767 ms up_u=53.759 ms gate_u=46.522 ms down_u=37.460 ms
[svd-local-stage-profile] attention_total=187.800 ms ffn_total=305.501 ms ffn_svd_total=214.337 ms ffn_svd_v=76.585 ms ffn_svd_u=137.741 ms
[svd-offload-zero-profile] up_finish=0 up_cache=0 up_no_request=27 gate_finish=0 gate_cache=0 gate_no_request=27 down_finish=0 down_cache=0 down_no_request=27 other_finish=0 other_cache=0 other_no_request=0
[svd-local-timeout-profile] up_keep=0 up_drop=0 up_wait=0.000 ms gate_keep=0 gate_drop=0 gate_wait=0.000 ms down_keep=0 down_drop=0 down_wait=0.000 ms other_keep=0 other_drop=0 other_wait=0.000 ms
[svd-offload-client] up_gate_req=0 down_req=0 other_mat_req=0 ffn_req=0 gate_cache_hits=0 gate_cache_checks=0 miss_invalid=0 miss_layer=0 miss_rank=0 miss_hash=0 miss_output=0 miss_data=0 send_up_gate=0.000 ms send_down=0.000 ms send_other=0.000 ms send_ffn=0.000 ms wait_up_gate=0.000 ms wait_down=0.000 ms wait_other=0.000 ms wait_ffn=0.000 ms
[svd-offload-client-stage-profile] rpc_send_total=0.000 ms rpc_wait_total=0.000 ms
[svd-offload-client-debug] finish_fail_up_gate=0 finish_fail_down=0 finish_fail_other=0 finish_fail_ffn=0 cache_take_fail_up=0 cache_take_fail_gate=0 recv_up_sum_abs=0.000000e+00 recv_up_max_abs=0.000000e+00 recv_up_zero=0 recv_gate_sum_abs=0.000000e+00 recv_gate_max_abs=0.000000e+00 recv_gate_zero=0 recv_down_sum_abs=0.000000e+00 recv_down_max_abs=0.000000e+00 recv_down_zero=0 recv_other_sum_abs=0.000000e+00 recv_other_max_abs=0.000000e+00 recv_other_zero=0 recv_ffn_sum_abs=0.000000e+00 recv_ffn_max_abs=0.000000e+00 recv_ffn_zero=0
SUCCEED (one forward pass done)"
candidate,8c_high,4,all_0.1,,8,"60,61,62,63,64,65,66,67","30,40,50,60,70,80,90,100",ok,29.9582,33.3798,1.0684627620494604,,,,3.1803479194641113,"llama_context: graph splits = 1
attach_threadpool: call
threads: decode=8 batch=8
prompt tokens: 4
running one forward pass (llama_decode) ...
Top-5 next-token candidates:
  id=3 logit=0 piece=""$""
  id=4 logit=0 piece=""%""
  id=1 logit=0 piece=""""""
  id=0 logit=0 piece=""!""
  id=2 logit=0 piece=""#""
Autoregressive generation:
Generated text: !
Decode-only throughput: 29.9582 tokens/s (1 tokens in 0.0333798 s of llama_decode)
End-to-end throughput: 29.6619 tokens/s (1 tokens in 0.0337133 s)
[decode-stage-profile] model_load=408.089 ms context_create=64.9925 ms tokenize=0.456418 ms prefill_decode=2482.83 ms generation_decode=33.3798 ms generation_total=33.7133 ms program_total=3007.46 ms
[svd-local-op-profile] up_ops=56 gate_ops=56 down_ops=56 up_total=133.655 ms gate_total=162.321 ms down_total=120.496 ms up_v=43.262 ms gate_v=54.588 ms down_v=49.797 ms up_u=90.379 ms gate_u=107.724 ms down_u=70.696 ms
[svd-local-stage-profile] attention_total=340.510 ms ffn_total=614.421 ms ffn_svd_total=416.472 ms ffn_svd_v=147.647 ms ffn_svd_u=268.799 ms
[svd-offload-zero-profile] up_finish=0 up_cache=0 up_no_request=27 gate_finish=0 gate_cache=0 gate_no_request=27 down_finish=0 down_cache=0 down_no_request=27 other_finish=0 other_cache=0 other_no_request=0
[svd-local-timeout-profile] up_keep=0 up_drop=0 up_wait=0.000 ms gate_keep=0 gate_drop=0 gate_wait=0.000 ms down_keep=0 down_drop=0 down_wait=0.000 ms other_keep=0 other_drop=0 other_wait=0.000 ms
[svd-offload-client] up_gate_req=0 down_req=0 other_mat_req=0 ffn_req=0 gate_cache_hits=0 gate_cache_checks=0 miss_invalid=0 miss_layer=0 miss_rank=0 miss_hash=0 miss_output=0 miss_data=0 send_up_gate=0.000 ms send_down=0.000 ms send_other=0.000 ms send_ffn=0.000 ms wait_up_gate=0.000 ms wait_down=0.000 ms wait_other=0.000 ms wait_ffn=0.000 ms
[svd-offload-client-stage-profile] rpc_send_total=0.000 ms rpc_wait_total=0.000 ms
[svd-offload-client-debug] finish_fail_up_gate=0 finish_fail_down=0 finish_fail_other=0 finish_fail_ffn=0 cache_take_fail_up=0 cache_take_fail_gate=0 recv_up_sum_abs=0.000000e+00 recv_up_max_abs=0.000000e+00 recv_up_zero=0 recv_gate_sum_abs=0.000000e+00 recv_gate_max_abs=0.000000e+00 recv_gate_zero=0 recv_down_sum_abs=0.000000e+00 recv_down_max_abs=0.000000e+00 recv_down_zero=0 recv_other_sum_abs=0.000000e+00 recv_other_max_abs=0.000000e+00 recv_other_zero=0 recv_ffn_sum_abs=0.000000e+00 recv_ffn_max_abs=0.000000e+00 recv_ffn_zero=0
SUCCEED (one forward pass done)"
candidate,8c_high,4,all_0.2,,8,"60,61,62,63,64,65,66,67","30,40,50,60,70,80,90,100",ok,28.8401,34.6739,1.0285855927186094,,,,3.2008395195007324,"llama_context: graph splits = 1
attach_threadpool: call
threads: decode=8 batch=8
prompt tokens: 4
running one forward pass (llama_decode) ...
Top-5 next-token candidates:
  id=3 logit=0 piece=""$""
  id=4 logit=0 piece=""%""
  id=1 logit=0 piece=""""""
  id=0 logit=0 piece=""!""
  id=2 logit=0 piece=""#""
Autoregressive generation:
Generated text: !
Decode-only throughput: 28.8401 tokens/s (1 tokens in 0.0346739 s of llama_decode)
End-to-end throughput: 28.5471 tokens/s (1 tokens in 0.0350298 s)
[decode-stage-profile] model_load=399.262 ms context_create=58.0442 ms tokenize=0.474784 ms prefill_decode=2519.88 ms generation_decode=34.6739 ms generation_total=35.0298 ms program_total=3030.02 ms
[svd-local-op-profile] up_ops=56 gate_ops=56 down_ops=56 up_total=132.041 ms gate_total=151.840 ms down_total=124.274 ms up_v=44.275 ms gate_v=46.990 ms down_v=48.110 ms up_u=87.760 ms gate_u=104.839 ms down_u=76.161 ms
[svd-local-stage-profile] attention_total=352.488 ms ffn_total=607.497 ms ffn_svd_total=408.155 ms ffn_svd_v=139.375 ms ffn_svd_u=268.760 ms
[svd-offload-zero-profile] up_finish=0 up_cache=0 up_no_request=27 gate_finish=0 gate_cache=0 gate_no_request=27 down_finish=0 down_cache=0 down_no_request=27 other_finish=0 other_cache=0 other_no_request=0
[svd-local-timeout-profile] up_keep=0 up_drop=0 up_wait=0.000 ms gate_keep=0 gate_drop=0 gate_wait=0.000 ms down_keep=0 down_drop=0 down_wait=0.000 ms other_keep=0 other_drop=0 other_wait=0.000 ms
[svd-offload-client] up_gate_req=0 down_req=0 other_mat_req=0 ffn_req=0 gate_cache_hits=0 gate_cache_checks=0 miss_invalid=0 miss_layer=0 miss_rank=0 miss_hash=0 miss_output=0 miss_data=0 send_up_gate=0.000 ms send_down=0.000 ms send_other=0.000 ms send_ffn=0.000 ms wait_up_gate=0.000 ms wait_down=0.000 ms wait_other=0.000 ms wait_ffn=0.000 ms
[svd-offload-client-stage-profile] rpc_send_total=0.000 ms rpc_wait_total=0.000 ms
[svd-offload-client-debug] finish_fail_up_gate=0 finish_fail_down=0 finish_fail_other=0 finish_fail_ffn=0 cache_take_fail_up=0 cache_take_fail_gate=0 recv_up_sum_abs=0.000000e+00 recv_up_max_abs=0.000000e+00 recv_up_zero=0 recv_gate_sum_abs=0.000000e+00 recv_gate_max_abs=0.000000e+00 recv_gate_zero=0 recv_down_sum_abs=0.000000e+00 recv_down_max_abs=0.000000e+00 recv_down_zero=0 recv_other_sum_abs=0.000000e+00 recv_other_max_abs=0.000000e+00 recv_other_zero=0 recv_ffn_sum_abs=0.000000e+00 recv_ffn_max_abs=0.000000e+00 recv_ffn_zero=0
SUCCEED (one forward pass done)"
candidate,8c_high,4,all_0.3,,8,"60,61,62,63,64,65,66,67","30,40,50,60,70,80,90,100",ok,33.1745,30.1436,1.1831724836475432,,,,3.1772029399871826,"llama_context: graph splits = 1
attach_threadpool: call
threads: decode=8 batch=8
prompt tokens: 4
running one forward pass (llama_decode) ...
Top-5 next-token candidates:
  id=3 logit=0 piece=""$""
  id=4 logit=0 piece=""%""
  id=1 logit=0 piece=""""""
  id=0 logit=0 piece=""!""
  id=2 logit=0 piece=""#""
Autoregressive generation:
Generated text: !
Decode-only throughput: 33.1745 tokens/s (1 tokens in 0.0301436 s of llama_decode)
End-to-end throughput: 32.8042 tokens/s (1 tokens in 0.0304839 s)
[decode-stage-profile] model_load=390.297 ms context_create=61.7888 ms tokenize=0.458388 ms prefill_decode=2517.03 ms generation_decode=30.1436 ms generation_total=30.4839 ms program_total=3018.13 ms
[svd-local-op-profile] up_ops=56 gate_ops=56 down_ops=56 up_total=148.866 ms gate_total=150.419 ms down_total=148.104 ms up_v=45.522 ms gate_v=47.449 ms down_v=59.088 ms up_u=103.339 ms gate_u=102.966 ms down_u=89.013 ms
[svd-local-stage-profile] attention_total=332.545 ms ffn_total=655.863 ms ffn_svd_total=447.389 ms ffn_svd_v=152.059 ms ffn_svd_u=295.318 ms
[svd-offload-zero-profile] up_finish=0 up_cache=0 up_no_request=27 gate_finish=0 gate_cache=0 gate_no_request=27 down_finish=0 down_cache=0 down_no_request=27 other_finish=0 other_cache=0 other_no_request=0
[svd-local-timeout-profile] up_keep=0 up_drop=0 up_wait=0.000 ms gate_keep=0 gate_drop=0 gate_wait=0.000 ms down_keep=0 down_drop=0 down_wait=0.000 ms other_keep=0 other_drop=0 other_wait=0.000 ms
[svd-offload-client] up_gate_req=0 down_req=0 other_mat_req=0 ffn_req=0 gate_cache_hits=0 gate_cache_checks=0 miss_invalid=0 miss_layer=0 miss_rank=0 miss_hash=0 miss_output=0 miss_data=0 send_up_gate=0.000 ms send_down=0.000 ms send_other=0.000 ms send_ffn=0.000 ms wait_up_gate=0.000 ms wait_down=0.000 ms wait_other=0.000 ms wait_ffn=0.000 ms
[svd-offload-client-stage-profile] rpc_send_total=0.000 ms rpc_wait_total=0.000 ms
[svd-offload-client-debug] finish_fail_up_gate=0 finish_fail_down=0 finish_fail_other=0 finish_fail_ffn=0 cache_take_fail_up=0 cache_take_fail_gate=0 recv_up_sum_abs=0.000000e+00 recv_up_max_abs=0.000000e+00 recv_up_zero=0 recv_gate_sum_abs=0.000000e+00 recv_gate_max_abs=0.000000e+00 recv_gate_zero=0 recv_down_sum_abs=0.000000e+00 recv_down_max_abs=0.000000e+00 recv_down_zero=0 recv_other_sum_abs=0.000000e+00 recv_other_max_abs=0.000000e+00 recv_other_zero=0 recv_ffn_sum_abs=0.000000e+00 recv_ffn_max_abs=0.000000e+00 recv_ffn_zero=0
SUCCEED (one forward pass done)"
candidate,8c_high,4,all_0.35,,8,"60,61,62,63,64,65,66,67","30,40,50,60,70,80,90,100",ok,28.7535,34.7783,1.0254969934304852,,,,3.1924924850463867,"llama_context: graph splits = 1
attach_threadpool: call
threads: decode=8 batch=8
prompt tokens: 4
running one forward pass (llama_decode) ...
Top-5 next-token candidates:
  id=3 logit=0 piece=""$""
  id=4 logit=0 piece=""%""
  id=1 logit=0 piece=""""""
  id=0 logit=0 piece=""!""
  id=2 logit=0 piece=""#""
Autoregressive generation:
Generated text: !
Decode-only throughput: 28.7535 tokens/s (1 tokens in 0.0347783 s of llama_decode)
End-to-end throughput: 28.474 tokens/s (1 tokens in 0.0351197 s)
[decode-stage-profile] model_load=387.664 ms context_create=57.7364 ms tokenize=0.504398 ms prefill_decode=2528.85 ms generation_decode=34.7783 ms generation_total=35.1197 ms program_total=3026.68 ms
[svd-local-op-profile] up_ops=56 gate_ops=56 down_ops=56 up_total=153.138 ms gate_total=150.832 ms down_total=146.331 ms up_v=48.785 ms gate_v=47.948 ms down_v=55.253 ms up_u=104.345 ms gate_u=102.879 ms down_u=91.075 ms
[svd-local-stage-profile] attention_total=343.457 ms ffn_total=661.525 ms ffn_svd_total=450.301 ms ffn_svd_v=151.986 ms ffn_svd_u=298.299 ms
[svd-offload-zero-profile] up_finish=0 up_cache=0 up_no_request=27 gate_finish=0 gate_cache=0 gate_no_request=27 down_finish=0 down_cache=0 down_no_request=27 other_finish=0 other_cache=0 other_no_request=0
[svd-local-timeout-profile] up_keep=0 up_drop=0 up_wait=0.000 ms gate_keep=0 gate_drop=0 gate_wait=0.000 ms down_keep=0 down_drop=0 down_wait=0.000 ms other_keep=0 other_drop=0 other_wait=0.000 ms
[svd-offload-client] up_gate_req=0 down_req=0 other_mat_req=0 ffn_req=0 gate_cache_hits=0 gate_cache_checks=0 miss_invalid=0 miss_layer=0 miss_rank=0 miss_hash=0 miss_output=0 miss_data=0 send_up_gate=0.000 ms send_down=0.000 ms send_other=0.000 ms send_ffn=0.000 ms wait_up_gate=0.000 ms wait_down=0.000 ms wait_other=0.000 ms wait_ffn=0.000 ms
[svd-offload-client-stage-profile] rpc_send_total=0.000 ms rpc_wait_total=0.000 ms
[svd-offload-client-debug] finish_fail_up_gate=0 finish_fail_down=0 finish_fail_other=0 finish_fail_ffn=0 cache_take_fail_up=0 cache_take_fail_gate=0 recv_up_sum_abs=0.000000e+00 recv_up_max_abs=0.000000e+00 recv_up_zero=0 recv_gate_sum_abs=0.000000e+00 recv_gate_max_abs=0.000000e+00 recv_gate_zero=0 recv_down_sum_abs=0.000000e+00 recv_down_max_abs=0.000000e+00 recv_down_zero=0 recv_other_sum_abs=0.000000e+00 recv_other_max_abs=0.000000e+00 recv_other_zero=0 recv_ffn_sum_abs=0.000000e+00 recv_ffn_max_abs=0.000000e+00 recv_ffn_zero=0
SUCCEED (one forward pass done)"
candidate,8c_high,4,all_0.4,,8,"60,61,62,63,64,65,66,67","30,40,50,60,70,80,90,100",ok,0.40007,2499.56,0.014268544078520325,,,,3.7832679748535156,"llama_context: graph splits = 1
attach_threadpool: call
threads: decode=8 batch=8
prompt tokens: 4
running one forward pass (llama_decode) ...
Top-5 next-token candidates:
  id=3 logit=0 piece=""$""
  id=4 logit=0 piece=""%""
  id=1 logit=0 piece=""""""
  id=0 logit=0 piece=""!""
  id=2 logit=0 piece=""#""
Autoregressive generation:
Generated text: !
Decode-only throughput: 0.40007 tokens/s (1 tokens in 2.49956 s of llama_decode)
End-to-end throughput: 0.400009 tokens/s (1 tokens in 2.49994 s)
[decode-stage-profile] model_load=392.708 ms context_create=60.3141 ms tokenize=0.48485 ms prefill_decode=631.064 ms generation_decode=2499.56 ms generation_total=2499.94 ms program_total=3601.14 ms
[svd-local-op-profile] up_ops=56 gate_ops=56 down_ops=56 up_total=171.109 ms gate_total=167.452 ms down_total=151.581 ms up_v=53.728 ms gate_v=52.681 ms down_v=57.068 ms up_u=117.374 ms gate_u=114.767 ms down_u=94.511 ms
[svd-local-stage-profile] attention_total=771.723 ms ffn_total=1065.586 ms ffn_svd_total=490.142 ms ffn_svd_v=163.477 ms ffn_svd_u=326.652 ms
[svd-offload-zero-profile] up_finish=0 up_cache=0 up_no_request=27 gate_finish=0 gate_cache=0 gate_no_request=27 down_finish=0 down_cache=0 down_no_request=27 other_finish=0 other_cache=0 other_no_request=0
[svd-local-timeout-profile] up_keep=0 up_drop=0 up_wait=0.000 ms gate_keep=0 gate_drop=0 gate_wait=0.000 ms down_keep=0 down_drop=0 down_wait=0.000 ms other_keep=0 other_drop=0 other_wait=0.000 ms
[svd-offload-client] up_gate_req=0 down_req=0 other_mat_req=0 ffn_req=0 gate_cache_hits=0 gate_cache_checks=0 miss_invalid=0 miss_layer=0 miss_rank=0 miss_hash=0 miss_output=0 miss_data=0 send_up_gate=0.000 ms send_down=0.000 ms send_other=0.000 ms send_ffn=0.000 ms wait_up_gate=0.000 ms wait_down=0.000 ms wait_other=0.000 ms wait_ffn=0.000 ms
[svd-offload-client-stage-profile] rpc_send_total=0.000 ms rpc_wait_total=0.000 ms
[svd-offload-client-debug] finish_fail_up_gate=0 finish_fail_down=0 finish_fail_other=0 finish_fail_ffn=0 cache_take_fail_up=0 cache_take_fail_gate=0 recv_up_sum_abs=0.000000e+00 recv_up_max_abs=0.000000e+00 recv_up_zero=0 recv_gate_sum_abs=0.000000e+00 recv_gate_max_abs=0.000000e+00 recv_gate_zero=0 recv_down_sum_abs=0.000000e+00 recv_down_max_abs=0.000000e+00 recv_down_zero=0 recv_other_sum_abs=0.000000e+00 recv_other_max_abs=0.000000e+00 recv_other_zero=0 recv_ffn_sum_abs=0.000000e+00 recv_ffn_max_abs=0.000000e+00 recv_ffn_zero=0
SUCCEED (one forward pass done)"
candidate,8c_high,4,all_0.45,,8,"60,61,62,63,64,65,66,67","30,40,50,60,70,80,90,100",ok,32.3988,30.8653,1.1555070509939869,,,,3.2436141967773438,"llama_context: graph splits = 1
attach_threadpool: call
threads: decode=8 batch=8
prompt tokens: 4
running one forward pass (llama_decode) ...
Top-5 next-token candidates:
  id=3 logit=0 piece=""$""
  id=4 logit=0 piece=""%""
  id=1 logit=0 piece=""""""
  id=0 logit=0 piece=""!""
  id=2 logit=0 piece=""#""
Autoregressive generation:
Generated text: !
Decode-only throughput: 32.3988 tokens/s (1 tokens in 0.0308653 s of llama_decode)
End-to-end throughput: 32.0216 tokens/s (1 tokens in 0.0312289 s)
[decode-stage-profile] model_load=388.719 ms context_create=60.3156 ms tokenize=0.467337 ms prefill_decode=2577.83 ms generation_decode=30.8653 ms generation_total=31.2289 ms program_total=3075.81 ms
[svd-local-op-profile] up_ops=56 gate_ops=56 down_ops=56 up_total=148.018 ms gate_total=151.152 ms down_total=141.654 ms up_v=47.851 ms gate_v=46.449 ms down_v=53.401 ms up_u=100.162 ms gate_u=104.696 ms down_u=88.245 ms
[svd-local-stage-profile] attention_total=402.612 ms ffn_total=640.411 ms ffn_svd_total=440.824 ms ffn_svd_v=147.701 ms ffn_svd_u=293.103 ms
[svd-offload-zero-profile] up_finish=0 up_cache=0 up_no_request=27 gate_finish=0 gate_cache=0 gate_no_request=27 down_finish=0 down_cache=0 down_no_request=27 other_finish=0 other_cache=0 other_no_request=0
[svd-local-timeout-profile] up_keep=0 up_drop=0 up_wait=0.000 ms gate_keep=0 gate_drop=0 gate_wait=0.000 ms down_keep=0 down_drop=0 down_wait=0.000 ms other_keep=0 other_drop=0 other_wait=0.000 ms
[svd-offload-client] up_gate_req=0 down_req=0 other_mat_req=0 ffn_req=0 gate_cache_hits=0 gate_cache_checks=0 miss_invalid=0 miss_layer=0 miss_rank=0 miss_hash=0 miss_output=0 miss_data=0 send_up_gate=0.000 ms send_down=0.000 ms send_other=0.000 ms send_ffn=0.000 ms wait_up_gate=0.000 ms wait_down=0.000 ms wait_other=0.000 ms wait_ffn=0.000 ms
[svd-offload-client-stage-profile] rpc_send_total=0.000 ms rpc_wait_total=0.000 ms
[svd-offload-client-debug] finish_fail_up_gate=0 finish_fail_down=0 finish_fail_other=0 finish_fail_ffn=0 cache_take_fail_up=0 cache_take_fail_gate=0 recv_up_sum_abs=0.000000e+00 recv_up_max_abs=0.000000e+00 recv_up_zero=0 recv_gate_sum_abs=0.000000e+00 recv_gate_max_abs=0.000000e+00 recv_gate_zero=0 recv_down_sum_abs=0.000000e+00 recv_down_max_abs=0.000000e+00 recv_down_zero=0 recv_other_sum_abs=0.000000e+00 recv_other_max_abs=0.000000e+00 recv_other_zero=0 recv_ffn_sum_abs=0.000000e+00 recv_ffn_max_abs=0.000000e+00 recv_ffn_zero=0
SUCCEED (one forward pass done)"
candidate,8c_high,4,all_0.5,,8,"60,61,62,63,64,65,66,67","30,40,50,60,70,80,90,100",ok,28.5626,35.0108,1.0186885222514677,,,,3.215677261352539,"llama_context: graph splits = 1
attach_threadpool: call
threads: decode=8 batch=8
prompt tokens: 4
running one forward pass (llama_decode) ...
Top-5 next-token candidates:
  id=11 logit=15.272 piece="",""
  id=12 logit=14.9123 piece=""-""
  id=51730 logit=14.8613 piece="" Ri""
  id=6216 logit=14.8165 piece="" ir""
  id=472 logit=14.5534 piece="" H""
Autoregressive generation:
Generated text: ,
Decode-only throughput: 28.5626 tokens/s (1 tokens in 0.0350108 s of llama_decode)
End-to-end throughput: 28.2937 tokens/s (1 tokens in 0.0353435 s)
[decode-stage-profile] model_load=386.691 ms context_create=59.8559 ms tokenize=0.454545 ms prefill_decode=2549.54 ms generation_decode=35.0108 ms generation_total=35.3435 ms program_total=3049 ms
[svd-local-op-profile] up_ops=56 gate_ops=56 down_ops=56 up_total=158.358 ms gate_total=149.955 ms down_total=135.378 ms up_v=44.124 ms gate_v=45.602 ms down_v=58.251 ms up_u=114.227 ms gate_u=104.345 ms down_u=77.119 ms
[svd-local-stage-profile] attention_total=322.226 ms ffn_total=674.578 ms ffn_svd_total=443.691 ms ffn_svd_v=147.977 ms ffn_svd_u=295.691 ms
[svd-offload-zero-profile] up_finish=0 up_cache=0 up_no_request=27 gate_finish=0 gate_cache=0 gate_no_request=27 down_finish=0 down_cache=0 down_no_request=27 other_finish=0 other_cache=0 other_no_request=0
[svd-local-timeout-profile] up_keep=0 up_drop=0 up_wait=0.000 ms gate_keep=0 gate_drop=0 gate_wait=0.000 ms down_keep=0 down_drop=0 down_wait=0.000 ms other_keep=0 other_drop=0 other_wait=0.000 ms
[svd-offload-client] up_gate_req=0 down_req=0 other_mat_req=0 ffn_req=0 gate_cache_hits=0 gate_cache_checks=0 miss_invalid=0 miss_layer=0 miss_rank=0 miss_hash=0 miss_output=0 miss_data=0 send_up_gate=0.000 ms send_down=0.000 ms send_other=0.000 ms send_ffn=0.000 ms wait_up_gate=0.000 ms wait_down=0.000 ms wait_other=0.000 ms wait_ffn=0.000 ms
[svd-offload-client-stage-profile] rpc_send_total=0.000 ms rpc_wait_total=0.000 ms
[svd-offload-client-debug] finish_fail_up_gate=0 finish_fail_down=0 finish_fail_other=0 finish_fail_ffn=0 cache_take_fail_up=0 cache_take_fail_gate=0 recv_up_sum_abs=0.000000e+00 recv_up_max_abs=0.000000e+00 recv_up_zero=0 recv_gate_sum_abs=0.000000e+00 recv_gate_max_abs=0.000000e+00 recv_gate_zero=0 recv_down_sum_abs=0.000000e+00 recv_down_max_abs=0.000000e+00 recv_down_zero=0 recv_other_sum_abs=0.000000e+00 recv_other_max_abs=0.000000e+00 recv_other_zero=0 recv_ffn_sum_abs=0.000000e+00 recv_ffn_max_abs=0.000000e+00 recv_ffn_zero=0
SUCCEED (one forward pass done)"
candidate,8c_high,4,trunc_even_0.8,,8,"60,61,62,63,64,65,66,67","30,40,50,60,70,80,90,100",ok,29.4877,33.9124,1.0516823236538202,,,,3.832317590713501,"llama_context: graph splits = 1
attach_threadpool: call
threads: decode=8 batch=8
prompt tokens: 4
running one forward pass (llama_decode) ...
Top-5 next-token candidates:
  id=3 logit=0 piece=""$""
  id=4 logit=0 piece=""%""
  id=1 logit=0 piece=""""""
  id=0 logit=0 piece=""!""
  id=2 logit=0 piece=""#""
Autoregressive generation:
Generated text: !
Decode-only throughput: 29.4877 tokens/s (1 tokens in 0.0339124 s of llama_decode)
End-to-end throughput: 29.1887 tokens/s (1 tokens in 0.0342599 s)
[decode-stage-profile] model_load=392.846 ms context_create=65.2801 ms tokenize=0.469547 ms prefill_decode=3151.33 ms generation_decode=33.9124 ms generation_total=34.2599 ms program_total=3661.35 ms
[svd-local-op-profile] up_ops=56 gate_ops=56 down_ops=56 up_total=178.641 ms gate_total=170.822 ms down_total=162.612 ms up_v=52.176 ms gate_v=55.319 ms down_v=60.999 ms up_u=126.459 ms gate_u=115.500 ms down_u=101.608 ms
[svd-local-stage-profile] attention_total=450.540 ms ffn_total=740.091 ms ffn_svd_total=512.075 ms ffn_svd_v=168.494 ms ffn_svd_u=343.567 ms
[svd-offload-zero-profile] up_finish=0 up_cache=0 up_no_request=27 gate_finish=0 gate_cache=0 gate_no_request=27 down_finish=0 down_cache=0 down_no_request=27 other_finish=0 other_cache=0 other_no_request=0
[svd-local-timeout-profile] up_keep=0 up_drop=0 up_wait=0.000 ms gate_keep=0 gate_drop=0 gate_wait=0.000 ms down_keep=0 down_drop=0 down_wait=0.000 ms other_keep=0 other_drop=0 other_wait=0.000 ms
[svd-offload-client] up_gate_req=0 down_req=0 other_mat_req=0 ffn_req=0 gate_cache_hits=0 gate_cache_checks=0 miss_invalid=0 miss_layer=0 miss_rank=0 miss_hash=0 miss_output=0 miss_data=0 send_up_gate=0.000 ms send_down=0.000 ms send_other=0.000 ms send_ffn=0.000 ms wait_up_gate=0.000 ms wait_down=0.000 ms wait_other=0.000 ms wait_ffn=0.000 ms
[svd-offload-client-stage-profile] rpc_send_total=0.000 ms rpc_wait_total=0.000 ms
[svd-offload-client-debug] finish_fail_up_gate=0 finish_fail_down=0 finish_fail_other=0 finish_fail_ffn=0 cache_take_fail_up=0 cache_take_fail_gate=0 recv_up_sum_abs=0.000000e+00 recv_up_max_abs=0.000000e+00 recv_up_zero=0 recv_gate_sum_abs=0.000000e+00 recv_gate_max_abs=0.000000e+00 recv_gate_zero=0 recv_down_sum_abs=0.000000e+00 recv_down_max_abs=0.000000e+00 recv_down_zero=0 recv_other_sum_abs=0.000000e+00 recv_other_max_abs=0.000000e+00 recv_other_zero=0 recv_ffn_sum_abs=0.000000e+00 recv_ffn_max_abs=0.000000e+00 recv_ffn_zero=0
SUCCEED (one forward pass done)"
candidate,8c_high,4,trunc_even_0.85,,8,"60,61,62,63,64,65,66,67","30,40,50,60,70,80,90,100",ok,32.6869,30.5933,1.1657821717204142,,,,3.177710771560669,"llama_context: graph splits = 1
attach_threadpool: call
threads: decode=8 batch=8
prompt tokens: 4
running one forward pass (llama_decode) ...
Top-5 next-token candidates:
  id=3 logit=0 piece=""$""
  id=4 logit=0 piece=""%""
  id=1 logit=0 piece=""""""
  id=0 logit=0 piece=""!""
  id=2 logit=0 piece=""#""
Autoregressive generation:
Generated text: !
Decode-only throughput: 32.6869 tokens/s (1 tokens in 0.0305933 s of llama_decode)
End-to-end throughput: 32.3377 tokens/s (1 tokens in 0.0309237 s)
[decode-stage-profile] model_load=391.75 ms context_create=60.5271 ms tokenize=0.4749 ms prefill_decode=2508.64 ms generation_decode=30.5933 ms generation_total=30.9237 ms program_total=3013.74 ms
[svd-local-op-profile] up_ops=56 gate_ops=56 down_ops=56 up_total=150.073 ms gate_total=144.123 ms down_total=146.212 ms up_v=46.069 ms gate_v=48.428 ms down_v=51.642 ms up_u=103.998 ms gate_u=95.683 ms down_u=94.566 ms
[svd-local-stage-profile] attention_total=349.586 ms ffn_total=649.450 ms ffn_svd_total=440.408 ms ffn_svd_v=146.139 ms ffn_svd_u=294.247 ms
[svd-offload-zero-profile] up_finish=0 up_cache=0 up_no_request=27 gate_finish=0 gate_cache=0 gate_no_request=27 down_finish=0 down_cache=0 down_no_request=27 other_finish=0 other_cache=0 other_no_request=0
[svd-local-timeout-profile] up_keep=0 up_drop=0 up_wait=0.000 ms gate_keep=0 gate_drop=0 gate_wait=0.000 ms down_keep=0 down_drop=0 down_wait=0.000 ms other_keep=0 other_drop=0 other_wait=0.000 ms
[svd-offload-client] up_gate_req=0 down_req=0 other_mat_req=0 ffn_req=0 gate_cache_hits=0 gate_cache_checks=0 miss_invalid=0 miss_layer=0 miss_rank=0 miss_hash=0 miss_output=0 miss_data=0 send_up_gate=0.000 ms send_down=0.000 ms send_other=0.000 ms send_ffn=0.000 ms wait_up_gate=0.000 ms wait_down=0.000 ms wait_other=0.000 ms wait_ffn=0.000 ms
[svd-offload-client-stage-profile] rpc_send_total=0.000 ms rpc_wait_total=0.000 ms
[svd-offload-client-debug] finish_fail_up_gate=0 finish_fail_down=0 finish_fail_other=0 finish_fail_ffn=0 cache_take_fail_up=0 cache_take_fail_gate=0 recv_up_sum_abs=0.000000e+00 recv_up_max_abs=0.000000e+00 recv_up_zero=0 recv_gate_sum_abs=0.000000e+00 recv_gate_max_abs=0.000000e+00 recv_gate_zero=0 recv_down_sum_abs=0.000000e+00 recv_down_max_abs=0.000000e+00 recv_down_zero=0 recv_other_sum_abs=0.000000e+00 recv_other_max_abs=0.000000e+00 recv_other_zero=0 recv_ffn_sum_abs=0.000000e+00 recv_ffn_max_abs=0.000000e+00 recv_ffn_zero=0
SUCCEED (one forward pass done)"
selected,8c_high,4,all_0.45,all_0.45,8,"60,61,62,63,64,65,66,67","30,40,50,60,70,80,90,100",ok,,,,28.0386,32.3988,1.1555070509939869,,
