scenario,repeat,role,selected_policy,n_cores,cpus,loads,status,decode_tok_s,generation_decode_ms,elapsed_s,output_tail
2c_balanced_mid,0,baseline,all_0.5,2,"60,61","50,50",ok,11.6797,85.6186,0.8746776580810547,"llama_context: graph splits = 1
attach_threadpool: call
threads: decode=2 batch=2
prompt tokens: 4
running one forward pass (llama_decode) ...
Top-5 next-token candidates:
  id=11 logit=20.2053 piece="",""
  id=304 logit=18.9277 piece="" in""
  id=3837 logit=18.7558 piece=""，""
  id=1052 logit=18.5616 piece="" there""
  id=358 logit=17.8374 piece="" I""
Autoregressive generation:
Generated text: ,
Decode-only throughput: 11.6797 tokens/s (1 tokens in 0.0856186 s of llama_decode)
End-to-end throughput: 11.638 tokens/s (1 tokens in 0.0859252 s)
[decode-stage-profile] model_load=402.958 ms context_create=57.9371 ms tokenize=0.458118 ms prefill_decode=149.449 ms generation_decode=85.6186 ms generation_total=85.9252 ms program_total=713.699 ms
[svd-local-op-profile] up_ops=56 gate_ops=56 down_ops=56 up_total=66.459 ms gate_total=67.791 ms down_total=51.320 ms up_v=9.666 ms gate_v=9.503 ms down_v=41.611 ms up_u=56.790 ms gate_u=58.286 ms down_u=9.704 ms
[svd-local-stage-profile] attention_total=1.509 ms ffn_total=187.456 ms ffn_svd_total=185.570 ms ffn_svd_v=60.780 ms ffn_svd_u=124.780 ms
[svd-offload-zero-profile] up_finish=0 up_cache=0 up_no_request=27 gate_finish=0 gate_cache=0 gate_no_request=27 down_finish=0 down_cache=0 down_no_request=27 other_finish=0 other_cache=0 other_no_request=0
[svd-local-timeout-profile] up_keep=0 up_drop=0 up_wait=0.000 ms gate_keep=0 gate_drop=0 gate_wait=0.000 ms down_keep=0 down_drop=0 down_wait=0.000 ms other_keep=0 other_drop=0 other_wait=0.000 ms
[svd-offload-client] up_gate_req=0 down_req=0 other_mat_req=0 ffn_req=0 gate_cache_hits=0 gate_cache_checks=0 miss_invalid=0 miss_layer=0 miss_rank=0 miss_hash=0 miss_output=0 miss_data=0 send_up_gate=0.000 ms send_down=0.000 ms send_other=0.000 ms send_ffn=0.000 ms wait_up_gate=0.000 ms wait_down=0.000 ms wait_other=0.000 ms wait_ffn=0.000 ms
[svd-offload-client-stage-profile] rpc_send_total=0.000 ms rpc_wait_total=0.000 ms
[svd-offload-client-debug] finish_fail_up_gate=0 finish_fail_down=0 finish_fail_other=0 finish_fail_ffn=0 cache_take_fail_up=0 cache_take_fail_gate=0 recv_up_sum_abs=0.000000e+00 recv_up_max_abs=0.000000e+00 recv_up_zero=0 recv_gate_sum_abs=0.000000e+00 recv_gate_max_abs=0.000000e+00 recv_gate_zero=0 recv_down_sum_abs=0.000000e+00 recv_down_max_abs=0.000000e+00 recv_down_zero=0 recv_other_sum_abs=0.000000e+00 recv_other_max_abs=0.000000e+00 recv_other_zero=0 recv_ffn_sum_abs=0.000000e+00 recv_ffn_max_abs=0.000000e+00 recv_ffn_zero=0
SUCCEED (one forward pass done)"
2c_balanced_mid,0,scheduler,all_0.5,2,"60,61","50,50",ok,13.3426,74.9481,0.824164628982544,"llama_context: graph splits = 1
attach_threadpool: call
threads: decode=2 batch=2
prompt tokens: 4
running one forward pass (llama_decode) ...
Top-5 next-token candidates:
  id=11 logit=15.272 piece="",""
  id=12 logit=14.9123 piece=""-""
  id=51730 logit=14.8613 piece="" Ri""
  id=6216 logit=14.8165 piece="" ir""
  id=472 logit=14.5534 piece="" H""
Autoregressive generation:
Generated text: ,
Decode-only throughput: 13.3426 tokens/s (1 tokens in 0.0749481 s of llama_decode)
End-to-end throughput: 13.2877 tokens/s (1 tokens in 0.0752577 s)
[decode-stage-profile] model_load=428.8 ms context_create=57.9032 ms tokenize=0.447369 ms prefill_decode=102.218 ms generation_decode=74.9481 ms generation_total=75.2577 ms program_total=681.18 ms
[svd-local-op-profile] up_ops=56 gate_ops=56 down_ops=56 up_total=46.695 ms gate_total=47.235 ms down_total=32.442 ms up_v=5.187 ms gate_v=6.001 ms down_v=25.076 ms up_u=41.506 ms gate_u=41.226 ms down_u=7.364 ms
[svd-local-stage-profile] attention_total=1.421 ms ffn_total=128.088 ms ffn_svd_total=126.372 ms ffn_svd_v=36.264 ms ffn_svd_u=90.096 ms
[svd-offload-zero-profile] up_finish=0 up_cache=0 up_no_request=27 gate_finish=0 gate_cache=0 gate_no_request=27 down_finish=0 down_cache=0 down_no_request=27 other_finish=0 other_cache=0 other_no_request=0
[svd-local-timeout-profile] up_keep=0 up_drop=0 up_wait=0.000 ms gate_keep=0 gate_drop=0 gate_wait=0.000 ms down_keep=0 down_drop=0 down_wait=0.000 ms other_keep=0 other_drop=0 other_wait=0.000 ms
[svd-offload-client] up_gate_req=0 down_req=0 other_mat_req=0 ffn_req=0 gate_cache_hits=0 gate_cache_checks=0 miss_invalid=0 miss_layer=0 miss_rank=0 miss_hash=0 miss_output=0 miss_data=0 send_up_gate=0.000 ms send_down=0.000 ms send_other=0.000 ms send_ffn=0.000 ms wait_up_gate=0.000 ms wait_down=0.000 ms wait_other=0.000 ms wait_ffn=0.000 ms
[svd-offload-client-stage-profile] rpc_send_total=0.000 ms rpc_wait_total=0.000 ms
[svd-offload-client-debug] finish_fail_up_gate=0 finish_fail_down=0 finish_fail_other=0 finish_fail_ffn=0 cache_take_fail_up=0 cache_take_fail_gate=0 recv_up_sum_abs=0.000000e+00 recv_up_max_abs=0.000000e+00 recv_up_zero=0 recv_gate_sum_abs=0.000000e+00 recv_gate_max_abs=0.000000e+00 recv_gate_zero=0 recv_down_sum_abs=0.000000e+00 recv_down_max_abs=0.000000e+00 recv_down_zero=0 recv_other_sum_abs=0.000000e+00 recv_other_max_abs=0.000000e+00 recv_other_zero=0 recv_ffn_sum_abs=0.000000e+00 recv_ffn_max_abs=0.000000e+00 recv_ffn_zero=0
SUCCEED (one forward pass done)"
2c_balanced_mid,1,baseline,all_0.5,2,"60,61","50,50",ok,11.254,88.857,0.8995671272277832,"llama_context: graph splits = 1
attach_threadpool: call
threads: decode=2 batch=2
prompt tokens: 4
running one forward pass (llama_decode) ...
Top-5 next-token candidates:
  id=11 logit=20.2053 piece="",""
  id=304 logit=18.9277 piece="" in""
  id=3837 logit=18.7558 piece=""，""
  id=1052 logit=18.5616 piece="" there""
  id=358 logit=17.8374 piece="" I""
Autoregressive generation:
Generated text: ,
Decode-only throughput: 11.254 tokens/s (1 tokens in 0.088857 s of llama_decode)
End-to-end throughput: 11.2159 tokens/s (1 tokens in 0.0891593 s)
[decode-stage-profile] model_load=447.247 ms context_create=55.1719 ms tokenize=0.46666 ms prefill_decode=144.123 ms generation_decode=88.857 ms generation_total=89.1593 ms program_total=751.119 ms
[svd-local-op-profile] up_ops=56 gate_ops=56 down_ops=56 up_total=65.014 ms gate_total=62.787 ms down_total=50.605 ms up_v=9.617 ms gate_v=9.516 ms down_v=41.150 ms up_u=55.395 ms gate_u=53.263 ms down_u=9.451 ms
[svd-local-stage-profile] attention_total=1.406 ms ffn_total=180.128 ms ffn_svd_total=178.406 ms ffn_svd_v=60.283 ms ffn_svd_u=118.109 ms
[svd-offload-zero-profile] up_finish=0 up_cache=0 up_no_request=27 gate_finish=0 gate_cache=0 gate_no_request=27 down_finish=0 down_cache=0 down_no_request=27 other_finish=0 other_cache=0 other_no_request=0
[svd-local-timeout-profile] up_keep=0 up_drop=0 up_wait=0.000 ms gate_keep=0 gate_drop=0 gate_wait=0.000 ms down_keep=0 down_drop=0 down_wait=0.000 ms other_keep=0 other_drop=0 other_wait=0.000 ms
[svd-offload-client] up_gate_req=0 down_req=0 other_mat_req=0 ffn_req=0 gate_cache_hits=0 gate_cache_checks=0 miss_invalid=0 miss_layer=0 miss_rank=0 miss_hash=0 miss_output=0 miss_data=0 send_up_gate=0.000 ms send_down=0.000 ms send_other=0.000 ms send_ffn=0.000 ms wait_up_gate=0.000 ms wait_down=0.000 ms wait_other=0.000 ms wait_ffn=0.000 ms
[svd-offload-client-stage-profile] rpc_send_total=0.000 ms rpc_wait_total=0.000 ms
[svd-offload-client-debug] finish_fail_up_gate=0 finish_fail_down=0 finish_fail_other=0 finish_fail_ffn=0 cache_take_fail_up=0 cache_take_fail_gate=0 recv_up_sum_abs=0.000000e+00 recv_up_max_abs=0.000000e+00 recv_up_zero=0 recv_gate_sum_abs=0.000000e+00 recv_gate_max_abs=0.000000e+00 recv_gate_zero=0 recv_down_sum_abs=0.000000e+00 recv_down_max_abs=0.000000e+00 recv_down_zero=0 recv_other_sum_abs=0.000000e+00 recv_other_max_abs=0.000000e+00 recv_other_zero=0 recv_ffn_sum_abs=0.000000e+00 recv_ffn_max_abs=0.000000e+00 recv_ffn_zero=0
SUCCEED (one forward pass done)"
2c_balanced_mid,1,scheduler,all_0.5,2,"60,61","50,50",ok,13.1704,75.928,0.8209588527679443,"llama_context: graph splits = 1
attach_threadpool: call
threads: decode=2 batch=2
prompt tokens: 4
running one forward pass (llama_decode) ...
Top-5 next-token candidates:
  id=11 logit=15.272 piece="",""
  id=12 logit=14.9123 piece=""-""
  id=51730 logit=14.8613 piece="" Ri""
  id=6216 logit=14.8165 piece="" ir""
  id=472 logit=14.5534 piece="" H""
Autoregressive generation:
Generated text: ,
Decode-only throughput: 13.1704 tokens/s (1 tokens in 0.075928 s of llama_decode)
End-to-end throughput: 13.1145 tokens/s (1 tokens in 0.0762516 s)
[decode-stage-profile] model_load=399.515 ms context_create=70.2948 ms tokenize=0.73157 ms prefill_decode=112.172 ms generation_decode=75.928 ms generation_total=76.2516 ms program_total=675.951 ms
[svd-local-op-profile] up_ops=56 gate_ops=56 down_ops=56 up_total=50.193 ms gate_total=53.443 ms down_total=34.147 ms up_v=5.755 ms gate_v=9.370 ms down_v=26.312 ms up_u=44.429 ms gate_u=44.067 ms down_u=7.830 ms
[svd-local-stage-profile] attention_total=1.594 ms ffn_total=139.637 ms ffn_svd_total=137.783 ms ffn_svd_v=41.437 ms ffn_svd_u=96.326 ms
[svd-offload-zero-profile] up_finish=0 up_cache=0 up_no_request=27 gate_finish=0 gate_cache=0 gate_no_request=27 down_finish=0 down_cache=0 down_no_request=27 other_finish=0 other_cache=0 other_no_request=0
[svd-local-timeout-profile] up_keep=0 up_drop=0 up_wait=0.000 ms gate_keep=0 gate_drop=0 gate_wait=0.000 ms down_keep=0 down_drop=0 down_wait=0.000 ms other_keep=0 other_drop=0 other_wait=0.000 ms
[svd-offload-client] up_gate_req=0 down_req=0 other_mat_req=0 ffn_req=0 gate_cache_hits=0 gate_cache_checks=0 miss_invalid=0 miss_layer=0 miss_rank=0 miss_hash=0 miss_output=0 miss_data=0 send_up_gate=0.000 ms send_down=0.000 ms send_other=0.000 ms send_ffn=0.000 ms wait_up_gate=0.000 ms wait_down=0.000 ms wait_other=0.000 ms wait_ffn=0.000 ms
[svd-offload-client-stage-profile] rpc_send_total=0.000 ms rpc_wait_total=0.000 ms
[svd-offload-client-debug] finish_fail_up_gate=0 finish_fail_down=0 finish_fail_other=0 finish_fail_ffn=0 cache_take_fail_up=0 cache_take_fail_gate=0 recv_up_sum_abs=0.000000e+00 recv_up_max_abs=0.000000e+00 recv_up_zero=0 recv_gate_sum_abs=0.000000e+00 recv_gate_max_abs=0.000000e+00 recv_gate_zero=0 recv_down_sum_abs=0.000000e+00 recv_down_max_abs=0.000000e+00 recv_down_zero=0 recv_other_sum_abs=0.000000e+00 recv_other_max_abs=0.000000e+00 recv_other_zero=0 recv_ffn_sum_abs=0.000000e+00 recv_ffn_max_abs=0.000000e+00 recv_ffn_zero=0
SUCCEED (one forward pass done)"
2c_balanced_mid,2,baseline,all_0.5,2,"60,61","50,50",ok,11.2916,88.5614,0.8797588348388672,"llama_context: graph splits = 1
attach_threadpool: call
threads: decode=2 batch=2
prompt tokens: 4
running one forward pass (llama_decode) ...
Top-5 next-token candidates:
  id=11 logit=20.2053 piece="",""
  id=304 logit=18.9277 piece="" in""
  id=3837 logit=18.7558 piece=""，""
  id=1052 logit=18.5616 piece="" there""
  id=358 logit=17.8374 piece="" I""
Autoregressive generation:
Generated text: ,
Decode-only throughput: 11.2916 tokens/s (1 tokens in 0.0885614 s of llama_decode)
End-to-end throughput: 11.2521 tokens/s (1 tokens in 0.088872 s)
[decode-stage-profile] model_load=384.562 ms context_create=68.7088 ms tokenize=0.80275 ms prefill_decode=177.615 ms generation_decode=88.5614 ms generation_total=88.872 ms program_total=737.697 ms
[svd-local-op-profile] up_ops=56 gate_ops=56 down_ops=56 up_total=75.061 ms gate_total=80.454 ms down_total=59.647 ms up_v=11.516 ms gate_v=10.970 ms down_v=48.489 ms up_u=63.540 ms gate_u=69.478 ms down_u=11.147 ms
[svd-local-stage-profile] attention_total=1.651 ms ffn_total=217.085 ms ffn_svd_total=215.162 ms ffn_svd_v=70.975 ms ffn_svd_u=144.165 ms
[svd-offload-zero-profile] up_finish=0 up_cache=0 up_no_request=27 gate_finish=0 gate_cache=0 gate_no_request=27 down_finish=0 down_cache=0 down_no_request=27 other_finish=0 other_cache=0 other_no_request=0
[svd-local-timeout-profile] up_keep=0 up_drop=0 up_wait=0.000 ms gate_keep=0 gate_drop=0 gate_wait=0.000 ms down_keep=0 down_drop=0 down_wait=0.000 ms other_keep=0 other_drop=0 other_wait=0.000 ms
[svd-offload-client] up_gate_req=0 down_req=0 other_mat_req=0 ffn_req=0 gate_cache_hits=0 gate_cache_checks=0 miss_invalid=0 miss_layer=0 miss_rank=0 miss_hash=0 miss_output=0 miss_data=0 send_up_gate=0.000 ms send_down=0.000 ms send_other=0.000 ms send_ffn=0.000 ms wait_up_gate=0.000 ms wait_down=0.000 ms wait_other=0.000 ms wait_ffn=0.000 ms
[svd-offload-client-stage-profile] rpc_send_total=0.000 ms rpc_wait_total=0.000 ms
[svd-offload-client-debug] finish_fail_up_gate=0 finish_fail_down=0 finish_fail_other=0 finish_fail_ffn=0 cache_take_fail_up=0 cache_take_fail_gate=0 recv_up_sum_abs=0.000000e+00 recv_up_max_abs=0.000000e+00 recv_up_zero=0 recv_gate_sum_abs=0.000000e+00 recv_gate_max_abs=0.000000e+00 recv_gate_zero=0 recv_down_sum_abs=0.000000e+00 recv_down_max_abs=0.000000e+00 recv_down_zero=0 recv_other_sum_abs=0.000000e+00 recv_other_max_abs=0.000000e+00 recv_other_zero=0 recv_ffn_sum_abs=0.000000e+00 recv_ffn_max_abs=0.000000e+00 recv_ffn_zero=0
SUCCEED (one forward pass done)"
2c_balanced_mid,2,scheduler,all_0.5,2,"60,61","50,50",ok,11.7109,85.3906,0.8128845691680908,"llama_context: graph splits = 1
attach_threadpool: call
threads: decode=2 batch=2
prompt tokens: 4
running one forward pass (llama_decode) ...
Top-5 next-token candidates:
  id=11 logit=15.272 piece="",""
  id=12 logit=14.9123 piece=""-""
  id=51730 logit=14.8613 piece="" Ri""
  id=6216 logit=14.8165 piece="" ir""
  id=472 logit=14.5534 piece="" H""
Autoregressive generation:
Generated text: ,
Decode-only throughput: 11.7109 tokens/s (1 tokens in 0.0853906 s of llama_decode)
End-to-end throughput: 11.668 tokens/s (1 tokens in 0.0857044 s)
[decode-stage-profile] model_load=383.666 ms context_create=57.5207 ms tokenize=0.446935 ms prefill_decode=124.687 ms generation_decode=85.3906 ms generation_total=85.7044 ms program_total=668.495 ms
[svd-local-op-profile] up_ops=56 gate_ops=56 down_ops=56 up_total=61.593 ms gate_total=55.611 ms down_total=36.963 ms up_v=6.653 ms gate_v=6.184 ms down_v=28.093 ms up_u=54.935 ms gate_u=49.415 ms down_u=8.862 ms
[svd-local-stage-profile] attention_total=1.650 ms ffn_total=155.975 ms ffn_svd_total=154.167 ms ffn_svd_v=40.930 ms ffn_svd_u=113.212 ms
[svd-offload-zero-profile] up_finish=0 up_cache=0 up_no_request=27 gate_finish=0 gate_cache=0 gate_no_request=27 down_finish=0 down_cache=0 down_no_request=27 other_finish=0 other_cache=0 other_no_request=0
[svd-local-timeout-profile] up_keep=0 up_drop=0 up_wait=0.000 ms gate_keep=0 gate_drop=0 gate_wait=0.000 ms down_keep=0 down_drop=0 down_wait=0.000 ms other_keep=0 other_drop=0 other_wait=0.000 ms
[svd-offload-client] up_gate_req=0 down_req=0 other_mat_req=0 ffn_req=0 gate_cache_hits=0 gate_cache_checks=0 miss_invalid=0 miss_layer=0 miss_rank=0 miss_hash=0 miss_output=0 miss_data=0 send_up_gate=0.000 ms send_down=0.000 ms send_other=0.000 ms send_ffn=0.000 ms wait_up_gate=0.000 ms wait_down=0.000 ms wait_other=0.000 ms wait_ffn=0.000 ms
[svd-offload-client-stage-profile] rpc_send_total=0.000 ms rpc_wait_total=0.000 ms
[svd-offload-client-debug] finish_fail_up_gate=0 finish_fail_down=0 finish_fail_other=0 finish_fail_ffn=0 cache_take_fail_up=0 cache_take_fail_gate=0 recv_up_sum_abs=0.000000e+00 recv_up_max_abs=0.000000e+00 recv_up_zero=0 recv_gate_sum_abs=0.000000e+00 recv_gate_max_abs=0.000000e+00 recv_gate_zero=0 recv_down_sum_abs=0.000000e+00 recv_down_max_abs=0.000000e+00 recv_down_zero=0 recv_other_sum_abs=0.000000e+00 recv_other_max_abs=0.000000e+00 recv_other_zero=0 recv_ffn_sum_abs=0.000000e+00 recv_ffn_max_abs=0.000000e+00 recv_ffn_zero=0
SUCCEED (one forward pass done)"
2c_balanced_mid,3,baseline,all_0.5,2,"60,61","50,50",ok,9.40875,106.284,0.8906025886535645,"llama_context: graph splits = 1
attach_threadpool: call
threads: decode=2 batch=2
prompt tokens: 4
running one forward pass (llama_decode) ...
Top-5 next-token candidates:
  id=11 logit=20.2053 piece="",""
  id=304 logit=18.9277 piece="" in""
  id=3837 logit=18.7558 piece=""，""
  id=1052 logit=18.5616 piece="" there""
  id=358 logit=17.8374 piece="" I""
Autoregressive generation:
Generated text: ,
Decode-only throughput: 9.40875 tokens/s (1 tokens in 0.106284 s of llama_decode)
End-to-end throughput: 9.38305 tokens/s (1 tokens in 0.106575 s)
[decode-stage-profile] model_load=379.04 ms context_create=59.6878 ms tokenize=0.449538 ms prefill_decode=166.666 ms generation_decode=106.284 ms generation_total=106.575 ms program_total=728.818 ms
[svd-local-op-profile] up_ops=56 gate_ops=56 down_ops=56 up_total=75.565 ms gate_total=79.250 ms down_total=62.908 ms up_v=11.642 ms gate_v=11.328 ms down_v=51.539 ms up_u=63.916 ms gate_u=67.916 ms down_u=11.364 ms
[svd-local-stage-profile] attention_total=1.555 ms ffn_total=219.555 ms ffn_svd_total=217.723 ms ffn_svd_v=74.509 ms ffn_svd_u=143.196 ms
[svd-offload-zero-profile] up_finish=0 up_cache=0 up_no_request=27 gate_finish=0 gate_cache=0 gate_no_request=27 down_finish=0 down_cache=0 down_no_request=27 other_finish=0 other_cache=0 other_no_request=0
[svd-local-timeout-profile] up_keep=0 up_drop=0 up_wait=0.000 ms gate_keep=0 gate_drop=0 gate_wait=0.000 ms down_keep=0 down_drop=0 down_wait=0.000 ms other_keep=0 other_drop=0 other_wait=0.000 ms
[svd-offload-client] up_gate_req=0 down_req=0 other_mat_req=0 ffn_req=0 gate_cache_hits=0 gate_cache_checks=0 miss_invalid=0 miss_layer=0 miss_rank=0 miss_hash=0 miss_output=0 miss_data=0 send_up_gate=0.000 ms send_down=0.000 ms send_other=0.000 ms send_ffn=0.000 ms wait_up_gate=0.000 ms wait_down=0.000 ms wait_other=0.000 ms wait_ffn=0.000 ms
[svd-offload-client-stage-profile] rpc_send_total=0.000 ms rpc_wait_total=0.000 ms
[svd-offload-client-debug] finish_fail_up_gate=0 finish_fail_down=0 finish_fail_other=0 finish_fail_ffn=0 cache_take_fail_up=0 cache_take_fail_gate=0 recv_up_sum_abs=0.000000e+00 recv_up_max_abs=0.000000e+00 recv_up_zero=0 recv_gate_sum_abs=0.000000e+00 recv_gate_max_abs=0.000000e+00 recv_gate_zero=0 recv_down_sum_abs=0.000000e+00 recv_down_max_abs=0.000000e+00 recv_down_zero=0 recv_other_sum_abs=0.000000e+00 recv_other_max_abs=0.000000e+00 recv_other_zero=0 recv_ffn_sum_abs=0.000000e+00 recv_ffn_max_abs=0.000000e+00 recv_ffn_zero=0
SUCCEED (one forward pass done)"
2c_balanced_mid,3,scheduler,all_0.5,2,"60,61","50,50",ok,13.3846,74.713,0.8173086643218994,"llama_context: graph splits = 1
attach_threadpool: call
threads: decode=2 batch=2
prompt tokens: 4
running one forward pass (llama_decode) ...
Top-5 next-token candidates:
  id=11 logit=15.272 piece="",""
  id=12 logit=14.9123 piece=""-""
  id=51730 logit=14.8613 piece="" Ri""
  id=6216 logit=14.8165 piece="" ir""
  id=472 logit=14.5534 piece="" H""
Autoregressive generation:
Generated text: ,
Decode-only throughput: 13.3846 tokens/s (1 tokens in 0.074713 s of llama_decode)
End-to-end throughput: 13.3238 tokens/s (1 tokens in 0.0750539 s)
[decode-stage-profile] model_load=382.062 ms context_create=57.7368 ms tokenize=0.462022 ms prefill_decode=103.153 ms generation_decode=74.713 ms generation_total=75.0539 ms program_total=634.973 ms
[svd-local-op-profile] up_ops=56 gate_ops=56 down_ops=56 up_total=46.948 ms gate_total=49.472 ms down_total=28.520 ms up_v=5.155 ms gate_v=7.994 ms down_v=21.149 ms up_u=41.785 ms gate_u=41.473 ms down_u=7.364 ms
[svd-local-stage-profile] attention_total=1.461 ms ffn_total=126.670 ms ffn_svd_total=124.940 ms ffn_svd_v=34.298 ms ffn_svd_u=90.622 ms
[svd-offload-zero-profile] up_finish=0 up_cache=0 up_no_request=27 gate_finish=0 gate_cache=0 gate_no_request=27 down_finish=0 down_cache=0 down_no_request=27 other_finish=0 other_cache=0 other_no_request=0
[svd-local-timeout-profile] up_keep=0 up_drop=0 up_wait=0.000 ms gate_keep=0 gate_drop=0 gate_wait=0.000 ms down_keep=0 down_drop=0 down_wait=0.000 ms other_keep=0 other_drop=0 other_wait=0.000 ms
[svd-offload-client] up_gate_req=0 down_req=0 other_mat_req=0 ffn_req=0 gate_cache_hits=0 gate_cache_checks=0 miss_invalid=0 miss_layer=0 miss_rank=0 miss_hash=0 miss_output=0 miss_data=0 send_up_gate=0.000 ms send_down=0.000 ms send_other=0.000 ms send_ffn=0.000 ms wait_up_gate=0.000 ms wait_down=0.000 ms wait_other=0.000 ms wait_ffn=0.000 ms
[svd-offload-client-stage-profile] rpc_send_total=0.000 ms rpc_wait_total=0.000 ms
[svd-offload-client-debug] finish_fail_up_gate=0 finish_fail_down=0 finish_fail_other=0 finish_fail_ffn=0 cache_take_fail_up=0 cache_take_fail_gate=0 recv_up_sum_abs=0.000000e+00 recv_up_max_abs=0.000000e+00 recv_up_zero=0 recv_gate_sum_abs=0.000000e+00 recv_gate_max_abs=0.000000e+00 recv_gate_zero=0 recv_down_sum_abs=0.000000e+00 recv_down_max_abs=0.000000e+00 recv_down_zero=0 recv_other_sum_abs=0.000000e+00 recv_other_max_abs=0.000000e+00 recv_other_zero=0 recv_ffn_sum_abs=0.000000e+00 recv_ffn_max_abs=0.000000e+00 recv_ffn_zero=0
SUCCEED (one forward pass done)"
2c_balanced_mid,4,baseline,all_0.5,2,"60,61","50,50",ok,11.054,90.4653,0.8792741298675537,"llama_context: graph splits = 1
attach_threadpool: call
threads: decode=2 batch=2
prompt tokens: 4
running one forward pass (llama_decode) ...
Top-5 next-token candidates:
  id=11 logit=20.2053 piece="",""
  id=304 logit=18.9277 piece="" in""
  id=3837 logit=18.7558 piece=""，""
  id=1052 logit=18.5616 piece="" there""
  id=358 logit=17.8374 piece="" I""
Autoregressive generation:
Generated text: ,
Decode-only throughput: 11.054 tokens/s (1 tokens in 0.0904653 s of llama_decode)
End-to-end throughput: 11.0157 tokens/s (1 tokens in 0.0907798 s)
[decode-stage-profile] model_load=378.316 ms context_create=57.5162 ms tokenize=0.462885 ms prefill_decode=148.144 ms generation_decode=90.4653 ms generation_total=90.7798 ms program_total=691.884 ms
[svd-local-op-profile] up_ops=56 gate_ops=56 down_ops=56 up_total=64.196 ms gate_total=64.503 ms down_total=59.316 ms up_v=9.742 ms gate_v=9.634 ms down_v=45.389 ms up_u=54.447 ms gate_u=54.863 ms down_u=13.921 ms
[svd-local-stage-profile] attention_total=1.655 ms ffn_total=189.940 ms ffn_svd_total=188.015 ms ffn_svd_v=64.765 ms ffn_svd_u=123.231 ms
[svd-offload-zero-profile] up_finish=0 up_cache=0 up_no_request=27 gate_finish=0 gate_cache=0 gate_no_request=27 down_finish=0 down_cache=0 down_no_request=27 other_finish=0 other_cache=0 other_no_request=0
[svd-local-timeout-profile] up_keep=0 up_drop=0 up_wait=0.000 ms gate_keep=0 gate_drop=0 gate_wait=0.000 ms down_keep=0 down_drop=0 down_wait=0.000 ms other_keep=0 other_drop=0 other_wait=0.000 ms
[svd-offload-client] up_gate_req=0 down_req=0 other_mat_req=0 ffn_req=0 gate_cache_hits=0 gate_cache_checks=0 miss_invalid=0 miss_layer=0 miss_rank=0 miss_hash=0 miss_output=0 miss_data=0 send_up_gate=0.000 ms send_down=0.000 ms send_other=0.000 ms send_ffn=0.000 ms wait_up_gate=0.000 ms wait_down=0.000 ms wait_other=0.000 ms wait_ffn=0.000 ms
[svd-offload-client-stage-profile] rpc_send_total=0.000 ms rpc_wait_total=0.000 ms
[svd-offload-client-debug] finish_fail_up_gate=0 finish_fail_down=0 finish_fail_other=0 finish_fail_ffn=0 cache_take_fail_up=0 cache_take_fail_gate=0 recv_up_sum_abs=0.000000e+00 recv_up_max_abs=0.000000e+00 recv_up_zero=0 recv_gate_sum_abs=0.000000e+00 recv_gate_max_abs=0.000000e+00 recv_gate_zero=0 recv_down_sum_abs=0.000000e+00 recv_down_max_abs=0.000000e+00 recv_down_zero=0 recv_other_sum_abs=0.000000e+00 recv_other_max_abs=0.000000e+00 recv_other_zero=0 recv_ffn_sum_abs=0.000000e+00 recv_ffn_max_abs=0.000000e+00 recv_ffn_zero=0
SUCCEED (one forward pass done)"
2c_balanced_mid,4,scheduler,all_0.5,2,"60,61","50,50",ok,13.3078,75.1438,0.8068602085113525,"llama_context: graph splits = 1
attach_threadpool: call
threads: decode=2 batch=2
prompt tokens: 4
running one forward pass (llama_decode) ...
Top-5 next-token candidates:
  id=11 logit=15.272 piece="",""
  id=12 logit=14.9123 piece=""-""
  id=51730 logit=14.8613 piece="" Ri""
  id=6216 logit=14.8165 piece="" ir""
  id=472 logit=14.5534 piece="" H""
Autoregressive generation:
Generated text: ,
Decode-only throughput: 13.3078 tokens/s (1 tokens in 0.0751438 s of llama_decode)
End-to-end throughput: 13.255 tokens/s (1 tokens in 0.0754432 s)
[decode-stage-profile] model_load=397.055 ms context_create=56.7993 ms tokenize=0.44434 ms prefill_decode=102.759 ms generation_decode=75.1438 ms generation_total=75.4432 ms program_total=652.434 ms
[svd-local-op-profile] up_ops=56 gate_ops=56 down_ops=56 up_total=46.961 ms gate_total=50.029 ms down_total=28.547 ms up_v=5.316 ms gate_v=4.979 ms down_v=21.009 ms up_u=41.639 ms gate_u=45.045 ms down_u=7.533 ms
[svd-local-stage-profile] attention_total=1.463 ms ffn_total=127.265 ms ffn_svd_total=125.537 ms ffn_svd_v=31.304 ms ffn_svd_u=94.217 ms
[svd-offload-zero-profile] up_finish=0 up_cache=0 up_no_request=27 gate_finish=0 gate_cache=0 gate_no_request=27 down_finish=0 down_cache=0 down_no_request=27 other_finish=0 other_cache=0 other_no_request=0
[svd-local-timeout-profile] up_keep=0 up_drop=0 up_wait=0.000 ms gate_keep=0 gate_drop=0 gate_wait=0.000 ms down_keep=0 down_drop=0 down_wait=0.000 ms other_keep=0 other_drop=0 other_wait=0.000 ms
[svd-offload-client] up_gate_req=0 down_req=0 other_mat_req=0 ffn_req=0 gate_cache_hits=0 gate_cache_checks=0 miss_invalid=0 miss_layer=0 miss_rank=0 miss_hash=0 miss_output=0 miss_data=0 send_up_gate=0.000 ms send_down=0.000 ms send_other=0.000 ms send_ffn=0.000 ms wait_up_gate=0.000 ms wait_down=0.000 ms wait_other=0.000 ms wait_ffn=0.000 ms
[svd-offload-client-stage-profile] rpc_send_total=0.000 ms rpc_wait_total=0.000 ms
[svd-offload-client-debug] finish_fail_up_gate=0 finish_fail_down=0 finish_fail_other=0 finish_fail_ffn=0 cache_take_fail_up=0 cache_take_fail_gate=0 recv_up_sum_abs=0.000000e+00 recv_up_max_abs=0.000000e+00 recv_up_zero=0 recv_gate_sum_abs=0.000000e+00 recv_gate_max_abs=0.000000e+00 recv_gate_zero=0 recv_down_sum_abs=0.000000e+00 recv_down_max_abs=0.000000e+00 recv_down_zero=0 recv_other_sum_abs=0.000000e+00 recv_other_max_abs=0.000000e+00 recv_other_zero=0 recv_ffn_sum_abs=0.000000e+00 recv_ffn_max_abs=0.000000e+00 recv_ffn_zero=0
SUCCEED (one forward pass done)"
2c_balanced_mid,5,baseline,all_0.5,2,"60,61","50,50",ok,11.7808,84.8837,0.8517763614654541,"llama_context: graph splits = 1
attach_threadpool: call
threads: decode=2 batch=2
prompt tokens: 4
running one forward pass (llama_decode) ...
Top-5 next-token candidates:
  id=11 logit=20.2053 piece="",""
  id=304 logit=18.9277 piece="" in""
  id=3837 logit=18.7558 piece=""，""
  id=1052 logit=18.5616 piece="" there""
  id=358 logit=17.8374 piece="" I""
Autoregressive generation:
Generated text: ,
Decode-only throughput: 11.7808 tokens/s (1 tokens in 0.0848837 s of llama_decode)
End-to-end throughput: 11.7392 tokens/s (1 tokens in 0.0851847 s)
[decode-stage-profile] model_load=396.876 ms context_create=55.3321 ms tokenize=0.469124 ms prefill_decode=149.509 ms generation_decode=84.8837 ms generation_total=85.1847 ms program_total=704.223 ms
[svd-local-op-profile] up_ops=56 gate_ops=56 down_ops=56 up_total=66.902 ms gate_total=67.177 ms down_total=51.097 ms up_v=9.595 ms gate_v=9.528 ms down_v=41.437 ms up_u=57.302 ms gate_u=57.642 ms down_u=9.655 ms
[svd-local-stage-profile] attention_total=1.483 ms ffn_total=187.008 ms ffn_svd_total=185.176 ms ffn_svd_v=60.560 ms ffn_svd_u=124.599 ms
[svd-offload-zero-profile] up_finish=0 up_cache=0 up_no_request=27 gate_finish=0 gate_cache=0 gate_no_request=27 down_finish=0 down_cache=0 down_no_request=27 other_finish=0 other_cache=0 other_no_request=0
[svd-local-timeout-profile] up_keep=0 up_drop=0 up_wait=0.000 ms gate_keep=0 gate_drop=0 gate_wait=0.000 ms down_keep=0 down_drop=0 down_wait=0.000 ms other_keep=0 other_drop=0 other_wait=0.000 ms
[svd-offload-client] up_gate_req=0 down_req=0 other_mat_req=0 ffn_req=0 gate_cache_hits=0 gate_cache_checks=0 miss_invalid=0 miss_layer=0 miss_rank=0 miss_hash=0 miss_output=0 miss_data=0 send_up_gate=0.000 ms send_down=0.000 ms send_other=0.000 ms send_ffn=0.000 ms wait_up_gate=0.000 ms wait_down=0.000 ms wait_other=0.000 ms wait_ffn=0.000 ms
[svd-offload-client-stage-profile] rpc_send_total=0.000 ms rpc_wait_total=0.000 ms
[svd-offload-client-debug] finish_fail_up_gate=0 finish_fail_down=0 finish_fail_other=0 finish_fail_ffn=0 cache_take_fail_up=0 cache_take_fail_gate=0 recv_up_sum_abs=0.000000e+00 recv_up_max_abs=0.000000e+00 recv_up_zero=0 recv_gate_sum_abs=0.000000e+00 recv_gate_max_abs=0.000000e+00 recv_gate_zero=0 recv_down_sum_abs=0.000000e+00 recv_down_max_abs=0.000000e+00 recv_down_zero=0 recv_other_sum_abs=0.000000e+00 recv_other_max_abs=0.000000e+00 recv_other_zero=0 recv_ffn_sum_abs=0.000000e+00 recv_ffn_max_abs=0.000000e+00 recv_ffn_zero=0
SUCCEED (one forward pass done)"
2c_balanced_mid,5,scheduler,all_0.5,2,"60,61","50,50",ok,13.2496,75.474,0.8663156032562256,"llama_context: graph splits = 1
attach_threadpool: call
threads: decode=2 batch=2
prompt tokens: 4
running one forward pass (llama_decode) ...
Top-5 next-token candidates:
  id=11 logit=15.272 piece="",""
  id=12 logit=14.9123 piece=""-""
  id=51730 logit=14.8613 piece="" Ri""
  id=6216 logit=14.8165 piece="" ir""
  id=472 logit=14.5534 piece="" H""
Autoregressive generation:
Generated text: ,
Decode-only throughput: 13.2496 tokens/s (1 tokens in 0.075474 s of llama_decode)
End-to-end throughput: 13.1966 tokens/s (1 tokens in 0.0757772 s)
[decode-stage-profile] model_load=462.932 ms context_create=58.0906 ms tokenize=0.453694 ms prefill_decode=102.645 ms generation_decode=75.474 ms generation_total=75.7772 ms program_total=716.294 ms
[svd-local-op-profile] up_ops=56 gate_ops=56 down_ops=56 up_total=50.640 ms gate_total=49.805 ms down_total=28.296 ms up_v=9.281 ms gate_v=4.861 ms down_v=21.014 ms up_u=41.356 ms gate_u=44.935 ms down_u=7.279 ms
[svd-local-stage-profile] attention_total=1.466 ms ffn_total=130.418 ms ffn_svd_total=128.741 ms ffn_svd_v=35.156 ms ffn_svd_u=93.570 ms
[svd-offload-zero-profile] up_finish=0 up_cache=0 up_no_request=27 gate_finish=0 gate_cache=0 gate_no_request=27 down_finish=0 down_cache=0 down_no_request=27 other_finish=0 other_cache=0 other_no_request=0
[svd-local-timeout-profile] up_keep=0 up_drop=0 up_wait=0.000 ms gate_keep=0 gate_drop=0 gate_wait=0.000 ms down_keep=0 down_drop=0 down_wait=0.000 ms other_keep=0 other_drop=0 other_wait=0.000 ms
[svd-offload-client] up_gate_req=0 down_req=0 other_mat_req=0 ffn_req=0 gate_cache_hits=0 gate_cache_checks=0 miss_invalid=0 miss_layer=0 miss_rank=0 miss_hash=0 miss_output=0 miss_data=0 send_up_gate=0.000 ms send_down=0.000 ms send_other=0.000 ms send_ffn=0.000 ms wait_up_gate=0.000 ms wait_down=0.000 ms wait_other=0.000 ms wait_ffn=0.000 ms
[svd-offload-client-stage-profile] rpc_send_total=0.000 ms rpc_wait_total=0.000 ms
[svd-offload-client-debug] finish_fail_up_gate=0 finish_fail_down=0 finish_fail_other=0 finish_fail_ffn=0 cache_take_fail_up=0 cache_take_fail_gate=0 recv_up_sum_abs=0.000000e+00 recv_up_max_abs=0.000000e+00 recv_up_zero=0 recv_gate_sum_abs=0.000000e+00 recv_gate_max_abs=0.000000e+00 recv_gate_zero=0 recv_down_sum_abs=0.000000e+00 recv_down_max_abs=0.000000e+00 recv_down_zero=0 recv_other_sum_abs=0.000000e+00 recv_other_max_abs=0.000000e+00 recv_other_zero=0 recv_ffn_sum_abs=0.000000e+00 recv_ffn_max_abs=0.000000e+00 recv_ffn_zero=0
SUCCEED (one forward pass done)"
2c_balanced_mid,6,baseline,all_0.5,2,"60,61","50,50",ok,11.7714,84.9515,0.8541691303253174,"llama_context: graph splits = 1
attach_threadpool: call
threads: decode=2 batch=2
prompt tokens: 4
running one forward pass (llama_decode) ...
Top-5 next-token candidates:
  id=11 logit=20.2053 piece="",""
  id=304 logit=18.9277 piece="" in""
  id=3837 logit=18.7558 piece=""，""
  id=1052 logit=18.5616 piece="" there""
  id=358 logit=17.8374 piece="" I""
Autoregressive generation:
Generated text: ,
Decode-only throughput: 11.7714 tokens/s (1 tokens in 0.0849515 s of llama_decode)
End-to-end throughput: 11.7291 tokens/s (1 tokens in 0.0852579 s)
[decode-stage-profile] model_load=398.552 ms context_create=58.106 ms tokenize=0.485223 ms prefill_decode=148.86 ms generation_decode=84.9515 ms generation_total=85.2579 ms program_total=708.106 ms
[svd-local-op-profile] up_ops=56 gate_ops=56 down_ops=56 up_total=69.933 ms gate_total=63.397 ms down_total=51.242 ms up_v=9.648 ms gate_v=9.632 ms down_v=41.627 ms up_u=60.283 ms gate_u=53.761 ms down_u=9.611 ms
[svd-local-stage-profile] attention_total=1.463 ms ffn_total=186.389 ms ffn_svd_total=184.572 ms ffn_svd_v=60.907 ms ffn_svd_u=123.655 ms
[svd-offload-zero-profile] up_finish=0 up_cache=0 up_no_request=27 gate_finish=0 gate_cache=0 gate_no_request=27 down_finish=0 down_cache=0 down_no_request=27 other_finish=0 other_cache=0 other_no_request=0
[svd-local-timeout-profile] up_keep=0 up_drop=0 up_wait=0.000 ms gate_keep=0 gate_drop=0 gate_wait=0.000 ms down_keep=0 down_drop=0 down_wait=0.000 ms other_keep=0 other_drop=0 other_wait=0.000 ms
[svd-offload-client] up_gate_req=0 down_req=0 other_mat_req=0 ffn_req=0 gate_cache_hits=0 gate_cache_checks=0 miss_invalid=0 miss_layer=0 miss_rank=0 miss_hash=0 miss_output=0 miss_data=0 send_up_gate=0.000 ms send_down=0.000 ms send_other=0.000 ms send_ffn=0.000 ms wait_up_gate=0.000 ms wait_down=0.000 ms wait_other=0.000 ms wait_ffn=0.000 ms
[svd-offload-client-stage-profile] rpc_send_total=0.000 ms rpc_wait_total=0.000 ms
[svd-offload-client-debug] finish_fail_up_gate=0 finish_fail_down=0 finish_fail_other=0 finish_fail_ffn=0 cache_take_fail_up=0 cache_take_fail_gate=0 recv_up_sum_abs=0.000000e+00 recv_up_max_abs=0.000000e+00 recv_up_zero=0 recv_gate_sum_abs=0.000000e+00 recv_gate_max_abs=0.000000e+00 recv_gate_zero=0 recv_down_sum_abs=0.000000e+00 recv_down_max_abs=0.000000e+00 recv_down_zero=0 recv_other_sum_abs=0.000000e+00 recv_other_max_abs=0.000000e+00 recv_other_zero=0 recv_ffn_sum_abs=0.000000e+00 recv_ffn_max_abs=0.000000e+00 recv_ffn_zero=0
SUCCEED (one forward pass done)"
2c_balanced_mid,6,scheduler,all_0.5,2,"60,61","50,50",ok,13.4651,74.2658,0.8033807277679443,"llama_context: graph splits = 1
attach_threadpool: call
threads: decode=2 batch=2
prompt tokens: 4
running one forward pass (llama_decode) ...
Top-5 next-token candidates:
  id=11 logit=15.272 piece="",""
  id=12 logit=14.9123 piece=""-""
  id=51730 logit=14.8613 piece="" Ri""
  id=6216 logit=14.8165 piece="" ir""
  id=472 logit=14.5534 piece="" H""
Autoregressive generation:
Generated text: ,
Decode-only throughput: 13.4651 tokens/s (1 tokens in 0.0742658 s of llama_decode)
End-to-end throughput: 13.4111 tokens/s (1 tokens in 0.0745651 s)
[decode-stage-profile] model_load=399.585 ms context_create=57.0272 ms tokenize=0.47227 ms prefill_decode=103.341 ms generation_decode=74.2658 ms generation_total=74.5651 ms program_total=651.892 ms
[svd-local-op-profile] up_ops=56 gate_ops=56 down_ops=56 up_total=46.857 ms gate_total=50.075 ms down_total=28.565 ms up_v=5.235 ms gate_v=4.993 ms down_v=21.123 ms up_u=41.618 ms gate_u=45.079 ms down_u=7.435 ms
[svd-local-stage-profile] attention_total=1.451 ms ffn_total=130.192 ms ffn_svd_total=125.497 ms ffn_svd_v=31.351 ms ffn_svd_u=94.132 ms
[svd-offload-zero-profile] up_finish=0 up_cache=0 up_no_request=27 gate_finish=0 gate_cache=0 gate_no_request=27 down_finish=0 down_cache=0 down_no_request=27 other_finish=0 other_cache=0 other_no_request=0
[svd-local-timeout-profile] up_keep=0 up_drop=0 up_wait=0.000 ms gate_keep=0 gate_drop=0 gate_wait=0.000 ms down_keep=0 down_drop=0 down_wait=0.000 ms other_keep=0 other_drop=0 other_wait=0.000 ms
[svd-offload-client] up_gate_req=0 down_req=0 other_mat_req=0 ffn_req=0 gate_cache_hits=0 gate_cache_checks=0 miss_invalid=0 miss_layer=0 miss_rank=0 miss_hash=0 miss_output=0 miss_data=0 send_up_gate=0.000 ms send_down=0.000 ms send_other=0.000 ms send_ffn=0.000 ms wait_up_gate=0.000 ms wait_down=0.000 ms wait_other=0.000 ms wait_ffn=0.000 ms
[svd-offload-client-stage-profile] rpc_send_total=0.000 ms rpc_wait_total=0.000 ms
[svd-offload-client-debug] finish_fail_up_gate=0 finish_fail_down=0 finish_fail_other=0 finish_fail_ffn=0 cache_take_fail_up=0 cache_take_fail_gate=0 recv_up_sum_abs=0.000000e+00 recv_up_max_abs=0.000000e+00 recv_up_zero=0 recv_gate_sum_abs=0.000000e+00 recv_gate_max_abs=0.000000e+00 recv_gate_zero=0 recv_down_sum_abs=0.000000e+00 recv_down_max_abs=0.000000e+00 recv_down_zero=0 recv_other_sum_abs=0.000000e+00 recv_other_max_abs=0.000000e+00 recv_other_zero=0 recv_ffn_sum_abs=0.000000e+00 recv_ffn_max_abs=0.000000e+00 recv_ffn_zero=0
SUCCEED (one forward pass done)"
2c_asym_low_high,0,baseline,trunc_even_0.8,2,"60,61","20,80",ok,11.8124,84.6566,0.9361886978149414,"llama_context: graph splits = 1
attach_threadpool: call
threads: decode=2 batch=2
prompt tokens: 4
running one forward pass (llama_decode) ...
Top-5 next-token candidates:
  id=11 logit=20.2053 piece="",""
  id=304 logit=18.9277 piece="" in""
  id=3837 logit=18.7558 piece=""，""
  id=1052 logit=18.5616 piece="" there""
  id=358 logit=17.8374 piece="" I""
Autoregressive generation:
Generated text: ,
Decode-only throughput: 11.8124 tokens/s (1 tokens in 0.0846566 s of llama_decode)
End-to-end throughput: 11.7694 tokens/s (1 tokens in 0.0849659 s)
[decode-stage-profile] model_load=469.692 ms context_create=62.344 ms tokenize=0.461498 ms prefill_decode=147.26 ms generation_decode=84.6566 ms generation_total=84.9659 ms program_total=781.743 ms
[svd-local-op-profile] up_ops=56 gate_ops=56 down_ops=56 up_total=67.146 ms gate_total=63.715 ms down_total=51.398 ms up_v=13.665 ms gate_v=9.610 ms down_v=41.742 ms up_u=53.479 ms gate_u=54.100 ms down_u=9.651 ms
[svd-local-stage-profile] attention_total=1.560 ms ffn_total=184.002 ms ffn_svd_total=182.259 ms ffn_svd_v=65.017 ms ffn_svd_u=117.230 ms
[svd-offload-zero-profile] up_finish=0 up_cache=0 up_no_request=27 gate_finish=0 gate_cache=0 gate_no_request=27 down_finish=0 down_cache=0 down_no_request=27 other_finish=0 other_cache=0 other_no_request=0
[svd-local-timeout-profile] up_keep=0 up_drop=0 up_wait=0.000 ms gate_keep=0 gate_drop=0 gate_wait=0.000 ms down_keep=0 down_drop=0 down_wait=0.000 ms other_keep=0 other_drop=0 other_wait=0.000 ms
[svd-offload-client] up_gate_req=0 down_req=0 other_mat_req=0 ffn_req=0 gate_cache_hits=0 gate_cache_checks=0 miss_invalid=0 miss_layer=0 miss_rank=0 miss_hash=0 miss_output=0 miss_data=0 send_up_gate=0.000 ms send_down=0.000 ms send_other=0.000 ms send_ffn=0.000 ms wait_up_gate=0.000 ms wait_down=0.000 ms wait_other=0.000 ms wait_ffn=0.000 ms
[svd-offload-client-stage-profile] rpc_send_total=0.000 ms rpc_wait_total=0.000 ms
[svd-offload-client-debug] finish_fail_up_gate=0 finish_fail_down=0 finish_fail_other=0 finish_fail_ffn=0 cache_take_fail_up=0 cache_take_fail_gate=0 recv_up_sum_abs=0.000000e+00 recv_up_max_abs=0.000000e+00 recv_up_zero=0 recv_gate_sum_abs=0.000000e+00 recv_gate_max_abs=0.000000e+00 recv_gate_zero=0 recv_down_sum_abs=0.000000e+00 recv_down_max_abs=0.000000e+00 recv_down_zero=0 recv_other_sum_abs=0.000000e+00 recv_other_max_abs=0.000000e+00 recv_other_zero=0 recv_ffn_sum_abs=0.000000e+00 recv_ffn_max_abs=0.000000e+00 recv_ffn_zero=0
SUCCEED (one forward pass done)"
2c_asym_low_high,0,scheduler,trunc_even_0.8,2,"60,61","20,80",ok,13.273,75.3412,0.8392765522003174,"llama_context: graph splits = 1
attach_threadpool: call
threads: decode=2 batch=2
prompt tokens: 4
running one forward pass (llama_decode) ...
Top-5 next-token candidates:
  id=3 logit=0 piece=""$""
  id=4 logit=0 piece=""%""
  id=1 logit=0 piece=""""""
  id=0 logit=0 piece=""!""
  id=2 logit=0 piece=""#""
Autoregressive generation:
Generated text: !
Decode-only throughput: 13.273 tokens/s (1 tokens in 0.0753412 s of llama_decode)
End-to-end throughput: 13.2172 tokens/s (1 tokens in 0.0756589 s)
[decode-stage-profile] model_load=421.595 ms context_create=59.2231 ms tokenize=0.451019 ms prefill_decode=114.49 ms generation_decode=75.3412 ms generation_total=75.6589 ms program_total=688.063 ms
[svd-local-op-profile] up_ops=56 gate_ops=56 down_ops=56 up_total=52.013 ms gate_total=50.936 ms down_total=33.340 ms up_v=6.252 ms gate_v=6.023 ms down_v=25.353 ms up_u=45.760 ms gate_u=44.909 ms down_u=7.981 ms
[svd-local-stage-profile] attention_total=1.460 ms ffn_total=138.106 ms ffn_svd_total=136.289 ms ffn_svd_v=37.628 ms ffn_svd_u=98.650 ms
[svd-offload-zero-profile] up_finish=0 up_cache=0 up_no_request=27 gate_finish=0 gate_cache=0 gate_no_request=27 down_finish=0 down_cache=0 down_no_request=27 other_finish=0 other_cache=0 other_no_request=0
[svd-local-timeout-profile] up_keep=0 up_drop=0 up_wait=0.000 ms gate_keep=0 gate_drop=0 gate_wait=0.000 ms down_keep=0 down_drop=0 down_wait=0.000 ms other_keep=0 other_drop=0 other_wait=0.000 ms
[svd-offload-client] up_gate_req=0 down_req=0 other_mat_req=0 ffn_req=0 gate_cache_hits=0 gate_cache_checks=0 miss_invalid=0 miss_layer=0 miss_rank=0 miss_hash=0 miss_output=0 miss_data=0 send_up_gate=0.000 ms send_down=0.000 ms send_other=0.000 ms send_ffn=0.000 ms wait_up_gate=0.000 ms wait_down=0.000 ms wait_other=0.000 ms wait_ffn=0.000 ms
[svd-offload-client-stage-profile] rpc_send_total=0.000 ms rpc_wait_total=0.000 ms
[svd-offload-client-debug] finish_fail_up_gate=0 finish_fail_down=0 finish_fail_other=0 finish_fail_ffn=0 cache_take_fail_up=0 cache_take_fail_gate=0 recv_up_sum_abs=0.000000e+00 recv_up_max_abs=0.000000e+00 recv_up_zero=0 recv_gate_sum_abs=0.000000e+00 recv_gate_max_abs=0.000000e+00 recv_gate_zero=0 recv_down_sum_abs=0.000000e+00 recv_down_max_abs=0.000000e+00 recv_down_zero=0 recv_other_sum_abs=0.000000e+00 recv_other_max_abs=0.000000e+00 recv_other_zero=0 recv_ffn_sum_abs=0.000000e+00 recv_ffn_max_abs=0.000000e+00 recv_ffn_zero=0
SUCCEED (one forward pass done)"
2c_asym_low_high,1,baseline,trunc_even_0.8,2,"60,61","20,80",ok,10.9221,91.5577,0.9329249858856201,"llama_context: graph splits = 1
attach_threadpool: call
threads: decode=2 batch=2
prompt tokens: 4
running one forward pass (llama_decode) ...
Top-5 next-token candidates:
  id=11 logit=20.2053 piece="",""
  id=304 logit=18.9277 piece="" in""
  id=3837 logit=18.7558 piece=""，""
  id=1052 logit=18.5616 piece="" there""
  id=358 logit=17.8374 piece="" I""
Autoregressive generation:
Generated text: ,
Decode-only throughput: 10.9221 tokens/s (1 tokens in 0.0915577 s of llama_decode)
End-to-end throughput: 10.8837 tokens/s (1 tokens in 0.0918801 s)
[decode-stage-profile] model_load=472.613 ms context_create=59.4885 ms tokenize=0.45228 ms prefill_decode=144.846 ms generation_decode=91.5577 ms generation_total=91.8801 ms program_total=786.235 ms
[svd-local-op-profile] up_ops=56 gate_ops=56 down_ops=56 up_total=65.472 ms gate_total=64.001 ms down_total=51.593 ms up_v=9.755 ms gate_v=9.584 ms down_v=41.915 ms up_u=55.715 ms gate_u=54.408 ms down_u=9.676 ms
[svd-local-stage-profile] attention_total=1.511 ms ffn_total=182.904 ms ffn_svd_total=181.066 ms ffn_svd_v=61.254 ms ffn_svd_u=119.799 ms
[svd-offload-zero-profile] up_finish=0 up_cache=0 up_no_request=27 gate_finish=0 gate_cache=0 gate_no_request=27 down_finish=0 down_cache=0 down_no_request=27 other_finish=0 other_cache=0 other_no_request=0
[svd-local-timeout-profile] up_keep=0 up_drop=0 up_wait=0.000 ms gate_keep=0 gate_drop=0 gate_wait=0.000 ms down_keep=0 down_drop=0 down_wait=0.000 ms other_keep=0 other_drop=0 other_wait=0.000 ms
[svd-offload-client] up_gate_req=0 down_req=0 other_mat_req=0 ffn_req=0 gate_cache_hits=0 gate_cache_checks=0 miss_invalid=0 miss_layer=0 miss_rank=0 miss_hash=0 miss_output=0 miss_data=0 send_up_gate=0.000 ms send_down=0.000 ms send_other=0.000 ms send_ffn=0.000 ms wait_up_gate=0.000 ms wait_down=0.000 ms wait_other=0.000 ms wait_ffn=0.000 ms
[svd-offload-client-stage-profile] rpc_send_total=0.000 ms rpc_wait_total=0.000 ms
[svd-offload-client-debug] finish_fail_up_gate=0 finish_fail_down=0 finish_fail_other=0 finish_fail_ffn=0 cache_take_fail_up=0 cache_take_fail_gate=0 recv_up_sum_abs=0.000000e+00 recv_up_max_abs=0.000000e+00 recv_up_zero=0 recv_gate_sum_abs=0.000000e+00 recv_gate_max_abs=0.000000e+00 recv_gate_zero=0 recv_down_sum_abs=0.000000e+00 recv_down_max_abs=0.000000e+00 recv_down_zero=0 recv_other_sum_abs=0.000000e+00 recv_other_max_abs=0.000000e+00 recv_other_zero=0 recv_ffn_sum_abs=0.000000e+00 recv_ffn_max_abs=0.000000e+00 recv_ffn_zero=0
SUCCEED (one forward pass done)"
2c_asym_low_high,1,scheduler,trunc_even_0.8,2,"60,61","20,80",ok,12.2773,81.4515,0.8683140277862549,"llama_context: graph splits = 1
attach_threadpool: call
threads: decode=2 batch=2
prompt tokens: 4
running one forward pass (llama_decode) ...
Top-5 next-token candidates:
  id=3 logit=0 piece=""$""
  id=4 logit=0 piece=""%""
  id=1 logit=0 piece=""""""
  id=0 logit=0 piece=""!""
  id=2 logit=0 piece=""#""
Autoregressive generation:
Generated text: !
Decode-only throughput: 12.2773 tokens/s (1 tokens in 0.0814515 s of llama_decode)
End-to-end throughput: 12.228 tokens/s (1 tokens in 0.0817795 s)
[decode-stage-profile] model_load=445.614 ms context_create=58.0694 ms tokenize=0.462033 ms prefill_decode=110.909 ms generation_decode=81.4515 ms generation_total=81.7795 ms program_total=713.596 ms
[svd-local-op-profile] up_ops=56 gate_ops=56 down_ops=56 up_total=55.404 ms gate_total=51.276 ms down_total=35.769 ms up_v=6.284 ms gate_v=6.169 ms down_v=27.774 ms up_u=49.115 ms gate_u=45.106 ms down_u=7.990 ms
[svd-local-stage-profile] attention_total=1.468 ms ffn_total=144.255 ms ffn_svd_total=142.449 ms ffn_svd_v=40.227 ms ffn_svd_u=102.211 ms
[svd-offload-zero-profile] up_finish=0 up_cache=0 up_no_request=27 gate_finish=0 gate_cache=0 gate_no_request=27 down_finish=0 down_cache=0 down_no_request=27 other_finish=0 other_cache=0 other_no_request=0
[svd-local-timeout-profile] up_keep=0 up_drop=0 up_wait=0.000 ms gate_keep=0 gate_drop=0 gate_wait=0.000 ms down_keep=0 down_drop=0 down_wait=0.000 ms other_keep=0 other_drop=0 other_wait=0.000 ms
[svd-offload-client] up_gate_req=0 down_req=0 other_mat_req=0 ffn_req=0 gate_cache_hits=0 gate_cache_checks=0 miss_invalid=0 miss_layer=0 miss_rank=0 miss_hash=0 miss_output=0 miss_data=0 send_up_gate=0.000 ms send_down=0.000 ms send_other=0.000 ms send_ffn=0.000 ms wait_up_gate=0.000 ms wait_down=0.000 ms wait_other=0.000 ms wait_ffn=0.000 ms
[svd-offload-client-stage-profile] rpc_send_total=0.000 ms rpc_wait_total=0.000 ms
[svd-offload-client-debug] finish_fail_up_gate=0 finish_fail_down=0 finish_fail_other=0 finish_fail_ffn=0 cache_take_fail_up=0 cache_take_fail_gate=0 recv_up_sum_abs=0.000000e+00 recv_up_max_abs=0.000000e+00 recv_up_zero=0 recv_gate_sum_abs=0.000000e+00 recv_gate_max_abs=0.000000e+00 recv_gate_zero=0 recv_down_sum_abs=0.000000e+00 recv_down_max_abs=0.000000e+00 recv_down_zero=0 recv_other_sum_abs=0.000000e+00 recv_other_max_abs=0.000000e+00 recv_other_zero=0 recv_ffn_sum_abs=0.000000e+00 recv_ffn_max_abs=0.000000e+00 recv_ffn_zero=0
SUCCEED (one forward pass done)"
2c_asym_low_high,2,baseline,trunc_even_0.8,2,"60,61","20,80",ok,11.7847,84.8554,0.9361240863800049,"llama_context: graph splits = 1
attach_threadpool: call
threads: decode=2 batch=2
prompt tokens: 4
running one forward pass (llama_decode) ...
Top-5 next-token candidates:
  id=11 logit=20.2053 piece="",""
  id=304 logit=18.9277 piece="" in""
  id=3837 logit=18.7558 piece=""，""
  id=1052 logit=18.5616 piece="" there""
  id=358 logit=17.8374 piece="" I""
Autoregressive generation:
Generated text: ,
Decode-only throughput: 11.7847 tokens/s (1 tokens in 0.0848554 s of llama_decode)
End-to-end throughput: 11.7411 tokens/s (1 tokens in 0.0851712 s)
[decode-stage-profile] model_load=473.056 ms context_create=57.6193 ms tokenize=0.467968 ms prefill_decode=149.828 ms generation_decode=84.8554 ms generation_total=85.1712 ms program_total=783.116 ms
[svd-local-op-profile] up_ops=56 gate_ops=56 down_ops=56 up_total=67.033 ms gate_total=67.257 ms down_total=50.981 ms up_v=13.731 ms gate_v=13.561 ms down_v=41.367 ms up_u=53.297 ms gate_u=53.691 ms down_u=9.611 ms
[svd-local-stage-profile] attention_total=1.499 ms ffn_total=187.088 ms ffn_svd_total=185.271 ms ffn_svd_v=68.659 ms ffn_svd_u=116.599 ms
[svd-offload-zero-profile] up_finish=0 up_cache=0 up_no_request=27 gate_finish=0 gate_cache=0 gate_no_request=27 down_finish=0 down_cache=0 down_no_request=27 other_finish=0 other_cache=0 other_no_request=0
[svd-local-timeout-profile] up_keep=0 up_drop=0 up_wait=0.000 ms gate_keep=0 gate_drop=0 gate_wait=0.000 ms down_keep=0 down_drop=0 down_wait=0.000 ms other_keep=0 other_drop=0 other_wait=0.000 ms
[svd-offload-client] up_gate_req=0 down_req=0 other_mat_req=0 ffn_req=0 gate_cache_hits=0 gate_cache_checks=0 miss_invalid=0 miss_layer=0 miss_rank=0 miss_hash=0 miss_output=0 miss_data=0 send_up_gate=0.000 ms send_down=0.000 ms send_other=0.000 ms send_ffn=0.000 ms wait_up_gate=0.000 ms wait_down=0.000 ms wait_other=0.000 ms wait_ffn=0.000 ms
[svd-offload-client-stage-profile] rpc_send_total=0.000 ms rpc_wait_total=0.000 ms
[svd-offload-client-debug] finish_fail_up_gate=0 finish_fail_down=0 finish_fail_other=0 finish_fail_ffn=0 cache_take_fail_up=0 cache_take_fail_gate=0 recv_up_sum_abs=0.000000e+00 recv_up_max_abs=0.000000e+00 recv_up_zero=0 recv_gate_sum_abs=0.000000e+00 recv_gate_max_abs=0.000000e+00 recv_gate_zero=0 recv_down_sum_abs=0.000000e+00 recv_down_max_abs=0.000000e+00 recv_down_zero=0 recv_other_sum_abs=0.000000e+00 recv_other_max_abs=0.000000e+00 recv_other_zero=0 recv_ffn_sum_abs=0.000000e+00 recv_ffn_max_abs=0.000000e+00 recv_ffn_zero=0
SUCCEED (one forward pass done)"
2c_asym_low_high,2,scheduler,trunc_even_0.8,2,"60,61","20,80",ok,13.064,76.5465,0.8568463325500488,"llama_context: graph splits = 1
attach_threadpool: call
threads: decode=2 batch=2
prompt tokens: 4
running one forward pass (llama_decode) ...
Top-5 next-token candidates:
  id=3 logit=0 piece=""$""
  id=4 logit=0 piece=""%""
  id=1 logit=0 piece=""""""
  id=0 logit=0 piece=""!""
  id=2 logit=0 piece=""#""
Autoregressive generation:
Generated text: !
Decode-only throughput: 13.064 tokens/s (1 tokens in 0.0765465 s of llama_decode)
End-to-end throughput: 13.0075 tokens/s (1 tokens in 0.0768784 s)
[decode-stage-profile] model_load=439.599 ms context_create=56.6211 ms tokenize=0.462135 ms prefill_decode=114.01 ms generation_decode=76.5465 ms generation_total=76.8784 ms program_total=704.049 ms
[svd-local-op-profile] up_ops=56 gate_ops=56 down_ops=56 up_total=50.649 ms gate_total=50.369 ms down_total=40.217 ms up_v=6.233 ms gate_v=6.000 ms down_v=29.264 ms up_u=44.412 ms gate_u=44.367 ms down_u=10.947 ms
[svd-local-stage-profile] attention_total=1.414 ms ffn_total=142.909 ms ffn_svd_total=141.235 ms ffn_svd_v=41.497 ms ffn_svd_u=99.726 ms
[svd-offload-zero-profile] up_finish=0 up_cache=0 up_no_request=27 gate_finish=0 gate_cache=0 gate_no_request=27 down_finish=0 down_cache=0 down_no_request=27 other_finish=0 other_cache=0 other_no_request=0
[svd-local-timeout-profile] up_keep=0 up_drop=0 up_wait=0.000 ms gate_keep=0 gate_drop=0 gate_wait=0.000 ms down_keep=0 down_drop=0 down_wait=0.000 ms other_keep=0 other_drop=0 other_wait=0.000 ms
[svd-offload-client] up_gate_req=0 down_req=0 other_mat_req=0 ffn_req=0 gate_cache_hits=0 gate_cache_checks=0 miss_invalid=0 miss_layer=0 miss_rank=0 miss_hash=0 miss_output=0 miss_data=0 send_up_gate=0.000 ms send_down=0.000 ms send_other=0.000 ms send_ffn=0.000 ms wait_up_gate=0.000 ms wait_down=0.000 ms wait_other=0.000 ms wait_ffn=0.000 ms
[svd-offload-client-stage-profile] rpc_send_total=0.000 ms rpc_wait_total=0.000 ms
[svd-offload-client-debug] finish_fail_up_gate=0 finish_fail_down=0 finish_fail_other=0 finish_fail_ffn=0 cache_take_fail_up=0 cache_take_fail_gate=0 recv_up_sum_abs=0.000000e+00 recv_up_max_abs=0.000000e+00 recv_up_zero=0 recv_gate_sum_abs=0.000000e+00 recv_gate_max_abs=0.000000e+00 recv_gate_zero=0 recv_down_sum_abs=0.000000e+00 recv_down_max_abs=0.000000e+00 recv_down_zero=0 recv_other_sum_abs=0.000000e+00 recv_other_max_abs=0.000000e+00 recv_other_zero=0 recv_ffn_sum_abs=0.000000e+00 recv_ffn_max_abs=0.000000e+00 recv_ffn_zero=0
SUCCEED (one forward pass done)"
2c_asym_low_high,3,baseline,trunc_even_0.8,2,"60,61","20,80",ok,11.7911,84.8094,0.9322361946105957,"llama_context: graph splits = 1
attach_threadpool: call
threads: decode=2 batch=2
prompt tokens: 4
running one forward pass (llama_decode) ...
Top-5 next-token candidates:
  id=11 logit=20.2053 piece="",""
  id=304 logit=18.9277 piece="" in""
  id=3837 logit=18.7558 piece=""，""
  id=1052 logit=18.5616 piece="" there""
  id=358 logit=17.8374 piece="" I""
Autoregressive generation:
Generated text: ,
Decode-only throughput: 11.7911 tokens/s (1 tokens in 0.0848094 s of llama_decode)
End-to-end throughput: 11.749 tokens/s (1 tokens in 0.0851135 s)
[decode-stage-profile] model_load=471.604 ms context_create=60.959 ms tokenize=0.461047 ms prefill_decode=146.835 ms generation_decode=84.8094 ms generation_total=85.1135 ms program_total=781.932 ms
[svd-local-op-profile] up_ops=56 gate_ops=56 down_ops=56 up_total=62.919 ms gate_total=67.188 ms down_total=52.181 ms up_v=9.748 ms gate_v=9.432 ms down_v=42.506 ms up_u=53.163 ms gate_u=57.747 ms down_u=9.668 ms
[svd-local-stage-profile] attention_total=1.492 ms ffn_total=184.106 ms ffn_svd_total=182.288 ms ffn_svd_v=61.686 ms ffn_svd_u=120.578 ms
[svd-offload-zero-profile] up_finish=0 up_cache=0 up_no_request=27 gate_finish=0 gate_cache=0 gate_no_request=27 down_finish=0 down_cache=0 down_no_request=27 other_finish=0 other_cache=0 other_no_request=0
[svd-local-timeout-profile] up_keep=0 up_drop=0 up_wait=0.000 ms gate_keep=0 gate_drop=0 gate_wait=0.000 ms down_keep=0 down_drop=0 down_wait=0.000 ms other_keep=0 other_drop=0 other_wait=0.000 ms
[svd-offload-client] up_gate_req=0 down_req=0 other_mat_req=0 ffn_req=0 gate_cache_hits=0 gate_cache_checks=0 miss_invalid=0 miss_layer=0 miss_rank=0 miss_hash=0 miss_output=0 miss_data=0 send_up_gate=0.000 ms send_down=0.000 ms send_other=0.000 ms send_ffn=0.000 ms wait_up_gate=0.000 ms wait_down=0.000 ms wait_other=0.000 ms wait_ffn=0.000 ms
[svd-offload-client-stage-profile] rpc_send_total=0.000 ms rpc_wait_total=0.000 ms
[svd-offload-client-debug] finish_fail_up_gate=0 finish_fail_down=0 finish_fail_other=0 finish_fail_ffn=0 cache_take_fail_up=0 cache_take_fail_gate=0 recv_up_sum_abs=0.000000e+00 recv_up_max_abs=0.000000e+00 recv_up_zero=0 recv_gate_sum_abs=0.000000e+00 recv_gate_max_abs=0.000000e+00 recv_gate_zero=0 recv_down_sum_abs=0.000000e+00 recv_down_max_abs=0.000000e+00 recv_down_zero=0 recv_other_sum_abs=0.000000e+00 recv_other_max_abs=0.000000e+00 recv_other_zero=0 recv_ffn_sum_abs=0.000000e+00 recv_ffn_max_abs=0.000000e+00 recv_ffn_zero=0
SUCCEED (one forward pass done)"
2c_asym_low_high,3,scheduler,trunc_even_0.8,2,"60,61","20,80",ok,13.1407,76.0996,0.7983434200286865,"llama_context: graph splits = 1
attach_threadpool: call
threads: decode=2 batch=2
prompt tokens: 4
running one forward pass (llama_decode) ...
Top-5 next-token candidates:
  id=3 logit=0 piece=""$""
  id=4 logit=0 piece=""%""
  id=1 logit=0 piece=""""""
  id=0 logit=0 piece=""!""
  id=2 logit=0 piece=""#""
Autoregressive generation:
Generated text: !
Decode-only throughput: 13.1407 tokens/s (1 tokens in 0.0760996 s of llama_decode)
End-to-end throughput: 13.083 tokens/s (1 tokens in 0.0764352 s)
[decode-stage-profile] model_load=379.096 ms context_create=56.7745 ms tokenize=0.449588 ms prefill_decode=119.374 ms generation_decode=76.0996 ms generation_total=76.4352 ms program_total=648.696 ms
[svd-local-op-profile] up_ops=56 gate_ops=56 down_ops=56 up_total=54.911 ms gate_total=51.938 ms down_total=34.474 ms up_v=6.485 ms gate_v=6.215 ms down_v=26.328 ms up_u=48.422 ms gate_u=45.720 ms down_u=8.145 ms
[svd-local-stage-profile] attention_total=1.536 ms ffn_total=143.129 ms ffn_svd_total=141.323 ms ffn_svd_v=39.028 ms ffn_svd_u=102.287 ms
[svd-offload-zero-profile] up_finish=0 up_cache=0 up_no_request=27 gate_finish=0 gate_cache=0 gate_no_request=27 down_finish=0 down_cache=0 down_no_request=27 other_finish=0 other_cache=0 other_no_request=0
[svd-local-timeout-profile] up_keep=0 up_drop=0 up_wait=0.000 ms gate_keep=0 gate_drop=0 gate_wait=0.000 ms down_keep=0 down_drop=0 down_wait=0.000 ms other_keep=0 other_drop=0 other_wait=0.000 ms
[svd-offload-client] up_gate_req=0 down_req=0 other_mat_req=0 ffn_req=0 gate_cache_hits=0 gate_cache_checks=0 miss_invalid=0 miss_layer=0 miss_rank=0 miss_hash=0 miss_output=0 miss_data=0 send_up_gate=0.000 ms send_down=0.000 ms send_other=0.000 ms send_ffn=0.000 ms wait_up_gate=0.000 ms wait_down=0.000 ms wait_other=0.000 ms wait_ffn=0.000 ms
[svd-offload-client-stage-profile] rpc_send_total=0.000 ms rpc_wait_total=0.000 ms
[svd-offload-client-debug] finish_fail_up_gate=0 finish_fail_down=0 finish_fail_other=0 finish_fail_ffn=0 cache_take_fail_up=0 cache_take_fail_gate=0 recv_up_sum_abs=0.000000e+00 recv_up_max_abs=0.000000e+00 recv_up_zero=0 recv_gate_sum_abs=0.000000e+00 recv_gate_max_abs=0.000000e+00 recv_gate_zero=0 recv_down_sum_abs=0.000000e+00 recv_down_max_abs=0.000000e+00 recv_down_zero=0 recv_other_sum_abs=0.000000e+00 recv_other_max_abs=0.000000e+00 recv_other_zero=0 recv_ffn_sum_abs=0.000000e+00 recv_ffn_max_abs=0.000000e+00 recv_ffn_zero=0
SUCCEED (one forward pass done)"
2c_asym_low_high,4,baseline,trunc_even_0.8,2,"60,61","20,80",ok,11.1075,90.0295,0.8928141593933105,"llama_context: graph splits = 1
attach_threadpool: call
threads: decode=2 batch=2
prompt tokens: 4
running one forward pass (llama_decode) ...
Top-5 next-token candidates:
  id=11 logit=20.2053 piece="",""
  id=304 logit=18.9277 piece="" in""
  id=3837 logit=18.7558 piece=""，""
  id=1052 logit=18.5616 piece="" there""
  id=358 logit=17.8374 piece="" I""
Autoregressive generation:
Generated text: ,
Decode-only throughput: 11.1075 tokens/s (1 tokens in 0.0900295 s of llama_decode)
End-to-end throughput: 11.0682 tokens/s (1 tokens in 0.0903487 s)
[decode-stage-profile] model_load=378.364 ms context_create=65.9827 ms tokenize=0.905872 ms prefill_decode=188.544 ms generation_decode=90.0295 ms generation_total=90.3487 ms program_total=744.108 ms
[svd-local-op-profile] up_ops=56 gate_ops=56 down_ops=56 up_total=81.550 ms gate_total=77.355 ms down_total=63.707 ms up_v=12.296 ms gate_v=11.859 ms down_v=52.025 ms up_u=69.250 ms gate_u=65.482 ms down_u=11.679 ms
[svd-local-stage-profile] attention_total=1.706 ms ffn_total=224.535 ms ffn_svd_total=222.612 ms ffn_svd_v=76.180 ms ffn_svd_u=146.411 ms
[svd-offload-zero-profile] up_finish=0 up_cache=0 up_no_request=27 gate_finish=0 gate_cache=0 gate_no_request=27 down_finish=0 down_cache=0 down_no_request=27 other_finish=0 other_cache=0 other_no_request=0
[svd-local-timeout-profile] up_keep=0 up_drop=0 up_wait=0.000 ms gate_keep=0 gate_drop=0 gate_wait=0.000 ms down_keep=0 down_drop=0 down_wait=0.000 ms other_keep=0 other_drop=0 other_wait=0.000 ms
[svd-offload-client] up_gate_req=0 down_req=0 other_mat_req=0 ffn_req=0 gate_cache_hits=0 gate_cache_checks=0 miss_invalid=0 miss_layer=0 miss_rank=0 miss_hash=0 miss_output=0 miss_data=0 send_up_gate=0.000 ms send_down=0.000 ms send_other=0.000 ms send_ffn=0.000 ms wait_up_gate=0.000 ms wait_down=0.000 ms wait_other=0.000 ms wait_ffn=0.000 ms
[svd-offload-client-stage-profile] rpc_send_total=0.000 ms rpc_wait_total=0.000 ms
[svd-offload-client-debug] finish_fail_up_gate=0 finish_fail_down=0 finish_fail_other=0 finish_fail_ffn=0 cache_take_fail_up=0 cache_take_fail_gate=0 recv_up_sum_abs=0.000000e+00 recv_up_max_abs=0.000000e+00 recv_up_zero=0 recv_gate_sum_abs=0.000000e+00 recv_gate_max_abs=0.000000e+00 recv_gate_zero=0 recv_down_sum_abs=0.000000e+00 recv_down_max_abs=0.000000e+00 recv_down_zero=0 recv_other_sum_abs=0.000000e+00 recv_other_max_abs=0.000000e+00 recv_other_zero=0 recv_ffn_sum_abs=0.000000e+00 recv_ffn_max_abs=0.000000e+00 recv_ffn_zero=0
SUCCEED (one forward pass done)"
2c_asym_low_high,4,scheduler,trunc_even_0.8,2,"60,61","20,80",ok,11.2284,89.0601,0.8499958515167236,"llama_context: graph splits = 1
attach_threadpool: call
threads: decode=2 batch=2
prompt tokens: 4
running one forward pass (llama_decode) ...
Top-5 next-token candidates:
  id=3 logit=0 piece=""$""
  id=4 logit=0 piece=""%""
  id=1 logit=0 piece=""""""
  id=0 logit=0 piece=""!""
  id=2 logit=0 piece=""#""
Autoregressive generation:
Generated text: !
Decode-only throughput: 11.2284 tokens/s (1 tokens in 0.0890601 s of llama_decode)
End-to-end throughput: 11.1874 tokens/s (1 tokens in 0.0893866 s)
[decode-stage-profile] model_load=376.343 ms context_create=56.1048 ms tokenize=0.458533 ms prefill_decode=123.626 ms generation_decode=89.0601 ms generation_total=89.3866 ms program_total=662.502 ms
[svd-local-op-profile] up_ops=56 gate_ops=56 down_ops=56 up_total=58.504 ms gate_total=58.250 ms down_total=42.899 ms up_v=7.249 ms gate_v=7.037 ms down_v=33.830 ms up_u=51.248 ms gate_u=51.206 ms down_u=9.059 ms
[svd-local-stage-profile] attention_total=1.632 ms ffn_total=161.588 ms ffn_svd_total=159.653 ms ffn_svd_v=48.116 ms ffn_svd_u=111.513 ms
[svd-offload-zero-profile] up_finish=0 up_cache=0 up_no_request=27 gate_finish=0 gate_cache=0 gate_no_request=27 down_finish=0 down_cache=0 down_no_request=27 other_finish=0 other_cache=0 other_no_request=0
[svd-local-timeout-profile] up_keep=0 up_drop=0 up_wait=0.000 ms gate_keep=0 gate_drop=0 gate_wait=0.000 ms down_keep=0 down_drop=0 down_wait=0.000 ms other_keep=0 other_drop=0 other_wait=0.000 ms
[svd-offload-client] up_gate_req=0 down_req=0 other_mat_req=0 ffn_req=0 gate_cache_hits=0 gate_cache_checks=0 miss_invalid=0 miss_layer=0 miss_rank=0 miss_hash=0 miss_output=0 miss_data=0 send_up_gate=0.000 ms send_down=0.000 ms send_other=0.000 ms send_ffn=0.000 ms wait_up_gate=0.000 ms wait_down=0.000 ms wait_other=0.000 ms wait_ffn=0.000 ms
[svd-offload-client-stage-profile] rpc_send_total=0.000 ms rpc_wait_total=0.000 ms
[svd-offload-client-debug] finish_fail_up_gate=0 finish_fail_down=0 finish_fail_other=0 finish_fail_ffn=0 cache_take_fail_up=0 cache_take_fail_gate=0 recv_up_sum_abs=0.000000e+00 recv_up_max_abs=0.000000e+00 recv_up_zero=0 recv_gate_sum_abs=0.000000e+00 recv_gate_max_abs=0.000000e+00 recv_gate_zero=0 recv_down_sum_abs=0.000000e+00 recv_down_max_abs=0.000000e+00 recv_down_zero=0 recv_other_sum_abs=0.000000e+00 recv_other_max_abs=0.000000e+00 recv_other_zero=0 recv_ffn_sum_abs=0.000000e+00 recv_ffn_max_abs=0.000000e+00 recv_ffn_zero=0
SUCCEED (one forward pass done)"
2c_asym_low_high,5,baseline,trunc_even_0.8,2,"60,61","20,80",ok,9.34065,107.059,0.8935153484344482,"llama_context: graph splits = 1
attach_threadpool: call
threads: decode=2 batch=2
prompt tokens: 4
running one forward pass (llama_decode) ...
Top-5 next-token candidates:
  id=11 logit=20.2053 piece="",""
  id=304 logit=18.9277 piece="" in""
  id=3837 logit=18.7558 piece=""，""
  id=1052 logit=18.5616 piece="" there""
  id=358 logit=17.8374 piece="" I""
Autoregressive generation:
Generated text: ,
Decode-only throughput: 9.34065 tokens/s (1 tokens in 0.107059 s of llama_decode)
End-to-end throughput: 9.31277 tokens/s (1 tokens in 0.107379 s)
[decode-stage-profile] model_load=379.119 ms context_create=58.7192 ms tokenize=0.464967 ms prefill_decode=145.751 ms generation_decode=107.059 ms generation_total=107.379 ms program_total=708.019 ms
[svd-local-op-profile] up_ops=56 gate_ops=56 down_ops=56 up_total=70.718 ms gate_total=68.846 ms down_total=59.780 ms up_v=10.275 ms gate_v=10.374 ms down_v=45.657 ms up_u=60.435 ms gate_u=58.468 ms down_u=14.115 ms
[svd-local-stage-profile] attention_total=1.618 ms ffn_total=201.371 ms ffn_svd_total=199.344 ms ffn_svd_v=66.306 ms ffn_svd_u=133.018 ms
[svd-offload-zero-profile] up_finish=0 up_cache=0 up_no_request=27 gate_finish=0 gate_cache=0 gate_no_request=27 down_finish=0 down_cache=0 down_no_request=27 other_finish=0 other_cache=0 other_no_request=0
[svd-local-timeout-profile] up_keep=0 up_drop=0 up_wait=0.000 ms gate_keep=0 gate_drop=0 gate_wait=0.000 ms down_keep=0 down_drop=0 down_wait=0.000 ms other_keep=0 other_drop=0 other_wait=0.000 ms
[svd-offload-client] up_gate_req=0 down_req=0 other_mat_req=0 ffn_req=0 gate_cache_hits=0 gate_cache_checks=0 miss_invalid=0 miss_layer=0 miss_rank=0 miss_hash=0 miss_output=0 miss_data=0 send_up_gate=0.000 ms send_down=0.000 ms send_other=0.000 ms send_ffn=0.000 ms wait_up_gate=0.000 ms wait_down=0.000 ms wait_other=0.000 ms wait_ffn=0.000 ms
[svd-offload-client-stage-profile] rpc_send_total=0.000 ms rpc_wait_total=0.000 ms
[svd-offload-client-debug] finish_fail_up_gate=0 finish_fail_down=0 finish_fail_other=0 finish_fail_ffn=0 cache_take_fail_up=0 cache_take_fail_gate=0 recv_up_sum_abs=0.000000e+00 recv_up_max_abs=0.000000e+00 recv_up_zero=0 recv_gate_sum_abs=0.000000e+00 recv_gate_max_abs=0.000000e+00 recv_gate_zero=0 recv_down_sum_abs=0.000000e+00 recv_down_max_abs=0.000000e+00 recv_down_zero=0 recv_other_sum_abs=0.000000e+00 recv_other_max_abs=0.000000e+00 recv_other_zero=0 recv_ffn_sum_abs=0.000000e+00 recv_ffn_max_abs=0.000000e+00 recv_ffn_zero=0
SUCCEED (one forward pass done)"
2c_asym_low_high,5,scheduler,trunc_even_0.8,2,"60,61","20,80",ok,13.1962,75.7796,0.803919792175293,"llama_context: graph splits = 1
attach_threadpool: call
threads: decode=2 batch=2
prompt tokens: 4
running one forward pass (llama_decode) ...
Top-5 next-token candidates:
  id=3 logit=0 piece=""$""
  id=4 logit=0 piece=""%""
  id=1 logit=0 piece=""""""
  id=0 logit=0 piece=""!""
  id=2 logit=0 piece=""#""
Autoregressive generation:
Generated text: !
Decode-only throughput: 13.1962 tokens/s (1 tokens in 0.0757796 s of llama_decode)
End-to-end throughput: 13.1417 tokens/s (1 tokens in 0.0760934 s)
[decode-stage-profile] model_load=381.791 ms context_create=55.9654 ms tokenize=0.470045 ms prefill_decode=109.851 ms generation_decode=75.7796 ms generation_total=76.0934 ms program_total=640.728 ms
[svd-local-op-profile] up_ops=56 gate_ops=56 down_ops=56 up_total=50.542 ms gate_total=50.030 ms down_total=36.191 ms up_v=6.095 ms gate_v=5.872 ms down_v=28.187 ms up_u=44.444 ms gate_u=44.155 ms down_u=8.002 ms
[svd-local-stage-profile] attention_total=1.440 ms ffn_total=138.578 ms ffn_svd_total=136.763 ms ffn_svd_v=40.154 ms ffn_svd_u=96.601 ms
[svd-offload-zero-profile] up_finish=0 up_cache=0 up_no_request=27 gate_finish=0 gate_cache=0 gate_no_request=27 down_finish=0 down_cache=0 down_no_request=27 other_finish=0 other_cache=0 other_no_request=0
[svd-local-timeout-profile] up_keep=0 up_drop=0 up_wait=0.000 ms gate_keep=0 gate_drop=0 gate_wait=0.000 ms down_keep=0 down_drop=0 down_wait=0.000 ms other_keep=0 other_drop=0 other_wait=0.000 ms
[svd-offload-client] up_gate_req=0 down_req=0 other_mat_req=0 ffn_req=0 gate_cache_hits=0 gate_cache_checks=0 miss_invalid=0 miss_layer=0 miss_rank=0 miss_hash=0 miss_output=0 miss_data=0 send_up_gate=0.000 ms send_down=0.000 ms send_other=0.000 ms send_ffn=0.000 ms wait_up_gate=0.000 ms wait_down=0.000 ms wait_other=0.000 ms wait_ffn=0.000 ms
[svd-offload-client-stage-profile] rpc_send_total=0.000 ms rpc_wait_total=0.000 ms
[svd-offload-client-debug] finish_fail_up_gate=0 finish_fail_down=0 finish_fail_other=0 finish_fail_ffn=0 cache_take_fail_up=0 cache_take_fail_gate=0 recv_up_sum_abs=0.000000e+00 recv_up_max_abs=0.000000e+00 recv_up_zero=0 recv_gate_sum_abs=0.000000e+00 recv_gate_max_abs=0.000000e+00 recv_gate_zero=0 recv_down_sum_abs=0.000000e+00 recv_down_max_abs=0.000000e+00 recv_down_zero=0 recv_other_sum_abs=0.000000e+00 recv_other_max_abs=0.000000e+00 recv_other_zero=0 recv_ffn_sum_abs=0.000000e+00 recv_ffn_max_abs=0.000000e+00 recv_ffn_zero=0
SUCCEED (one forward pass done)"
2c_asym_low_high,6,baseline,trunc_even_0.8,2,"60,61","20,80",ok,11.7805,84.8858,0.8830759525299072,"llama_context: graph splits = 1
attach_threadpool: call
threads: decode=2 batch=2
prompt tokens: 4
running one forward pass (llama_decode) ...
Top-5 next-token candidates:
  id=11 logit=20.2053 piece="",""
  id=304 logit=18.9277 piece="" in""
  id=3837 logit=18.7558 piece=""，""
  id=1052 logit=18.5616 piece="" there""
  id=358 logit=17.8374 piece="" I""
Autoregressive generation:
Generated text: ,
Decode-only throughput: 11.7805 tokens/s (1 tokens in 0.0848858 s of llama_decode)
End-to-end throughput: 11.7383 tokens/s (1 tokens in 0.0851909 s)
[decode-stage-profile] model_load=414.499 ms context_create=58.0701 ms tokenize=0.4437 ms prefill_decode=147.672 ms generation_decode=84.8858 ms generation_total=85.1909 ms program_total=722.723 ms
[svd-local-op-profile] up_ops=56 gate_ops=56 down_ops=56 up_total=62.693 ms gate_total=62.856 ms down_total=50.870 ms up_v=9.637 ms gate_v=9.384 ms down_v=41.283 ms up_u=53.047 ms gate_u=53.467 ms down_u=9.584 ms
[svd-local-stage-profile] attention_total=1.548 ms ffn_total=178.263 ms ffn_svd_total=176.419 ms ffn_svd_v=60.304 ms ffn_svd_u=116.098 ms
[svd-offload-zero-profile] up_finish=0 up_cache=0 up_no_request=27 gate_finish=0 gate_cache=0 gate_no_request=27 down_finish=0 down_cache=0 down_no_request=27 other_finish=0 other_cache=0 other_no_request=0
[svd-local-timeout-profile] up_keep=0 up_drop=0 up_wait=0.000 ms gate_keep=0 gate_drop=0 gate_wait=0.000 ms down_keep=0 down_drop=0 down_wait=0.000 ms other_keep=0 other_drop=0 other_wait=0.000 ms
[svd-offload-client] up_gate_req=0 down_req=0 other_mat_req=0 ffn_req=0 gate_cache_hits=0 gate_cache_checks=0 miss_invalid=0 miss_layer=0 miss_rank=0 miss_hash=0 miss_output=0 miss_data=0 send_up_gate=0.000 ms send_down=0.000 ms send_other=0.000 ms send_ffn=0.000 ms wait_up_gate=0.000 ms wait_down=0.000 ms wait_other=0.000 ms wait_ffn=0.000 ms
[svd-offload-client-stage-profile] rpc_send_total=0.000 ms rpc_wait_total=0.000 ms
[svd-offload-client-debug] finish_fail_up_gate=0 finish_fail_down=0 finish_fail_other=0 finish_fail_ffn=0 cache_take_fail_up=0 cache_take_fail_gate=0 recv_up_sum_abs=0.000000e+00 recv_up_max_abs=0.000000e+00 recv_up_zero=0 recv_gate_sum_abs=0.000000e+00 recv_gate_max_abs=0.000000e+00 recv_gate_zero=0 recv_down_sum_abs=0.000000e+00 recv_down_max_abs=0.000000e+00 recv_down_zero=0 recv_other_sum_abs=0.000000e+00 recv_other_max_abs=0.000000e+00 recv_other_zero=0 recv_ffn_sum_abs=0.000000e+00 recv_ffn_max_abs=0.000000e+00 recv_ffn_zero=0
SUCCEED (one forward pass done)"
2c_asym_low_high,6,scheduler,trunc_even_0.8,2,"60,61","20,80",ok,12.8162,78.0262,0.8943474292755127,"llama_context: graph splits = 1
attach_threadpool: call
threads: decode=2 batch=2
prompt tokens: 4
running one forward pass (llama_decode) ...
Top-5 next-token candidates:
  id=3 logit=0 piece=""$""
  id=4 logit=0 piece=""%""
  id=1 logit=0 piece=""""""
  id=0 logit=0 piece=""!""
  id=2 logit=0 piece=""#""
Autoregressive generation:
Generated text: !
Decode-only throughput: 12.8162 tokens/s (1 tokens in 0.0780262 s of llama_decode)
End-to-end throughput: 12.766 tokens/s (1 tokens in 0.0783334 s)
[decode-stage-profile] model_load=479.311 ms context_create=57.1994 ms tokenize=0.441218 ms prefill_decode=109.602 ms generation_decode=78.0262 ms generation_total=78.3334 ms program_total=742.049 ms
[svd-local-op-profile] up_ops=56 gate_ops=56 down_ops=56 up_total=50.719 ms gate_total=50.457 ms down_total=35.119 ms up_v=6.062 ms gate_v=5.958 ms down_v=27.154 ms up_u=44.652 ms gate_u=44.493 ms down_u=7.962 ms
[svd-local-stage-profile] attention_total=1.683 ms ffn_total=138.082 ms ffn_svd_total=136.295 ms ffn_svd_v=39.174 ms ffn_svd_u=97.107 ms
[svd-offload-zero-profile] up_finish=0 up_cache=0 up_no_request=27 gate_finish=0 gate_cache=0 gate_no_request=27 down_finish=0 down_cache=0 down_no_request=27 other_finish=0 other_cache=0 other_no_request=0
[svd-local-timeout-profile] up_keep=0 up_drop=0 up_wait=0.000 ms gate_keep=0 gate_drop=0 gate_wait=0.000 ms down_keep=0 down_drop=0 down_wait=0.000 ms other_keep=0 other_drop=0 other_wait=0.000 ms
[svd-offload-client] up_gate_req=0 down_req=0 other_mat_req=0 ffn_req=0 gate_cache_hits=0 gate_cache_checks=0 miss_invalid=0 miss_layer=0 miss_rank=0 miss_hash=0 miss_output=0 miss_data=0 send_up_gate=0.000 ms send_down=0.000 ms send_other=0.000 ms send_ffn=0.000 ms wait_up_gate=0.000 ms wait_down=0.000 ms wait_other=0.000 ms wait_ffn=0.000 ms
[svd-offload-client-stage-profile] rpc_send_total=0.000 ms rpc_wait_total=0.000 ms
[svd-offload-client-debug] finish_fail_up_gate=0 finish_fail_down=0 finish_fail_other=0 finish_fail_ffn=0 cache_take_fail_up=0 cache_take_fail_gate=0 recv_up_sum_abs=0.000000e+00 recv_up_max_abs=0.000000e+00 recv_up_zero=0 recv_gate_sum_abs=0.000000e+00 recv_gate_max_abs=0.000000e+00 recv_gate_zero=0 recv_down_sum_abs=0.000000e+00 recv_down_max_abs=0.000000e+00 recv_down_zero=0 recv_other_sum_abs=0.000000e+00 recv_other_max_abs=0.000000e+00 recv_other_zero=0 recv_ffn_sum_abs=0.000000e+00 recv_ffn_max_abs=0.000000e+00 recv_ffn_zero=0
SUCCEED (one forward pass done)"
2c_idle_saturated,0,baseline,trunc_even_0.85,2,"60,61","0,100",ok,11.746,85.1352,0.8447425365447998,"llama_context: graph splits = 1
attach_threadpool: call
threads: decode=2 batch=2
prompt tokens: 4
running one forward pass (llama_decode) ...
Top-5 next-token candidates:
  id=11 logit=20.2053 piece="",""
  id=304 logit=18.9277 piece="" in""
  id=3837 logit=18.7558 piece=""，""
  id=1052 logit=18.5616 piece="" there""
  id=358 logit=17.8374 piece="" I""
Autoregressive generation:
Generated text: ,
Decode-only throughput: 11.746 tokens/s (1 tokens in 0.0851352 s of llama_decode)
End-to-end throughput: 11.7034 tokens/s (1 tokens in 0.0854455 s)
[decode-stage-profile] model_load=384.342 ms context_create=56.2722 ms tokenize=0.461207 ms prefill_decode=147.258 ms generation_decode=85.1352 ms generation_total=85.4455 ms program_total=691.093 ms
[svd-local-op-profile] up_ops=56 gate_ops=56 down_ops=56 up_total=63.526 ms gate_total=67.342 ms down_total=52.201 ms up_v=9.805 ms gate_v=9.533 ms down_v=42.554 ms up_u=53.716 ms gate_u=57.804 ms down_u=9.644 ms
[svd-local-stage-profile] attention_total=1.486 ms ffn_total=184.846 ms ffn_svd_total=183.069 ms ffn_svd_v=61.892 ms ffn_svd_u=121.164 ms
[svd-offload-zero-profile] up_finish=0 up_cache=0 up_no_request=27 gate_finish=0 gate_cache=0 gate_no_request=27 down_finish=0 down_cache=0 down_no_request=27 other_finish=0 other_cache=0 other_no_request=0
[svd-local-timeout-profile] up_keep=0 up_drop=0 up_wait=0.000 ms gate_keep=0 gate_drop=0 gate_wait=0.000 ms down_keep=0 down_drop=0 down_wait=0.000 ms other_keep=0 other_drop=0 other_wait=0.000 ms
[svd-offload-client] up_gate_req=0 down_req=0 other_mat_req=0 ffn_req=0 gate_cache_hits=0 gate_cache_checks=0 miss_invalid=0 miss_layer=0 miss_rank=0 miss_hash=0 miss_output=0 miss_data=0 send_up_gate=0.000 ms send_down=0.000 ms send_other=0.000 ms send_ffn=0.000 ms wait_up_gate=0.000 ms wait_down=0.000 ms wait_other=0.000 ms wait_ffn=0.000 ms
[svd-offload-client-stage-profile] rpc_send_total=0.000 ms rpc_wait_total=0.000 ms
[svd-offload-client-debug] finish_fail_up_gate=0 finish_fail_down=0 finish_fail_other=0 finish_fail_ffn=0 cache_take_fail_up=0 cache_take_fail_gate=0 recv_up_sum_abs=0.000000e+00 recv_up_max_abs=0.000000e+00 recv_up_zero=0 recv_gate_sum_abs=0.000000e+00 recv_gate_max_abs=0.000000e+00 recv_gate_zero=0 recv_down_sum_abs=0.000000e+00 recv_down_max_abs=0.000000e+00 recv_down_zero=0 recv_other_sum_abs=0.000000e+00 recv_other_max_abs=0.000000e+00 recv_other_zero=0 recv_ffn_sum_abs=0.000000e+00 recv_ffn_max_abs=0.000000e+00 recv_ffn_zero=0
SUCCEED (one forward pass done)"
2c_idle_saturated,0,scheduler,trunc_even_0.85,2,"60,61","0,100",ok,13.158,75.9996,0.8727884292602539,"llama_context: graph splits = 1
attach_threadpool: call
threads: decode=2 batch=2
prompt tokens: 4
running one forward pass (llama_decode) ...
Top-5 next-token candidates:
  id=3 logit=0 piece=""$""
  id=4 logit=0 piece=""%""
  id=1 logit=0 piece=""""""
  id=0 logit=0 piece=""!""
  id=2 logit=0 piece=""#""
Autoregressive generation:
Generated text: !
Decode-only throughput: 13.158 tokens/s (1 tokens in 0.0759996 s of llama_decode)
End-to-end throughput: 13.1052 tokens/s (1 tokens in 0.0763058 s)
[decode-stage-profile] model_load=464.01 ms context_create=56.5878 ms tokenize=0.467317 ms prefill_decode=106.798 ms generation_decode=75.9996 ms generation_total=76.3058 ms program_total=721.126 ms
[svd-local-op-profile] up_ops=56 gate_ops=56 down_ops=56 up_total=49.106 ms gate_total=49.062 ms down_total=33.932 ms up_v=5.789 ms gate_v=5.791 ms down_v=26.033 ms up_u=43.309 ms gate_u=43.266 ms down_u=7.896 ms
[svd-local-stage-profile] attention_total=1.462 ms ffn_total=133.669 ms ffn_svd_total=132.100 ms ffn_svd_v=37.613 ms ffn_svd_u=94.471 ms
[svd-offload-zero-profile] up_finish=0 up_cache=0 up_no_request=27 gate_finish=0 gate_cache=0 gate_no_request=27 down_finish=0 down_cache=0 down_no_request=27 other_finish=0 other_cache=0 other_no_request=0
[svd-local-timeout-profile] up_keep=0 up_drop=0 up_wait=0.000 ms gate_keep=0 gate_drop=0 gate_wait=0.000 ms down_keep=0 down_drop=0 down_wait=0.000 ms other_keep=0 other_drop=0 other_wait=0.000 ms
[svd-offload-client] up_gate_req=0 down_req=0 other_mat_req=0 ffn_req=0 gate_cache_hits=0 gate_cache_checks=0 miss_invalid=0 miss_layer=0 miss_rank=0 miss_hash=0 miss_output=0 miss_data=0 send_up_gate=0.000 ms send_down=0.000 ms send_other=0.000 ms send_ffn=0.000 ms wait_up_gate=0.000 ms wait_down=0.000 ms wait_other=0.000 ms wait_ffn=0.000 ms
[svd-offload-client-stage-profile] rpc_send_total=0.000 ms rpc_wait_total=0.000 ms
[svd-offload-client-debug] finish_fail_up_gate=0 finish_fail_down=0 finish_fail_other=0 finish_fail_ffn=0 cache_take_fail_up=0 cache_take_fail_gate=0 recv_up_sum_abs=0.000000e+00 recv_up_max_abs=0.000000e+00 recv_up_zero=0 recv_gate_sum_abs=0.000000e+00 recv_gate_max_abs=0.000000e+00 recv_gate_zero=0 recv_down_sum_abs=0.000000e+00 recv_down_max_abs=0.000000e+00 recv_down_zero=0 recv_other_sum_abs=0.000000e+00 recv_other_max_abs=0.000000e+00 recv_other_zero=0 recv_ffn_sum_abs=0.000000e+00 recv_ffn_max_abs=0.000000e+00 recv_ffn_zero=0
SUCCEED (one forward pass done)"
2c_idle_saturated,1,baseline,trunc_even_0.85,2,"60,61","0,100",ok,11.7086,85.4075,0.927283525466919,"llama_context: graph splits = 1
attach_threadpool: call
threads: decode=2 batch=2
prompt tokens: 4
running one forward pass (llama_decode) ...
Top-5 next-token candidates:
  id=11 logit=20.2053 piece="",""
  id=304 logit=18.9277 piece="" in""
  id=3837 logit=18.7558 piece=""，""
  id=1052 logit=18.5616 piece="" there""
  id=358 logit=17.8374 piece="" I""
Autoregressive generation:
Generated text: ,
Decode-only throughput: 11.7086 tokens/s (1 tokens in 0.0854075 s of llama_decode)
End-to-end throughput: 11.6662 tokens/s (1 tokens in 0.0857177 s)
[decode-stage-profile] model_load=468.066 ms context_create=57.411 ms tokenize=0.473785 ms prefill_decode=146.214 ms generation_decode=85.4075 ms generation_total=85.7177 ms program_total=774.818 ms
[svd-local-op-profile] up_ops=56 gate_ops=56 down_ops=56 up_total=63.214 ms gate_total=63.616 ms down_total=52.229 ms up_v=9.708 ms gate_v=9.518 ms down_v=42.614 ms up_u=53.500 ms gate_u=54.094 ms down_u=9.613 ms
[svd-local-stage-profile] attention_total=1.479 ms ffn_total=180.911 ms ffn_svd_total=179.059 ms ffn_svd_v=61.840 ms ffn_svd_u=117.207 ms
[svd-offload-zero-profile] up_finish=0 up_cache=0 up_no_request=27 gate_finish=0 gate_cache=0 gate_no_request=27 down_finish=0 down_cache=0 down_no_request=27 other_finish=0 other_cache=0 other_no_request=0
[svd-local-timeout-profile] up_keep=0 up_drop=0 up_wait=0.000 ms gate_keep=0 gate_drop=0 gate_wait=0.000 ms down_keep=0 down_drop=0 down_wait=0.000 ms other_keep=0 other_drop=0 other_wait=0.000 ms
[svd-offload-client] up_gate_req=0 down_req=0 other_mat_req=0 ffn_req=0 gate_cache_hits=0 gate_cache_checks=0 miss_invalid=0 miss_layer=0 miss_rank=0 miss_hash=0 miss_output=0 miss_data=0 send_up_gate=0.000 ms send_down=0.000 ms send_other=0.000 ms send_ffn=0.000 ms wait_up_gate=0.000 ms wait_down=0.000 ms wait_other=0.000 ms wait_ffn=0.000 ms
[svd-offload-client-stage-profile] rpc_send_total=0.000 ms rpc_wait_total=0.000 ms
[svd-offload-client-debug] finish_fail_up_gate=0 finish_fail_down=0 finish_fail_other=0 finish_fail_ffn=0 cache_take_fail_up=0 cache_take_fail_gate=0 recv_up_sum_abs=0.000000e+00 recv_up_max_abs=0.000000e+00 recv_up_zero=0 recv_gate_sum_abs=0.000000e+00 recv_gate_max_abs=0.000000e+00 recv_gate_zero=0 recv_down_sum_abs=0.000000e+00 recv_down_max_abs=0.000000e+00 recv_down_zero=0 recv_other_sum_abs=0.000000e+00 recv_other_max_abs=0.000000e+00 recv_other_zero=0 recv_ffn_sum_abs=0.000000e+00 recv_ffn_max_abs=0.000000e+00 recv_ffn_zero=0
SUCCEED (one forward pass done)"
2c_idle_saturated,1,scheduler,trunc_even_0.85,2,"60,61","0,100",ok,13.1206,76.2157,0.8718445301055908,"llama_context: graph splits = 1
attach_threadpool: call
threads: decode=2 batch=2
prompt tokens: 4
running one forward pass (llama_decode) ...
Top-5 next-token candidates:
  id=3 logit=0 piece=""$""
  id=4 logit=0 piece=""%""
  id=1 logit=0 piece=""""""
  id=0 logit=0 piece=""!""
  id=2 logit=0 piece=""#""
Autoregressive generation:
Generated text: !
Decode-only throughput: 13.1206 tokens/s (1 tokens in 0.0762157 s of llama_decode)
End-to-end throughput: 13.0665 tokens/s (1 tokens in 0.0765319 s)
[decode-stage-profile] model_load=468.962 ms context_create=56.9209 ms tokenize=0.4544 ms prefill_decode=106.581 ms generation_decode=76.2157 ms generation_total=76.5319 ms program_total=726.595 ms
[svd-local-op-profile] up_ops=56 gate_ops=56 down_ops=56 up_total=51.425 ms gate_total=48.874 ms down_total=31.807 ms up_v=5.920 ms gate_v=5.772 ms down_v=24.015 ms up_u=45.493 ms gate_u=43.096 ms down_u=7.785 ms
[svd-local-stage-profile] attention_total=1.366 ms ffn_total=133.689 ms ffn_svd_total=132.106 ms ffn_svd_v=35.707 ms ffn_svd_u=96.374 ms
[svd-offload-zero-profile] up_finish=0 up_cache=0 up_no_request=27 gate_finish=0 gate_cache=0 gate_no_request=27 down_finish=0 down_cache=0 down_no_request=27 other_finish=0 other_cache=0 other_no_request=0
[svd-local-timeout-profile] up_keep=0 up_drop=0 up_wait=0.000 ms gate_keep=0 gate_drop=0 gate_wait=0.000 ms down_keep=0 down_drop=0 down_wait=0.000 ms other_keep=0 other_drop=0 other_wait=0.000 ms
[svd-offload-client] up_gate_req=0 down_req=0 other_mat_req=0 ffn_req=0 gate_cache_hits=0 gate_cache_checks=0 miss_invalid=0 miss_layer=0 miss_rank=0 miss_hash=0 miss_output=0 miss_data=0 send_up_gate=0.000 ms send_down=0.000 ms send_other=0.000 ms send_ffn=0.000 ms wait_up_gate=0.000 ms wait_down=0.000 ms wait_other=0.000 ms wait_ffn=0.000 ms
[svd-offload-client-stage-profile] rpc_send_total=0.000 ms rpc_wait_total=0.000 ms
[svd-offload-client-debug] finish_fail_up_gate=0 finish_fail_down=0 finish_fail_other=0 finish_fail_ffn=0 cache_take_fail_up=0 cache_take_fail_gate=0 recv_up_sum_abs=0.000000e+00 recv_up_max_abs=0.000000e+00 recv_up_zero=0 recv_gate_sum_abs=0.000000e+00 recv_gate_max_abs=0.000000e+00 recv_gate_zero=0 recv_down_sum_abs=0.000000e+00 recv_down_max_abs=0.000000e+00 recv_down_zero=0 recv_other_sum_abs=0.000000e+00 recv_other_max_abs=0.000000e+00 recv_other_zero=0 recv_ffn_sum_abs=0.000000e+00 recv_ffn_max_abs=0.000000e+00 recv_ffn_zero=0
SUCCEED (one forward pass done)"
2c_idle_saturated,2,baseline,trunc_even_0.85,2,"60,61","0,100",ok,11.862,84.3028,0.9344851970672607,"llama_context: graph splits = 1
attach_threadpool: call
threads: decode=2 batch=2
prompt tokens: 4
running one forward pass (llama_decode) ...
Top-5 next-token candidates:
  id=11 logit=20.2053 piece="",""
  id=304 logit=18.9277 piece="" in""
  id=3837 logit=18.7558 piece=""，""
  id=1052 logit=18.5616 piece="" there""
  id=358 logit=17.8374 piece="" I""
Autoregressive generation:
Generated text: ,
Decode-only throughput: 11.862 tokens/s (1 tokens in 0.0843028 s of llama_decode)
End-to-end throughput: 11.8178 tokens/s (1 tokens in 0.0846184 s)
[decode-stage-profile] model_load=469.305 ms context_create=57.3375 ms tokenize=0.459599 ms prefill_decode=146.997 ms generation_decode=84.3028 ms generation_total=84.6184 ms program_total=775.408 ms
[svd-local-op-profile] up_ops=56 gate_ops=56 down_ops=56 up_total=63.939 ms gate_total=67.284 ms down_total=51.031 ms up_v=9.633 ms gate_v=13.587 ms down_v=41.436 ms up_u=54.299 ms gate_u=53.692 ms down_u=9.589 ms
[svd-local-stage-profile] attention_total=1.523 ms ffn_total=184.072 ms ffn_svd_total=182.254 ms ffn_svd_v=64.656 ms ffn_svd_u=117.580 ms
[svd-offload-zero-profile] up_finish=0 up_cache=0 up_no_request=27 gate_finish=0 gate_cache=0 gate_no_request=27 down_finish=0 down_cache=0 down_no_request=27 other_finish=0 other_cache=0 other_no_request=0
[svd-local-timeout-profile] up_keep=0 up_drop=0 up_wait=0.000 ms gate_keep=0 gate_drop=0 gate_wait=0.000 ms down_keep=0 down_drop=0 down_wait=0.000 ms other_keep=0 other_drop=0 other_wait=0.000 ms
[svd-offload-client] up_gate_req=0 down_req=0 other_mat_req=0 ffn_req=0 gate_cache_hits=0 gate_cache_checks=0 miss_invalid=0 miss_layer=0 miss_rank=0 miss_hash=0 miss_output=0 miss_data=0 send_up_gate=0.000 ms send_down=0.000 ms send_other=0.000 ms send_ffn=0.000 ms wait_up_gate=0.000 ms wait_down=0.000 ms wait_other=0.000 ms wait_ffn=0.000 ms
[svd-offload-client-stage-profile] rpc_send_total=0.000 ms rpc_wait_total=0.000 ms
[svd-offload-client-debug] finish_fail_up_gate=0 finish_fail_down=0 finish_fail_other=0 finish_fail_ffn=0 cache_take_fail_up=0 cache_take_fail_gate=0 recv_up_sum_abs=0.000000e+00 recv_up_max_abs=0.000000e+00 recv_up_zero=0 recv_gate_sum_abs=0.000000e+00 recv_gate_max_abs=0.000000e+00 recv_gate_zero=0 recv_down_sum_abs=0.000000e+00 recv_down_max_abs=0.000000e+00 recv_down_zero=0 recv_other_sum_abs=0.000000e+00 recv_other_max_abs=0.000000e+00 recv_other_zero=0 recv_ffn_sum_abs=0.000000e+00 recv_ffn_max_abs=0.000000e+00 recv_ffn_zero=0
SUCCEED (one forward pass done)"
2c_idle_saturated,2,scheduler,trunc_even_0.85,2,"60,61","0,100",ok,13.4354,74.43,0.8239700794219971,"llama_context: graph splits = 1
attach_threadpool: call
threads: decode=2 batch=2
prompt tokens: 4
running one forward pass (llama_decode) ...
Top-5 next-token candidates:
  id=3 logit=0 piece=""$""
  id=4 logit=0 piece=""%""
  id=1 logit=0 piece=""""""
  id=0 logit=0 piece=""!""
  id=2 logit=0 piece=""#""
Autoregressive generation:
Generated text: !
Decode-only throughput: 13.4354 tokens/s (1 tokens in 0.07443 s of llama_decode)
End-to-end throughput: 13.3803 tokens/s (1 tokens in 0.0747367 s)
[decode-stage-profile] model_load=411.399 ms context_create=68.9675 ms tokenize=0.89568 ms prefill_decode=113.268 ms generation_decode=74.43 ms generation_total=74.7367 ms program_total=686.708 ms
[svd-local-op-profile] up_ops=56 gate_ops=56 down_ops=56 up_total=53.929 ms gate_total=50.852 ms down_total=33.072 ms up_v=6.252 ms gate_v=6.001 ms down_v=25.083 ms up_u=47.675 ms gate_u=44.840 ms down_u=7.984 ms
[svd-local-stage-profile] attention_total=1.471 ms ffn_total=139.512 ms ffn_svd_total=137.853 ms ffn_svd_v=37.336 ms ffn_svd_u=100.499 ms
[svd-offload-zero-profile] up_finish=0 up_cache=0 up_no_request=27 gate_finish=0 gate_cache=0 gate_no_request=27 down_finish=0 down_cache=0 down_no_request=27 other_finish=0 other_cache=0 other_no_request=0
[svd-local-timeout-profile] up_keep=0 up_drop=0 up_wait=0.000 ms gate_keep=0 gate_drop=0 gate_wait=0.000 ms down_keep=0 down_drop=0 down_wait=0.000 ms other_keep=0 other_drop=0 other_wait=0.000 ms
[svd-offload-client] up_gate_req=0 down_req=0 other_mat_req=0 ffn_req=0 gate_cache_hits=0 gate_cache_checks=0 miss_invalid=0 miss_layer=0 miss_rank=0 miss_hash=0 miss_output=0 miss_data=0 send_up_gate=0.000 ms send_down=0.000 ms send_other=0.000 ms send_ffn=0.000 ms wait_up_gate=0.000 ms wait_down=0.000 ms wait_other=0.000 ms wait_ffn=0.000 ms
[svd-offload-client-stage-profile] rpc_send_total=0.000 ms rpc_wait_total=0.000 ms
[svd-offload-client-debug] finish_fail_up_gate=0 finish_fail_down=0 finish_fail_other=0 finish_fail_ffn=0 cache_take_fail_up=0 cache_take_fail_gate=0 recv_up_sum_abs=0.000000e+00 recv_up_max_abs=0.000000e+00 recv_up_zero=0 recv_gate_sum_abs=0.000000e+00 recv_gate_max_abs=0.000000e+00 recv_gate_zero=0 recv_down_sum_abs=0.000000e+00 recv_down_max_abs=0.000000e+00 recv_down_zero=0 recv_other_sum_abs=0.000000e+00 recv_other_max_abs=0.000000e+00 recv_other_zero=0 recv_ffn_sum_abs=0.000000e+00 recv_ffn_max_abs=0.000000e+00 recv_ffn_zero=0
SUCCEED (one forward pass done)"
2c_idle_saturated,3,baseline,trunc_even_0.85,2,"60,61","0,100",ok,11.592,86.2665,0.9039170742034912,"llama_context: graph splits = 1
attach_threadpool: call
threads: decode=2 batch=2
prompt tokens: 4
running one forward pass (llama_decode) ...
Top-5 next-token candidates:
  id=11 logit=20.2053 piece="",""
  id=304 logit=18.9277 piece="" in""
  id=3837 logit=18.7558 piece=""，""
  id=1052 logit=18.5616 piece="" there""
  id=358 logit=17.8374 piece="" I""
Autoregressive generation:
Generated text: ,
Decode-only throughput: 11.592 tokens/s (1 tokens in 0.0862665 s of llama_decode)
End-to-end throughput: 11.5508 tokens/s (1 tokens in 0.0865739 s)
[decode-stage-profile] model_load=387.21 ms context_create=66.7387 ms tokenize=0.900418 ms prefill_decode=187.838 ms generation_decode=86.2665 ms generation_total=86.5739 ms program_total=746.727 ms
[svd-local-op-profile] up_ops=56 gate_ops=56 down_ops=56 up_total=81.005 ms gate_total=77.409 ms down_total=63.533 ms up_v=12.088 ms gate_v=11.678 ms down_v=51.784 ms up_u=68.911 ms gate_u=65.723 ms down_u=11.742 ms
[svd-local-stage-profile] attention_total=1.692 ms ffn_total=223.890 ms ffn_svd_total=221.947 ms ffn_svd_v=75.550 ms ffn_svd_u=146.376 ms
[svd-offload-zero-profile] up_finish=0 up_cache=0 up_no_request=27 gate_finish=0 gate_cache=0 gate_no_request=27 down_finish=0 down_cache=0 down_no_request=27 other_finish=0 other_cache=0 other_no_request=0
[svd-local-timeout-profile] up_keep=0 up_drop=0 up_wait=0.000 ms gate_keep=0 gate_drop=0 gate_wait=0.000 ms down_keep=0 down_drop=0 down_wait=0.000 ms other_keep=0 other_drop=0 other_wait=0.000 ms
[svd-offload-client] up_gate_req=0 down_req=0 other_mat_req=0 ffn_req=0 gate_cache_hits=0 gate_cache_checks=0 miss_invalid=0 miss_layer=0 miss_rank=0 miss_hash=0 miss_output=0 miss_data=0 send_up_gate=0.000 ms send_down=0.000 ms send_other=0.000 ms send_ffn=0.000 ms wait_up_gate=0.000 ms wait_down=0.000 ms wait_other=0.000 ms wait_ffn=0.000 ms
[svd-offload-client-stage-profile] rpc_send_total=0.000 ms rpc_wait_total=0.000 ms
[svd-offload-client-debug] finish_fail_up_gate=0 finish_fail_down=0 finish_fail_other=0 finish_fail_ffn=0 cache_take_fail_up=0 cache_take_fail_gate=0 recv_up_sum_abs=0.000000e+00 recv_up_max_abs=0.000000e+00 recv_up_zero=0 recv_gate_sum_abs=0.000000e+00 recv_gate_max_abs=0.000000e+00 recv_gate_zero=0 recv_down_sum_abs=0.000000e+00 recv_down_max_abs=0.000000e+00 recv_down_zero=0 recv_other_sum_abs=0.000000e+00 recv_other_max_abs=0.000000e+00 recv_other_zero=0 recv_ffn_sum_abs=0.000000e+00 recv_ffn_max_abs=0.000000e+00 recv_ffn_zero=0
SUCCEED (one forward pass done)"
2c_idle_saturated,3,scheduler,trunc_even_0.85,2,"60,61","0,100",ok,11.4803,87.1057,0.8450040817260742,"llama_context: graph splits = 1
attach_threadpool: call
threads: decode=2 batch=2
prompt tokens: 4
running one forward pass (llama_decode) ...
Top-5 next-token candidates:
  id=3 logit=0 piece=""$""
  id=4 logit=0 piece=""%""
  id=1 logit=0 piece=""""""
  id=0 logit=0 piece=""!""
  id=2 logit=0 piece=""#""
Autoregressive generation:
Generated text: !
Decode-only throughput: 11.4803 tokens/s (1 tokens in 0.0871057 s of llama_decode)
End-to-end throughput: 11.4368 tokens/s (1 tokens in 0.0874369 s)
[decode-stage-profile] model_load=387.711 ms context_create=56.9262 ms tokenize=0.462463 ms prefill_decode=122.189 ms generation_decode=87.1057 ms generation_total=87.4369 ms program_total=671.909 ms
[svd-local-op-profile] up_ops=56 gate_ops=56 down_ops=56 up_total=58.019 ms gate_total=60.268 ms down_total=38.249 ms up_v=7.134 ms gate_v=6.732 ms down_v=29.428 ms up_u=50.878 ms gate_u=53.530 ms down_u=8.817 ms
[svd-local-stage-profile] attention_total=1.596 ms ffn_total=158.423 ms ffn_svd_total=156.536 ms ffn_svd_v=43.294 ms ffn_svd_u=113.225 ms
[svd-offload-zero-profile] up_finish=0 up_cache=0 up_no_request=27 gate_finish=0 gate_cache=0 gate_no_request=27 down_finish=0 down_cache=0 down_no_request=27 other_finish=0 other_cache=0 other_no_request=0
[svd-local-timeout-profile] up_keep=0 up_drop=0 up_wait=0.000 ms gate_keep=0 gate_drop=0 gate_wait=0.000 ms down_keep=0 down_drop=0 down_wait=0.000 ms other_keep=0 other_drop=0 other_wait=0.000 ms
[svd-offload-client] up_gate_req=0 down_req=0 other_mat_req=0 ffn_req=0 gate_cache_hits=0 gate_cache_checks=0 miss_invalid=0 miss_layer=0 miss_rank=0 miss_hash=0 miss_output=0 miss_data=0 send_up_gate=0.000 ms send_down=0.000 ms send_other=0.000 ms send_ffn=0.000 ms wait_up_gate=0.000 ms wait_down=0.000 ms wait_other=0.000 ms wait_ffn=0.000 ms
[svd-offload-client-stage-profile] rpc_send_total=0.000 ms rpc_wait_total=0.000 ms
[svd-offload-client-debug] finish_fail_up_gate=0 finish_fail_down=0 finish_fail_other=0 finish_fail_ffn=0 cache_take_fail_up=0 cache_take_fail_gate=0 recv_up_sum_abs=0.000000e+00 recv_up_max_abs=0.000000e+00 recv_up_zero=0 recv_gate_sum_abs=0.000000e+00 recv_gate_max_abs=0.000000e+00 recv_gate_zero=0 recv_down_sum_abs=0.000000e+00 recv_down_max_abs=0.000000e+00 recv_down_zero=0 recv_other_sum_abs=0.000000e+00 recv_other_max_abs=0.000000e+00 recv_other_zero=0 recv_ffn_sum_abs=0.000000e+00 recv_ffn_max_abs=0.000000e+00 recv_ffn_zero=0
SUCCEED (one forward pass done)"
2c_idle_saturated,4,baseline,trunc_even_0.85,2,"60,61","0,100",ok,9.73472,102.725,0.8982493877410889,"llama_context: graph splits = 1
attach_threadpool: call
threads: decode=2 batch=2
prompt tokens: 4
running one forward pass (llama_decode) ...
Top-5 next-token candidates:
  id=11 logit=20.2053 piece="",""
  id=304 logit=18.9277 piece="" in""
  id=3837 logit=18.7558 piece=""，""
  id=1052 logit=18.5616 piece="" there""
  id=358 logit=17.8374 piece="" I""
Autoregressive generation:
Generated text: ,
Decode-only throughput: 9.73472 tokens/s (1 tokens in 0.102725 s of llama_decode)
End-to-end throughput: 9.7043 tokens/s (1 tokens in 0.103047 s)
[decode-stage-profile] model_load=388.61 ms context_create=57.5588 ms tokenize=0.467163 ms prefill_decode=145.757 ms generation_decode=102.725 ms generation_total=103.047 ms program_total=712.441 ms
[svd-local-op-profile] up_ops=56 gate_ops=56 down_ops=56 up_total=68.569 ms gate_total=68.363 ms down_total=58.906 ms up_v=10.501 ms gate_v=10.246 ms down_v=48.577 ms up_u=58.060 ms gate_u=58.112 ms down_u=10.327 ms
[svd-local-stage-profile] attention_total=1.569 ms ffn_total=197.818 ms ffn_svd_total=195.838 ms ffn_svd_v=69.324 ms ffn_svd_u=126.499 ms
[svd-offload-zero-profile] up_finish=0 up_cache=0 up_no_request=27 gate_finish=0 gate_cache=0 gate_no_request=27 down_finish=0 down_cache=0 down_no_request=27 other_finish=0 other_cache=0 other_no_request=0
[svd-local-timeout-profile] up_keep=0 up_drop=0 up_wait=0.000 ms gate_keep=0 gate_drop=0 gate_wait=0.000 ms down_keep=0 down_drop=0 down_wait=0.000 ms other_keep=0 other_drop=0 other_wait=0.000 ms
[svd-offload-client] up_gate_req=0 down_req=0 other_mat_req=0 ffn_req=0 gate_cache_hits=0 gate_cache_checks=0 miss_invalid=0 miss_layer=0 miss_rank=0 miss_hash=0 miss_output=0 miss_data=0 send_up_gate=0.000 ms send_down=0.000 ms send_other=0.000 ms send_ffn=0.000 ms wait_up_gate=0.000 ms wait_down=0.000 ms wait_other=0.000 ms wait_ffn=0.000 ms
[svd-offload-client-stage-profile] rpc_send_total=0.000 ms rpc_wait_total=0.000 ms
[svd-offload-client-debug] finish_fail_up_gate=0 finish_fail_down=0 finish_fail_other=0 finish_fail_ffn=0 cache_take_fail_up=0 cache_take_fail_gate=0 recv_up_sum_abs=0.000000e+00 recv_up_max_abs=0.000000e+00 recv_up_zero=0 recv_gate_sum_abs=0.000000e+00 recv_gate_max_abs=0.000000e+00 recv_gate_zero=0 recv_down_sum_abs=0.000000e+00 recv_down_max_abs=0.000000e+00 recv_down_zero=0 recv_other_sum_abs=0.000000e+00 recv_other_max_abs=0.000000e+00 recv_other_zero=0 recv_ffn_sum_abs=0.000000e+00 recv_ffn_max_abs=0.000000e+00 recv_ffn_zero=0
SUCCEED (one forward pass done)"
2c_idle_saturated,4,scheduler,trunc_even_0.85,2,"60,61","0,100",ok,13.5347,73.8843,0.7979507446289062,"llama_context: graph splits = 1
attach_threadpool: call
threads: decode=2 batch=2
prompt tokens: 4
running one forward pass (llama_decode) ...
Top-5 next-token candidates:
  id=3 logit=0 piece=""$""
  id=4 logit=0 piece=""%""
  id=1 logit=0 piece=""""""
  id=0 logit=0 piece=""!""
  id=2 logit=0 piece=""#""
Autoregressive generation:
Generated text: !
Decode-only throughput: 13.5347 tokens/s (1 tokens in 0.0738843 s of llama_decode)
End-to-end throughput: 13.4787 tokens/s (1 tokens in 0.0741912 s)
[decode-stage-profile] model_load=382.988 ms context_create=56.2054 ms tokenize=0.455394 ms prefill_decode=108.102 ms generation_decode=73.8843 ms generation_total=74.1912 ms program_total=639.219 ms
[svd-local-op-profile] up_ops=56 gate_ops=56 down_ops=56 up_total=49.062 ms gate_total=48.655 ms down_total=31.850 ms up_v=5.834 ms gate_v=5.746 ms down_v=24.086 ms up_u=43.225 ms gate_u=42.902 ms down_u=7.760 ms
[svd-local-stage-profile] attention_total=1.456 ms ffn_total=131.129 ms ffn_svd_total=129.567 ms ffn_svd_v=35.666 ms ffn_svd_u=93.887 ms
[svd-offload-zero-profile] up_finish=0 up_cache=0 up_no_request=27 gate_finish=0 gate_cache=0 gate_no_request=27 down_finish=0 down_cache=0 down_no_request=27 other_finish=0 other_cache=0 other_no_request=0
[svd-local-timeout-profile] up_keep=0 up_drop=0 up_wait=0.000 ms gate_keep=0 gate_drop=0 gate_wait=0.000 ms down_keep=0 down_drop=0 down_wait=0.000 ms other_keep=0 other_drop=0 other_wait=0.000 ms
[svd-offload-client] up_gate_req=0 down_req=0 other_mat_req=0 ffn_req=0 gate_cache_hits=0 gate_cache_checks=0 miss_invalid=0 miss_layer=0 miss_rank=0 miss_hash=0 miss_output=0 miss_data=0 send_up_gate=0.000 ms send_down=0.000 ms send_other=0.000 ms send_ffn=0.000 ms wait_up_gate=0.000 ms wait_down=0.000 ms wait_other=0.000 ms wait_ffn=0.000 ms
[svd-offload-client-stage-profile] rpc_send_total=0.000 ms rpc_wait_total=0.000 ms
[svd-offload-client-debug] finish_fail_up_gate=0 finish_fail_down=0 finish_fail_other=0 finish_fail_ffn=0 cache_take_fail_up=0 cache_take_fail_gate=0 recv_up_sum_abs=0.000000e+00 recv_up_max_abs=0.000000e+00 recv_up_zero=0 recv_gate_sum_abs=0.000000e+00 recv_gate_max_abs=0.000000e+00 recv_gate_zero=0 recv_down_sum_abs=0.000000e+00 recv_down_max_abs=0.000000e+00 recv_down_zero=0 recv_other_sum_abs=0.000000e+00 recv_other_max_abs=0.000000e+00 recv_other_zero=0 recv_ffn_sum_abs=0.000000e+00 recv_ffn_max_abs=0.000000e+00 recv_ffn_zero=0
SUCCEED (one forward pass done)"
2c_idle_saturated,5,baseline,trunc_even_0.85,2,"60,61","0,100",ok,11.1379,89.7838,0.8882298469543457,"llama_context: graph splits = 1
attach_threadpool: call
threads: decode=2 batch=2
prompt tokens: 4
running one forward pass (llama_decode) ...
Top-5 next-token candidates:
  id=11 logit=20.2053 piece="",""
  id=304 logit=18.9277 piece="" in""
  id=3837 logit=18.7558 piece=""，""
  id=1052 logit=18.5616 piece="" there""
  id=358 logit=17.8374 piece="" I""
Autoregressive generation:
Generated text: ,
Decode-only throughput: 11.1379 tokens/s (1 tokens in 0.0897838 s of llama_decode)
End-to-end throughput: 11.0987 tokens/s (1 tokens in 0.0901006 s)
[decode-stage-profile] model_load=425.209 ms context_create=57.256 ms tokenize=0.470088 ms prefill_decode=144.163 ms generation_decode=89.7838 ms generation_total=90.1006 ms program_total=734.177 ms
[svd-local-op-profile] up_ops=56 gate_ops=56 down_ops=56 up_total=65.594 ms gate_total=63.482 ms down_total=55.146 ms up_v=9.846 ms gate_v=9.543 ms down_v=45.538 ms up_u=55.739 ms gate_u=53.934 ms down_u=9.605 ms
[svd-local-stage-profile] attention_total=1.476 ms ffn_total=186.119 ms ffn_svd_total=184.222 ms ffn_svd_v=64.927 ms ffn_svd_u=119.278 ms
[svd-offload-zero-profile] up_finish=0 up_cache=0 up_no_request=27 gate_finish=0 gate_cache=0 gate_no_request=27 down_finish=0 down_cache=0 down_no_request=27 other_finish=0 other_cache=0 other_no_request=0
[svd-local-timeout-profile] up_keep=0 up_drop=0 up_wait=0.000 ms gate_keep=0 gate_drop=0 gate_wait=0.000 ms down_keep=0 down_drop=0 down_wait=0.000 ms other_keep=0 other_drop=0 other_wait=0.000 ms
[svd-offload-client] up_gate_req=0 down_req=0 other_mat_req=0 ffn_req=0 gate_cache_hits=0 gate_cache_checks=0 miss_invalid=0 miss_layer=0 miss_rank=0 miss_hash=0 miss_output=0 miss_data=0 send_up_gate=0.000 ms send_down=0.000 ms send_other=0.000 ms send_ffn=0.000 ms wait_up_gate=0.000 ms wait_down=0.000 ms wait_other=0.000 ms wait_ffn=0.000 ms
[svd-offload-client-stage-profile] rpc_send_total=0.000 ms rpc_wait_total=0.000 ms
[svd-offload-client-debug] finish_fail_up_gate=0 finish_fail_down=0 finish_fail_other=0 finish_fail_ffn=0 cache_take_fail_up=0 cache_take_fail_gate=0 recv_up_sum_abs=0.000000e+00 recv_up_max_abs=0.000000e+00 recv_up_zero=0 recv_gate_sum_abs=0.000000e+00 recv_gate_max_abs=0.000000e+00 recv_gate_zero=0 recv_down_sum_abs=0.000000e+00 recv_down_max_abs=0.000000e+00 recv_down_zero=0 recv_other_sum_abs=0.000000e+00 recv_other_max_abs=0.000000e+00 recv_other_zero=0 recv_ffn_sum_abs=0.000000e+00 recv_ffn_max_abs=0.000000e+00 recv_ffn_zero=0
SUCCEED (one forward pass done)"
2c_idle_saturated,5,scheduler,trunc_even_0.85,2,"60,61","0,100",ok,13.0071,76.8808,0.8651926517486572,"llama_context: graph splits = 1
attach_threadpool: call
threads: decode=2 batch=2
prompt tokens: 4
running one forward pass (llama_decode) ...
Top-5 next-token candidates:
  id=3 logit=0 piece=""$""
  id=4 logit=0 piece=""%""
  id=1 logit=0 piece=""""""
  id=0 logit=0 piece=""!""
  id=2 logit=0 piece=""#""
Autoregressive generation:
Generated text: !
Decode-only throughput: 13.0071 tokens/s (1 tokens in 0.0768808 s of llama_decode)
End-to-end throughput: 12.9546 tokens/s (1 tokens in 0.0771926 s)
[decode-stage-profile] model_load=467.778 ms context_create=57.8676 ms tokenize=0.456096 ms prefill_decode=107.349 ms generation_decode=76.8808 ms generation_total=77.1926 ms program_total=727.71 ms
[svd-local-op-profile] up_ops=56 gate_ops=56 down_ops=56 up_total=49.522 ms gate_total=49.280 ms down_total=34.416 ms up_v=5.941 ms gate_v=5.787 ms down_v=26.514 ms up_u=43.577 ms gate_u=43.488 ms down_u=7.899 ms
[svd-local-stage-profile] attention_total=1.477 ms ffn_total=134.851 ms ffn_svd_total=133.218 ms ffn_svd_v=38.242 ms ffn_svd_u=94.964 ms
[svd-offload-zero-profile] up_finish=0 up_cache=0 up_no_request=27 gate_finish=0 gate_cache=0 gate_no_request=27 down_finish=0 down_cache=0 down_no_request=27 other_finish=0 other_cache=0 other_no_request=0
[svd-local-timeout-profile] up_keep=0 up_drop=0 up_wait=0.000 ms gate_keep=0 gate_drop=0 gate_wait=0.000 ms down_keep=0 down_drop=0 down_wait=0.000 ms other_keep=0 other_drop=0 other_wait=0.000 ms
[svd-offload-client] up_gate_req=0 down_req=0 other_mat_req=0 ffn_req=0 gate_cache_hits=0 gate_cache_checks=0 miss_invalid=0 miss_layer=0 miss_rank=0 miss_hash=0 miss_output=0 miss_data=0 send_up_gate=0.000 ms send_down=0.000 ms send_other=0.000 ms send_ffn=0.000 ms wait_up_gate=0.000 ms wait_down=0.000 ms wait_other=0.000 ms wait_ffn=0.000 ms
[svd-offload-client-stage-profile] rpc_send_total=0.000 ms rpc_wait_total=0.000 ms
[svd-offload-client-debug] finish_fail_up_gate=0 finish_fail_down=0 finish_fail_other=0 finish_fail_ffn=0 cache_take_fail_up=0 cache_take_fail_gate=0 recv_up_sum_abs=0.000000e+00 recv_up_max_abs=0.000000e+00 recv_up_zero=0 recv_gate_sum_abs=0.000000e+00 recv_gate_max_abs=0.000000e+00 recv_gate_zero=0 recv_down_sum_abs=0.000000e+00 recv_down_max_abs=0.000000e+00 recv_down_zero=0 recv_other_sum_abs=0.000000e+00 recv_other_max_abs=0.000000e+00 recv_other_zero=0 recv_ffn_sum_abs=0.000000e+00 recv_ffn_max_abs=0.000000e+00 recv_ffn_zero=0
SUCCEED (one forward pass done)"
2c_idle_saturated,6,baseline,trunc_even_0.85,2,"60,61","0,100",ok,8.69128,115.058,4.433261156082153,"llama_context: graph splits = 1
attach_threadpool: call
threads: decode=2 batch=2
prompt tokens: 4
running one forward pass (llama_decode) ...
Top-5 next-token candidates:
  id=11 logit=20.2053 piece="",""
  id=304 logit=18.9277 piece="" in""
  id=3837 logit=18.7558 piece=""，""
  id=1052 logit=18.5616 piece="" there""
  id=358 logit=17.8374 piece="" I""
Autoregressive generation:
Generated text: ,
Decode-only throughput: 8.69128 tokens/s (1 tokens in 0.115058 s of llama_decode)
End-to-end throughput: 8.66682 tokens/s (1 tokens in 0.115383 s)
[decode-stage-profile] model_load=453.242 ms context_create=58.3788 ms tokenize=0.464849 ms prefill_decode=3614.22 ms generation_decode=115.058 ms generation_total=115.383 ms program_total=4258.63 ms
[svd-local-op-profile] up_ops=56 gate_ops=56 down_ops=56 up_total=255.181 ms gate_total=243.077 ms down_total=251.523 ms up_v=68.810 ms gate_v=68.671 ms down_v=109.994 ms up_u=186.367 ms gate_u=174.400 ms down_u=141.521 ms
[svd-local-stage-profile] attention_total=540.484 ms ffn_total=991.532 ms ffn_svd_total=749.781 ms ffn_svd_v=247.475 ms ffn_svd_u=502.288 ms
[svd-offload-zero-profile] up_finish=0 up_cache=0 up_no_request=27 gate_finish=0 gate_cache=0 gate_no_request=27 down_finish=0 down_cache=0 down_no_request=27 other_finish=0 other_cache=0 other_no_request=0
[svd-local-timeout-profile] up_keep=0 up_drop=0 up_wait=0.000 ms gate_keep=0 gate_drop=0 gate_wait=0.000 ms down_keep=0 down_drop=0 down_wait=0.000 ms other_keep=0 other_drop=0 other_wait=0.000 ms
[svd-offload-client] up_gate_req=0 down_req=0 other_mat_req=0 ffn_req=0 gate_cache_hits=0 gate_cache_checks=0 miss_invalid=0 miss_layer=0 miss_rank=0 miss_hash=0 miss_output=0 miss_data=0 send_up_gate=0.000 ms send_down=0.000 ms send_other=0.000 ms send_ffn=0.000 ms wait_up_gate=0.000 ms wait_down=0.000 ms wait_other=0.000 ms wait_ffn=0.000 ms
[svd-offload-client-stage-profile] rpc_send_total=0.000 ms rpc_wait_total=0.000 ms
[svd-offload-client-debug] finish_fail_up_gate=0 finish_fail_down=0 finish_fail_other=0 finish_fail_ffn=0 cache_take_fail_up=0 cache_take_fail_gate=0 recv_up_sum_abs=0.000000e+00 recv_up_max_abs=0.000000e+00 recv_up_zero=0 recv_gate_sum_abs=0.000000e+00 recv_gate_max_abs=0.000000e+00 recv_gate_zero=0 recv_down_sum_abs=0.000000e+00 recv_down_max_abs=0.000000e+00 recv_down_zero=0 recv_other_sum_abs=0.000000e+00 recv_other_max_abs=0.000000e+00 recv_other_zero=0 recv_ffn_sum_abs=0.000000e+00 recv_ffn_max_abs=0.000000e+00 recv_ffn_zero=0
SUCCEED (one forward pass done)"
2c_idle_saturated,6,scheduler,trunc_even_0.85,2,"60,61","0,100",ok,13.1093,76.2814,0.820904016494751,"llama_context: graph splits = 1
attach_threadpool: call
threads: decode=2 batch=2
prompt tokens: 4
running one forward pass (llama_decode) ...
Top-5 next-token candidates:
  id=3 logit=0 piece=""$""
  id=4 logit=0 piece=""%""
  id=1 logit=0 piece=""""""
  id=0 logit=0 piece=""!""
  id=2 logit=0 piece=""#""
Autoregressive generation:
Generated text: !
Decode-only throughput: 13.1093 tokens/s (1 tokens in 0.0762814 s of llama_decode)
End-to-end throughput: 13.0564 tokens/s (1 tokens in 0.0765905 s)
[decode-stage-profile] model_load=392.765 ms context_create=59.1736 ms tokenize=0.447714 ms prefill_decode=106.471 ms generation_decode=76.2814 ms generation_total=76.5905 ms program_total=652.508 ms
[svd-local-op-profile] up_ops=56 gate_ops=56 down_ops=56 up_total=49.085 ms gate_total=48.903 ms down_total=33.911 ms up_v=5.842 ms gate_v=5.790 ms down_v=26.043 ms up_u=43.236 ms gate_u=43.112 ms down_u=7.858 ms
[svd-local-stage-profile] attention_total=1.470 ms ffn_total=133.489 ms ffn_svd_total=131.899 ms ffn_svd_v=37.675 ms ffn_svd_u=94.206 ms
[svd-offload-zero-profile] up_finish=0 up_cache=0 up_no_request=27 gate_finish=0 gate_cache=0 gate_no_request=27 down_finish=0 down_cache=0 down_no_request=27 other_finish=0 other_cache=0 other_no_request=0
[svd-local-timeout-profile] up_keep=0 up_drop=0 up_wait=0.000 ms gate_keep=0 gate_drop=0 gate_wait=0.000 ms down_keep=0 down_drop=0 down_wait=0.000 ms other_keep=0 other_drop=0 other_wait=0.000 ms
[svd-offload-client] up_gate_req=0 down_req=0 other_mat_req=0 ffn_req=0 gate_cache_hits=0 gate_cache_checks=0 miss_invalid=0 miss_layer=0 miss_rank=0 miss_hash=0 miss_output=0 miss_data=0 send_up_gate=0.000 ms send_down=0.000 ms send_other=0.000 ms send_ffn=0.000 ms wait_up_gate=0.000 ms wait_down=0.000 ms wait_other=0.000 ms wait_ffn=0.000 ms
[svd-offload-client-stage-profile] rpc_send_total=0.000 ms rpc_wait_total=0.000 ms
[svd-offload-client-debug] finish_fail_up_gate=0 finish_fail_down=0 finish_fail_other=0 finish_fail_ffn=0 cache_take_fail_up=0 cache_take_fail_gate=0 recv_up_sum_abs=0.000000e+00 recv_up_max_abs=0.000000e+00 recv_up_zero=0 recv_gate_sum_abs=0.000000e+00 recv_gate_max_abs=0.000000e+00 recv_gate_zero=0 recv_down_sum_abs=0.000000e+00 recv_down_max_abs=0.000000e+00 recv_down_zero=0 recv_other_sum_abs=0.000000e+00 recv_other_max_abs=0.000000e+00 recv_other_zero=0 recv_ffn_sum_abs=0.000000e+00 recv_ffn_max_abs=0.000000e+00 recv_ffn_zero=0
SUCCEED (one forward pass done)"
2c_high,0,baseline,trunc_even_0.85,2,"60,61","80,100",ok,11.3059,88.4492,0.8699264526367188,"llama_context: graph splits = 1
attach_threadpool: call
threads: decode=2 batch=2
prompt tokens: 4
running one forward pass (llama_decode) ...
Top-5 next-token candidates:
  id=11 logit=20.2053 piece="",""
  id=304 logit=18.9277 piece="" in""
  id=3837 logit=18.7558 piece=""，""
  id=1052 logit=18.5616 piece="" there""
  id=358 logit=17.8374 piece="" I""
Autoregressive generation:
Generated text: ,
Decode-only throughput: 11.3059 tokens/s (1 tokens in 0.0884492 s of llama_decode)
End-to-end throughput: 11.2665 tokens/s (1 tokens in 0.0887585 s)
[decode-stage-profile] model_load=377.036 ms context_create=61.4538 ms tokenize=0.484668 ms prefill_decode=146.991 ms generation_decode=88.4492 ms generation_total=88.7585 ms program_total=691.183 ms
[svd-local-op-profile] up_ops=56 gate_ops=56 down_ops=56 up_total=66.964 ms gate_total=63.216 ms down_total=55.169 ms up_v=9.732 ms gate_v=9.505 ms down_v=45.531 ms up_u=57.230 ms gate_u=53.705 ms down_u=9.636 ms
[svd-local-stage-profile] attention_total=1.524 ms ffn_total=187.192 ms ffn_svd_total=185.349 ms ffn_svd_v=64.768 ms ffn_svd_u=120.571 ms
[svd-offload-zero-profile] up_finish=0 up_cache=0 up_no_request=27 gate_finish=0 gate_cache=0 gate_no_request=27 down_finish=0 down_cache=0 down_no_request=27 other_finish=0 other_cache=0 other_no_request=0
[svd-local-timeout-profile] up_keep=0 up_drop=0 up_wait=0.000 ms gate_keep=0 gate_drop=0 gate_wait=0.000 ms down_keep=0 down_drop=0 down_wait=0.000 ms other_keep=0 other_drop=0 other_wait=0.000 ms
[svd-offload-client] up_gate_req=0 down_req=0 other_mat_req=0 ffn_req=0 gate_cache_hits=0 gate_cache_checks=0 miss_invalid=0 miss_layer=0 miss_rank=0 miss_hash=0 miss_output=0 miss_data=0 send_up_gate=0.000 ms send_down=0.000 ms send_other=0.000 ms send_ffn=0.000 ms wait_up_gate=0.000 ms wait_down=0.000 ms wait_other=0.000 ms wait_ffn=0.000 ms
[svd-offload-client-stage-profile] rpc_send_total=0.000 ms rpc_wait_total=0.000 ms
[svd-offload-client-debug] finish_fail_up_gate=0 finish_fail_down=0 finish_fail_other=0 finish_fail_ffn=0 cache_take_fail_up=0 cache_take_fail_gate=0 recv_up_sum_abs=0.000000e+00 recv_up_max_abs=0.000000e+00 recv_up_zero=0 recv_gate_sum_abs=0.000000e+00 recv_gate_max_abs=0.000000e+00 recv_gate_zero=0 recv_down_sum_abs=0.000000e+00 recv_down_max_abs=0.000000e+00 recv_down_zero=0 recv_other_sum_abs=0.000000e+00 recv_other_max_abs=0.000000e+00 recv_other_zero=0 recv_ffn_sum_abs=0.000000e+00 recv_ffn_max_abs=0.000000e+00 recv_ffn_zero=0
SUCCEED (one forward pass done)"
2c_high,0,scheduler,trunc_even_0.85,2,"60,61","80,100",ok,13.4236,74.4957,0.822331428527832,"llama_context: graph splits = 1
attach_threadpool: call
threads: decode=2 batch=2
prompt tokens: 4
running one forward pass (llama_decode) ...
Top-5 next-token candidates:
  id=3 logit=0 piece=""$""
  id=4 logit=0 piece=""%""
  id=1 logit=0 piece=""""""
  id=0 logit=0 piece=""!""
  id=2 logit=0 piece=""#""
Autoregressive generation:
Generated text: !
Decode-only throughput: 13.4236 tokens/s (1 tokens in 0.0744957 s of llama_decode)
End-to-end throughput: 13.3688 tokens/s (1 tokens in 0.074801 s)
[decode-stage-profile] model_load=400.576 ms context_create=57.1668 ms tokenize=0.469079 ms prefill_decode=112.706 ms generation_decode=74.4957 ms generation_total=74.801 ms program_total=662.773 ms
[svd-local-op-profile] up_ops=56 gate_ops=56 down_ops=56 up_total=49.508 ms gate_total=49.047 ms down_total=32.777 ms up_v=5.936 ms gate_v=5.709 ms down_v=24.979 ms up_u=43.568 ms gate_u=43.335 ms down_u=7.795 ms
[svd-local-stage-profile] attention_total=1.447 ms ffn_total=132.943 ms ffn_svd_total=131.332 ms ffn_svd_v=36.624 ms ffn_svd_u=94.698 ms
[svd-offload-zero-profile] up_finish=0 up_cache=0 up_no_request=27 gate_finish=0 gate_cache=0 gate_no_request=27 down_finish=0 down_cache=0 down_no_request=27 other_finish=0 other_cache=0 other_no_request=0
[svd-local-timeout-profile] up_keep=0 up_drop=0 up_wait=0.000 ms gate_keep=0 gate_drop=0 gate_wait=0.000 ms down_keep=0 down_drop=0 down_wait=0.000 ms other_keep=0 other_drop=0 other_wait=0.000 ms
[svd-offload-client] up_gate_req=0 down_req=0 other_mat_req=0 ffn_req=0 gate_cache_hits=0 gate_cache_checks=0 miss_invalid=0 miss_layer=0 miss_rank=0 miss_hash=0 miss_output=0 miss_data=0 send_up_gate=0.000 ms send_down=0.000 ms send_other=0.000 ms send_ffn=0.000 ms wait_up_gate=0.000 ms wait_down=0.000 ms wait_other=0.000 ms wait_ffn=0.000 ms
[svd-offload-client-stage-profile] rpc_send_total=0.000 ms rpc_wait_total=0.000 ms
[svd-offload-client-debug] finish_fail_up_gate=0 finish_fail_down=0 finish_fail_other=0 finish_fail_ffn=0 cache_take_fail_up=0 cache_take_fail_gate=0 recv_up_sum_abs=0.000000e+00 recv_up_max_abs=0.000000e+00 recv_up_zero=0 recv_gate_sum_abs=0.000000e+00 recv_gate_max_abs=0.000000e+00 recv_gate_zero=0 recv_down_sum_abs=0.000000e+00 recv_down_max_abs=0.000000e+00 recv_down_zero=0 recv_other_sum_abs=0.000000e+00 recv_other_max_abs=0.000000e+00 recv_other_zero=0 recv_ffn_sum_abs=0.000000e+00 recv_ffn_max_abs=0.000000e+00 recv_ffn_zero=0
SUCCEED (one forward pass done)"
2c_high,1,baseline,trunc_even_0.85,2,"60,61","80,100",ok,11.1904,89.3623,0.9338891506195068,"llama_context: graph splits = 1
attach_threadpool: call
threads: decode=2 batch=2
prompt tokens: 4
running one forward pass (llama_decode) ...
Top-5 next-token candidates:
  id=11 logit=20.2053 piece="",""
  id=304 logit=18.9277 piece="" in""
  id=3837 logit=18.7558 piece=""，""
  id=1052 logit=18.5616 piece="" there""
  id=358 logit=17.8374 piece="" I""
Autoregressive generation:
Generated text: ,
Decode-only throughput: 11.1904 tokens/s (1 tokens in 0.0893623 s of llama_decode)
End-to-end throughput: 11.1506 tokens/s (1 tokens in 0.0896812 s)
[decode-stage-profile] model_load=464.106 ms context_create=57.442 ms tokenize=0.452965 ms prefill_decode=145.124 ms generation_decode=89.3623 ms generation_total=89.6812 ms program_total=773.821 ms
[svd-local-op-profile] up_ops=56 gate_ops=56 down_ops=56 up_total=70.232 ms gate_total=63.563 ms down_total=51.239 ms up_v=9.806 ms gate_v=9.595 ms down_v=41.596 ms up_u=60.418 ms gate_u=53.963 ms down_u=9.639 ms
[svd-local-stage-profile] attention_total=1.504 ms ffn_total=186.858 ms ffn_svd_total=185.034 ms ffn_svd_v=60.997 ms ffn_svd_u=124.020 ms
[svd-offload-zero-profile] up_finish=0 up_cache=0 up_no_request=27 gate_finish=0 gate_cache=0 gate_no_request=27 down_finish=0 down_cache=0 down_no_request=27 other_finish=0 other_cache=0 other_no_request=0
[svd-local-timeout-profile] up_keep=0 up_drop=0 up_wait=0.000 ms gate_keep=0 gate_drop=0 gate_wait=0.000 ms down_keep=0 down_drop=0 down_wait=0.000 ms other_keep=0 other_drop=0 other_wait=0.000 ms
[svd-offload-client] up_gate_req=0 down_req=0 other_mat_req=0 ffn_req=0 gate_cache_hits=0 gate_cache_checks=0 miss_invalid=0 miss_layer=0 miss_rank=0 miss_hash=0 miss_output=0 miss_data=0 send_up_gate=0.000 ms send_down=0.000 ms send_other=0.000 ms send_ffn=0.000 ms wait_up_gate=0.000 ms wait_down=0.000 ms wait_other=0.000 ms wait_ffn=0.000 ms
[svd-offload-client-stage-profile] rpc_send_total=0.000 ms rpc_wait_total=0.000 ms
[svd-offload-client-debug] finish_fail_up_gate=0 finish_fail_down=0 finish_fail_other=0 finish_fail_ffn=0 cache_take_fail_up=0 cache_take_fail_gate=0 recv_up_sum_abs=0.000000e+00 recv_up_max_abs=0.000000e+00 recv_up_zero=0 recv_gate_sum_abs=0.000000e+00 recv_gate_max_abs=0.000000e+00 recv_gate_zero=0 recv_down_sum_abs=0.000000e+00 recv_down_max_abs=0.000000e+00 recv_down_zero=0 recv_other_sum_abs=0.000000e+00 recv_other_max_abs=0.000000e+00 recv_other_zero=0 recv_ffn_sum_abs=0.000000e+00 recv_ffn_max_abs=0.000000e+00 recv_ffn_zero=0
SUCCEED (one forward pass done)"
2c_high,1,scheduler,trunc_even_0.85,2,"60,61","80,100",ok,13.4524,74.3364,0.8815882205963135,"llama_context: graph splits = 1
attach_threadpool: call
threads: decode=2 batch=2
prompt tokens: 4
running one forward pass (llama_decode) ...
Top-5 next-token candidates:
  id=3 logit=0 piece=""$""
  id=4 logit=0 piece=""%""
  id=1 logit=0 piece=""""""
  id=0 logit=0 piece=""!""
  id=2 logit=0 piece=""#""
Autoregressive generation:
Generated text: !
Decode-only throughput: 13.4524 tokens/s (1 tokens in 0.0743364 s of llama_decode)
End-to-end throughput: 13.3965 tokens/s (1 tokens in 0.0746461 s)
[decode-stage-profile] model_load=466.331 ms context_create=59.7196 ms tokenize=0.451583 ms prefill_decode=108.638 ms generation_decode=74.3364 ms generation_total=74.6461 ms program_total=726.478 ms
[svd-local-op-profile] up_ops=56 gate_ops=56 down_ops=56 up_total=53.294 ms gate_total=49.049 ms down_total=31.808 ms up_v=5.937 ms gate_v=5.895 ms down_v=24.078 ms up_u=47.352 ms gate_u=43.148 ms down_u=7.722 ms
[svd-local-stage-profile] attention_total=1.454 ms ffn_total=135.743 ms ffn_svd_total=134.151 ms ffn_svd_v=35.910 ms ffn_svd_u=98.222 ms
[svd-offload-zero-profile] up_finish=0 up_cache=0 up_no_request=27 gate_finish=0 gate_cache=0 gate_no_request=27 down_finish=0 down_cache=0 down_no_request=27 other_finish=0 other_cache=0 other_no_request=0
[svd-local-timeout-profile] up_keep=0 up_drop=0 up_wait=0.000 ms gate_keep=0 gate_drop=0 gate_wait=0.000 ms down_keep=0 down_drop=0 down_wait=0.000 ms other_keep=0 other_drop=0 other_wait=0.000 ms
[svd-offload-client] up_gate_req=0 down_req=0 other_mat_req=0 ffn_req=0 gate_cache_hits=0 gate_cache_checks=0 miss_invalid=0 miss_layer=0 miss_rank=0 miss_hash=0 miss_output=0 miss_data=0 send_up_gate=0.000 ms send_down=0.000 ms send_other=0.000 ms send_ffn=0.000 ms wait_up_gate=0.000 ms wait_down=0.000 ms wait_other=0.000 ms wait_ffn=0.000 ms
[svd-offload-client-stage-profile] rpc_send_total=0.000 ms rpc_wait_total=0.000 ms
[svd-offload-client-debug] finish_fail_up_gate=0 finish_fail_down=0 finish_fail_other=0 finish_fail_ffn=0 cache_take_fail_up=0 cache_take_fail_gate=0 recv_up_sum_abs=0.000000e+00 recv_up_max_abs=0.000000e+00 recv_up_zero=0 recv_gate_sum_abs=0.000000e+00 recv_gate_max_abs=0.000000e+00 recv_gate_zero=0 recv_down_sum_abs=0.000000e+00 recv_down_max_abs=0.000000e+00 recv_down_zero=0 recv_other_sum_abs=0.000000e+00 recv_other_max_abs=0.000000e+00 recv_other_zero=0 recv_ffn_sum_abs=0.000000e+00 recv_ffn_max_abs=0.000000e+00 recv_ffn_zero=0
SUCCEED (one forward pass done)"
2c_high,2,baseline,trunc_even_0.85,2,"60,61","80,100",ok,11.3703,87.9483,0.9152953624725342,"llama_context: graph splits = 1
attach_threadpool: call
threads: decode=2 batch=2
prompt tokens: 4
running one forward pass (llama_decode) ...
Top-5 next-token candidates:
  id=11 logit=20.2053 piece="",""
  id=304 logit=18.9277 piece="" in""
  id=3837 logit=18.7558 piece=""，""
  id=1052 logit=18.5616 piece="" there""
  id=358 logit=17.8374 piece="" I""
Autoregressive generation:
Generated text: ,
Decode-only throughput: 11.3703 tokens/s (1 tokens in 0.0879483 s of llama_decode)
End-to-end throughput: 11.328 tokens/s (1 tokens in 0.0882765 s)
[decode-stage-profile] model_load=457.771 ms context_create=59.4411 ms tokenize=0.458373 ms prefill_decode=148.249 ms generation_decode=87.9483 ms generation_total=88.2765 ms program_total=770.649 ms
[svd-local-op-profile] up_ops=56 gate_ops=56 down_ops=56 up_total=69.309 ms gate_total=66.215 ms down_total=51.178 ms up_v=9.744 ms gate_v=9.524 ms down_v=41.536 ms up_u=59.559 ms gate_u=56.686 ms down_u=9.638 ms
[svd-local-stage-profile] attention_total=1.496 ms ffn_total=188.526 ms ffn_svd_total=186.702 ms ffn_svd_v=60.804 ms ffn_svd_u=125.883 ms
[svd-offload-zero-profile] up_finish=0 up_cache=0 up_no_request=27 gate_finish=0 gate_cache=0 gate_no_request=27 down_finish=0 down_cache=0 down_no_request=27 other_finish=0 other_cache=0 other_no_request=0
[svd-local-timeout-profile] up_keep=0 up_drop=0 up_wait=0.000 ms gate_keep=0 gate_drop=0 gate_wait=0.000 ms down_keep=0 down_drop=0 down_wait=0.000 ms other_keep=0 other_drop=0 other_wait=0.000 ms
[svd-offload-client] up_gate_req=0 down_req=0 other_mat_req=0 ffn_req=0 gate_cache_hits=0 gate_cache_checks=0 miss_invalid=0 miss_layer=0 miss_rank=0 miss_hash=0 miss_output=0 miss_data=0 send_up_gate=0.000 ms send_down=0.000 ms send_other=0.000 ms send_ffn=0.000 ms wait_up_gate=0.000 ms wait_down=0.000 ms wait_other=0.000 ms wait_ffn=0.000 ms
[svd-offload-client-stage-profile] rpc_send_total=0.000 ms rpc_wait_total=0.000 ms
[svd-offload-client-debug] finish_fail_up_gate=0 finish_fail_down=0 finish_fail_other=0 finish_fail_ffn=0 cache_take_fail_up=0 cache_take_fail_gate=0 recv_up_sum_abs=0.000000e+00 recv_up_max_abs=0.000000e+00 recv_up_zero=0 recv_gate_sum_abs=0.000000e+00 recv_gate_max_abs=0.000000e+00 recv_gate_zero=0 recv_down_sum_abs=0.000000e+00 recv_down_max_abs=0.000000e+00 recv_down_zero=0 recv_other_sum_abs=0.000000e+00 recv_other_max_abs=0.000000e+00 recv_other_zero=0 recv_ffn_sum_abs=0.000000e+00 recv_ffn_max_abs=0.000000e+00 recv_ffn_zero=0
SUCCEED (one forward pass done)"
2c_high,2,scheduler,trunc_even_0.85,2,"60,61","80,100",ok,12.6147,79.2726,0.8746426105499268,"llama_context: graph splits = 1
attach_threadpool: call
threads: decode=2 batch=2
prompt tokens: 4
running one forward pass (llama_decode) ...
Top-5 next-token candidates:
  id=3 logit=0 piece=""$""
  id=4 logit=0 piece=""%""
  id=1 logit=0 piece=""""""
  id=0 logit=0 piece=""!""
  id=2 logit=0 piece=""#""
Autoregressive generation:
Generated text: !
Decode-only throughput: 12.6147 tokens/s (1 tokens in 0.0792726 s of llama_decode)
End-to-end throughput: 12.5665 tokens/s (1 tokens in 0.0795769 s)
[decode-stage-profile] model_load=463.768 ms context_create=57.63 ms tokenize=0.461692 ms prefill_decode=106.788 ms generation_decode=79.2726 ms generation_total=79.5769 ms program_total=724.738 ms
[svd-local-op-profile] up_ops=56 gate_ops=56 down_ops=56 up_total=49.296 ms gate_total=49.097 ms down_total=33.874 ms up_v=5.878 ms gate_v=5.732 ms down_v=26.041 ms up_u=43.414 ms gate_u=43.359 ms down_u=7.828 ms
[svd-local-stage-profile] attention_total=1.721 ms ffn_total=133.832 ms ffn_svd_total=132.267 ms ffn_svd_v=37.651 ms ffn_svd_u=94.601 ms
[svd-offload-zero-profile] up_finish=0 up_cache=0 up_no_request=27 gate_finish=0 gate_cache=0 gate_no_request=27 down_finish=0 down_cache=0 down_no_request=27 other_finish=0 other_cache=0 other_no_request=0
[svd-local-timeout-profile] up_keep=0 up_drop=0 up_wait=0.000 ms gate_keep=0 gate_drop=0 gate_wait=0.000 ms down_keep=0 down_drop=0 down_wait=0.000 ms other_keep=0 other_drop=0 other_wait=0.000 ms
[svd-offload-client] up_gate_req=0 down_req=0 other_mat_req=0 ffn_req=0 gate_cache_hits=0 gate_cache_checks=0 miss_invalid=0 miss_layer=0 miss_rank=0 miss_hash=0 miss_output=0 miss_data=0 send_up_gate=0.000 ms send_down=0.000 ms send_other=0.000 ms send_ffn=0.000 ms wait_up_gate=0.000 ms wait_down=0.000 ms wait_other=0.000 ms wait_ffn=0.000 ms
[svd-offload-client-stage-profile] rpc_send_total=0.000 ms rpc_wait_total=0.000 ms
[svd-offload-client-debug] finish_fail_up_gate=0 finish_fail_down=0 finish_fail_other=0 finish_fail_ffn=0 cache_take_fail_up=0 cache_take_fail_gate=0 recv_up_sum_abs=0.000000e+00 recv_up_max_abs=0.000000e+00 recv_up_zero=0 recv_gate_sum_abs=0.000000e+00 recv_gate_max_abs=0.000000e+00 recv_gate_zero=0 recv_down_sum_abs=0.000000e+00 recv_down_max_abs=0.000000e+00 recv_down_zero=0 recv_other_sum_abs=0.000000e+00 recv_other_max_abs=0.000000e+00 recv_other_zero=0 recv_ffn_sum_abs=0.000000e+00 recv_ffn_max_abs=0.000000e+00 recv_ffn_zero=0
SUCCEED (one forward pass done)"
2c_high,3,baseline,trunc_even_0.85,2,"60,61","80,100",ok,11.3995,87.7233,0.902585506439209,"llama_context: graph splits = 1
attach_threadpool: call
threads: decode=2 batch=2
prompt tokens: 4
running one forward pass (llama_decode) ...
Top-5 next-token candidates:
  id=11 logit=20.2053 piece="",""
  id=304 logit=18.9277 piece="" in""
  id=3837 logit=18.7558 piece=""，""
  id=1052 logit=18.5616 piece="" there""
  id=358 logit=17.8374 piece="" I""
Autoregressive generation:
Generated text: ,
Decode-only throughput: 11.3995 tokens/s (1 tokens in 0.0877233 s of llama_decode)
End-to-end throughput: 11.3599 tokens/s (1 tokens in 0.0880289 s)
[decode-stage-profile] model_load=441.715 ms context_create=64.2558 ms tokenize=0.443624 ms prefill_decode=146.061 ms generation_decode=87.7233 ms generation_total=88.0289 ms program_total=757.49 ms
[svd-local-op-profile] up_ops=56 gate_ops=56 down_ops=56 up_total=62.893 ms gate_total=63.151 ms down_total=58.179 ms up_v=9.592 ms gate_v=9.450 ms down_v=48.474 ms up_u=53.292 ms gate_u=53.694 ms down_u=9.698 ms
[svd-local-stage-profile] attention_total=1.496 ms ffn_total=186.011 ms ffn_svd_total=184.223 ms ffn_svd_v=67.516 ms ffn_svd_u=116.684 ms
[svd-offload-zero-profile] up_finish=0 up_cache=0 up_no_request=27 gate_finish=0 gate_cache=0 gate_no_request=27 down_finish=0 down_cache=0 down_no_request=27 other_finish=0 other_cache=0 other_no_request=0
[svd-local-timeout-profile] up_keep=0 up_drop=0 up_wait=0.000 ms gate_keep=0 gate_drop=0 gate_wait=0.000 ms down_keep=0 down_drop=0 down_wait=0.000 ms other_keep=0 other_drop=0 other_wait=0.000 ms
[svd-offload-client] up_gate_req=0 down_req=0 other_mat_req=0 ffn_req=0 gate_cache_hits=0 gate_cache_checks=0 miss_invalid=0 miss_layer=0 miss_rank=0 miss_hash=0 miss_output=0 miss_data=0 send_up_gate=0.000 ms send_down=0.000 ms send_other=0.000 ms send_ffn=0.000 ms wait_up_gate=0.000 ms wait_down=0.000 ms wait_other=0.000 ms wait_ffn=0.000 ms
[svd-offload-client-stage-profile] rpc_send_total=0.000 ms rpc_wait_total=0.000 ms
[svd-offload-client-debug] finish_fail_up_gate=0 finish_fail_down=0 finish_fail_other=0 finish_fail_ffn=0 cache_take_fail_up=0 cache_take_fail_gate=0 recv_up_sum_abs=0.000000e+00 recv_up_max_abs=0.000000e+00 recv_up_zero=0 recv_gate_sum_abs=0.000000e+00 recv_gate_max_abs=0.000000e+00 recv_gate_zero=0 recv_down_sum_abs=0.000000e+00 recv_down_max_abs=0.000000e+00 recv_down_zero=0 recv_other_sum_abs=0.000000e+00 recv_other_max_abs=0.000000e+00 recv_other_zero=0 recv_ffn_sum_abs=0.000000e+00 recv_ffn_max_abs=0.000000e+00 recv_ffn_zero=0
SUCCEED (one forward pass done)"
2c_high,3,scheduler,trunc_even_0.85,2,"60,61","80,100",ok,12.7547,78.4023,0.841271162033081,"llama_context: graph splits = 1
attach_threadpool: call
threads: decode=2 batch=2
prompt tokens: 4
running one forward pass (llama_decode) ...
Top-5 next-token candidates:
  id=3 logit=0 piece=""$""
  id=4 logit=0 piece=""%""
  id=1 logit=0 piece=""""""
  id=0 logit=0 piece=""!""
  id=2 logit=0 piece=""#""
Autoregressive generation:
Generated text: !
Decode-only throughput: 12.7547 tokens/s (1 tokens in 0.0784023 s of llama_decode)
End-to-end throughput: 12.7055 tokens/s (1 tokens in 0.0787063 s)
[decode-stage-profile] model_load=387.299 ms context_create=69.2714 ms tokenize=0.833695 ms prefill_decode=127.496 ms generation_decode=78.4023 ms generation_total=78.7063 ms program_total=680.785 ms
[svd-local-op-profile] up_ops=56 gate_ops=56 down_ops=56 up_total=58.722 ms gate_total=56.119 ms down_total=37.583 ms up_v=6.995 ms gate_v=6.780 ms down_v=28.762 ms up_u=51.720 ms gate_u=49.329 ms down_u=8.815 ms
[svd-local-stage-profile] attention_total=1.589 ms ffn_total=154.137 ms ffn_svd_total=152.424 ms ffn_svd_v=42.537 ms ffn_svd_u=109.864 ms
[svd-offload-zero-profile] up_finish=0 up_cache=0 up_no_request=27 gate_finish=0 gate_cache=0 gate_no_request=27 down_finish=0 down_cache=0 down_no_request=27 other_finish=0 other_cache=0 other_no_request=0
[svd-local-timeout-profile] up_keep=0 up_drop=0 up_wait=0.000 ms gate_keep=0 gate_drop=0 gate_wait=0.000 ms down_keep=0 down_drop=0 down_wait=0.000 ms other_keep=0 other_drop=0 other_wait=0.000 ms
[svd-offload-client] up_gate_req=0 down_req=0 other_mat_req=0 ffn_req=0 gate_cache_hits=0 gate_cache_checks=0 miss_invalid=0 miss_layer=0 miss_rank=0 miss_hash=0 miss_output=0 miss_data=0 send_up_gate=0.000 ms send_down=0.000 ms send_other=0.000 ms send_ffn=0.000 ms wait_up_gate=0.000 ms wait_down=0.000 ms wait_other=0.000 ms wait_ffn=0.000 ms
[svd-offload-client-stage-profile] rpc_send_total=0.000 ms rpc_wait_total=0.000 ms
[svd-offload-client-debug] finish_fail_up_gate=0 finish_fail_down=0 finish_fail_other=0 finish_fail_ffn=0 cache_take_fail_up=0 cache_take_fail_gate=0 recv_up_sum_abs=0.000000e+00 recv_up_max_abs=0.000000e+00 recv_up_zero=0 recv_gate_sum_abs=0.000000e+00 recv_gate_max_abs=0.000000e+00 recv_gate_zero=0 recv_down_sum_abs=0.000000e+00 recv_down_max_abs=0.000000e+00 recv_down_zero=0 recv_other_sum_abs=0.000000e+00 recv_other_max_abs=0.000000e+00 recv_other_zero=0 recv_ffn_sum_abs=0.000000e+00 recv_ffn_max_abs=0.000000e+00 recv_ffn_zero=0
SUCCEED (one forward pass done)"
2c_high,4,baseline,trunc_even_0.85,2,"60,61","80,100",ok,10.0756,99.2495,0.9021673202514648,"llama_context: graph splits = 1
attach_threadpool: call
threads: decode=2 batch=2
prompt tokens: 4
running one forward pass (llama_decode) ...
Top-5 next-token candidates:
  id=11 logit=20.2053 piece="",""
  id=304 logit=18.9277 piece="" in""
  id=3837 logit=18.7558 piece=""，""
  id=1052 logit=18.5616 piece="" there""
  id=358 logit=17.8374 piece="" I""
Autoregressive generation:
Generated text: ,
Decode-only throughput: 10.0756 tokens/s (1 tokens in 0.0992495 s of llama_decode)
End-to-end throughput: 10.0449 tokens/s (1 tokens in 0.0995529 s)
[decode-stage-profile] model_load=381.77 ms context_create=58.9958 ms tokenize=0.59063 ms prefill_decode=191.216 ms generation_decode=99.2495 ms generation_total=99.5529 ms program_total=750.057 ms
[svd-local-op-profile] up_ops=56 gate_ops=56 down_ops=56 up_total=83.515 ms gate_total=79.895 ms down_total=70.363 ms up_v=12.744 ms gate_v=12.131 ms down_v=58.343 ms up_u=70.766 ms gate_u=67.757 ms down_u=12.019 ms
[svd-local-stage-profile] attention_total=1.755 ms ffn_total=238.713 ms ffn_svd_total=233.773 ms ffn_svd_v=83.218 ms ffn_svd_u=150.542 ms
[svd-offload-zero-profile] up_finish=0 up_cache=0 up_no_request=27 gate_finish=0 gate_cache=0 gate_no_request=27 down_finish=0 down_cache=0 down_no_request=27 other_finish=0 other_cache=0 other_no_request=0
[svd-local-timeout-profile] up_keep=0 up_drop=0 up_wait=0.000 ms gate_keep=0 gate_drop=0 gate_wait=0.000 ms down_keep=0 down_drop=0 down_wait=0.000 ms other_keep=0 other_drop=0 other_wait=0.000 ms
[svd-offload-client] up_gate_req=0 down_req=0 other_mat_req=0 ffn_req=0 gate_cache_hits=0 gate_cache_checks=0 miss_invalid=0 miss_layer=0 miss_rank=0 miss_hash=0 miss_output=0 miss_data=0 send_up_gate=0.000 ms send_down=0.000 ms send_other=0.000 ms send_ffn=0.000 ms wait_up_gate=0.000 ms wait_down=0.000 ms wait_other=0.000 ms wait_ffn=0.000 ms
[svd-offload-client-stage-profile] rpc_send_total=0.000 ms rpc_wait_total=0.000 ms
[svd-offload-client-debug] finish_fail_up_gate=0 finish_fail_down=0 finish_fail_other=0 finish_fail_ffn=0 cache_take_fail_up=0 cache_take_fail_gate=0 recv_up_sum_abs=0.000000e+00 recv_up_max_abs=0.000000e+00 recv_up_zero=0 recv_gate_sum_abs=0.000000e+00 recv_gate_max_abs=0.000000e+00 recv_gate_zero=0 recv_down_sum_abs=0.000000e+00 recv_down_max_abs=0.000000e+00 recv_down_zero=0 recv_other_sum_abs=0.000000e+00 recv_other_max_abs=0.000000e+00 recv_other_zero=0 recv_ffn_sum_abs=0.000000e+00 recv_ffn_max_abs=0.000000e+00 recv_ffn_zero=0
SUCCEED (one forward pass done)"
2c_high,4,scheduler,trunc_even_0.85,2,"60,61","80,100",ok,10.8814,91.9001,0.8445639610290527,"llama_context: graph splits = 1
attach_threadpool: call
threads: decode=2 batch=2
prompt tokens: 4
running one forward pass (llama_decode) ...
Top-5 next-token candidates:
  id=3 logit=0 piece=""$""
  id=4 logit=0 piece=""%""
  id=1 logit=0 piece=""""""
  id=0 logit=0 piece=""!""
  id=2 logit=0 piece=""#""
Autoregressive generation:
Generated text: !
Decode-only throughput: 10.8814 tokens/s (1 tokens in 0.0919001 s of llama_decode)
End-to-end throughput: 10.8449 tokens/s (1 tokens in 0.0922091 s)
[decode-stage-profile] model_load=382.901 ms context_create=57.6321 ms tokenize=0.460462 ms prefill_decode=110.415 ms generation_decode=91.9001 ms generation_total=92.2091 ms program_total=660.382 ms
[svd-local-op-profile] up_ops=56 gate_ops=56 down_ops=56 up_total=60.817 ms gate_total=53.453 ms down_total=35.943 ms up_v=6.413 ms gate_v=6.205 ms down_v=27.444 ms up_u=54.399 ms gate_u=47.240 ms down_u=8.491 ms
[svd-local-stage-profile] attention_total=1.608 ms ffn_total=151.972 ms ffn_svd_total=150.213 ms ffn_svd_v=40.062 ms ffn_svd_u=110.130 ms
[svd-offload-zero-profile] up_finish=0 up_cache=0 up_no_request=27 gate_finish=0 gate_cache=0 gate_no_request=27 down_finish=0 down_cache=0 down_no_request=27 other_finish=0 other_cache=0 other_no_request=0
[svd-local-timeout-profile] up_keep=0 up_drop=0 up_wait=0.000 ms gate_keep=0 gate_drop=0 gate_wait=0.000 ms down_keep=0 down_drop=0 down_wait=0.000 ms other_keep=0 other_drop=0 other_wait=0.000 ms
[svd-offload-client] up_gate_req=0 down_req=0 other_mat_req=0 ffn_req=0 gate_cache_hits=0 gate_cache_checks=0 miss_invalid=0 miss_layer=0 miss_rank=0 miss_hash=0 miss_output=0 miss_data=0 send_up_gate=0.000 ms send_down=0.000 ms send_other=0.000 ms send_ffn=0.000 ms wait_up_gate=0.000 ms wait_down=0.000 ms wait_other=0.000 ms wait_ffn=0.000 ms
[svd-offload-client-stage-profile] rpc_send_total=0.000 ms rpc_wait_total=0.000 ms
[svd-offload-client-debug] finish_fail_up_gate=0 finish_fail_down=0 finish_fail_other=0 finish_fail_ffn=0 cache_take_fail_up=0 cache_take_fail_gate=0 recv_up_sum_abs=0.000000e+00 recv_up_max_abs=0.000000e+00 recv_up_zero=0 recv_gate_sum_abs=0.000000e+00 recv_gate_max_abs=0.000000e+00 recv_gate_zero=0 recv_down_sum_abs=0.000000e+00 recv_down_max_abs=0.000000e+00 recv_down_zero=0 recv_other_sum_abs=0.000000e+00 recv_other_max_abs=0.000000e+00 recv_other_zero=0 recv_ffn_sum_abs=0.000000e+00 recv_ffn_max_abs=0.000000e+00 recv_ffn_zero=0
SUCCEED (one forward pass done)"
2c_high,5,baseline,trunc_even_0.85,2,"60,61","80,100",ok,10.8233,92.3932,0.8786444664001465,"llama_context: graph splits = 1
attach_threadpool: call
threads: decode=2 batch=2
prompt tokens: 4
running one forward pass (llama_decode) ...
Top-5 next-token candidates:
  id=11 logit=20.2053 piece="",""
  id=304 logit=18.9277 piece="" in""
  id=3837 logit=18.7558 piece=""，""
  id=1052 logit=18.5616 piece="" there""
  id=358 logit=17.8374 piece="" I""
Autoregressive generation:
Generated text: ,
Decode-only throughput: 10.8233 tokens/s (1 tokens in 0.0923932 s of llama_decode)
End-to-end throughput: 10.7865 tokens/s (1 tokens in 0.0927086 s)
[decode-stage-profile] model_load=384.093 ms context_create=58.7103 ms tokenize=0.468503 ms prefill_decode=145.707 ms generation_decode=92.3932 ms generation_total=92.7086 ms program_total=698.122 ms
[svd-local-op-profile] up_ops=56 gate_ops=56 down_ops=56 up_total=65.212 ms gate_total=65.649 ms down_total=57.063 ms up_v=9.907 ms gate_v=9.791 ms down_v=47.275 ms up_u=55.300 ms gate_u=55.849 ms down_u=9.776 ms
[svd-local-stage-profile] attention_total=1.530 ms ffn_total=189.763 ms ffn_svd_total=187.924 ms ffn_svd_v=66.973 ms ffn_svd_u=120.925 ms
[svd-offload-zero-profile] up_finish=0 up_cache=0 up_no_request=27 gate_finish=0 gate_cache=0 gate_no_request=27 down_finish=0 down_cache=0 down_no_request=27 other_finish=0 other_cache=0 other_no_request=0
[svd-local-timeout-profile] up_keep=0 up_drop=0 up_wait=0.000 ms gate_keep=0 gate_drop=0 gate_wait=0.000 ms down_keep=0 down_drop=0 down_wait=0.000 ms other_keep=0 other_drop=0 other_wait=0.000 ms
[svd-offload-client] up_gate_req=0 down_req=0 other_mat_req=0 ffn_req=0 gate_cache_hits=0 gate_cache_checks=0 miss_invalid=0 miss_layer=0 miss_rank=0 miss_hash=0 miss_output=0 miss_data=0 send_up_gate=0.000 ms send_down=0.000 ms send_other=0.000 ms send_ffn=0.000 ms wait_up_gate=0.000 ms wait_down=0.000 ms wait_other=0.000 ms wait_ffn=0.000 ms
[svd-offload-client-stage-profile] rpc_send_total=0.000 ms rpc_wait_total=0.000 ms
[svd-offload-client-debug] finish_fail_up_gate=0 finish_fail_down=0 finish_fail_other=0 finish_fail_ffn=0 cache_take_fail_up=0 cache_take_fail_gate=0 recv_up_sum_abs=0.000000e+00 recv_up_max_abs=0.000000e+00 recv_up_zero=0 recv_gate_sum_abs=0.000000e+00 recv_gate_max_abs=0.000000e+00 recv_gate_zero=0 recv_down_sum_abs=0.000000e+00 recv_down_max_abs=0.000000e+00 recv_down_zero=0 recv_other_sum_abs=0.000000e+00 recv_other_max_abs=0.000000e+00 recv_other_zero=0 recv_ffn_sum_abs=0.000000e+00 recv_ffn_max_abs=0.000000e+00 recv_ffn_zero=0
SUCCEED (one forward pass done)"
2c_high,5,scheduler,trunc_even_0.85,2,"60,61","80,100",ok,13.1338,76.1392,0.7943096160888672,"llama_context: graph splits = 1
attach_threadpool: call
threads: decode=2 batch=2
prompt tokens: 4
running one forward pass (llama_decode) ...
Top-5 next-token candidates:
  id=3 logit=0 piece=""$""
  id=4 logit=0 piece=""%""
  id=1 logit=0 piece=""""""
  id=0 logit=0 piece=""!""
  id=2 logit=0 piece=""#""
Autoregressive generation:
Generated text: !
Decode-only throughput: 13.1338 tokens/s (1 tokens in 0.0761392 s of llama_decode)
End-to-end throughput: 13.0823 tokens/s (1 tokens in 0.0764392 s)
[decode-stage-profile] model_load=387.386 ms context_create=56.5684 ms tokenize=0.458045 ms prefill_decode=105.647 ms generation_decode=76.1392 ms generation_total=76.4392 ms program_total=643.481 ms
[svd-local-op-profile] up_ops=56 gate_ops=56 down_ops=56 up_total=49.047 ms gate_total=48.602 ms down_total=33.549 ms up_v=5.794 ms gate_v=5.749 ms down_v=25.896 ms up_u=43.249 ms gate_u=42.849 ms down_u=7.650 ms
[svd-local-stage-profile] attention_total=1.724 ms ffn_total=132.781 ms ffn_svd_total=131.198 ms ffn_svd_v=37.439 ms ffn_svd_u=93.748 ms
[svd-offload-zero-profile] up_finish=0 up_cache=0 up_no_request=27 gate_finish=0 gate_cache=0 gate_no_request=27 down_finish=0 down_cache=0 down_no_request=27 other_finish=0 other_cache=0 other_no_request=0
[svd-local-timeout-profile] up_keep=0 up_drop=0 up_wait=0.000 ms gate_keep=0 gate_drop=0 gate_wait=0.000 ms down_keep=0 down_drop=0 down_wait=0.000 ms other_keep=0 other_drop=0 other_wait=0.000 ms
[svd-offload-client] up_gate_req=0 down_req=0 other_mat_req=0 ffn_req=0 gate_cache_hits=0 gate_cache_checks=0 miss_invalid=0 miss_layer=0 miss_rank=0 miss_hash=0 miss_output=0 miss_data=0 send_up_gate=0.000 ms send_down=0.000 ms send_other=0.000 ms send_ffn=0.000 ms wait_up_gate=0.000 ms wait_down=0.000 ms wait_other=0.000 ms wait_ffn=0.000 ms
[svd-offload-client-stage-profile] rpc_send_total=0.000 ms rpc_wait_total=0.000 ms
[svd-offload-client-debug] finish_fail_up_gate=0 finish_fail_down=0 finish_fail_other=0 finish_fail_ffn=0 cache_take_fail_up=0 cache_take_fail_gate=0 recv_up_sum_abs=0.000000e+00 recv_up_max_abs=0.000000e+00 recv_up_zero=0 recv_gate_sum_abs=0.000000e+00 recv_gate_max_abs=0.000000e+00 recv_gate_zero=0 recv_down_sum_abs=0.000000e+00 recv_down_max_abs=0.000000e+00 recv_down_zero=0 recv_other_sum_abs=0.000000e+00 recv_other_max_abs=0.000000e+00 recv_other_zero=0 recv_ffn_sum_abs=0.000000e+00 recv_ffn_max_abs=0.000000e+00 recv_ffn_zero=0
SUCCEED (one forward pass done)"
2c_high,6,baseline,trunc_even_0.85,2,"60,61","80,100",ok,11.7391,85.1855,0.9121081829071045,"llama_context: graph splits = 1
attach_threadpool: call
threads: decode=2 batch=2
prompt tokens: 4
running one forward pass (llama_decode) ...
Top-5 next-token candidates:
  id=11 logit=20.2053 piece="",""
  id=304 logit=18.9277 piece="" in""
  id=3837 logit=18.7558 piece=""，""
  id=1052 logit=18.5616 piece="" there""
  id=358 logit=17.8374 piece="" I""
Autoregressive generation:
Generated text: ,
Decode-only throughput: 11.7391 tokens/s (1 tokens in 0.0851855 s of llama_decode)
End-to-end throughput: 11.6957 tokens/s (1 tokens in 0.0855015 s)
[decode-stage-profile] model_load=445.658 ms context_create=59.0944 ms tokenize=0.449308 ms prefill_decode=148.959 ms generation_decode=85.1855 ms generation_total=85.5015 ms program_total=760.278 ms
[svd-local-op-profile] up_ops=56 gate_ops=56 down_ops=56 up_total=66.386 ms gate_total=63.062 ms down_total=55.349 ms up_v=9.705 ms gate_v=9.591 ms down_v=45.700 ms up_u=56.677 ms gate_u=53.468 ms down_u=9.645 ms
[svd-local-stage-profile] attention_total=1.538 ms ffn_total=186.600 ms ffn_svd_total=184.797 ms ffn_svd_v=64.996 ms ffn_svd_u=119.790 ms
[svd-offload-zero-profile] up_finish=0 up_cache=0 up_no_request=27 gate_finish=0 gate_cache=0 gate_no_request=27 down_finish=0 down_cache=0 down_no_request=27 other_finish=0 other_cache=0 other_no_request=0
[svd-local-timeout-profile] up_keep=0 up_drop=0 up_wait=0.000 ms gate_keep=0 gate_drop=0 gate_wait=0.000 ms down_keep=0 down_drop=0 down_wait=0.000 ms other_keep=0 other_drop=0 other_wait=0.000 ms
[svd-offload-client] up_gate_req=0 down_req=0 other_mat_req=0 ffn_req=0 gate_cache_hits=0 gate_cache_checks=0 miss_invalid=0 miss_layer=0 miss_rank=0 miss_hash=0 miss_output=0 miss_data=0 send_up_gate=0.000 ms send_down=0.000 ms send_other=0.000 ms send_ffn=0.000 ms wait_up_gate=0.000 ms wait_down=0.000 ms wait_other=0.000 ms wait_ffn=0.000 ms
[svd-offload-client-stage-profile] rpc_send_total=0.000 ms rpc_wait_total=0.000 ms
[svd-offload-client-debug] finish_fail_up_gate=0 finish_fail_down=0 finish_fail_other=0 finish_fail_ffn=0 cache_take_fail_up=0 cache_take_fail_gate=0 recv_up_sum_abs=0.000000e+00 recv_up_max_abs=0.000000e+00 recv_up_zero=0 recv_gate_sum_abs=0.000000e+00 recv_gate_max_abs=0.000000e+00 recv_gate_zero=0 recv_down_sum_abs=0.000000e+00 recv_down_max_abs=0.000000e+00 recv_down_zero=0 recv_other_sum_abs=0.000000e+00 recv_other_max_abs=0.000000e+00 recv_other_zero=0 recv_ffn_sum_abs=0.000000e+00 recv_ffn_max_abs=0.000000e+00 recv_ffn_zero=0
SUCCEED (one forward pass done)"
2c_high,6,scheduler,trunc_even_0.85,2,"60,61","80,100",ok,13.3885,74.6911,0.8832662105560303,"llama_context: graph splits = 1
attach_threadpool: call
threads: decode=2 batch=2
prompt tokens: 4
running one forward pass (llama_decode) ...
Top-5 next-token candidates:
  id=3 logit=0 piece=""$""
  id=4 logit=0 piece=""%""
  id=1 logit=0 piece=""""""
  id=0 logit=0 piece=""!""
  id=2 logit=0 piece=""#""
Autoregressive generation:
Generated text: !
Decode-only throughput: 13.3885 tokens/s (1 tokens in 0.0746911 s of llama_decode)
End-to-end throughput: 13.3343 tokens/s (1 tokens in 0.0749943 s)
[decode-stage-profile] model_load=467.696 ms context_create=56.435 ms tokenize=0.552659 ms prefill_decode=109.303 ms generation_decode=74.6911 ms generation_total=74.9943 ms program_total=725.142 ms
[svd-local-op-profile] up_ops=56 gate_ops=56 down_ops=56 up_total=54.484 ms gate_total=49.015 ms down_total=31.998 ms up_v=5.893 ms gate_v=5.755 ms down_v=24.158 ms up_u=48.585 ms gate_u=43.258 ms down_u=7.836 ms
[svd-local-stage-profile] attention_total=1.426 ms ffn_total=137.097 ms ffn_svd_total=135.497 ms ffn_svd_v=35.806 ms ffn_svd_u=99.679 ms
[svd-offload-zero-profile] up_finish=0 up_cache=0 up_no_request=27 gate_finish=0 gate_cache=0 gate_no_request=27 down_finish=0 down_cache=0 down_no_request=27 other_finish=0 other_cache=0 other_no_request=0
[svd-local-timeout-profile] up_keep=0 up_drop=0 up_wait=0.000 ms gate_keep=0 gate_drop=0 gate_wait=0.000 ms down_keep=0 down_drop=0 down_wait=0.000 ms other_keep=0 other_drop=0 other_wait=0.000 ms
[svd-offload-client] up_gate_req=0 down_req=0 other_mat_req=0 ffn_req=0 gate_cache_hits=0 gate_cache_checks=0 miss_invalid=0 miss_layer=0 miss_rank=0 miss_hash=0 miss_output=0 miss_data=0 send_up_gate=0.000 ms send_down=0.000 ms send_other=0.000 ms send_ffn=0.000 ms wait_up_gate=0.000 ms wait_down=0.000 ms wait_other=0.000 ms wait_ffn=0.000 ms
[svd-offload-client-stage-profile] rpc_send_total=0.000 ms rpc_wait_total=0.000 ms
[svd-offload-client-debug] finish_fail_up_gate=0 finish_fail_down=0 finish_fail_other=0 finish_fail_ffn=0 cache_take_fail_up=0 cache_take_fail_gate=0 recv_up_sum_abs=0.000000e+00 recv_up_max_abs=0.000000e+00 recv_up_zero=0 recv_gate_sum_abs=0.000000e+00 recv_gate_max_abs=0.000000e+00 recv_gate_zero=0 recv_down_sum_abs=0.000000e+00 recv_down_max_abs=0.000000e+00 recv_down_zero=0 recv_other_sum_abs=0.000000e+00 recv_other_max_abs=0.000000e+00 recv_other_zero=0 recv_ffn_sum_abs=0.000000e+00 recv_ffn_max_abs=0.000000e+00 recv_ffn_zero=0
SUCCEED (one forward pass done)"
4c_gradient,0,baseline,mod3_2_0.85,4,"60,61,62,63","0,20,60,100",ok,0.508724,1965.7,13.993306398391724,"llama_context: graph splits = 1
attach_threadpool: call
threads: decode=4 batch=4
prompt tokens: 4
running one forward pass (llama_decode) ...
Top-5 next-token candidates:
  id=11 logit=20.2053 piece="",""
  id=304 logit=18.9277 piece="" in""
  id=3837 logit=18.7558 piece=""，""
  id=1052 logit=18.5616 piece="" there""
  id=358 logit=17.8374 piece="" I""
Autoregressive generation:
Generated text: ,
Decode-only throughput: 0.508724 tokens/s (1 tokens in 1.9657 s of llama_decode)
End-to-end throughput: 0.508637 tokens/s (1 tokens in 1.96604 s)
[decode-stage-profile] model_load=465.177 ms context_create=57.2361 ms tokenize=0.478589 ms prefill_decode=11317.4 ms generation_decode=1965.7 ms generation_total=1966.04 ms program_total=13823.9 ms
[svd-local-op-profile] up_ops=56 gate_ops=56 down_ops=56 up_total=758.604 ms gate_total=704.150 ms down_total=685.117 ms up_v=266.118 ms gate_v=216.593 ms down_v=220.939 ms up_u=492.477 ms gate_u=487.549 ms down_u=464.172 ms
[svd-local-stage-profile] attention_total=1965.494 ms ffn_total=3638.514 ms ffn_svd_total=2147.871 ms ffn_svd_v=703.650 ms ffn_svd_u=1444.198 ms
[svd-offload-zero-profile] up_finish=0 up_cache=0 up_no_request=27 gate_finish=0 gate_cache=0 gate_no_request=27 down_finish=0 down_cache=0 down_no_request=27 other_finish=0 other_cache=0 other_no_request=0
[svd-local-timeout-profile] up_keep=0 up_drop=0 up_wait=0.000 ms gate_keep=0 gate_drop=0 gate_wait=0.000 ms down_keep=0 down_drop=0 down_wait=0.000 ms other_keep=0 other_drop=0 other_wait=0.000 ms
[svd-offload-client] up_gate_req=0 down_req=0 other_mat_req=0 ffn_req=0 gate_cache_hits=0 gate_cache_checks=0 miss_invalid=0 miss_layer=0 miss_rank=0 miss_hash=0 miss_output=0 miss_data=0 send_up_gate=0.000 ms send_down=0.000 ms send_other=0.000 ms send_ffn=0.000 ms wait_up_gate=0.000 ms wait_down=0.000 ms wait_other=0.000 ms wait_ffn=0.000 ms
[svd-offload-client-stage-profile] rpc_send_total=0.000 ms rpc_wait_total=0.000 ms
[svd-offload-client-debug] finish_fail_up_gate=0 finish_fail_down=0 finish_fail_other=0 finish_fail_ffn=0 cache_take_fail_up=0 cache_take_fail_gate=0 recv_up_sum_abs=0.000000e+00 recv_up_max_abs=0.000000e+00 recv_up_zero=0 recv_gate_sum_abs=0.000000e+00 recv_gate_max_abs=0.000000e+00 recv_gate_zero=0 recv_down_sum_abs=0.000000e+00 recv_down_max_abs=0.000000e+00 recv_down_zero=0 recv_other_sum_abs=0.000000e+00 recv_other_max_abs=0.000000e+00 recv_other_zero=0 recv_ffn_sum_abs=0.000000e+00 recv_ffn_max_abs=0.000000e+00 recv_ffn_zero=0
SUCCEED (one forward pass done)"
4c_gradient,0,scheduler,mod3_2_0.85,4,"60,61,62,63","0,20,60,100",ok,19.9041,50.241,3.9064078330993652,"llama_context: graph splits = 1
attach_threadpool: call
threads: decode=4 batch=4
prompt tokens: 4
running one forward pass (llama_decode) ...
Top-5 next-token candidates:
  id=3 logit=0 piece=""$""
  id=4 logit=0 piece=""%""
  id=1 logit=0 piece=""""""
  id=0 logit=0 piece=""!""
  id=2 logit=0 piece=""#""
Autoregressive generation:
Generated text: !
Decode-only throughput: 19.9041 tokens/s (1 tokens in 0.050241 s of llama_decode)
End-to-end throughput: 19.7794 tokens/s (1 tokens in 0.0505576 s)
[decode-stage-profile] model_load=447.679 ms context_create=58.79 ms tokenize=0.440776 ms prefill_decode=3162.03 ms generation_decode=50.241 ms generation_total=50.5576 ms program_total=3736.7 ms
[svd-local-op-profile] up_ops=56 gate_ops=56 down_ops=56 up_total=175.412 ms gate_total=182.489 ms down_total=172.170 ms up_v=50.715 ms gate_v=53.410 ms down_v=62.235 ms up_u=124.686 ms gate_u=129.075 ms down_u=109.932 ms
[svd-local-stage-profile] attention_total=448.252 ms ffn_total=763.990 ms ffn_svd_total=530.071 ms ffn_svd_v=166.360 ms ffn_svd_u=363.693 ms
[svd-offload-zero-profile] up_finish=0 up_cache=0 up_no_request=27 gate_finish=0 gate_cache=0 gate_no_request=27 down_finish=0 down_cache=0 down_no_request=27 other_finish=0 other_cache=0 other_no_request=0
[svd-local-timeout-profile] up_keep=0 up_drop=0 up_wait=0.000 ms gate_keep=0 gate_drop=0 gate_wait=0.000 ms down_keep=0 down_drop=0 down_wait=0.000 ms other_keep=0 other_drop=0 other_wait=0.000 ms
[svd-offload-client] up_gate_req=0 down_req=0 other_mat_req=0 ffn_req=0 gate_cache_hits=0 gate_cache_checks=0 miss_invalid=0 miss_layer=0 miss_rank=0 miss_hash=0 miss_output=0 miss_data=0 send_up_gate=0.000 ms send_down=0.000 ms send_other=0.000 ms send_ffn=0.000 ms wait_up_gate=0.000 ms wait_down=0.000 ms wait_other=0.000 ms wait_ffn=0.000 ms
[svd-offload-client-stage-profile] rpc_send_total=0.000 ms rpc_wait_total=0.000 ms
[svd-offload-client-debug] finish_fail_up_gate=0 finish_fail_down=0 finish_fail_other=0 finish_fail_ffn=0 cache_take_fail_up=0 cache_take_fail_gate=0 recv_up_sum_abs=0.000000e+00 recv_up_max_abs=0.000000e+00 recv_up_zero=0 recv_gate_sum_abs=0.000000e+00 recv_gate_max_abs=0.000000e+00 recv_gate_zero=0 recv_down_sum_abs=0.000000e+00 recv_down_max_abs=0.000000e+00 recv_down_zero=0 recv_other_sum_abs=0.000000e+00 recv_other_max_abs=0.000000e+00 recv_other_zero=0 recv_ffn_sum_abs=0.000000e+00 recv_ffn_max_abs=0.000000e+00 recv_ffn_zero=0
SUCCEED (one forward pass done)"
4c_gradient,1,baseline,mod3_2_0.85,4,"60,61,62,63","0,20,60,100",ok,18.6697,53.5628,3.75369930267334,"llama_context: graph splits = 1
attach_threadpool: call
threads: decode=4 batch=4
prompt tokens: 4
running one forward pass (llama_decode) ...
Top-5 next-token candidates:
  id=11 logit=20.2053 piece="",""
  id=304 logit=18.9277 piece="" in""
  id=3837 logit=18.7558 piece=""，""
  id=1052 logit=18.5616 piece="" there""
  id=358 logit=17.8374 piece="" I""
Autoregressive generation:
Generated text: ,
Decode-only throughput: 18.6697 tokens/s (1 tokens in 0.0535628 s of llama_decode)
End-to-end throughput: 18.5578 tokens/s (1 tokens in 0.0538856 s)
[decode-stage-profile] model_load=463.538 ms context_create=59.6867 ms tokenize=0.46477 ms prefill_decode=2986.04 ms generation_decode=53.5628 ms generation_total=53.8856 ms program_total=3581.31 ms
[svd-local-op-profile] up_ops=56 gate_ops=56 down_ops=56 up_total=180.040 ms gate_total=185.553 ms down_total=173.617 ms up_v=57.862 ms gate_v=58.547 ms down_v=65.738 ms up_u=122.173 ms gate_u=126.999 ms down_u=107.874 ms
[svd-local-stage-profile] attention_total=479.615 ms ffn_total=754.859 ms ffn_svd_total=539.210 ms ffn_svd_v=182.147 ms ffn_svd_u=357.046 ms
[svd-offload-zero-profile] up_finish=0 up_cache=0 up_no_request=27 gate_finish=0 gate_cache=0 gate_no_request=27 down_finish=0 down_cache=0 down_no_request=27 other_finish=0 other_cache=0 other_no_request=0
[svd-local-timeout-profile] up_keep=0 up_drop=0 up_wait=0.000 ms gate_keep=0 gate_drop=0 gate_wait=0.000 ms down_keep=0 down_drop=0 down_wait=0.000 ms other_keep=0 other_drop=0 other_wait=0.000 ms
[svd-offload-client] up_gate_req=0 down_req=0 other_mat_req=0 ffn_req=0 gate_cache_hits=0 gate_cache_checks=0 miss_invalid=0 miss_layer=0 miss_rank=0 miss_hash=0 miss_output=0 miss_data=0 send_up_gate=0.000 ms send_down=0.000 ms send_other=0.000 ms send_ffn=0.000 ms wait_up_gate=0.000 ms wait_down=0.000 ms wait_other=0.000 ms wait_ffn=0.000 ms
[svd-offload-client-stage-profile] rpc_send_total=0.000 ms rpc_wait_total=0.000 ms
[svd-offload-client-debug] finish_fail_up_gate=0 finish_fail_down=0 finish_fail_other=0 finish_fail_ffn=0 cache_take_fail_up=0 cache_take_fail_gate=0 recv_up_sum_abs=0.000000e+00 recv_up_max_abs=0.000000e+00 recv_up_zero=0 recv_gate_sum_abs=0.000000e+00 recv_gate_max_abs=0.000000e+00 recv_gate_zero=0 recv_down_sum_abs=0.000000e+00 recv_down_max_abs=0.000000e+00 recv_down_zero=0 recv_other_sum_abs=0.000000e+00 recv_other_max_abs=0.000000e+00 recv_other_zero=0 recv_ffn_sum_abs=0.000000e+00 recv_ffn_max_abs=0.000000e+00 recv_ffn_zero=0
SUCCEED (one forward pass done)"
4c_gradient,1,scheduler,mod3_2_0.85,4,"60,61,62,63","0,20,60,100",ok,17.1937,58.1607,11.449416399002075,"llama_context: graph splits = 1
attach_threadpool: call
threads: decode=4 batch=4
prompt tokens: 4
running one forward pass (llama_decode) ...
Top-5 next-token candidates:
  id=3 logit=0 piece=""$""
  id=4 logit=0 piece=""%""
  id=1 logit=0 piece=""""""
  id=0 logit=0 piece=""!""
  id=2 logit=0 piece=""#""
Autoregressive generation:
Generated text: !
Decode-only throughput: 17.1937 tokens/s (1 tokens in 0.0581607 s of llama_decode)
End-to-end throughput: 17.101 tokens/s (1 tokens in 0.0584761 s)
[decode-stage-profile] model_load=438.73 ms context_create=64.7741 ms tokenize=0.491653 ms prefill_decode=10700.8 ms generation_decode=58.1607 ms generation_total=58.4761 ms program_total=11281.3 ms
[svd-local-op-profile] up_ops=56 gate_ops=56 down_ops=56 up_total=576.782 ms gate_total=574.899 ms down_total=573.469 ms up_v=187.271 ms gate_v=190.726 ms down_v=205.769 ms up_u=389.505 ms gate_u=384.166 ms down_u=367.696 ms
[svd-local-stage-profile] attention_total=1474.487 ms ffn_total=2657.396 ms ffn_svd_total=1725.150 ms ffn_svd_v=583.766 ms ffn_svd_u=1141.367 ms
[svd-offload-zero-profile] up_finish=0 up_cache=0 up_no_request=27 gate_finish=0 gate_cache=0 gate_no_request=27 down_finish=0 down_cache=0 down_no_request=27 other_finish=0 other_cache=0 other_no_request=0
[svd-local-timeout-profile] up_keep=0 up_drop=0 up_wait=0.000 ms gate_keep=0 gate_drop=0 gate_wait=0.000 ms down_keep=0 down_drop=0 down_wait=0.000 ms other_keep=0 other_drop=0 other_wait=0.000 ms
[svd-offload-client] up_gate_req=0 down_req=0 other_mat_req=0 ffn_req=0 gate_cache_hits=0 gate_cache_checks=0 miss_invalid=0 miss_layer=0 miss_rank=0 miss_hash=0 miss_output=0 miss_data=0 send_up_gate=0.000 ms send_down=0.000 ms send_other=0.000 ms send_ffn=0.000 ms wait_up_gate=0.000 ms wait_down=0.000 ms wait_other=0.000 ms wait_ffn=0.000 ms
[svd-offload-client-stage-profile] rpc_send_total=0.000 ms rpc_wait_total=0.000 ms
[svd-offload-client-debug] finish_fail_up_gate=0 finish_fail_down=0 finish_fail_other=0 finish_fail_ffn=0 cache_take_fail_up=0 cache_take_fail_gate=0 recv_up_sum_abs=0.000000e+00 recv_up_max_abs=0.000000e+00 recv_up_zero=0 recv_gate_sum_abs=0.000000e+00 recv_gate_max_abs=0.000000e+00 recv_gate_zero=0 recv_down_sum_abs=0.000000e+00 recv_down_max_abs=0.000000e+00 recv_down_zero=0 recv_other_sum_abs=0.000000e+00 recv_other_max_abs=0.000000e+00 recv_other_zero=0 recv_ffn_sum_abs=0.000000e+00 recv_ffn_max_abs=0.000000e+00 recv_ffn_zero=0
SUCCEED (one forward pass done)"
4c_gradient,2,baseline,mod3_2_0.85,4,"60,61,62,63","0,20,60,100",ok,14.8003,67.5663,3.924675703048706,"llama_context: graph splits = 1
attach_threadpool: call
threads: decode=4 batch=4
prompt tokens: 4
running one forward pass (llama_decode) ...
Top-5 next-token candidates:
  id=11 logit=20.2053 piece="",""
  id=304 logit=18.9277 piece="" in""
  id=3837 logit=18.7558 piece=""，""
  id=1052 logit=18.5616 piece="" there""
  id=358 logit=17.8374 piece="" I""
Autoregressive generation:
Generated text: ,
Decode-only throughput: 14.8003 tokens/s (1 tokens in 0.0675663 s of llama_decode)
End-to-end throughput: 14.7296 tokens/s (1 tokens in 0.0678904 s)
[decode-stage-profile] model_load=562.075 ms context_create=70.1508 ms tokenize=0.886247 ms prefill_decode=3002.89 ms generation_decode=67.5663 ms generation_total=67.8904 ms program_total=3721.77 ms
[svd-local-op-profile] up_ops=56 gate_ops=56 down_ops=56 up_total=188.226 ms gate_total=193.934 ms down_total=187.508 ms up_v=56.416 ms gate_v=60.089 ms down_v=82.040 ms up_u=131.803 ms gate_u=133.841 ms down_u=105.461 ms
[svd-local-stage-profile] attention_total=359.316 ms ffn_total=846.330 ms ffn_svd_total=569.668 ms ffn_svd_v=198.545 ms ffn_svd_u=371.105 ms
[svd-offload-zero-profile] up_finish=0 up_cache=0 up_no_request=27 gate_finish=0 gate_cache=0 gate_no_request=27 down_finish=0 down_cache=0 down_no_request=27 other_finish=0 other_cache=0 other_no_request=0
[svd-local-timeout-profile] up_keep=0 up_drop=0 up_wait=0.000 ms gate_keep=0 gate_drop=0 gate_wait=0.000 ms down_keep=0 down_drop=0 down_wait=0.000 ms other_keep=0 other_drop=0 other_wait=0.000 ms
[svd-offload-client] up_gate_req=0 down_req=0 other_mat_req=0 ffn_req=0 gate_cache_hits=0 gate_cache_checks=0 miss_invalid=0 miss_layer=0 miss_rank=0 miss_hash=0 miss_output=0 miss_data=0 send_up_gate=0.000 ms send_down=0.000 ms send_other=0.000 ms send_ffn=0.000 ms wait_up_gate=0.000 ms wait_down=0.000 ms wait_other=0.000 ms wait_ffn=0.000 ms
[svd-offload-client-stage-profile] rpc_send_total=0.000 ms rpc_wait_total=0.000 ms
[svd-offload-client-debug] finish_fail_up_gate=0 finish_fail_down=0 finish_fail_other=0 finish_fail_ffn=0 cache_take_fail_up=0 cache_take_fail_gate=0 recv_up_sum_abs=0.000000e+00 recv_up_max_abs=0.000000e+00 recv_up_zero=0 recv_gate_sum_abs=0.000000e+00 recv_gate_max_abs=0.000000e+00 recv_gate_zero=0 recv_down_sum_abs=0.000000e+00 recv_down_max_abs=0.000000e+00 recv_down_zero=0 recv_other_sum_abs=0.000000e+00 recv_other_max_abs=0.000000e+00 recv_other_zero=0 recv_ffn_sum_abs=0.000000e+00 recv_ffn_max_abs=0.000000e+00 recv_ffn_zero=0
SUCCEED (one forward pass done)"
4c_gradient,2,scheduler,mod3_2_0.85,4,"60,61,62,63","0,20,60,100",ok,19.9,50.2512,3.7641425132751465,"llama_context: graph splits = 1
attach_threadpool: call
threads: decode=4 batch=4
prompt tokens: 4
running one forward pass (llama_decode) ...
Top-5 next-token candidates:
  id=3 logit=0 piece=""$""
  id=4 logit=0 piece=""%""
  id=1 logit=0 piece=""""""
  id=0 logit=0 piece=""!""
  id=2 logit=0 piece=""#""
Autoregressive generation:
Generated text: !
Decode-only throughput: 19.9 tokens/s (1 tokens in 0.0502512 s of llama_decode)
End-to-end throughput: 19.7757 tokens/s (1 tokens in 0.0505672 s)
[decode-stage-profile] model_load=494.92 ms context_create=70.3236 ms tokenize=0.755358 ms prefill_decode=2954.3 ms generation_decode=50.2512 ms generation_total=50.5672 ms program_total=3589.92 ms
[svd-local-op-profile] up_ops=56 gate_ops=56 down_ops=56 up_total=180.988 ms gate_total=185.640 ms down_total=174.041 ms up_v=54.384 ms gate_v=58.801 ms down_v=68.632 ms up_u=126.602 ms gate_u=126.833 ms down_u=105.406 ms
[svd-local-stage-profile] attention_total=395.369 ms ffn_total=797.122 ms ffn_svd_total=540.669 ms ffn_svd_v=181.817 ms ffn_svd_u=358.841 ms
[svd-offload-zero-profile] up_finish=0 up_cache=0 up_no_request=27 gate_finish=0 gate_cache=0 gate_no_request=27 down_finish=0 down_cache=0 down_no_request=27 other_finish=0 other_cache=0 other_no_request=0
[svd-local-timeout-profile] up_keep=0 up_drop=0 up_wait=0.000 ms gate_keep=0 gate_drop=0 gate_wait=0.000 ms down_keep=0 down_drop=0 down_wait=0.000 ms other_keep=0 other_drop=0 other_wait=0.000 ms
[svd-offload-client] up_gate_req=0 down_req=0 other_mat_req=0 ffn_req=0 gate_cache_hits=0 gate_cache_checks=0 miss_invalid=0 miss_layer=0 miss_rank=0 miss_hash=0 miss_output=0 miss_data=0 send_up_gate=0.000 ms send_down=0.000 ms send_other=0.000 ms send_ffn=0.000 ms wait_up_gate=0.000 ms wait_down=0.000 ms wait_other=0.000 ms wait_ffn=0.000 ms
[svd-offload-client-stage-profile] rpc_send_total=0.000 ms rpc_wait_total=0.000 ms
[svd-offload-client-debug] finish_fail_up_gate=0 finish_fail_down=0 finish_fail_other=0 finish_fail_ffn=0 cache_take_fail_up=0 cache_take_fail_gate=0 recv_up_sum_abs=0.000000e+00 recv_up_max_abs=0.000000e+00 recv_up_zero=0 recv_gate_sum_abs=0.000000e+00 recv_gate_max_abs=0.000000e+00 recv_gate_zero=0 recv_down_sum_abs=0.000000e+00 recv_down_max_abs=0.000000e+00 recv_down_zero=0 recv_other_sum_abs=0.000000e+00 recv_other_max_abs=0.000000e+00 recv_other_zero=0 recv_ffn_sum_abs=0.000000e+00 recv_ffn_max_abs=0.000000e+00 recv_ffn_zero=0
SUCCEED (one forward pass done)"
4c_gradient,3,baseline,mod3_2_0.85,4,"60,61,62,63","0,20,60,100",ok,17.2126,58.097,3.7651469707489014,"llama_context: graph splits = 1
attach_threadpool: call
threads: decode=4 batch=4
prompt tokens: 4
running one forward pass (llama_decode) ...
Top-5 next-token candidates:
  id=11 logit=20.2053 piece="",""
  id=304 logit=18.9277 piece="" in""
  id=3837 logit=18.7558 piece=""，""
  id=1052 logit=18.5616 piece="" there""
  id=358 logit=17.8374 piece="" I""
Autoregressive generation:
Generated text: ,
Decode-only throughput: 17.2126 tokens/s (1 tokens in 0.058097 s of llama_decode)
End-to-end throughput: 17.1185 tokens/s (1 tokens in 0.0584162 s)
[decode-stage-profile] model_load=560.98 ms context_create=69.7491 ms tokenize=0.730773 ms prefill_decode=2882.03 ms generation_decode=58.097 ms generation_total=58.4162 ms program_total=3590.99 ms
[svd-local-op-profile] up_ops=56 gate_ops=56 down_ops=56 up_total=169.086 ms gate_total=190.872 ms down_total=162.962 ms up_v=52.468 ms gate_v=55.067 ms down_v=71.319 ms up_u=116.611 ms gate_u=135.799 ms down_u=91.640 ms
[svd-local-stage-profile] attention_total=379.425 ms ffn_total=752.216 ms ffn_svd_total=522.920 ms ffn_svd_v=178.854 ms ffn_svd_u=344.050 ms
[svd-offload-zero-profile] up_finish=0 up_cache=0 up_no_request=27 gate_finish=0 gate_cache=0 gate_no_request=27 down_finish=0 down_cache=0 down_no_request=27 other_finish=0 other_cache=0 other_no_request=0
[svd-local-timeout-profile] up_keep=0 up_drop=0 up_wait=0.000 ms gate_keep=0 gate_drop=0 gate_wait=0.000 ms down_keep=0 down_drop=0 down_wait=0.000 ms other_keep=0 other_drop=0 other_wait=0.000 ms
[svd-offload-client] up_gate_req=0 down_req=0 other_mat_req=0 ffn_req=0 gate_cache_hits=0 gate_cache_checks=0 miss_invalid=0 miss_layer=0 miss_rank=0 miss_hash=0 miss_output=0 miss_data=0 send_up_gate=0.000 ms send_down=0.000 ms send_other=0.000 ms send_ffn=0.000 ms wait_up_gate=0.000 ms wait_down=0.000 ms wait_other=0.000 ms wait_ffn=0.000 ms
[svd-offload-client-stage-profile] rpc_send_total=0.000 ms rpc_wait_total=0.000 ms
[svd-offload-client-debug] finish_fail_up_gate=0 finish_fail_down=0 finish_fail_other=0 finish_fail_ffn=0 cache_take_fail_up=0 cache_take_fail_gate=0 recv_up_sum_abs=0.000000e+00 recv_up_max_abs=0.000000e+00 recv_up_zero=0 recv_gate_sum_abs=0.000000e+00 recv_gate_max_abs=0.000000e+00 recv_gate_zero=0 recv_down_sum_abs=0.000000e+00 recv_down_max_abs=0.000000e+00 recv_down_zero=0 recv_other_sum_abs=0.000000e+00 recv_other_max_abs=0.000000e+00 recv_other_zero=0 recv_ffn_sum_abs=0.000000e+00 recv_ffn_max_abs=0.000000e+00 recv_ffn_zero=0
SUCCEED (one forward pass done)"
4c_gradient,3,scheduler,mod3_2_0.85,4,"60,61,62,63","0,20,60,100",ok,17.6808,56.5585,6.380329132080078,"llama_context: graph splits = 1
attach_threadpool: call
threads: decode=4 batch=4
prompt tokens: 4
running one forward pass (llama_decode) ...
Top-5 next-token candidates:
  id=3 logit=0 piece=""$""
  id=4 logit=0 piece=""%""
  id=1 logit=0 piece=""""""
  id=0 logit=0 piece=""!""
  id=2 logit=0 piece=""#""
Autoregressive generation:
Generated text: !
Decode-only throughput: 17.6808 tokens/s (1 tokens in 0.0565585 s of llama_decode)
End-to-end throughput: 17.578 tokens/s (1 tokens in 0.0568894 s)
[decode-stage-profile] model_load=475.041 ms context_create=67.3895 ms tokenize=0.760545 ms prefill_decode=5565.68 ms generation_decode=56.5585 ms generation_total=56.8894 ms program_total=6185.16 ms
[svd-local-op-profile] up_ops=56 gate_ops=56 down_ops=56 up_total=303.134 ms gate_total=321.164 ms down_total=301.167 ms up_v=99.221 ms gate_v=101.557 ms down_v=112.075 ms up_u=203.907 ms gate_u=219.598 ms down_u=189.083 ms
[svd-local-stage-profile] attention_total=830.380 ms ffn_total=1350.993 ms ffn_svd_total=925.465 ms ffn_svd_v=312.853 ms ffn_svd_u=612.588 ms
[svd-offload-zero-profile] up_finish=0 up_cache=0 up_no_request=27 gate_finish=0 gate_cache=0 gate_no_request=27 down_finish=0 down_cache=0 down_no_request=27 other_finish=0 other_cache=0 other_no_request=0
[svd-local-timeout-profile] up_keep=0 up_drop=0 up_wait=0.000 ms gate_keep=0 gate_drop=0 gate_wait=0.000 ms down_keep=0 down_drop=0 down_wait=0.000 ms other_keep=0 other_drop=0 other_wait=0.000 ms
[svd-offload-client] up_gate_req=0 down_req=0 other_mat_req=0 ffn_req=0 gate_cache_hits=0 gate_cache_checks=0 miss_invalid=0 miss_layer=0 miss_rank=0 miss_hash=0 miss_output=0 miss_data=0 send_up_gate=0.000 ms send_down=0.000 ms send_other=0.000 ms send_ffn=0.000 ms wait_up_gate=0.000 ms wait_down=0.000 ms wait_other=0.000 ms wait_ffn=0.000 ms
[svd-offload-client-stage-profile] rpc_send_total=0.000 ms rpc_wait_total=0.000 ms
[svd-offload-client-debug] finish_fail_up_gate=0 finish_fail_down=0 finish_fail_other=0 finish_fail_ffn=0 cache_take_fail_up=0 cache_take_fail_gate=0 recv_up_sum_abs=0.000000e+00 recv_up_max_abs=0.000000e+00 recv_up_zero=0 recv_gate_sum_abs=0.000000e+00 recv_gate_max_abs=0.000000e+00 recv_gate_zero=0 recv_down_sum_abs=0.000000e+00 recv_down_max_abs=0.000000e+00 recv_down_zero=0 recv_other_sum_abs=0.000000e+00 recv_other_max_abs=0.000000e+00 recv_other_zero=0 recv_ffn_sum_abs=0.000000e+00 recv_ffn_max_abs=0.000000e+00 recv_ffn_zero=0
SUCCEED (one forward pass done)"
4c_gradient,4,baseline,mod3_2_0.85,4,"60,61,62,63","0,20,60,100",ok,7.70941,129.712,6.337597370147705,"llama_context: graph splits = 1
attach_threadpool: call
threads: decode=4 batch=4
prompt tokens: 4
running one forward pass (llama_decode) ...
Top-5 next-token candidates:
  id=11 logit=20.2053 piece="",""
  id=304 logit=18.9277 piece="" in""
  id=3837 logit=18.7558 piece=""，""
  id=1052 logit=18.5616 piece="" there""
  id=358 logit=17.8374 piece="" I""
Autoregressive generation:
Generated text: ,
Decode-only throughput: 7.70941 tokens/s (1 tokens in 0.129712 s of llama_decode)
End-to-end throughput: 7.68941 tokens/s (1 tokens in 0.130049 s)
[decode-stage-profile] model_load=562.199 ms context_create=69.5217 ms tokenize=0.893061 ms prefill_decode=5375.72 ms generation_decode=129.712 ms generation_total=130.049 ms program_total=6155.95 ms
[svd-local-op-profile] up_ops=56 gate_ops=56 down_ops=56 up_total=313.224 ms gate_total=300.205 ms down_total=312.960 ms up_v=96.924 ms gate_v=99.036 ms down_v=120.808 ms up_u=216.294 ms gate_u=201.163 ms down_u=192.149 ms
[svd-local-stage-profile] attention_total=748.548 ms ffn_total=1408.329 ms ffn_svd_total=926.389 ms ffn_svd_v=316.768 ms ffn_svd_u=609.606 ms
[svd-offload-zero-profile] up_finish=0 up_cache=0 up_no_request=27 gate_finish=0 gate_cache=0 gate_no_request=27 down_finish=0 down_cache=0 down_no_request=27 other_finish=0 other_cache=0 other_no_request=0
[svd-local-timeout-profile] up_keep=0 up_drop=0 up_wait=0.000 ms gate_keep=0 gate_drop=0 gate_wait=0.000 ms down_keep=0 down_drop=0 down_wait=0.000 ms other_keep=0 other_drop=0 other_wait=0.000 ms
[svd-offload-client] up_gate_req=0 down_req=0 other_mat_req=0 ffn_req=0 gate_cache_hits=0 gate_cache_checks=0 miss_invalid=0 miss_layer=0 miss_rank=0 miss_hash=0 miss_output=0 miss_data=0 send_up_gate=0.000 ms send_down=0.000 ms send_other=0.000 ms send_ffn=0.000 ms wait_up_gate=0.000 ms wait_down=0.000 ms wait_other=0.000 ms wait_ffn=0.000 ms
[svd-offload-client-stage-profile] rpc_send_total=0.000 ms rpc_wait_total=0.000 ms
[svd-offload-client-debug] finish_fail_up_gate=0 finish_fail_down=0 finish_fail_other=0 finish_fail_ffn=0 cache_take_fail_up=0 cache_take_fail_gate=0 recv_up_sum_abs=0.000000e+00 recv_up_max_abs=0.000000e+00 recv_up_zero=0 recv_gate_sum_abs=0.000000e+00 recv_gate_max_abs=0.000000e+00 recv_gate_zero=0 recv_down_sum_abs=0.000000e+00 recv_down_max_abs=0.000000e+00 recv_down_zero=0 recv_other_sum_abs=0.000000e+00 recv_other_max_abs=0.000000e+00 recv_other_zero=0 recv_ffn_sum_abs=0.000000e+00 recv_ffn_max_abs=0.000000e+00 recv_ffn_zero=0
SUCCEED (one forward pass done)"
4c_gradient,4,scheduler,mod3_2_0.85,4,"60,61,62,63","0,20,60,100",ok,2.9528,338.661,4.180469036102295,"llama_context: graph splits = 1
attach_threadpool: call
threads: decode=4 batch=4
prompt tokens: 4
running one forward pass (llama_decode) ...
Top-5 next-token candidates:
  id=3 logit=0 piece=""$""
  id=4 logit=0 piece=""%""
  id=1 logit=0 piece=""""""
  id=0 logit=0 piece=""!""
  id=2 logit=0 piece=""#""
Autoregressive generation:
Generated text: !
Decode-only throughput: 2.9528 tokens/s (1 tokens in 0.338661 s of llama_decode)
End-to-end throughput: 2.95007 tokens/s (1 tokens in 0.338975 s)
[decode-stage-profile] model_load=385.917 ms context_create=59.8927 ms tokenize=0.48222 ms prefill_decode=3213.12 ms generation_decode=338.661 ms generation_total=338.975 ms program_total=4015.86 ms
[svd-local-op-profile] up_ops=56 gate_ops=56 down_ops=56 up_total=202.144 ms gate_total=212.582 ms down_total=188.305 ms up_v=63.738 ms gate_v=65.656 ms down_v=74.697 ms up_u=138.404 ms gate_u=146.921 ms down_u=113.603 ms
[svd-local-stage-profile] attention_total=497.841 ms ffn_total=939.875 ms ffn_svd_total=603.031 ms ffn_svd_v=204.091 ms ffn_svd_u=398.928 ms
[svd-offload-zero-profile] up_finish=0 up_cache=0 up_no_request=27 gate_finish=0 gate_cache=0 gate_no_request=27 down_finish=0 down_cache=0 down_no_request=27 other_finish=0 other_cache=0 other_no_request=0
[svd-local-timeout-profile] up_keep=0 up_drop=0 up_wait=0.000 ms gate_keep=0 gate_drop=0 gate_wait=0.000 ms down_keep=0 down_drop=0 down_wait=0.000 ms other_keep=0 other_drop=0 other_wait=0.000 ms
[svd-offload-client] up_gate_req=0 down_req=0 other_mat_req=0 ffn_req=0 gate_cache_hits=0 gate_cache_checks=0 miss_invalid=0 miss_layer=0 miss_rank=0 miss_hash=0 miss_output=0 miss_data=0 send_up_gate=0.000 ms send_down=0.000 ms send_other=0.000 ms send_ffn=0.000 ms wait_up_gate=0.000 ms wait_down=0.000 ms wait_other=0.000 ms wait_ffn=0.000 ms
[svd-offload-client-stage-profile] rpc_send_total=0.000 ms rpc_wait_total=0.000 ms
[svd-offload-client-debug] finish_fail_up_gate=0 finish_fail_down=0 finish_fail_other=0 finish_fail_ffn=0 cache_take_fail_up=0 cache_take_fail_gate=0 recv_up_sum_abs=0.000000e+00 recv_up_max_abs=0.000000e+00 recv_up_zero=0 recv_gate_sum_abs=0.000000e+00 recv_gate_max_abs=0.000000e+00 recv_gate_zero=0 recv_down_sum_abs=0.000000e+00 recv_down_max_abs=0.000000e+00 recv_down_zero=0 recv_other_sum_abs=0.000000e+00 recv_other_max_abs=0.000000e+00 recv_other_zero=0 recv_ffn_sum_abs=0.000000e+00 recv_ffn_max_abs=0.000000e+00 recv_ffn_zero=0
SUCCEED (one forward pass done)"
4c_gradient,5,baseline,mod3_2_0.85,4,"60,61,62,63","0,20,60,100",ok,20.8996,47.8478,0.7562196254730225,"llama_context: graph splits = 1
attach_threadpool: call
threads: decode=4 batch=4
prompt tokens: 4
running one forward pass (llama_decode) ...
Top-5 next-token candidates:
  id=11 logit=20.2053 piece="",""
  id=304 logit=18.9277 piece="" in""
  id=3837 logit=18.7558 piece=""，""
  id=1052 logit=18.5616 piece="" there""
  id=358 logit=17.8374 piece="" I""
Autoregressive generation:
Generated text: ,
Decode-only throughput: 20.8996 tokens/s (1 tokens in 0.0478478 s of llama_decode)
End-to-end throughput: 20.7641 tokens/s (1 tokens in 0.0481601 s)
[decode-stage-profile] model_load=389.977 ms context_create=59.7524 ms tokenize=0.463127 ms prefill_decode=86.8518 ms generation_decode=47.8478 ms generation_total=48.1601 ms program_total=602.127 ms
[svd-local-op-profile] up_ops=56 gate_ops=56 down_ops=56 up_total=34.453 ms gate_total=34.833 ms down_total=28.076 ms up_v=5.509 ms gate_v=5.590 ms down_v=22.225 ms up_u=28.942 ms gate_u=29.242 ms down_u=5.848 ms
[svd-local-stage-profile] attention_total=1.310 ms ffn_total=98.620 ms ffn_svd_total=97.362 ms ffn_svd_v=33.324 ms ffn_svd_u=64.032 ms
[svd-offload-zero-profile] up_finish=0 up_cache=0 up_no_request=27 gate_finish=0 gate_cache=0 gate_no_request=27 down_finish=0 down_cache=0 down_no_request=27 other_finish=0 other_cache=0 other_no_request=0
[svd-local-timeout-profile] up_keep=0 up_drop=0 up_wait=0.000 ms gate_keep=0 gate_drop=0 gate_wait=0.000 ms down_keep=0 down_drop=0 down_wait=0.000 ms other_keep=0 other_drop=0 other_wait=0.000 ms
[svd-offload-client] up_gate_req=0 down_req=0 other_mat_req=0 ffn_req=0 gate_cache_hits=0 gate_cache_checks=0 miss_invalid=0 miss_layer=0 miss_rank=0 miss_hash=0 miss_output=0 miss_data=0 send_up_gate=0.000 ms send_down=0.000 ms send_other=0.000 ms send_ffn=0.000 ms wait_up_gate=0.000 ms wait_down=0.000 ms wait_other=0.000 ms wait_ffn=0.000 ms
[svd-offload-client-stage-profile] rpc_send_total=0.000 ms rpc_wait_total=0.000 ms
[svd-offload-client-debug] finish_fail_up_gate=0 finish_fail_down=0 finish_fail_other=0 finish_fail_ffn=0 cache_take_fail_up=0 cache_take_fail_gate=0 recv_up_sum_abs=0.000000e+00 recv_up_max_abs=0.000000e+00 recv_up_zero=0 recv_gate_sum_abs=0.000000e+00 recv_gate_max_abs=0.000000e+00 recv_gate_zero=0 recv_down_sum_abs=0.000000e+00 recv_down_max_abs=0.000000e+00 recv_down_zero=0 recv_other_sum_abs=0.000000e+00 recv_other_max_abs=0.000000e+00 recv_other_zero=0 recv_ffn_sum_abs=0.000000e+00 recv_ffn_max_abs=0.000000e+00 recv_ffn_zero=0
SUCCEED (one forward pass done)"
4c_gradient,5,scheduler,mod3_2_0.85,4,"60,61,62,63","0,20,60,100",ok,3.09327,323.283,5.896420955657959,"llama_context: graph splits = 1
attach_threadpool: call
threads: decode=4 batch=4
prompt tokens: 4
running one forward pass (llama_decode) ...
Top-5 next-token candidates:
  id=3 logit=0 piece=""$""
  id=4 logit=0 piece=""%""
  id=1 logit=0 piece=""""""
  id=0 logit=0 piece=""!""
  id=2 logit=0 piece=""#""
Autoregressive generation:
Generated text: !
Decode-only throughput: 3.09327 tokens/s (1 tokens in 0.323283 s of llama_decode)
End-to-end throughput: 3.09019 tokens/s (1 tokens in 0.323604 s)
[decode-stage-profile] model_load=379.565 ms context_create=68.2554 ms tokenize=0.880896 ms prefill_decode=4938.01 ms generation_decode=323.283 ms generation_total=323.604 ms program_total=5728.08 ms
[svd-local-op-profile] up_ops=56 gate_ops=56 down_ops=56 up_total=295.292 ms gate_total=287.756 ms down_total=302.120 ms up_v=89.985 ms gate_v=90.917 ms down_v=113.191 ms up_u=205.300 ms gate_u=196.832 ms down_u=188.922 ms
[svd-local-stage-profile] attention_total=751.216 ms ffn_total=1388.837 ms ffn_svd_total=885.168 ms ffn_svd_v=294.093 ms ffn_svd_u=591.054 ms
[svd-offload-zero-profile] up_finish=0 up_cache=0 up_no_request=27 gate_finish=0 gate_cache=0 gate_no_request=27 down_finish=0 down_cache=0 down_no_request=27 other_finish=0 other_cache=0 other_no_request=0
[svd-local-timeout-profile] up_keep=0 up_drop=0 up_wait=0.000 ms gate_keep=0 gate_drop=0 gate_wait=0.000 ms down_keep=0 down_drop=0 down_wait=0.000 ms other_keep=0 other_drop=0 other_wait=0.000 ms
[svd-offload-client] up_gate_req=0 down_req=0 other_mat_req=0 ffn_req=0 gate_cache_hits=0 gate_cache_checks=0 miss_invalid=0 miss_layer=0 miss_rank=0 miss_hash=0 miss_output=0 miss_data=0 send_up_gate=0.000 ms send_down=0.000 ms send_other=0.000 ms send_ffn=0.000 ms wait_up_gate=0.000 ms wait_down=0.000 ms wait_other=0.000 ms wait_ffn=0.000 ms
[svd-offload-client-stage-profile] rpc_send_total=0.000 ms rpc_wait_total=0.000 ms
[svd-offload-client-debug] finish_fail_up_gate=0 finish_fail_down=0 finish_fail_other=0 finish_fail_ffn=0 cache_take_fail_up=0 cache_take_fail_gate=0 recv_up_sum_abs=0.000000e+00 recv_up_max_abs=0.000000e+00 recv_up_zero=0 recv_gate_sum_abs=0.000000e+00 recv_gate_max_abs=0.000000e+00 recv_gate_zero=0 recv_down_sum_abs=0.000000e+00 recv_down_max_abs=0.000000e+00 recv_down_zero=0 recv_other_sum_abs=0.000000e+00 recv_other_max_abs=0.000000e+00 recv_other_zero=0 recv_ffn_sum_abs=0.000000e+00 recv_ffn_max_abs=0.000000e+00 recv_ffn_zero=0
SUCCEED (one forward pass done)"
4c_gradient,6,baseline,mod3_2_0.85,4,"60,61,62,63","0,20,60,100",ok,16.6021,60.2335,10.101772546768188,"llama_context: graph splits = 1
attach_threadpool: call
threads: decode=4 batch=4
prompt tokens: 4
running one forward pass (llama_decode) ...
Top-5 next-token candidates:
  id=11 logit=20.2053 piece="",""
  id=304 logit=18.9277 piece="" in""
  id=3837 logit=18.7558 piece=""，""
  id=1052 logit=18.5616 piece="" there""
  id=358 logit=17.8374 piece="" I""
Autoregressive generation:
Generated text: ,
Decode-only throughput: 16.6021 tokens/s (1 tokens in 0.0602335 s of llama_decode)
End-to-end throughput: 16.5137 tokens/s (1 tokens in 0.0605556 s)
[decode-stage-profile] model_load=384.479 ms context_create=58.2661 ms tokenize=0.450414 ms prefill_decode=9402.02 ms generation_decode=60.2335 ms generation_total=60.5556 ms program_total=9923.46 ms
[svd-local-op-profile] up_ops=56 gate_ops=56 down_ops=56 up_total=519.068 ms gate_total=523.465 ms down_total=510.415 ms up_v=168.410 ms gate_v=168.599 ms down_v=187.262 ms up_u=350.653 ms gate_u=354.859 ms down_u=323.149 ms
[svd-local-stage-profile] attention_total=1240.848 ms ffn_total=2379.408 ms ffn_svd_total=1552.948 ms ffn_svd_v=524.271 ms ffn_svd_u=1028.661 ms
[svd-offload-zero-profile] up_finish=0 up_cache=0 up_no_request=27 gate_finish=0 gate_cache=0 gate_no_request=27 down_finish=0 down_cache=0 down_no_request=27 other_finish=0 other_cache=0 other_no_request=0
[svd-local-timeout-profile] up_keep=0 up_drop=0 up_wait=0.000 ms gate_keep=0 gate_drop=0 gate_wait=0.000 ms down_keep=0 down_drop=0 down_wait=0.000 ms other_keep=0 other_drop=0 other_wait=0.000 ms
[svd-offload-client] up_gate_req=0 down_req=0 other_mat_req=0 ffn_req=0 gate_cache_hits=0 gate_cache_checks=0 miss_invalid=0 miss_layer=0 miss_rank=0 miss_hash=0 miss_output=0 miss_data=0 send_up_gate=0.000 ms send_down=0.000 ms send_other=0.000 ms send_ffn=0.000 ms wait_up_gate=0.000 ms wait_down=0.000 ms wait_other=0.000 ms wait_ffn=0.000 ms
[svd-offload-client-stage-profile] rpc_send_total=0.000 ms rpc_wait_total=0.000 ms
[svd-offload-client-debug] finish_fail_up_gate=0 finish_fail_down=0 finish_fail_other=0 finish_fail_ffn=0 cache_take_fail_up=0 cache_take_fail_gate=0 recv_up_sum_abs=0.000000e+00 recv_up_max_abs=0.000000e+00 recv_up_zero=0 recv_gate_sum_abs=0.000000e+00 recv_gate_max_abs=0.000000e+00 recv_gate_zero=0 recv_down_sum_abs=0.000000e+00 recv_down_max_abs=0.000000e+00 recv_down_zero=0 recv_other_sum_abs=0.000000e+00 recv_other_max_abs=0.000000e+00 recv_other_zero=0 recv_ffn_sum_abs=0.000000e+00 recv_ffn_max_abs=0.000000e+00 recv_ffn_zero=0
SUCCEED (one forward pass done)"
4c_gradient,6,scheduler,mod3_2_0.85,4,"60,61,62,63","0,20,60,100",ok,19.2025,52.0766,8.953306913375854,"llama_context: graph splits = 1
attach_threadpool: call
threads: decode=4 batch=4
prompt tokens: 4
running one forward pass (llama_decode) ...
Top-5 next-token candidates:
  id=3 logit=0 piece=""$""
  id=4 logit=0 piece=""%""
  id=1 logit=0 piece=""""""
  id=0 logit=0 piece=""!""
  id=2 logit=0 piece=""#""
Autoregressive generation:
Generated text: !
Decode-only throughput: 19.2025 tokens/s (1 tokens in 0.0520766 s of llama_decode)
End-to-end throughput: 19.0871 tokens/s (1 tokens in 0.0523914 s)
[decode-stage-profile] model_load=384.281 ms context_create=59.8376 ms tokenize=0.461714 ms prefill_decode=8271.95 ms generation_decode=52.0766 ms generation_total=52.3914 ms program_total=8786.35 ms
[svd-local-op-profile] up_ops=56 gate_ops=56 down_ops=56 up_total=451.433 ms gate_total=449.531 ms down_total=451.430 ms up_v=147.982 ms gate_v=146.229 ms down_v=163.733 ms up_u=303.448 ms gate_u=303.299 ms down_u=287.689 ms
[svd-local-stage-profile] attention_total=1146.466 ms ffn_total=2031.231 ms ffn_svd_total=1352.394 ms ffn_svd_v=457.944 ms ffn_svd_u=894.436 ms
[svd-offload-zero-profile] up_finish=0 up_cache=0 up_no_request=27 gate_finish=0 gate_cache=0 gate_no_request=27 down_finish=0 down_cache=0 down_no_request=27 other_finish=0 other_cache=0 other_no_request=0
[svd-local-timeout-profile] up_keep=0 up_drop=0 up_wait=0.000 ms gate_keep=0 gate_drop=0 gate_wait=0.000 ms down_keep=0 down_drop=0 down_wait=0.000 ms other_keep=0 other_drop=0 other_wait=0.000 ms
[svd-offload-client] up_gate_req=0 down_req=0 other_mat_req=0 ffn_req=0 gate_cache_hits=0 gate_cache_checks=0 miss_invalid=0 miss_layer=0 miss_rank=0 miss_hash=0 miss_output=0 miss_data=0 send_up_gate=0.000 ms send_down=0.000 ms send_other=0.000 ms send_ffn=0.000 ms wait_up_gate=0.000 ms wait_down=0.000 ms wait_other=0.000 ms wait_ffn=0.000 ms
[svd-offload-client-stage-profile] rpc_send_total=0.000 ms rpc_wait_total=0.000 ms
[svd-offload-client-debug] finish_fail_up_gate=0 finish_fail_down=0 finish_fail_other=0 finish_fail_ffn=0 cache_take_fail_up=0 cache_take_fail_gate=0 recv_up_sum_abs=0.000000e+00 recv_up_max_abs=0.000000e+00 recv_up_zero=0 recv_gate_sum_abs=0.000000e+00 recv_gate_max_abs=0.000000e+00 recv_gate_zero=0 recv_down_sum_abs=0.000000e+00 recv_down_max_abs=0.000000e+00 recv_down_zero=0 recv_other_sum_abs=0.000000e+00 recv_other_max_abs=0.000000e+00 recv_other_zero=0 recv_ffn_sum_abs=0.000000e+00 recv_ffn_max_abs=0.000000e+00 recv_ffn_zero=0
SUCCEED (one forward pass done)"
4c_balanced_high,0,baseline,odd_0.5,4,"60,61,62,63","20,40,60,80",ok,4.60727,217.048,1.3734421730041504,"llama_context: graph splits = 1
attach_threadpool: call
threads: decode=4 batch=4
prompt tokens: 4
running one forward pass (llama_decode) ...
Top-5 next-token candidates:
  id=11 logit=20.2053 piece="",""
  id=304 logit=18.9277 piece="" in""
  id=3837 logit=18.7558 piece=""，""
  id=1052 logit=18.5616 piece="" there""
  id=358 logit=17.8374 piece="" I""
Autoregressive generation:
Generated text: ,
Decode-only throughput: 4.60727 tokens/s (1 tokens in 0.217048 s of llama_decode)
End-to-end throughput: 4.60062 tokens/s (1 tokens in 0.217362 s)
[decode-stage-profile] model_load=385.733 ms context_create=59.2433 ms tokenize=0.462436 ms prefill_decode=529.348 ms generation_decode=217.048 ms generation_total=217.362 ms program_total=1208.61 ms
[svd-local-op-profile] up_ops=56 gate_ops=56 down_ops=56 up_total=65.650 ms gate_total=48.429 ms down_total=61.758 ms up_v=16.270 ms gate_v=7.959 ms down_v=29.959 ms up_u=49.377 ms gate_u=40.467 ms down_u=31.795 ms
[svd-local-stage-profile] attention_total=98.107 ms ffn_total=248.200 ms ffn_svd_total=175.837 ms ffn_svd_v=54.188 ms ffn_svd_u=121.639 ms
[svd-offload-zero-profile] up_finish=0 up_cache=0 up_no_request=27 gate_finish=0 gate_cache=0 gate_no_request=27 down_finish=0 down_cache=0 down_no_request=27 other_finish=0 other_cache=0 other_no_request=0
[svd-local-timeout-profile] up_keep=0 up_drop=0 up_wait=0.000 ms gate_keep=0 gate_drop=0 gate_wait=0.000 ms down_keep=0 down_drop=0 down_wait=0.000 ms other_keep=0 other_drop=0 other_wait=0.000 ms
[svd-offload-client] up_gate_req=0 down_req=0 other_mat_req=0 ffn_req=0 gate_cache_hits=0 gate_cache_checks=0 miss_invalid=0 miss_layer=0 miss_rank=0 miss_hash=0 miss_output=0 miss_data=0 send_up_gate=0.000 ms send_down=0.000 ms send_other=0.000 ms send_ffn=0.000 ms wait_up_gate=0.000 ms wait_down=0.000 ms wait_other=0.000 ms wait_ffn=0.000 ms
[svd-offload-client-stage-profile] rpc_send_total=0.000 ms rpc_wait_total=0.000 ms
[svd-offload-client-debug] finish_fail_up_gate=0 finish_fail_down=0 finish_fail_other=0 finish_fail_ffn=0 cache_take_fail_up=0 cache_take_fail_gate=0 recv_up_sum_abs=0.000000e+00 recv_up_max_abs=0.000000e+00 recv_up_zero=0 recv_gate_sum_abs=0.000000e+00 recv_gate_max_abs=0.000000e+00 recv_gate_zero=0 recv_down_sum_abs=0.000000e+00 recv_down_max_abs=0.000000e+00 recv_down_zero=0 recv_other_sum_abs=0.000000e+00 recv_other_max_abs=0.000000e+00 recv_other_zero=0 recv_ffn_sum_abs=0.000000e+00 recv_ffn_max_abs=0.000000e+00 recv_ffn_zero=0
SUCCEED (one forward pass done)"
4c_balanced_high,0,scheduler,odd_0.5,4,"60,61,62,63","20,40,60,80",ok,22.5208,44.4034,0.9377954006195068,"llama_context: graph splits = 1
attach_threadpool: call
threads: decode=4 batch=4
prompt tokens: 4
running one forward pass (llama_decode) ...
Top-5 next-token candidates:
  id=11 logit=16.8554 piece="",""
  id=304 logit=16.48 piece="" in""
  id=311 logit=16.0556 piece="" to""
  id=279 logit=15.9894 piece="" the""
  id=979 logit=15.8892 piece="" when""
Autoregressive generation:
Generated text: ,
Decode-only throughput: 22.5208 tokens/s (1 tokens in 0.0444034 s of llama_decode)
End-to-end throughput: 22.3626 tokens/s (1 tokens in 0.0447175 s)
[decode-stage-profile] model_load=385.569 ms context_create=57.2054 ms tokenize=0.458675 ms prefill_decode=282.677 ms generation_decode=44.4034 ms generation_total=44.7175 ms program_total=787.205 ms
[svd-local-op-profile] up_ops=56 gate_ops=56 down_ops=56 up_total=30.376 ms gate_total=30.275 ms down_total=22.246 ms up_v=4.326 ms gate_v=4.396 ms down_v=17.232 ms up_u=26.045 ms gate_u=25.874 ms down_u=5.011 ms
[svd-local-stage-profile] attention_total=60.070 ms ffn_total=84.069 ms ffn_svd_total=82.897 ms ffn_svd_v=25.954 ms ffn_svd_u=56.930 ms
[svd-offload-zero-profile] up_finish=0 up_cache=0 up_no_request=27 gate_finish=0 gate_cache=0 gate_no_request=27 down_finish=0 down_cache=0 down_no_request=27 other_finish=0 other_cache=0 other_no_request=0
[svd-local-timeout-profile] up_keep=0 up_drop=0 up_wait=0.000 ms gate_keep=0 gate_drop=0 gate_wait=0.000 ms down_keep=0 down_drop=0 down_wait=0.000 ms other_keep=0 other_drop=0 other_wait=0.000 ms
[svd-offload-client] up_gate_req=0 down_req=0 other_mat_req=0 ffn_req=0 gate_cache_hits=0 gate_cache_checks=0 miss_invalid=0 miss_layer=0 miss_rank=0 miss_hash=0 miss_output=0 miss_data=0 send_up_gate=0.000 ms send_down=0.000 ms send_other=0.000 ms send_ffn=0.000 ms wait_up_gate=0.000 ms wait_down=0.000 ms wait_other=0.000 ms wait_ffn=0.000 ms
[svd-offload-client-stage-profile] rpc_send_total=0.000 ms rpc_wait_total=0.000 ms
[svd-offload-client-debug] finish_fail_up_gate=0 finish_fail_down=0 finish_fail_other=0 finish_fail_ffn=0 cache_take_fail_up=0 cache_take_fail_gate=0 recv_up_sum_abs=0.000000e+00 recv_up_max_abs=0.000000e+00 recv_up_zero=0 recv_gate_sum_abs=0.000000e+00 recv_gate_max_abs=0.000000e+00 recv_gate_zero=0 recv_down_sum_abs=0.000000e+00 recv_down_max_abs=0.000000e+00 recv_down_zero=0 recv_other_sum_abs=0.000000e+00 recv_other_max_abs=0.000000e+00 recv_other_zero=0 recv_ffn_sum_abs=0.000000e+00 recv_ffn_max_abs=0.000000e+00 recv_ffn_zero=0
SUCCEED (one forward pass done)"
4c_balanced_high,1,baseline,odd_0.5,4,"60,61,62,63","20,40,60,80",ok,21.356,46.8252,0.7429001331329346,"llama_context: graph splits = 1
attach_threadpool: call
threads: decode=4 batch=4
prompt tokens: 4
running one forward pass (llama_decode) ...
Top-5 next-token candidates:
  id=11 logit=20.2053 piece="",""
  id=304 logit=18.9277 piece="" in""
  id=3837 logit=18.7558 piece=""，""
  id=1052 logit=18.5616 piece="" there""
  id=358 logit=17.8374 piece="" I""
Autoregressive generation:
Generated text: ,
Decode-only throughput: 21.356 tokens/s (1 tokens in 0.0468252 s of llama_decode)
End-to-end throughput: 21.2133 tokens/s (1 tokens in 0.0471403 s)
[decode-stage-profile] model_load=383.145 ms context_create=58.8688 ms tokenize=0.467132 ms prefill_decode=87.9934 ms generation_decode=46.8252 ms generation_total=47.1403 ms program_total=594.127 ms
[svd-local-op-profile] up_ops=56 gate_ops=56 down_ops=56 up_total=33.993 ms gate_total=34.395 ms down_total=27.754 ms up_v=5.373 ms gate_v=5.412 ms down_v=22.137 ms up_u=28.617 ms gate_u=28.976 ms down_u=5.614 ms
[svd-local-stage-profile] attention_total=9.041 ms ffn_total=97.422 ms ffn_svd_total=96.142 ms ffn_svd_v=32.922 ms ffn_svd_u=63.207 ms
[svd-offload-zero-profile] up_finish=0 up_cache=0 up_no_request=27 gate_finish=0 gate_cache=0 gate_no_request=27 down_finish=0 down_cache=0 down_no_request=27 other_finish=0 other_cache=0 other_no_request=0
[svd-local-timeout-profile] up_keep=0 up_drop=0 up_wait=0.000 ms gate_keep=0 gate_drop=0 gate_wait=0.000 ms down_keep=0 down_drop=0 down_wait=0.000 ms other_keep=0 other_drop=0 other_wait=0.000 ms
[svd-offload-client] up_gate_req=0 down_req=0 other_mat_req=0 ffn_req=0 gate_cache_hits=0 gate_cache_checks=0 miss_invalid=0 miss_layer=0 miss_rank=0 miss_hash=0 miss_output=0 miss_data=0 send_up_gate=0.000 ms send_down=0.000 ms send_other=0.000 ms send_ffn=0.000 ms wait_up_gate=0.000 ms wait_down=0.000 ms wait_other=0.000 ms wait_ffn=0.000 ms
[svd-offload-client-stage-profile] rpc_send_total=0.000 ms rpc_wait_total=0.000 ms
[svd-offload-client-debug] finish_fail_up_gate=0 finish_fail_down=0 finish_fail_other=0 finish_fail_ffn=0 cache_take_fail_up=0 cache_take_fail_gate=0 recv_up_sum_abs=0.000000e+00 recv_up_max_abs=0.000000e+00 recv_up_zero=0 recv_gate_sum_abs=0.000000e+00 recv_gate_max_abs=0.000000e+00 recv_gate_zero=0 recv_down_sum_abs=0.000000e+00 recv_down_max_abs=0.000000e+00 recv_down_zero=0 recv_other_sum_abs=0.000000e+00 recv_other_max_abs=0.000000e+00 recv_other_zero=0 recv_ffn_sum_abs=0.000000e+00 recv_ffn_max_abs=0.000000e+00 recv_ffn_zero=0
SUCCEED (one forward pass done)"
4c_balanced_high,1,scheduler,odd_0.5,4,"60,61,62,63","20,40,60,80",ok,20.0417,49.8959,0.8647928237915039,"llama_context: graph splits = 1
attach_threadpool: call
threads: decode=4 batch=4
prompt tokens: 4
running one forward pass (llama_decode) ...
Top-5 next-token candidates:
  id=11 logit=16.8554 piece="",""
  id=304 logit=16.48 piece="" in""
  id=311 logit=16.0556 piece="" to""
  id=279 logit=15.9894 piece="" the""
  id=979 logit=15.8892 piece="" when""
Autoregressive generation:
Generated text: ,
Decode-only throughput: 20.0417 tokens/s (1 tokens in 0.0498959 s of llama_decode)
End-to-end throughput: 19.9131 tokens/s (1 tokens in 0.0502182 s)
[decode-stage-profile] model_load=391.966 ms context_create=56.2999 ms tokenize=0.465042 ms prefill_decode=190.782 ms generation_decode=49.8959 ms generation_total=50.2182 ms program_total=706.176 ms
[svd-local-op-profile] up_ops=56 gate_ops=56 down_ops=56 up_total=36.241 ms gate_total=35.937 ms down_total=27.499 ms up_v=5.384 ms gate_v=5.078 ms down_v=21.950 ms up_u=30.842 ms gate_u=30.854 ms down_u=5.541 ms
[svd-local-stage-profile] attention_total=50.078 ms ffn_total=100.916 ms ffn_svd_total=99.677 ms ffn_svd_v=32.412 ms ffn_svd_u=67.237 ms
[svd-offload-zero-profile] up_finish=0 up_cache=0 up_no_request=27 gate_finish=0 gate_cache=0 gate_no_request=27 down_finish=0 down_cache=0 down_no_request=27 other_finish=0 other_cache=0 other_no_request=0
[svd-local-timeout-profile] up_keep=0 up_drop=0 up_wait=0.000 ms gate_keep=0 gate_drop=0 gate_wait=0.000 ms down_keep=0 down_drop=0 down_wait=0.000 ms other_keep=0 other_drop=0 other_wait=0.000 ms
[svd-offload-client] up_gate_req=0 down_req=0 other_mat_req=0 ffn_req=0 gate_cache_hits=0 gate_cache_checks=0 miss_invalid=0 miss_layer=0 miss_rank=0 miss_hash=0 miss_output=0 miss_data=0 send_up_gate=0.000 ms send_down=0.000 ms send_other=0.000 ms send_ffn=0.000 ms wait_up_gate=0.000 ms wait_down=0.000 ms wait_other=0.000 ms wait_ffn=0.000 ms
[svd-offload-client-stage-profile] rpc_send_total=0.000 ms rpc_wait_total=0.000 ms
[svd-offload-client-debug] finish_fail_up_gate=0 finish_fail_down=0 finish_fail_other=0 finish_fail_ffn=0 cache_take_fail_up=0 cache_take_fail_gate=0 recv_up_sum_abs=0.000000e+00 recv_up_max_abs=0.000000e+00 recv_up_zero=0 recv_gate_sum_abs=0.000000e+00 recv_gate_max_abs=0.000000e+00 recv_gate_zero=0 recv_down_sum_abs=0.000000e+00 recv_down_max_abs=0.000000e+00 recv_down_zero=0 recv_other_sum_abs=0.000000e+00 recv_other_max_abs=0.000000e+00 recv_other_zero=0 recv_ffn_sum_abs=0.000000e+00 recv_ffn_max_abs=0.000000e+00 recv_ffn_zero=0
SUCCEED (one forward pass done)"
4c_balanced_high,2,baseline,odd_0.5,4,"60,61,62,63","20,40,60,80",ok,21.3775,46.7782,0.8062970638275146,"llama_context: graph splits = 1
attach_threadpool: call
threads: decode=4 batch=4
prompt tokens: 4
running one forward pass (llama_decode) ...
Top-5 next-token candidates:
  id=11 logit=20.2053 piece="",""
  id=304 logit=18.9277 piece="" in""
  id=3837 logit=18.7558 piece=""，""
  id=1052 logit=18.5616 piece="" there""
  id=358 logit=17.8374 piece="" I""
Autoregressive generation:
Generated text: ,
Decode-only throughput: 21.3775 tokens/s (1 tokens in 0.0467782 s of llama_decode)
End-to-end throughput: 21.2332 tokens/s (1 tokens in 0.0470961 s)
[decode-stage-profile] model_load=376.969 ms context_create=56.6528 ms tokenize=0.463983 ms prefill_decode=151.163 ms generation_decode=46.7782 ms generation_total=47.0961 ms program_total=648.986 ms
[svd-local-op-profile] up_ops=56 gate_ops=56 down_ops=56 up_total=33.846 ms gate_total=34.151 ms down_total=27.644 ms up_v=5.353 ms gate_v=5.438 ms down_v=22.099 ms up_u=28.486 ms gate_u=28.706 ms down_u=5.544 ms
[svd-local-stage-profile] attention_total=29.391 ms ffn_total=96.921 ms ffn_svd_total=95.641 ms ffn_svd_v=32.890 ms ffn_svd_u=62.736 ms
[svd-offload-zero-profile] up_finish=0 up_cache=0 up_no_request=27 gate_finish=0 gate_cache=0 gate_no_request=27 down_finish=0 down_cache=0 down_no_request=27 other_finish=0 other_cache=0 other_no_request=0
[svd-local-timeout-profile] up_keep=0 up_drop=0 up_wait=0.000 ms gate_keep=0 gate_drop=0 gate_wait=0.000 ms down_keep=0 down_drop=0 down_wait=0.000 ms other_keep=0 other_drop=0 other_wait=0.000 ms
[svd-offload-client] up_gate_req=0 down_req=0 other_mat_req=0 ffn_req=0 gate_cache_hits=0 gate_cache_checks=0 miss_invalid=0 miss_layer=0 miss_rank=0 miss_hash=0 miss_output=0 miss_data=0 send_up_gate=0.000 ms send_down=0.000 ms send_other=0.000 ms send_ffn=0.000 ms wait_up_gate=0.000 ms wait_down=0.000 ms wait_other=0.000 ms wait_ffn=0.000 ms
[svd-offload-client-stage-profile] rpc_send_total=0.000 ms rpc_wait_total=0.000 ms
[svd-offload-client-debug] finish_fail_up_gate=0 finish_fail_down=0 finish_fail_other=0 finish_fail_ffn=0 cache_take_fail_up=0 cache_take_fail_gate=0 recv_up_sum_abs=0.000000e+00 recv_up_max_abs=0.000000e+00 recv_up_zero=0 recv_gate_sum_abs=0.000000e+00 recv_gate_max_abs=0.000000e+00 recv_gate_zero=0 recv_down_sum_abs=0.000000e+00 recv_down_max_abs=0.000000e+00 recv_down_zero=0 recv_other_sum_abs=0.000000e+00 recv_other_max_abs=0.000000e+00 recv_other_zero=0 recv_ffn_sum_abs=0.000000e+00 recv_ffn_max_abs=0.000000e+00 recv_ffn_zero=0
SUCCEED (one forward pass done)"
4c_balanced_high,2,scheduler,odd_0.5,4,"60,61,62,63","20,40,60,80",ok,22.6953,44.062,1.221811294555664,"llama_context: graph splits = 1
attach_threadpool: call
threads: decode=4 batch=4
prompt tokens: 4
running one forward pass (llama_decode) ...
Top-5 next-token candidates:
  id=11 logit=16.8554 piece="",""
  id=304 logit=16.48 piece="" in""
  id=311 logit=16.0556 piece="" to""
  id=279 logit=15.9894 piece="" the""
  id=979 logit=15.8892 piece="" when""
Autoregressive generation:
Generated text: ,
Decode-only throughput: 22.6953 tokens/s (1 tokens in 0.044062 s of llama_decode)
End-to-end throughput: 22.5362 tokens/s (1 tokens in 0.0443731 s)
[decode-stage-profile] model_load=386.027 ms context_create=57.0421 ms tokenize=0.463451 ms prefill_decode=559.396 ms generation_decode=44.062 ms generation_total=44.3731 ms program_total=1067.26 ms
[svd-local-op-profile] up_ops=56 gate_ops=56 down_ops=56 up_total=53.798 ms gate_total=50.902 ms down_total=41.353 ms up_v=14.555 ms gate_v=11.395 ms down_v=23.190 ms up_u=39.237 ms gate_u=39.504 ms down_u=18.158 ms
[svd-local-stage-profile] attention_total=77.405 ms ffn_total=193.865 ms ffn_svd_total=146.053 ms ffn_svd_v=49.140 ms ffn_svd_u=96.899 ms
[svd-offload-zero-profile] up_finish=0 up_cache=0 up_no_request=27 gate_finish=0 gate_cache=0 gate_no_request=27 down_finish=0 down_cache=0 down_no_request=27 other_finish=0 other_cache=0 other_no_request=0
[svd-local-timeout-profile] up_keep=0 up_drop=0 up_wait=0.000 ms gate_keep=0 gate_drop=0 gate_wait=0.000 ms down_keep=0 down_drop=0 down_wait=0.000 ms other_keep=0 other_drop=0 other_wait=0.000 ms
[svd-offload-client] up_gate_req=0 down_req=0 other_mat_req=0 ffn_req=0 gate_cache_hits=0 gate_cache_checks=0 miss_invalid=0 miss_layer=0 miss_rank=0 miss_hash=0 miss_output=0 miss_data=0 send_up_gate=0.000 ms send_down=0.000 ms send_other=0.000 ms send_ffn=0.000 ms wait_up_gate=0.000 ms wait_down=0.000 ms wait_other=0.000 ms wait_ffn=0.000 ms
[svd-offload-client-stage-profile] rpc_send_total=0.000 ms rpc_wait_total=0.000 ms
[svd-offload-client-debug] finish_fail_up_gate=0 finish_fail_down=0 finish_fail_other=0 finish_fail_ffn=0 cache_take_fail_up=0 cache_take_fail_gate=0 recv_up_sum_abs=0.000000e+00 recv_up_max_abs=0.000000e+00 recv_up_zero=0 recv_gate_sum_abs=0.000000e+00 recv_gate_max_abs=0.000000e+00 recv_gate_zero=0 recv_down_sum_abs=0.000000e+00 recv_down_max_abs=0.000000e+00 recv_down_zero=0 recv_other_sum_abs=0.000000e+00 recv_other_max_abs=0.000000e+00 recv_other_zero=0 recv_ffn_sum_abs=0.000000e+00 recv_ffn_max_abs=0.000000e+00 recv_ffn_zero=0
SUCCEED (one forward pass done)"
4c_balanced_high,3,baseline,odd_0.5,4,"60,61,62,63","20,40,60,80",ok,19.8926,50.2699,1.6151247024536133,"llama_context: graph splits = 1
attach_threadpool: call
threads: decode=4 batch=4
prompt tokens: 4
running one forward pass (llama_decode) ...
Top-5 next-token candidates:
  id=11 logit=20.2053 piece="",""
  id=304 logit=18.9277 piece="" in""
  id=3837 logit=18.7558 piece=""，""
  id=1052 logit=18.5616 piece="" there""
  id=358 logit=17.8374 piece="" I""
Autoregressive generation:
Generated text: ,
Decode-only throughput: 19.8926 tokens/s (1 tokens in 0.0502699 s of llama_decode)
End-to-end throughput: 19.7651 tokens/s (1 tokens in 0.0505942 s)
[decode-stage-profile] model_load=378.646 ms context_create=56.3369 ms tokenize=0.45661 ms prefill_decode=960.176 ms generation_decode=50.2699 ms generation_total=50.5942 ms program_total=1462.91 ms
[svd-local-op-profile] up_ops=56 gate_ops=56 down_ops=56 up_total=72.934 ms gate_total=74.933 ms down_total=74.046 ms up_v=19.587 ms gate_v=20.308 ms down_v=38.988 ms up_u=53.345 ms gate_u=54.620 ms down_u=35.055 ms
[svd-local-stage-profile] attention_total=166.957 ms ffn_total=283.493 ms ffn_svd_total=221.913 ms ffn_svd_v=78.883 ms ffn_svd_u=143.020 ms
[svd-offload-zero-profile] up_finish=0 up_cache=0 up_no_request=27 gate_finish=0 gate_cache=0 gate_no_request=27 down_finish=0 down_cache=0 down_no_request=27 other_finish=0 other_cache=0 other_no_request=0
[svd-local-timeout-profile] up_keep=0 up_drop=0 up_wait=0.000 ms gate_keep=0 gate_drop=0 gate_wait=0.000 ms down_keep=0 down_drop=0 down_wait=0.000 ms other_keep=0 other_drop=0 other_wait=0.000 ms
[svd-offload-client] up_gate_req=0 down_req=0 other_mat_req=0 ffn_req=0 gate_cache_hits=0 gate_cache_checks=0 miss_invalid=0 miss_layer=0 miss_rank=0 miss_hash=0 miss_output=0 miss_data=0 send_up_gate=0.000 ms send_down=0.000 ms send_other=0.000 ms send_ffn=0.000 ms wait_up_gate=0.000 ms wait_down=0.000 ms wait_other=0.000 ms wait_ffn=0.000 ms
[svd-offload-client-stage-profile] rpc_send_total=0.000 ms rpc_wait_total=0.000 ms
[svd-offload-client-debug] finish_fail_up_gate=0 finish_fail_down=0 finish_fail_other=0 finish_fail_ffn=0 cache_take_fail_up=0 cache_take_fail_gate=0 recv_up_sum_abs=0.000000e+00 recv_up_max_abs=0.000000e+00 recv_up_zero=0 recv_gate_sum_abs=0.000000e+00 recv_gate_max_abs=0.000000e+00 recv_gate_zero=0 recv_down_sum_abs=0.000000e+00 recv_down_max_abs=0.000000e+00 recv_down_zero=0 recv_other_sum_abs=0.000000e+00 recv_other_max_abs=0.000000e+00 recv_other_zero=0 recv_ffn_sum_abs=0.000000e+00 recv_ffn_max_abs=0.000000e+00 recv_ffn_zero=0
SUCCEED (one forward pass done)"
4c_balanced_high,3,scheduler,odd_0.5,4,"60,61,62,63","20,40,60,80",ok,20.7656,48.1565,1.3152780532836914,"llama_context: graph splits = 1
attach_threadpool: call
threads: decode=4 batch=4
prompt tokens: 4
running one forward pass (llama_decode) ...
Top-5 next-token candidates:
  id=11 logit=16.8554 piece="",""
  id=304 logit=16.48 piece="" in""
  id=311 logit=16.0556 piece="" to""
  id=279 logit=15.9894 piece="" the""
  id=979 logit=15.8892 piece="" when""
Autoregressive generation:
Generated text: ,
Decode-only throughput: 20.7656 tokens/s (1 tokens in 0.0481565 s of llama_decode)
End-to-end throughput: 20.6336 tokens/s (1 tokens in 0.0484647 s)
[decode-stage-profile] model_load=388.196 ms context_create=59.6758 ms tokenize=0.460816 ms prefill_decode=650.567 ms generation_decode=48.1565 ms generation_total=48.4647 ms program_total=1164.53 ms
[svd-local-op-profile] up_ops=56 gate_ops=56 down_ops=56 up_total=50.327 ms gate_total=40.977 ms down_total=49.223 ms up_v=11.402 ms gate_v=4.277 ms down_v=26.858 ms up_u=38.921 ms gate_u=36.699 ms down_u=22.357 ms
[svd-local-stage-profile] attention_total=98.906 ms ffn_total=169.656 ms ffn_svd_total=140.527 ms ffn_svd_v=42.537 ms ffn_svd_u=97.977 ms
[svd-offload-zero-profile] up_finish=0 up_cache=0 up_no_request=27 gate_finish=0 gate_cache=0 gate_no_request=27 down_finish=0 down_cache=0 down_no_request=27 other_finish=0 other_cache=0 other_no_request=0
[svd-local-timeout-profile] up_keep=0 up_drop=0 up_wait=0.000 ms gate_keep=0 gate_drop=0 gate_wait=0.000 ms down_keep=0 down_drop=0 down_wait=0.000 ms other_keep=0 other_drop=0 other_wait=0.000 ms
[svd-offload-client] up_gate_req=0 down_req=0 other_mat_req=0 ffn_req=0 gate_cache_hits=0 gate_cache_checks=0 miss_invalid=0 miss_layer=0 miss_rank=0 miss_hash=0 miss_output=0 miss_data=0 send_up_gate=0.000 ms send_down=0.000 ms send_other=0.000 ms send_ffn=0.000 ms wait_up_gate=0.000 ms wait_down=0.000 ms wait_other=0.000 ms wait_ffn=0.000 ms
[svd-offload-client-stage-profile] rpc_send_total=0.000 ms rpc_wait_total=0.000 ms
[svd-offload-client-debug] finish_fail_up_gate=0 finish_fail_down=0 finish_fail_other=0 finish_fail_ffn=0 cache_take_fail_up=0 cache_take_fail_gate=0 recv_up_sum_abs=0.000000e+00 recv_up_max_abs=0.000000e+00 recv_up_zero=0 recv_gate_sum_abs=0.000000e+00 recv_gate_max_abs=0.000000e+00 recv_gate_zero=0 recv_down_sum_abs=0.000000e+00 recv_down_max_abs=0.000000e+00 recv_down_zero=0 recv_other_sum_abs=0.000000e+00 recv_other_max_abs=0.000000e+00 recv_other_zero=0 recv_ffn_sum_abs=0.000000e+00 recv_ffn_max_abs=0.000000e+00 recv_ffn_zero=0
SUCCEED (one forward pass done)"
4c_balanced_high,4,baseline,odd_0.5,4,"60,61,62,63","20,40,60,80",ok,21.4661,46.5851,0.9848544597625732,"llama_context: graph splits = 1
attach_threadpool: call
threads: decode=4 batch=4
prompt tokens: 4
running one forward pass (llama_decode) ...
Top-5 next-token candidates:
  id=11 logit=20.2053 piece="",""
  id=304 logit=18.9277 piece="" in""
  id=3837 logit=18.7558 piece=""，""
  id=1052 logit=18.5616 piece="" there""
  id=358 logit=17.8374 piece="" I""
Autoregressive generation:
Generated text: ,
Decode-only throughput: 21.4661 tokens/s (1 tokens in 0.0465851 s of llama_decode)
End-to-end throughput: 21.326 tokens/s (1 tokens in 0.0468912 s)
[decode-stage-profile] model_load=402.491 ms context_create=59.8304 ms tokenize=0.467361 ms prefill_decode=309.168 ms generation_decode=46.5851 ms generation_total=46.8912 ms program_total=835.458 ms
[svd-local-op-profile] up_ops=56 gate_ops=56 down_ops=56 up_total=33.933 ms gate_total=38.352 ms down_total=34.610 ms up_v=5.470 ms gate_v=5.483 ms down_v=21.969 ms up_u=28.457 ms gate_u=32.861 ms down_u=12.636 ms
[svd-local-stage-profile] attention_total=47.081 ms ffn_total=108.162 ms ffn_svd_total=106.895 ms ffn_svd_v=32.922 ms ffn_svd_u=73.954 ms
[svd-offload-zero-profile] up_finish=0 up_cache=0 up_no_request=27 gate_finish=0 gate_cache=0 gate_no_request=27 down_finish=0 down_cache=0 down_no_request=27 other_finish=0 other_cache=0 other_no_request=0
[svd-local-timeout-profile] up_keep=0 up_drop=0 up_wait=0.000 ms gate_keep=0 gate_drop=0 gate_wait=0.000 ms down_keep=0 down_drop=0 down_wait=0.000 ms other_keep=0 other_drop=0 other_wait=0.000 ms
[svd-offload-client] up_gate_req=0 down_req=0 other_mat_req=0 ffn_req=0 gate_cache_hits=0 gate_cache_checks=0 miss_invalid=0 miss_layer=0 miss_rank=0 miss_hash=0 miss_output=0 miss_data=0 send_up_gate=0.000 ms send_down=0.000 ms send_other=0.000 ms send_ffn=0.000 ms wait_up_gate=0.000 ms wait_down=0.000 ms wait_other=0.000 ms wait_ffn=0.000 ms
[svd-offload-client-stage-profile] rpc_send_total=0.000 ms rpc_wait_total=0.000 ms
[svd-offload-client-debug] finish_fail_up_gate=0 finish_fail_down=0 finish_fail_other=0 finish_fail_ffn=0 cache_take_fail_up=0 cache_take_fail_gate=0 recv_up_sum_abs=0.000000e+00 recv_up_max_abs=0.000000e+00 recv_up_zero=0 recv_gate_sum_abs=0.000000e+00 recv_gate_max_abs=0.000000e+00 recv_gate_zero=0 recv_down_sum_abs=0.000000e+00 recv_down_max_abs=0.000000e+00 recv_down_zero=0 recv_other_sum_abs=0.000000e+00 recv_other_max_abs=0.000000e+00 recv_other_zero=0 recv_ffn_sum_abs=0.000000e+00 recv_ffn_max_abs=0.000000e+00 recv_ffn_zero=0
SUCCEED (one forward pass done)"
4c_balanced_high,4,scheduler,odd_0.5,4,"60,61,62,63","20,40,60,80",ok,19.9574,50.1067,1.385993480682373,"llama_context: graph splits = 1
attach_threadpool: call
threads: decode=4 batch=4
prompt tokens: 4
running one forward pass (llama_decode) ...
Top-5 next-token candidates:
  id=11 logit=16.8554 piece="",""
  id=304 logit=16.48 piece="" in""
  id=311 logit=16.0556 piece="" to""
  id=279 logit=15.9894 piece="" the""
  id=979 logit=15.8892 piece="" when""
Autoregressive generation:
Generated text: ,
Decode-only throughput: 19.9574 tokens/s (1 tokens in 0.0501067 s of llama_decode)
End-to-end throughput: 19.8322 tokens/s (1 tokens in 0.050423 s)
[decode-stage-profile] model_load=385.962 ms context_create=58.1792 ms tokenize=0.447403 ms prefill_decode=721.688 ms generation_decode=50.1067 ms generation_total=50.423 ms program_total=1233.26 ms
[svd-local-op-profile] up_ops=56 gate_ops=56 down_ops=56 up_total=70.751 ms gate_total=50.497 ms down_total=71.570 ms up_v=12.872 ms gate_v=5.463 ms down_v=37.570 ms up_u=57.874 ms gate_u=45.023 ms down_u=33.996 ms
[svd-local-stage-profile] attention_total=140.654 ms ffn_total=233.519 ms ffn_svd_total=192.818 ms ffn_svd_v=55.905 ms ffn_svd_u=136.893 ms
[svd-offload-zero-profile] up_finish=0 up_cache=0 up_no_request=27 gate_finish=0 gate_cache=0 gate_no_request=27 down_finish=0 down_cache=0 down_no_request=27 other_finish=0 other_cache=0 other_no_request=0
[svd-local-timeout-profile] up_keep=0 up_drop=0 up_wait=0.000 ms gate_keep=0 gate_drop=0 gate_wait=0.000 ms down_keep=0 down_drop=0 down_wait=0.000 ms other_keep=0 other_drop=0 other_wait=0.000 ms
[svd-offload-client] up_gate_req=0 down_req=0 other_mat_req=0 ffn_req=0 gate_cache_hits=0 gate_cache_checks=0 miss_invalid=0 miss_layer=0 miss_rank=0 miss_hash=0 miss_output=0 miss_data=0 send_up_gate=0.000 ms send_down=0.000 ms send_other=0.000 ms send_ffn=0.000 ms wait_up_gate=0.000 ms wait_down=0.000 ms wait_other=0.000 ms wait_ffn=0.000 ms
[svd-offload-client-stage-profile] rpc_send_total=0.000 ms rpc_wait_total=0.000 ms
[svd-offload-client-debug] finish_fail_up_gate=0 finish_fail_down=0 finish_fail_other=0 finish_fail_ffn=0 cache_take_fail_up=0 cache_take_fail_gate=0 recv_up_sum_abs=0.000000e+00 recv_up_max_abs=0.000000e+00 recv_up_zero=0 recv_gate_sum_abs=0.000000e+00 recv_gate_max_abs=0.000000e+00 recv_gate_zero=0 recv_down_sum_abs=0.000000e+00 recv_down_max_abs=0.000000e+00 recv_down_zero=0 recv_other_sum_abs=0.000000e+00 recv_other_max_abs=0.000000e+00 recv_other_zero=0 recv_ffn_sum_abs=0.000000e+00 recv_ffn_max_abs=0.000000e+00 recv_ffn_zero=0
SUCCEED (one forward pass done)"
4c_balanced_high,5,baseline,odd_0.5,4,"60,61,62,63","20,40,60,80",ok,17.3499,57.6372,0.8166556358337402,"llama_context: graph splits = 1
attach_threadpool: call
threads: decode=4 batch=4
prompt tokens: 4
running one forward pass (llama_decode) ...
Top-5 next-token candidates:
  id=11 logit=20.2053 piece="",""
  id=304 logit=18.9277 piece="" in""
  id=3837 logit=18.7558 piece=""，""
  id=1052 logit=18.5616 piece="" there""
  id=358 logit=17.8374 piece="" I""
Autoregressive generation:
Generated text: ,
Decode-only throughput: 17.3499 tokens/s (1 tokens in 0.0576372 s of llama_decode)
End-to-end throughput: 17.2533 tokens/s (1 tokens in 0.0579601 s)
[decode-stage-profile] model_load=386.852 ms context_create=57.7649 ms tokenize=0.467713 ms prefill_decode=108.86 ms generation_decode=57.6372 ms generation_total=57.9601 ms program_total=628.868 ms
[svd-local-op-profile] up_ops=56 gate_ops=56 down_ops=56 up_total=44.457 ms gate_total=45.004 ms down_total=36.687 ms up_v=6.983 ms gate_v=6.917 ms down_v=29.692 ms up_u=37.466 ms gate_u=38.084 ms down_u=6.993 ms
[svd-local-stage-profile] attention_total=5.246 ms ffn_total=127.564 ms ffn_svd_total=126.148 ms ffn_svd_v=43.592 ms ffn_svd_u=82.543 ms
[svd-offload-zero-profile] up_finish=0 up_cache=0 up_no_request=27 gate_finish=0 gate_cache=0 gate_no_request=27 down_finish=0 down_cache=0 down_no_request=27 other_finish=0 other_cache=0 other_no_request=0
[svd-local-timeout-profile] up_keep=0 up_drop=0 up_wait=0.000 ms gate_keep=0 gate_drop=0 gate_wait=0.000 ms down_keep=0 down_drop=0 down_wait=0.000 ms other_keep=0 other_drop=0 other_wait=0.000 ms
[svd-offload-client] up_gate_req=0 down_req=0 other_mat_req=0 ffn_req=0 gate_cache_hits=0 gate_cache_checks=0 miss_invalid=0 miss_layer=0 miss_rank=0 miss_hash=0 miss_output=0 miss_data=0 send_up_gate=0.000 ms send_down=0.000 ms send_other=0.000 ms send_ffn=0.000 ms wait_up_gate=0.000 ms wait_down=0.000 ms wait_other=0.000 ms wait_ffn=0.000 ms
[svd-offload-client-stage-profile] rpc_send_total=0.000 ms rpc_wait_total=0.000 ms
[svd-offload-client-debug] finish_fail_up_gate=0 finish_fail_down=0 finish_fail_other=0 finish_fail_ffn=0 cache_take_fail_up=0 cache_take_fail_gate=0 recv_up_sum_abs=0.000000e+00 recv_up_max_abs=0.000000e+00 recv_up_zero=0 recv_gate_sum_abs=0.000000e+00 recv_gate_max_abs=0.000000e+00 recv_gate_zero=0 recv_down_sum_abs=0.000000e+00 recv_down_max_abs=0.000000e+00 recv_down_zero=0 recv_other_sum_abs=0.000000e+00 recv_other_max_abs=0.000000e+00 recv_other_zero=0 recv_ffn_sum_abs=0.000000e+00 recv_ffn_max_abs=0.000000e+00 recv_ffn_zero=0
SUCCEED (one forward pass done)"
4c_balanced_high,5,scheduler,odd_0.5,4,"60,61,62,63","20,40,60,80",ok,18.1388,55.1304,1.1314167976379395,"llama_context: graph splits = 1
attach_threadpool: call
threads: decode=4 batch=4
prompt tokens: 4
running one forward pass (llama_decode) ...
Top-5 next-token candidates:
  id=11 logit=16.8554 piece="",""
  id=304 logit=16.48 piece="" in""
  id=311 logit=16.0556 piece="" to""
  id=279 logit=15.9894 piece="" the""
  id=979 logit=15.8892 piece="" when""
Autoregressive generation:
Generated text: ,
Decode-only throughput: 18.1388 tokens/s (1 tokens in 0.0551304 s of llama_decode)
End-to-end throughput: 18.038 tokens/s (1 tokens in 0.0554385 s)
[decode-stage-profile] model_load=531.073 ms context_create=57.1766 ms tokenize=0.465522 ms prefill_decode=319.277 ms generation_decode=55.1304 ms generation_total=55.4385 ms program_total=980.692 ms
[svd-local-op-profile] up_ops=56 gate_ops=56 down_ops=56 up_total=57.012 ms gate_total=37.380 ms down_total=48.022 ms up_v=9.540 ms gate_v=5.289 ms down_v=28.901 ms up_u=47.466 ms gate_u=32.087 ms down_u=19.117 ms
[svd-local-stage-profile] attention_total=82.722 ms ffn_total=157.713 ms ffn_svd_total=142.414 ms ffn_svd_v=43.730 ms ffn_svd_u=98.670 ms
[svd-offload-zero-profile] up_finish=0 up_cache=0 up_no_request=27 gate_finish=0 gate_cache=0 gate_no_request=27 down_finish=0 down_cache=0 down_no_request=27 other_finish=0 other_cache=0 other_no_request=0
[svd-local-timeout-profile] up_keep=0 up_drop=0 up_wait=0.000 ms gate_keep=0 gate_drop=0 gate_wait=0.000 ms down_keep=0 down_drop=0 down_wait=0.000 ms other_keep=0 other_drop=0 other_wait=0.000 ms
[svd-offload-client] up_gate_req=0 down_req=0 other_mat_req=0 ffn_req=0 gate_cache_hits=0 gate_cache_checks=0 miss_invalid=0 miss_layer=0 miss_rank=0 miss_hash=0 miss_output=0 miss_data=0 send_up_gate=0.000 ms send_down=0.000 ms send_other=0.000 ms send_ffn=0.000 ms wait_up_gate=0.000 ms wait_down=0.000 ms wait_other=0.000 ms wait_ffn=0.000 ms
[svd-offload-client-stage-profile] rpc_send_total=0.000 ms rpc_wait_total=0.000 ms
[svd-offload-client-debug] finish_fail_up_gate=0 finish_fail_down=0 finish_fail_other=0 finish_fail_ffn=0 cache_take_fail_up=0 cache_take_fail_gate=0 recv_up_sum_abs=0.000000e+00 recv_up_max_abs=0.000000e+00 recv_up_zero=0 recv_gate_sum_abs=0.000000e+00 recv_gate_max_abs=0.000000e+00 recv_gate_zero=0 recv_down_sum_abs=0.000000e+00 recv_down_max_abs=0.000000e+00 recv_down_zero=0 recv_other_sum_abs=0.000000e+00 recv_other_max_abs=0.000000e+00 recv_other_zero=0 recv_ffn_sum_abs=0.000000e+00 recv_ffn_max_abs=0.000000e+00 recv_ffn_zero=0
SUCCEED (one forward pass done)"
4c_balanced_high,6,baseline,odd_0.5,4,"60,61,62,63","20,40,60,80",ok,21.0834,47.4308,1.3570384979248047,"llama_context: graph splits = 1
attach_threadpool: call
threads: decode=4 batch=4
prompt tokens: 4
running one forward pass (llama_decode) ...
Top-5 next-token candidates:
  id=11 logit=20.2053 piece="",""
  id=304 logit=18.9277 piece="" in""
  id=3837 logit=18.7558 piece=""，""
  id=1052 logit=18.5616 piece="" there""
  id=358 logit=17.8374 piece="" I""
Autoregressive generation:
Generated text: ,
Decode-only throughput: 21.0834 tokens/s (1 tokens in 0.0474308 s of llama_decode)
End-to-end throughput: 20.9476 tokens/s (1 tokens in 0.0477382 s)
[decode-stage-profile] model_load=442.209 ms context_create=62.9392 ms tokenize=0.451215 ms prefill_decode=625.029 ms generation_decode=47.4308 ms generation_total=47.7382 ms program_total=1195.33 ms
[svd-local-op-profile] up_ops=56 gate_ops=56 down_ops=56 up_total=45.809 ms gate_total=43.853 ms down_total=51.924 ms up_v=6.604 ms gate_v=6.599 ms down_v=30.931 ms up_u=39.201 ms gate_u=37.249 ms down_u=20.990 ms
[svd-local-stage-profile] attention_total=98.014 ms ffn_total=158.590 ms ffn_svd_total=141.586 ms ffn_svd_v=44.134 ms ffn_svd_u=97.440 ms
[svd-offload-zero-profile] up_finish=0 up_cache=0 up_no_request=27 gate_finish=0 gate_cache=0 gate_no_request=27 down_finish=0 down_cache=0 down_no_request=27 other_finish=0 other_cache=0 other_no_request=0
[svd-local-timeout-profile] up_keep=0 up_drop=0 up_wait=0.000 ms gate_keep=0 gate_drop=0 gate_wait=0.000 ms down_keep=0 down_drop=0 down_wait=0.000 ms other_keep=0 other_drop=0 other_wait=0.000 ms
[svd-offload-client] up_gate_req=0 down_req=0 other_mat_req=0 ffn_req=0 gate_cache_hits=0 gate_cache_checks=0 miss_invalid=0 miss_layer=0 miss_rank=0 miss_hash=0 miss_output=0 miss_data=0 send_up_gate=0.000 ms send_down=0.000 ms send_other=0.000 ms send_ffn=0.000 ms wait_up_gate=0.000 ms wait_down=0.000 ms wait_other=0.000 ms wait_ffn=0.000 ms
[svd-offload-client-stage-profile] rpc_send_total=0.000 ms rpc_wait_total=0.000 ms
[svd-offload-client-debug] finish_fail_up_gate=0 finish_fail_down=0 finish_fail_other=0 finish_fail_ffn=0 cache_take_fail_up=0 cache_take_fail_gate=0 recv_up_sum_abs=0.000000e+00 recv_up_max_abs=0.000000e+00 recv_up_zero=0 recv_gate_sum_abs=0.000000e+00 recv_gate_max_abs=0.000000e+00 recv_gate_zero=0 recv_down_sum_abs=0.000000e+00 recv_down_max_abs=0.000000e+00 recv_down_zero=0 recv_other_sum_abs=0.000000e+00 recv_other_max_abs=0.000000e+00 recv_other_zero=0 recv_ffn_sum_abs=0.000000e+00 recv_ffn_max_abs=0.000000e+00 recv_ffn_zero=0
SUCCEED (one forward pass done)"
4c_balanced_high,6,scheduler,odd_0.5,4,"60,61,62,63","20,40,60,80",ok,19.8856,50.2877,0.8496146202087402,"llama_context: graph splits = 1
attach_threadpool: call
threads: decode=4 batch=4
prompt tokens: 4
running one forward pass (llama_decode) ...
Top-5 next-token candidates:
  id=11 logit=16.8554 piece="",""
  id=304 logit=16.48 piece="" in""
  id=311 logit=16.0556 piece="" to""
  id=279 logit=15.9894 piece="" the""
  id=979 logit=15.8892 piece="" when""
Autoregressive generation:
Generated text: ,
Decode-only throughput: 19.8856 tokens/s (1 tokens in 0.0502877 s of llama_decode)
End-to-end throughput: 19.7638 tokens/s (1 tokens in 0.0505976 s)
[decode-stage-profile] model_load=478.117 ms context_create=57.3035 ms tokenize=0.457857 ms prefill_decode=95.935 ms generation_decode=50.2877 ms generation_total=50.5976 ms program_total=698.888 ms
[svd-local-op-profile] up_ops=56 gate_ops=56 down_ops=56 up_total=39.361 ms gate_total=39.065 ms down_total=29.166 ms up_v=5.925 ms gate_v=5.478 ms down_v=22.892 ms up_u=33.433 ms gate_u=33.581 ms down_u=6.265 ms
[svd-local-stage-profile] attention_total=4.106 ms ffn_total=108.823 ms ffn_svd_total=107.592 ms ffn_svd_v=34.295 ms ffn_svd_u=73.279 ms
[svd-offload-zero-profile] up_finish=0 up_cache=0 up_no_request=27 gate_finish=0 gate_cache=0 gate_no_request=27 down_finish=0 down_cache=0 down_no_request=27 other_finish=0 other_cache=0 other_no_request=0
[svd-local-timeout-profile] up_keep=0 up_drop=0 up_wait=0.000 ms gate_keep=0 gate_drop=0 gate_wait=0.000 ms down_keep=0 down_drop=0 down_wait=0.000 ms other_keep=0 other_drop=0 other_wait=0.000 ms
[svd-offload-client] up_gate_req=0 down_req=0 other_mat_req=0 ffn_req=0 gate_cache_hits=0 gate_cache_checks=0 miss_invalid=0 miss_layer=0 miss_rank=0 miss_hash=0 miss_output=0 miss_data=0 send_up_gate=0.000 ms send_down=0.000 ms send_other=0.000 ms send_ffn=0.000 ms wait_up_gate=0.000 ms wait_down=0.000 ms wait_other=0.000 ms wait_ffn=0.000 ms
[svd-offload-client-stage-profile] rpc_send_total=0.000 ms rpc_wait_total=0.000 ms
[svd-offload-client-debug] finish_fail_up_gate=0 finish_fail_down=0 finish_fail_other=0 finish_fail_ffn=0 cache_take_fail_up=0 cache_take_fail_gate=0 recv_up_sum_abs=0.000000e+00 recv_up_max_abs=0.000000e+00 recv_up_zero=0 recv_gate_sum_abs=0.000000e+00 recv_gate_max_abs=0.000000e+00 recv_gate_zero=0 recv_down_sum_abs=0.000000e+00 recv_down_max_abs=0.000000e+00 recv_down_zero=0 recv_other_sum_abs=0.000000e+00 recv_other_max_abs=0.000000e+00 recv_other_zero=0 recv_ffn_sum_abs=0.000000e+00 recv_ffn_max_abs=0.000000e+00 recv_ffn_zero=0
SUCCEED (one forward pass done)"
4c_front_hot,0,baseline,trunc_even_0.8,4,"60,61,62,63","90,70,20,0",ok,16.5625,60.3775,0.9352211952209473,"llama_context: graph splits = 1
attach_threadpool: call
threads: decode=4 batch=4
prompt tokens: 4
running one forward pass (llama_decode) ...
Top-5 next-token candidates:
  id=11 logit=20.2053 piece="",""
  id=304 logit=18.9277 piece="" in""
  id=3837 logit=18.7558 piece=""，""
  id=1052 logit=18.5616 piece="" there""
  id=358 logit=17.8374 piece="" I""
Autoregressive generation:
Generated text: ,
Decode-only throughput: 16.5625 tokens/s (1 tokens in 0.0603775 s of llama_decode)
End-to-end throughput: 16.4784 tokens/s (1 tokens in 0.0606854 s)
[decode-stage-profile] model_load=383.539 ms context_create=57.4109 ms tokenize=0.45755 ms prefill_decode=257.289 ms generation_decode=60.3775 ms generation_total=60.6854 ms program_total=776.369 ms
[svd-local-op-profile] up_ops=56 gate_ops=56 down_ops=56 up_total=49.504 ms gate_total=50.344 ms down_total=37.885 ms up_v=7.333 ms gate_v=7.210 ms down_v=30.650 ms up_u=42.164 ms gate_u=43.132 ms down_u=7.232 ms
[svd-local-stage-profile] attention_total=50.887 ms ffn_total=139.062 ms ffn_svd_total=137.733 ms ffn_svd_v=45.193 ms ffn_svd_u=92.528 ms
[svd-offload-zero-profile] up_finish=0 up_cache=0 up_no_request=27 gate_finish=0 gate_cache=0 gate_no_request=27 down_finish=0 down_cache=0 down_no_request=27 other_finish=0 other_cache=0 other_no_request=0
[svd-local-timeout-profile] up_keep=0 up_drop=0 up_wait=0.000 ms gate_keep=0 gate_drop=0 gate_wait=0.000 ms down_keep=0 down_drop=0 down_wait=0.000 ms other_keep=0 other_drop=0 other_wait=0.000 ms
[svd-offload-client] up_gate_req=0 down_req=0 other_mat_req=0 ffn_req=0 gate_cache_hits=0 gate_cache_checks=0 miss_invalid=0 miss_layer=0 miss_rank=0 miss_hash=0 miss_output=0 miss_data=0 send_up_gate=0.000 ms send_down=0.000 ms send_other=0.000 ms send_ffn=0.000 ms wait_up_gate=0.000 ms wait_down=0.000 ms wait_other=0.000 ms wait_ffn=0.000 ms
[svd-offload-client-stage-profile] rpc_send_total=0.000 ms rpc_wait_total=0.000 ms
[svd-offload-client-debug] finish_fail_up_gate=0 finish_fail_down=0 finish_fail_other=0 finish_fail_ffn=0 cache_take_fail_up=0 cache_take_fail_gate=0 recv_up_sum_abs=0.000000e+00 recv_up_max_abs=0.000000e+00 recv_up_zero=0 recv_gate_sum_abs=0.000000e+00 recv_gate_max_abs=0.000000e+00 recv_gate_zero=0 recv_down_sum_abs=0.000000e+00 recv_down_max_abs=0.000000e+00 recv_down_zero=0 recv_other_sum_abs=0.000000e+00 recv_other_max_abs=0.000000e+00 recv_other_zero=0 recv_ffn_sum_abs=0.000000e+00 recv_ffn_max_abs=0.000000e+00 recv_ffn_zero=0
SUCCEED (one forward pass done)"
4c_front_hot,0,scheduler,trunc_even_0.8,4,"60,61,62,63","90,70,20,0",ok,23.3527,42.8216,1.1910552978515625,"llama_context: graph splits = 1
attach_threadpool: call
threads: decode=4 batch=4
prompt tokens: 4
running one forward pass (llama_decode) ...
Top-5 next-token candidates:
  id=3 logit=0 piece=""$""
  id=4 logit=0 piece=""%""
  id=1 logit=0 piece=""""""
  id=0 logit=0 piece=""!""
  id=2 logit=0 piece=""#""
Autoregressive generation:
Generated text: !
Decode-only throughput: 23.3527 tokens/s (1 tokens in 0.0428216 s of llama_decode)
End-to-end throughput: 23.1855 tokens/s (1 tokens in 0.0431303 s)
[decode-stage-profile] model_load=389.894 ms context_create=58.1736 ms tokenize=0.46942 ms prefill_decode=522.464 ms generation_decode=42.8216 ms generation_total=43.1303 ms program_total=1031.24 ms
[svd-local-op-profile] up_ops=56 gate_ops=56 down_ops=56 up_total=55.431 ms gate_total=43.103 ms down_total=43.908 ms up_v=11.292 ms gate_v=4.246 ms down_v=24.313 ms up_u=44.135 ms gate_u=38.853 ms down_u=19.593 ms
[svd-local-stage-profile] attention_total=106.412 ms ffn_total=167.369 ms ffn_svd_total=142.442 ms ffn_svd_v=39.851 ms ffn_svd_u=102.581 ms
[svd-offload-zero-profile] up_finish=0 up_cache=0 up_no_request=27 gate_finish=0 gate_cache=0 gate_no_request=27 down_finish=0 down_cache=0 down_no_request=27 other_finish=0 other_cache=0 other_no_request=0
[svd-local-timeout-profile] up_keep=0 up_drop=0 up_wait=0.000 ms gate_keep=0 gate_drop=0 gate_wait=0.000 ms down_keep=0 down_drop=0 down_wait=0.000 ms other_keep=0 other_drop=0 other_wait=0.000 ms
[svd-offload-client] up_gate_req=0 down_req=0 other_mat_req=0 ffn_req=0 gate_cache_hits=0 gate_cache_checks=0 miss_invalid=0 miss_layer=0 miss_rank=0 miss_hash=0 miss_output=0 miss_data=0 send_up_gate=0.000 ms send_down=0.000 ms send_other=0.000 ms send_ffn=0.000 ms wait_up_gate=0.000 ms wait_down=0.000 ms wait_other=0.000 ms wait_ffn=0.000 ms
[svd-offload-client-stage-profile] rpc_send_total=0.000 ms rpc_wait_total=0.000 ms
[svd-offload-client-debug] finish_fail_up_gate=0 finish_fail_down=0 finish_fail_other=0 finish_fail_ffn=0 cache_take_fail_up=0 cache_take_fail_gate=0 recv_up_sum_abs=0.000000e+00 recv_up_max_abs=0.000000e+00 recv_up_zero=0 recv_gate_sum_abs=0.000000e+00 recv_gate_max_abs=0.000000e+00 recv_gate_zero=0 recv_down_sum_abs=0.000000e+00 recv_down_max_abs=0.000000e+00 recv_down_zero=0 recv_other_sum_abs=0.000000e+00 recv_other_max_abs=0.000000e+00 recv_other_zero=0 recv_ffn_sum_abs=0.000000e+00 recv_ffn_max_abs=0.000000e+00 recv_ffn_zero=0
SUCCEED (one forward pass done)"
4c_front_hot,1,baseline,trunc_even_0.8,4,"60,61,62,63","90,70,20,0",ok,17.9274,55.7806,1.403817892074585,"llama_context: graph splits = 1
attach_threadpool: call
threads: decode=4 batch=4
prompt tokens: 4
running one forward pass (llama_decode) ...
Top-5 next-token candidates:
  id=11 logit=20.2053 piece="",""
  id=304 logit=18.9277 piece="" in""
  id=3837 logit=18.7558 piece=""，""
  id=1052 logit=18.5616 piece="" there""
  id=358 logit=17.8374 piece="" I""
Autoregressive generation:
Generated text: ,
Decode-only throughput: 17.9274 tokens/s (1 tokens in 0.0557806 s of llama_decode)
End-to-end throughput: 17.8271 tokens/s (1 tokens in 0.0560943 s)
[decode-stage-profile] model_load=397.17 ms context_create=58.7713 ms tokenize=0.466006 ms prefill_decode=713.868 ms generation_decode=55.7806 ms generation_total=56.0943 ms program_total=1244.14 ms
[svd-local-op-profile] up_ops=56 gate_ops=56 down_ops=56 up_total=66.362 ms gate_total=68.577 ms down_total=70.804 ms up_v=14.296 ms gate_v=13.989 ms down_v=37.088 ms up_u=52.061 ms gate_u=54.581 ms down_u=33.714 ms
[svd-local-stage-profile] attention_total=154.771 ms ffn_total=239.966 ms ffn_svd_total=205.743 ms ffn_svd_v=65.373 ms ffn_svd_u=140.356 ms
[svd-offload-zero-profile] up_finish=0 up_cache=0 up_no_request=27 gate_finish=0 gate_cache=0 gate_no_request=27 down_finish=0 down_cache=0 down_no_request=27 other_finish=0 other_cache=0 other_no_request=0
[svd-local-timeout-profile] up_keep=0 up_drop=0 up_wait=0.000 ms gate_keep=0 gate_drop=0 gate_wait=0.000 ms down_keep=0 down_drop=0 down_wait=0.000 ms other_keep=0 other_drop=0 other_wait=0.000 ms
[svd-offload-client] up_gate_req=0 down_req=0 other_mat_req=0 ffn_req=0 gate_cache_hits=0 gate_cache_checks=0 miss_invalid=0 miss_layer=0 miss_rank=0 miss_hash=0 miss_output=0 miss_data=0 send_up_gate=0.000 ms send_down=0.000 ms send_other=0.000 ms send_ffn=0.000 ms wait_up_gate=0.000 ms wait_down=0.000 ms wait_other=0.000 ms wait_ffn=0.000 ms
[svd-offload-client-stage-profile] rpc_send_total=0.000 ms rpc_wait_total=0.000 ms
[svd-offload-client-debug] finish_fail_up_gate=0 finish_fail_down=0 finish_fail_other=0 finish_fail_ffn=0 cache_take_fail_up=0 cache_take_fail_gate=0 recv_up_sum_abs=0.000000e+00 recv_up_max_abs=0.000000e+00 recv_up_zero=0 recv_gate_sum_abs=0.000000e+00 recv_gate_max_abs=0.000000e+00 recv_gate_zero=0 recv_down_sum_abs=0.000000e+00 recv_down_max_abs=0.000000e+00 recv_down_zero=0 recv_other_sum_abs=0.000000e+00 recv_other_max_abs=0.000000e+00 recv_other_zero=0 recv_ffn_sum_abs=0.000000e+00 recv_ffn_max_abs=0.000000e+00 recv_ffn_zero=0
SUCCEED (one forward pass done)"
4c_front_hot,1,scheduler,trunc_even_0.8,4,"60,61,62,63","90,70,20,0",ok,20.3409,49.162,0.9631948471069336,"llama_context: graph splits = 1
attach_threadpool: call
threads: decode=4 batch=4
prompt tokens: 4
running one forward pass (llama_decode) ...
Top-5 next-token candidates:
  id=3 logit=0 piece=""$""
  id=4 logit=0 piece=""%""
  id=1 logit=0 piece=""""""
  id=0 logit=0 piece=""!""
  id=2 logit=0 piece=""#""
Autoregressive generation:
Generated text: !
Decode-only throughput: 20.3409 tokens/s (1 tokens in 0.049162 s of llama_decode)
End-to-end throughput: 20.2111 tokens/s (1 tokens in 0.0494778 s)
[decode-stage-profile] model_load=391.439 ms context_create=55.9998 ms tokenize=0.482789 ms prefill_decode=283.595 ms generation_decode=49.162 ms generation_total=49.4778 ms program_total=797.989 ms
[svd-local-op-profile] up_ops=56 gate_ops=56 down_ops=56 up_total=35.389 ms gate_total=38.504 ms down_total=24.296 ms up_v=4.689 ms gate_v=4.604 ms down_v=18.615 ms up_u=30.699 ms gate_u=33.897 ms down_u=5.672 ms
[svd-local-stage-profile] attention_total=43.879 ms ffn_total=99.482 ms ffn_svd_total=98.189 ms ffn_svd_v=27.908 ms ffn_svd_u=70.268 ms
[svd-offload-zero-profile] up_finish=0 up_cache=0 up_no_request=27 gate_finish=0 gate_cache=0 gate_no_request=27 down_finish=0 down_cache=0 down_no_request=27 other_finish=0 other_cache=0 other_no_request=0
[svd-local-timeout-profile] up_keep=0 up_drop=0 up_wait=0.000 ms gate_keep=0 gate_drop=0 gate_wait=0.000 ms down_keep=0 down_drop=0 down_wait=0.000 ms other_keep=0 other_drop=0 other_wait=0.000 ms
[svd-offload-client] up_gate_req=0 down_req=0 other_mat_req=0 ffn_req=0 gate_cache_hits=0 gate_cache_checks=0 miss_invalid=0 miss_layer=0 miss_rank=0 miss_hash=0 miss_output=0 miss_data=0 send_up_gate=0.000 ms send_down=0.000 ms send_other=0.000 ms send_ffn=0.000 ms wait_up_gate=0.000 ms wait_down=0.000 ms wait_other=0.000 ms wait_ffn=0.000 ms
[svd-offload-client-stage-profile] rpc_send_total=0.000 ms rpc_wait_total=0.000 ms
[svd-offload-client-debug] finish_fail_up_gate=0 finish_fail_down=0 finish_fail_other=0 finish_fail_ffn=0 cache_take_fail_up=0 cache_take_fail_gate=0 recv_up_sum_abs=0.000000e+00 recv_up_max_abs=0.000000e+00 recv_up_zero=0 recv_gate_sum_abs=0.000000e+00 recv_gate_max_abs=0.000000e+00 recv_gate_zero=0 recv_down_sum_abs=0.000000e+00 recv_down_max_abs=0.000000e+00 recv_down_zero=0 recv_other_sum_abs=0.000000e+00 recv_other_max_abs=0.000000e+00 recv_other_zero=0 recv_ffn_sum_abs=0.000000e+00 recv_ffn_max_abs=0.000000e+00 recv_ffn_zero=0
SUCCEED (one forward pass done)"
4c_front_hot,2,baseline,trunc_even_0.8,4,"60,61,62,63","90,70,20,0",ok,18.5456,53.9211,2.2052555084228516,"llama_context: graph splits = 1
attach_threadpool: call
threads: decode=4 batch=4
prompt tokens: 4
running one forward pass (llama_decode) ...
Top-5 next-token candidates:
  id=11 logit=20.2053 piece="",""
  id=304 logit=18.9277 piece="" in""
  id=3837 logit=18.7558 piece=""，""
  id=1052 logit=18.5616 piece="" there""
  id=358 logit=17.8374 piece="" I""
Autoregressive generation:
Generated text: ,
Decode-only throughput: 18.5456 tokens/s (1 tokens in 0.0539211 s of llama_decode)
End-to-end throughput: 18.4362 tokens/s (1 tokens in 0.0542411 s)
[decode-stage-profile] model_load=386.372 ms context_create=58.5387 ms tokenize=0.454119 ms prefill_decode=1515.28 ms generation_decode=53.9211 ms generation_total=54.2411 ms program_total=2032.38 ms
[svd-local-op-profile] up_ops=56 gate_ops=56 down_ops=56 up_total=101.396 ms gate_total=106.919 ms down_total=121.464 ms up_v=26.539 ms gate_v=26.553 ms down_v=53.339 ms up_u=74.852 ms gate_u=80.361 ms down_u=68.120 ms
[svd-local-stage-profile] attention_total=196.300 ms ffn_total=446.091 ms ffn_svd_total=329.779 ms ffn_svd_v=106.431 ms ffn_svd_u=223.333 ms
[svd-offload-zero-profile] up_finish=0 up_cache=0 up_no_request=27 gate_finish=0 gate_cache=0 gate_no_request=27 down_finish=0 down_cache=0 down_no_request=27 other_finish=0 other_cache=0 other_no_request=0
[svd-local-timeout-profile] up_keep=0 up_drop=0 up_wait=0.000 ms gate_keep=0 gate_drop=0 gate_wait=0.000 ms down_keep=0 down_drop=0 down_wait=0.000 ms other_keep=0 other_drop=0 other_wait=0.000 ms
[svd-offload-client] up_gate_req=0 down_req=0 other_mat_req=0 ffn_req=0 gate_cache_hits=0 gate_cache_checks=0 miss_invalid=0 miss_layer=0 miss_rank=0 miss_hash=0 miss_output=0 miss_data=0 send_up_gate=0.000 ms send_down=0.000 ms send_other=0.000 ms send_ffn=0.000 ms wait_up_gate=0.000 ms wait_down=0.000 ms wait_other=0.000 ms wait_ffn=0.000 ms
[svd-offload-client-stage-profile] rpc_send_total=0.000 ms rpc_wait_total=0.000 ms
[svd-offload-client-debug] finish_fail_up_gate=0 finish_fail_down=0 finish_fail_other=0 finish_fail_ffn=0 cache_take_fail_up=0 cache_take_fail_gate=0 recv_up_sum_abs=0.000000e+00 recv_up_max_abs=0.000000e+00 recv_up_zero=0 recv_gate_sum_abs=0.000000e+00 recv_gate_max_abs=0.000000e+00 recv_gate_zero=0 recv_down_sum_abs=0.000000e+00 recv_down_max_abs=0.000000e+00 recv_down_zero=0 recv_other_sum_abs=0.000000e+00 recv_other_max_abs=0.000000e+00 recv_other_zero=0 recv_ffn_sum_abs=0.000000e+00 recv_ffn_max_abs=0.000000e+00 recv_ffn_zero=0
SUCCEED (one forward pass done)"
4c_front_hot,2,scheduler,trunc_even_0.8,4,"60,61,62,63","90,70,20,0",ok,4.72757,211.525,1.4501686096191406,"llama_context: graph splits = 1
attach_threadpool: call
threads: decode=4 batch=4
prompt tokens: 4
running one forward pass (llama_decode) ...
Top-5 next-token candidates:
  id=3 logit=0 piece=""$""
  id=4 logit=0 piece=""%""
  id=1 logit=0 piece=""""""
  id=0 logit=0 piece=""!""
  id=2 logit=0 piece=""#""
Autoregressive generation:
Generated text: !
Decode-only throughput: 4.72757 tokens/s (1 tokens in 0.211525 s of llama_decode)
End-to-end throughput: 4.72011 tokens/s (1 tokens in 0.21186 s)
[decode-stage-profile] model_load=388.718 ms context_create=59.3843 ms tokenize=0.474153 ms prefill_decode=613.332 ms generation_decode=211.525 ms generation_total=211.86 ms program_total=1292.21 ms
[svd-local-op-profile] up_ops=56 gate_ops=56 down_ops=56 up_total=65.581 ms gate_total=63.648 ms down_total=50.921 ms up_v=15.311 ms gate_v=15.560 ms down_v=28.300 ms up_u=50.262 ms gate_u=48.077 ms down_u=22.615 ms
[svd-local-stage-profile] attention_total=107.928 ms ffn_total=262.885 ms ffn_svd_total=180.150 ms ffn_svd_v=59.171 ms ffn_svd_u=120.954 ms
[svd-offload-zero-profile] up_finish=0 up_cache=0 up_no_request=27 gate_finish=0 gate_cache=0 gate_no_request=27 down_finish=0 down_cache=0 down_no_request=27 other_finish=0 other_cache=0 other_no_request=0
[svd-local-timeout-profile] up_keep=0 up_drop=0 up_wait=0.000 ms gate_keep=0 gate_drop=0 gate_wait=0.000 ms down_keep=0 down_drop=0 down_wait=0.000 ms other_keep=0 other_drop=0 other_wait=0.000 ms
[svd-offload-client] up_gate_req=0 down_req=0 other_mat_req=0 ffn_req=0 gate_cache_hits=0 gate_cache_checks=0 miss_invalid=0 miss_layer=0 miss_rank=0 miss_hash=0 miss_output=0 miss_data=0 send_up_gate=0.000 ms send_down=0.000 ms send_other=0.000 ms send_ffn=0.000 ms wait_up_gate=0.000 ms wait_down=0.000 ms wait_other=0.000 ms wait_ffn=0.000 ms
[svd-offload-client-stage-profile] rpc_send_total=0.000 ms rpc_wait_total=0.000 ms
[svd-offload-client-debug] finish_fail_up_gate=0 finish_fail_down=0 finish_fail_other=0 finish_fail_ffn=0 cache_take_fail_up=0 cache_take_fail_gate=0 recv_up_sum_abs=0.000000e+00 recv_up_max_abs=0.000000e+00 recv_up_zero=0 recv_gate_sum_abs=0.000000e+00 recv_gate_max_abs=0.000000e+00 recv_gate_zero=0 recv_down_sum_abs=0.000000e+00 recv_down_max_abs=0.000000e+00 recv_down_zero=0 recv_other_sum_abs=0.000000e+00 recv_other_max_abs=0.000000e+00 recv_other_zero=0 recv_ffn_sum_abs=0.000000e+00 recv_ffn_max_abs=0.000000e+00 recv_ffn_zero=0
SUCCEED (one forward pass done)"
4c_front_hot,3,baseline,trunc_even_0.8,4,"60,61,62,63","90,70,20,0",ok,18.1634,55.0558,1.3451337814331055,"llama_context: graph splits = 1
attach_threadpool: call
threads: decode=4 batch=4
prompt tokens: 4
running one forward pass (llama_decode) ...
Top-5 next-token candidates:
  id=11 logit=20.2053 piece="",""
  id=304 logit=18.9277 piece="" in""
  id=3837 logit=18.7558 piece=""，""
  id=1052 logit=18.5616 piece="" there""
  id=358 logit=17.8374 piece="" I""
Autoregressive generation:
Generated text: ,
Decode-only throughput: 18.1634 tokens/s (1 tokens in 0.0550558 s of llama_decode)
End-to-end throughput: 18.0594 tokens/s (1 tokens in 0.0553728 s)
[decode-stage-profile] model_load=391.909 ms context_create=57.2141 ms tokenize=0.454721 ms prefill_decode=670.101 ms generation_decode=55.0558 ms generation_total=55.3728 ms program_total=1192.06 ms
[svd-local-op-profile] up_ops=56 gate_ops=56 down_ops=56 up_total=80.991 ms gate_total=66.549 ms down_total=72.511 ms up_v=14.136 ms gate_v=14.091 ms down_v=43.070 ms up_u=66.851 ms gate_u=52.453 ms down_u=29.436 ms
[svd-local-stage-profile] attention_total=108.144 ms ffn_total=263.136 ms ffn_svd_total=220.051 ms ffn_svd_v=71.297 ms ffn_svd_u=148.740 ms
[svd-offload-zero-profile] up_finish=0 up_cache=0 up_no_request=27 gate_finish=0 gate_cache=0 gate_no_request=27 down_finish=0 down_cache=0 down_no_request=27 other_finish=0 other_cache=0 other_no_request=0
[svd-local-timeout-profile] up_keep=0 up_drop=0 up_wait=0.000 ms gate_keep=0 gate_drop=0 gate_wait=0.000 ms down_keep=0 down_drop=0 down_wait=0.000 ms other_keep=0 other_drop=0 other_wait=0.000 ms
[svd-offload-client] up_gate_req=0 down_req=0 other_mat_req=0 ffn_req=0 gate_cache_hits=0 gate_cache_checks=0 miss_invalid=0 miss_layer=0 miss_rank=0 miss_hash=0 miss_output=0 miss_data=0 send_up_gate=0.000 ms send_down=0.000 ms send_other=0.000 ms send_ffn=0.000 ms wait_up_gate=0.000 ms wait_down=0.000 ms wait_other=0.000 ms wait_ffn=0.000 ms
[svd-offload-client-stage-profile] rpc_send_total=0.000 ms rpc_wait_total=0.000 ms
[svd-offload-client-debug] finish_fail_up_gate=0 finish_fail_down=0 finish_fail_other=0 finish_fail_ffn=0 cache_take_fail_up=0 cache_take_fail_gate=0 recv_up_sum_abs=0.000000e+00 recv_up_max_abs=0.000000e+00 recv_up_zero=0 recv_gate_sum_abs=0.000000e+00 recv_gate_max_abs=0.000000e+00 recv_gate_zero=0 recv_down_sum_abs=0.000000e+00 recv_down_max_abs=0.000000e+00 recv_down_zero=0 recv_other_sum_abs=0.000000e+00 recv_other_max_abs=0.000000e+00 recv_other_zero=0 recv_ffn_sum_abs=0.000000e+00 recv_ffn_max_abs=0.000000e+00 recv_ffn_zero=0
SUCCEED (one forward pass done)"
4c_front_hot,3,scheduler,trunc_even_0.8,4,"60,61,62,63","90,70,20,0",ok,21.1527,47.2753,0.9839930534362793,"llama_context: graph splits = 1
attach_threadpool: call
threads: decode=4 batch=4
prompt tokens: 4
running one forward pass (llama_decode) ...
Top-5 next-token candidates:
  id=3 logit=0 piece=""$""
  id=4 logit=0 piece=""%""
  id=1 logit=0 piece=""""""
  id=0 logit=0 piece=""!""
  id=2 logit=0 piece=""#""
Autoregressive generation:
Generated text: !
Decode-only throughput: 21.1527 tokens/s (1 tokens in 0.0472753 s of llama_decode)
End-to-end throughput: 21.0064 tokens/s (1 tokens in 0.0476046 s)
[decode-stage-profile] model_load=381.359 ms context_create=68.5052 ms tokenize=0.816114 ms prefill_decode=312.067 ms generation_decode=47.2753 ms generation_total=47.6046 ms program_total=827.662 ms
[svd-local-op-profile] up_ops=56 gate_ops=56 down_ops=56 up_total=37.274 ms gate_total=33.471 ms down_total=22.989 ms up_v=4.297 ms gate_v=4.348 ms down_v=17.687 ms up_u=32.970 ms gate_u=29.118 ms down_u=5.298 ms
[svd-local-stage-profile] attention_total=46.301 ms ffn_total=95.013 ms ffn_svd_total=93.734 ms ffn_svd_v=26.332 ms ffn_svd_u=67.386 ms
[svd-offload-zero-profile] up_finish=0 up_cache=0 up_no_request=27 gate_finish=0 gate_cache=0 gate_no_request=27 down_finish=0 down_cache=0 down_no_request=27 other_finish=0 other_cache=0 other_no_request=0
[svd-local-timeout-profile] up_keep=0 up_drop=0 up_wait=0.000 ms gate_keep=0 gate_drop=0 gate_wait=0.000 ms down_keep=0 down_drop=0 down_wait=0.000 ms other_keep=0 other_drop=0 other_wait=0.000 ms
[svd-offload-client] up_gate_req=0 down_req=0 other_mat_req=0 ffn_req=0 gate_cache_hits=0 gate_cache_checks=0 miss_invalid=0 miss_layer=0 miss_rank=0 miss_hash=0 miss_output=0 miss_data=0 send_up_gate=0.000 ms send_down=0.000 ms send_other=0.000 ms send_ffn=0.000 ms wait_up_gate=0.000 ms wait_down=0.000 ms wait_other=0.000 ms wait_ffn=0.000 ms
[svd-offload-client-stage-profile] rpc_send_total=0.000 ms rpc_wait_total=0.000 ms
[svd-offload-client-debug] finish_fail_up_gate=0 finish_fail_down=0 finish_fail_other=0 finish_fail_ffn=0 cache_take_fail_up=0 cache_take_fail_gate=0 recv_up_sum_abs=0.000000e+00 recv_up_max_abs=0.000000e+00 recv_up_zero=0 recv_gate_sum_abs=0.000000e+00 recv_gate_max_abs=0.000000e+00 recv_gate_zero=0 recv_down_sum_abs=0.000000e+00 recv_down_max_abs=0.000000e+00 recv_down_zero=0 recv_other_sum_abs=0.000000e+00 recv_other_max_abs=0.000000e+00 recv_other_zero=0 recv_ffn_sum_abs=0.000000e+00 recv_ffn_max_abs=0.000000e+00 recv_ffn_zero=0
SUCCEED (one forward pass done)"
4c_front_hot,4,baseline,trunc_even_0.8,4,"60,61,62,63","90,70,20,0",ok,4.79738,208.447,1.5530610084533691,"llama_context: graph splits = 1
attach_threadpool: call
threads: decode=4 batch=4
prompt tokens: 4
running one forward pass (llama_decode) ...
Top-5 next-token candidates:
  id=11 logit=20.2053 piece="",""
  id=304 logit=18.9277 piece="" in""
  id=3837 logit=18.7558 piece=""，""
  id=1052 logit=18.5616 piece="" there""
  id=358 logit=17.8374 piece="" I""
Autoregressive generation:
Generated text: ,
Decode-only throughput: 4.79738 tokens/s (1 tokens in 0.208447 s of llama_decode)
End-to-end throughput: 4.79018 tokens/s (1 tokens in 0.20876 s)
[decode-stage-profile] model_load=389.895 ms context_create=69.2797 ms tokenize=0.459669 ms prefill_decode=678.923 ms generation_decode=208.447 ms generation_total=208.76 ms program_total=1364.23 ms
[svd-local-op-profile] up_ops=56 gate_ops=56 down_ops=56 up_total=56.163 ms gate_total=53.043 ms down_total=56.997 ms up_v=8.607 ms gate_v=12.120 ms down_v=33.183 ms up_u=47.548 ms gate_u=40.919 ms down_u=23.805 ms
[svd-local-stage-profile] attention_total=142.946 ms ffn_total=221.564 ms ffn_svd_total=166.203 ms ffn_svd_v=53.910 ms ffn_svd_u=112.272 ms
[svd-offload-zero-profile] up_finish=0 up_cache=0 up_no_request=27 gate_finish=0 gate_cache=0 gate_no_request=27 down_finish=0 down_cache=0 down_no_request=27 other_finish=0 other_cache=0 other_no_request=0
[svd-local-timeout-profile] up_keep=0 up_drop=0 up_wait=0.000 ms gate_keep=0 gate_drop=0 gate_wait=0.000 ms down_keep=0 down_drop=0 down_wait=0.000 ms other_keep=0 other_drop=0 other_wait=0.000 ms
[svd-offload-client] up_gate_req=0 down_req=0 other_mat_req=0 ffn_req=0 gate_cache_hits=0 gate_cache_checks=0 miss_invalid=0 miss_layer=0 miss_rank=0 miss_hash=0 miss_output=0 miss_data=0 send_up_gate=0.000 ms send_down=0.000 ms send_other=0.000 ms send_ffn=0.000 ms wait_up_gate=0.000 ms wait_down=0.000 ms wait_other=0.000 ms wait_ffn=0.000 ms
[svd-offload-client-stage-profile] rpc_send_total=0.000 ms rpc_wait_total=0.000 ms
[svd-offload-client-debug] finish_fail_up_gate=0 finish_fail_down=0 finish_fail_other=0 finish_fail_ffn=0 cache_take_fail_up=0 cache_take_fail_gate=0 recv_up_sum_abs=0.000000e+00 recv_up_max_abs=0.000000e+00 recv_up_zero=0 recv_gate_sum_abs=0.000000e+00 recv_gate_max_abs=0.000000e+00 recv_gate_zero=0 recv_down_sum_abs=0.000000e+00 recv_down_max_abs=0.000000e+00 recv_down_zero=0 recv_other_sum_abs=0.000000e+00 recv_other_max_abs=0.000000e+00 recv_other_zero=0 recv_ffn_sum_abs=0.000000e+00 recv_ffn_max_abs=0.000000e+00 recv_ffn_zero=0
SUCCEED (one forward pass done)"
4c_front_hot,4,scheduler,trunc_even_0.8,4,"60,61,62,63","90,70,20,0",ok,19.3334,51.724,0.7305240631103516,"llama_context: graph splits = 1
attach_threadpool: call
threads: decode=4 batch=4
prompt tokens: 4
running one forward pass (llama_decode) ...
Top-5 next-token candidates:
  id=3 logit=0 piece=""$""
  id=4 logit=0 piece=""%""
  id=1 logit=0 piece=""""""
  id=0 logit=0 piece=""!""
  id=2 logit=0 piece=""#""
Autoregressive generation:
Generated text: !
Decode-only throughput: 19.3334 tokens/s (1 tokens in 0.051724 s of llama_decode)
End-to-end throughput: 19.2216 tokens/s (1 tokens in 0.0520249 s)
[decode-stage-profile] model_load=379.853 ms context_create=57.6326 ms tokenize=0.46031 ms prefill_decode=82.4439 ms generation_decode=51.724 ms generation_total=52.0249 ms program_total=588.91 ms
[svd-local-op-profile] up_ops=56 gate_ops=56 down_ops=56 up_total=38.026 ms gate_total=34.982 ms down_total=23.992 ms up_v=4.610 ms gate_v=4.613 ms down_v=18.416 ms up_u=33.413 ms gate_u=30.364 ms down_u=5.574 ms
[svd-local-stage-profile] attention_total=1.310 ms ffn_total=98.989 ms ffn_svd_total=97.000 ms ffn_svd_v=27.639 ms ffn_svd_u=69.351 ms
[svd-offload-zero-profile] up_finish=0 up_cache=0 up_no_request=27 gate_finish=0 gate_cache=0 gate_no_request=27 down_finish=0 down_cache=0 down_no_request=27 other_finish=0 other_cache=0 other_no_request=0
[svd-local-timeout-profile] up_keep=0 up_drop=0 up_wait=0.000 ms gate_keep=0 gate_drop=0 gate_wait=0.000 ms down_keep=0 down_drop=0 down_wait=0.000 ms other_keep=0 other_drop=0 other_wait=0.000 ms
[svd-offload-client] up_gate_req=0 down_req=0 other_mat_req=0 ffn_req=0 gate_cache_hits=0 gate_cache_checks=0 miss_invalid=0 miss_layer=0 miss_rank=0 miss_hash=0 miss_output=0 miss_data=0 send_up_gate=0.000 ms send_down=0.000 ms send_other=0.000 ms send_ffn=0.000 ms wait_up_gate=0.000 ms wait_down=0.000 ms wait_other=0.000 ms wait_ffn=0.000 ms
[svd-offload-client-stage-profile] rpc_send_total=0.000 ms rpc_wait_total=0.000 ms
[svd-offload-client-debug] finish_fail_up_gate=0 finish_fail_down=0 finish_fail_other=0 finish_fail_ffn=0 cache_take_fail_up=0 cache_take_fail_gate=0 recv_up_sum_abs=0.000000e+00 recv_up_max_abs=0.000000e+00 recv_up_zero=0 recv_gate_sum_abs=0.000000e+00 recv_gate_max_abs=0.000000e+00 recv_gate_zero=0 recv_down_sum_abs=0.000000e+00 recv_down_max_abs=0.000000e+00 recv_down_zero=0 recv_other_sum_abs=0.000000e+00 recv_other_max_abs=0.000000e+00 recv_other_zero=0 recv_ffn_sum_abs=0.000000e+00 recv_ffn_max_abs=0.000000e+00 recv_ffn_zero=0
SUCCEED (one forward pass done)"
4c_front_hot,5,baseline,trunc_even_0.8,4,"60,61,62,63","90,70,20,0",ok,17.8337,56.0736,0.9448697566986084,"llama_context: graph splits = 1
attach_threadpool: call
threads: decode=4 batch=4
prompt tokens: 4
running one forward pass (llama_decode) ...
Top-5 next-token candidates:
  id=11 logit=20.2053 piece="",""
  id=304 logit=18.9277 piece="" in""
  id=3837 logit=18.7558 piece=""，""
  id=1052 logit=18.5616 piece="" there""
  id=358 logit=17.8374 piece="" I""
Autoregressive generation:
Generated text: ,
Decode-only throughput: 17.8337 tokens/s (1 tokens in 0.0560736 s of llama_decode)
End-to-end throughput: 17.7368 tokens/s (1 tokens in 0.0563801 s)
[decode-stage-profile] model_load=407.856 ms context_create=55.4478 ms tokenize=0.465271 ms prefill_decode=248.439 ms generation_decode=56.0736 ms generation_total=56.3801 ms program_total=785.423 ms
[svd-local-op-profile] up_ops=56 gate_ops=56 down_ops=56 up_total=53.354 ms gate_total=46.409 ms down_total=37.508 ms up_v=7.242 ms gate_v=7.123 ms down_v=30.385 ms up_u=46.106 ms gate_u=39.283 ms down_u=7.117 ms
[svd-local-stage-profile] attention_total=43.404 ms ffn_total=138.494 ms ffn_svd_total=137.271 ms ffn_svd_v=44.750 ms ffn_svd_u=92.506 ms
[svd-offload-zero-profile] up_finish=0 up_cache=0 up_no_request=27 gate_finish=0 gate_cache=0 gate_no_request=27 down_finish=0 down_cache=0 down_no_request=27 other_finish=0 other_cache=0 other_no_request=0
[svd-local-timeout-profile] up_keep=0 up_drop=0 up_wait=0.000 ms gate_keep=0 gate_drop=0 gate_wait=0.000 ms down_keep=0 down_drop=0 down_wait=0.000 ms other_keep=0 other_drop=0 other_wait=0.000 ms
[svd-offload-client] up_gate_req=0 down_req=0 other_mat_req=0 ffn_req=0 gate_cache_hits=0 gate_cache_checks=0 miss_invalid=0 miss_layer=0 miss_rank=0 miss_hash=0 miss_output=0 miss_data=0 send_up_gate=0.000 ms send_down=0.000 ms send_other=0.000 ms send_ffn=0.000 ms wait_up_gate=0.000 ms wait_down=0.000 ms wait_other=0.000 ms wait_ffn=0.000 ms
[svd-offload-client-stage-profile] rpc_send_total=0.000 ms rpc_wait_total=0.000 ms
[svd-offload-client-debug] finish_fail_up_gate=0 finish_fail_down=0 finish_fail_other=0 finish_fail_ffn=0 cache_take_fail_up=0 cache_take_fail_gate=0 recv_up_sum_abs=0.000000e+00 recv_up_max_abs=0.000000e+00 recv_up_zero=0 recv_gate_sum_abs=0.000000e+00 recv_gate_max_abs=0.000000e+00 recv_gate_zero=0 recv_down_sum_abs=0.000000e+00 recv_down_max_abs=0.000000e+00 recv_down_zero=0 recv_other_sum_abs=0.000000e+00 recv_other_max_abs=0.000000e+00 recv_other_zero=0 recv_ffn_sum_abs=0.000000e+00 recv_ffn_max_abs=0.000000e+00 recv_ffn_zero=0
SUCCEED (one forward pass done)"
4c_front_hot,5,scheduler,trunc_even_0.8,4,"60,61,62,63","90,70,20,0",ok,21.0664,47.4689,3.061728000640869,"llama_context: graph splits = 1
attach_threadpool: call
threads: decode=4 batch=4
prompt tokens: 4
running one forward pass (llama_decode) ...
Top-5 next-token candidates:
  id=3 logit=0 piece=""$""
  id=4 logit=0 piece=""%""
  id=1 logit=0 piece=""""""
  id=0 logit=0 piece=""!""
  id=2 logit=0 piece=""#""
Autoregressive generation:
Generated text: !
Decode-only throughput: 21.0664 tokens/s (1 tokens in 0.0474689 s of llama_decode)
End-to-end throughput: 20.9244 tokens/s (1 tokens in 0.0477911 s)
[decode-stage-profile] model_load=419.455 ms context_create=55.4327 ms tokenize=0.457145 ms prefill_decode=2350.79 ms generation_decode=47.4689 ms generation_total=47.7911 ms program_total=2891.31 ms
[svd-local-op-profile] up_ops=56 gate_ops=56 down_ops=56 up_total=150.123 ms gate_total=125.100 ms down_total=168.182 ms up_v=45.896 ms gate_v=34.832 ms down_v=62.955 ms up_u=104.217 ms gate_u=90.262 ms down_u=105.223 ms
[svd-local-stage-profile] attention_total=385.627 ms ffn_total=614.938 ms ffn_svd_total=443.405 ms ffn_svd_v=143.683 ms ffn_svd_u=299.702 ms
[svd-offload-zero-profile] up_finish=0 up_cache=0 up_no_request=27 gate_finish=0 gate_cache=0 gate_no_request=27 down_finish=0 down_cache=0 down_no_request=27 other_finish=0 other_cache=0 other_no_request=0
[svd-local-timeout-profile] up_keep=0 up_drop=0 up_wait=0.000 ms gate_keep=0 gate_drop=0 gate_wait=0.000 ms down_keep=0 down_drop=0 down_wait=0.000 ms other_keep=0 other_drop=0 other_wait=0.000 ms
[svd-offload-client] up_gate_req=0 down_req=0 other_mat_req=0 ffn_req=0 gate_cache_hits=0 gate_cache_checks=0 miss_invalid=0 miss_layer=0 miss_rank=0 miss_hash=0 miss_output=0 miss_data=0 send_up_gate=0.000 ms send_down=0.000 ms send_other=0.000 ms send_ffn=0.000 ms wait_up_gate=0.000 ms wait_down=0.000 ms wait_other=0.000 ms wait_ffn=0.000 ms
[svd-offload-client-stage-profile] rpc_send_total=0.000 ms rpc_wait_total=0.000 ms
[svd-offload-client-debug] finish_fail_up_gate=0 finish_fail_down=0 finish_fail_other=0 finish_fail_ffn=0 cache_take_fail_up=0 cache_take_fail_gate=0 recv_up_sum_abs=0.000000e+00 recv_up_max_abs=0.000000e+00 recv_up_zero=0 recv_gate_sum_abs=0.000000e+00 recv_gate_max_abs=0.000000e+00 recv_gate_zero=0 recv_down_sum_abs=0.000000e+00 recv_down_max_abs=0.000000e+00 recv_down_zero=0 recv_other_sum_abs=0.000000e+00 recv_other_max_abs=0.000000e+00 recv_other_zero=0 recv_ffn_sum_abs=0.000000e+00 recv_ffn_max_abs=0.000000e+00 recv_ffn_zero=0
SUCCEED (one forward pass done)"
4c_front_hot,6,baseline,trunc_even_0.8,4,"60,61,62,63","90,70,20,0",ok,20.9579,47.7147,1.3286094665527344,"llama_context: graph splits = 1
attach_threadpool: call
threads: decode=4 batch=4
prompt tokens: 4
running one forward pass (llama_decode) ...
Top-5 next-token candidates:
  id=11 logit=20.2053 piece="",""
  id=304 logit=18.9277 piece="" in""
  id=3837 logit=18.7558 piece=""，""
  id=1052 logit=18.5616 piece="" there""
  id=358 logit=17.8374 piece="" I""
Autoregressive generation:
Generated text: ,
Decode-only throughput: 20.9579 tokens/s (1 tokens in 0.0477147 s of llama_decode)
End-to-end throughput: 20.8194 tokens/s (1 tokens in 0.0480322 s)
[decode-stage-profile] model_load=391.315 ms context_create=57.7569 ms tokenize=0.457355 ms prefill_decode=671.834 ms generation_decode=47.7147 ms generation_total=48.0322 ms program_total=1185.85 ms
[svd-local-op-profile] up_ops=56 gate_ops=56 down_ops=56 up_total=87.203 ms gate_total=69.052 ms down_total=71.887 ms up_v=19.786 ms gate_v=12.823 ms down_v=38.946 ms up_u=67.415 ms gate_u=56.221 ms down_u=32.937 ms
[svd-local-stage-profile] attention_total=99.941 ms ffn_total=282.591 ms ffn_svd_total=228.142 ms ffn_svd_v=71.555 ms ffn_svd_u=156.573 ms
[svd-offload-zero-profile] up_finish=0 up_cache=0 up_no_request=27 gate_finish=0 gate_cache=0 gate_no_request=27 down_finish=0 down_cache=0 down_no_request=27 other_finish=0 other_cache=0 other_no_request=0
[svd-local-timeout-profile] up_keep=0 up_drop=0 up_wait=0.000 ms gate_keep=0 gate_drop=0 gate_wait=0.000 ms down_keep=0 down_drop=0 down_wait=0.000 ms other_keep=0 other_drop=0 other_wait=0.000 ms
[svd-offload-client] up_gate_req=0 down_req=0 other_mat_req=0 ffn_req=0 gate_cache_hits=0 gate_cache_checks=0 miss_invalid=0 miss_layer=0 miss_rank=0 miss_hash=0 miss_output=0 miss_data=0 send_up_gate=0.000 ms send_down=0.000 ms send_other=0.000 ms send_ffn=0.000 ms wait_up_gate=0.000 ms wait_down=0.000 ms wait_other=0.000 ms wait_ffn=0.000 ms
[svd-offload-client-stage-profile] rpc_send_total=0.000 ms rpc_wait_total=0.000 ms
[svd-offload-client-debug] finish_fail_up_gate=0 finish_fail_down=0 finish_fail_other=0 finish_fail_ffn=0 cache_take_fail_up=0 cache_take_fail_gate=0 recv_up_sum_abs=0.000000e+00 recv_up_max_abs=0.000000e+00 recv_up_zero=0 recv_gate_sum_abs=0.000000e+00 recv_gate_max_abs=0.000000e+00 recv_gate_zero=0 recv_down_sum_abs=0.000000e+00 recv_down_max_abs=0.000000e+00 recv_down_zero=0 recv_other_sum_abs=0.000000e+00 recv_other_max_abs=0.000000e+00 recv_other_zero=0 recv_ffn_sum_abs=0.000000e+00 recv_ffn_max_abs=0.000000e+00 recv_ffn_zero=0
SUCCEED (one forward pass done)"
4c_front_hot,6,scheduler,trunc_even_0.8,4,"60,61,62,63","90,70,20,0",ok,1.49616,668.377,1.533257007598877,"llama_context: graph splits = 1
attach_threadpool: call
threads: decode=4 batch=4
prompt tokens: 4
running one forward pass (llama_decode) ...
Top-5 next-token candidates:
  id=3 logit=0 piece=""$""
  id=4 logit=0 piece=""%""
  id=1 logit=0 piece=""""""
  id=0 logit=0 piece=""!""
  id=2 logit=0 piece=""#""
Autoregressive generation:
Generated text: !
Decode-only throughput: 1.49616 tokens/s (1 tokens in 0.668377 s of llama_decode)
End-to-end throughput: 1.49542 tokens/s (1 tokens in 0.668709 s)
[decode-stage-profile] model_load=391.628 ms context_create=57.539 ms tokenize=0.455872 ms prefill_decode=244.616 ms generation_decode=668.377 ms generation_total=668.709 ms program_total=1379.76 ms
[svd-local-op-profile] up_ops=56 gate_ops=56 down_ops=56 up_total=61.832 ms gate_total=55.511 ms down_total=55.701 ms up_v=17.217 ms gate_v=9.890 ms down_v=25.037 ms up_u=44.606 ms gate_u=45.614 ms down_u=30.662 ms
[svd-local-stage-profile] attention_total=206.213 ms ffn_total=320.676 ms ffn_svd_total=173.044 ms ffn_svd_v=52.144 ms ffn_svd_u=120.882 ms
[svd-offload-zero-profile] up_finish=0 up_cache=0 up_no_request=27 gate_finish=0 gate_cache=0 gate_no_request=27 down_finish=0 down_cache=0 down_no_request=27 other_finish=0 other_cache=0 other_no_request=0
[svd-local-timeout-profile] up_keep=0 up_drop=0 up_wait=0.000 ms gate_keep=0 gate_drop=0 gate_wait=0.000 ms down_keep=0 down_drop=0 down_wait=0.000 ms other_keep=0 other_drop=0 other_wait=0.000 ms
[svd-offload-client] up_gate_req=0 down_req=0 other_mat_req=0 ffn_req=0 gate_cache_hits=0 gate_cache_checks=0 miss_invalid=0 miss_layer=0 miss_rank=0 miss_hash=0 miss_output=0 miss_data=0 send_up_gate=0.000 ms send_down=0.000 ms send_other=0.000 ms send_ffn=0.000 ms wait_up_gate=0.000 ms wait_down=0.000 ms wait_other=0.000 ms wait_ffn=0.000 ms
[svd-offload-client-stage-profile] rpc_send_total=0.000 ms rpc_wait_total=0.000 ms
[svd-offload-client-debug] finish_fail_up_gate=0 finish_fail_down=0 finish_fail_other=0 finish_fail_ffn=0 cache_take_fail_up=0 cache_take_fail_gate=0 recv_up_sum_abs=0.000000e+00 recv_up_max_abs=0.000000e+00 recv_up_zero=0 recv_gate_sum_abs=0.000000e+00 recv_gate_max_abs=0.000000e+00 recv_gate_zero=0 recv_down_sum_abs=0.000000e+00 recv_down_max_abs=0.000000e+00 recv_down_zero=0 recv_other_sum_abs=0.000000e+00 recv_other_max_abs=0.000000e+00 recv_other_zero=0 recv_ffn_sum_abs=0.000000e+00 recv_ffn_max_abs=0.000000e+00 recv_ffn_zero=0
SUCCEED (one forward pass done)"
4c_high,0,baseline,all_0.55,4,"60,61,62,63","70,80,90,100",ok,19.9756,50.0611,0.7474956512451172,"llama_context: graph splits = 1
attach_threadpool: call
threads: decode=4 batch=4
prompt tokens: 4
running one forward pass (llama_decode) ...
Top-5 next-token candidates:
  id=11 logit=20.2053 piece="",""
  id=304 logit=18.9277 piece="" in""
  id=3837 logit=18.7558 piece=""，""
  id=1052 logit=18.5616 piece="" there""
  id=358 logit=17.8374 piece="" I""
Autoregressive generation:
Generated text: ,
Decode-only throughput: 19.9756 tokens/s (1 tokens in 0.0500611 s of llama_decode)
End-to-end throughput: 19.8539 tokens/s (1 tokens in 0.050368 s)
[decode-stage-profile] model_load=387.05 ms context_create=61.1197 ms tokenize=0.471872 ms prefill_decode=85.5327 ms generation_decode=50.0611 ms generation_total=50.368 ms program_total=600.918 ms
[svd-local-op-profile] up_ops=56 gate_ops=56 down_ops=56 up_total=37.045 ms gate_total=34.595 ms down_total=27.834 ms up_v=5.437 ms gate_v=5.531 ms down_v=22.070 ms up_u=31.602 ms gate_u=29.061 ms down_u=5.764 ms
[svd-local-stage-profile] attention_total=1.318 ms ffn_total=100.811 ms ffn_svd_total=99.474 ms ffn_svd_v=33.038 ms ffn_svd_u=66.427 ms
[svd-offload-zero-profile] up_finish=0 up_cache=0 up_no_request=27 gate_finish=0 gate_cache=0 gate_no_request=27 down_finish=0 down_cache=0 down_no_request=27 other_finish=0 other_cache=0 other_no_request=0
[svd-local-timeout-profile] up_keep=0 up_drop=0 up_wait=0.000 ms gate_keep=0 gate_drop=0 gate_wait=0.000 ms down_keep=0 down_drop=0 down_wait=0.000 ms other_keep=0 other_drop=0 other_wait=0.000 ms
[svd-offload-client] up_gate_req=0 down_req=0 other_mat_req=0 ffn_req=0 gate_cache_hits=0 gate_cache_checks=0 miss_invalid=0 miss_layer=0 miss_rank=0 miss_hash=0 miss_output=0 miss_data=0 send_up_gate=0.000 ms send_down=0.000 ms send_other=0.000 ms send_ffn=0.000 ms wait_up_gate=0.000 ms wait_down=0.000 ms wait_other=0.000 ms wait_ffn=0.000 ms
[svd-offload-client-stage-profile] rpc_send_total=0.000 ms rpc_wait_total=0.000 ms
[svd-offload-client-debug] finish_fail_up_gate=0 finish_fail_down=0 finish_fail_other=0 finish_fail_ffn=0 cache_take_fail_up=0 cache_take_fail_gate=0 recv_up_sum_abs=0.000000e+00 recv_up_max_abs=0.000000e+00 recv_up_zero=0 recv_gate_sum_abs=0.000000e+00 recv_gate_max_abs=0.000000e+00 recv_gate_zero=0 recv_down_sum_abs=0.000000e+00 recv_down_max_abs=0.000000e+00 recv_down_zero=0 recv_other_sum_abs=0.000000e+00 recv_other_max_abs=0.000000e+00 recv_other_zero=0 recv_ffn_sum_abs=0.000000e+00 recv_ffn_max_abs=0.000000e+00 recv_ffn_zero=0
SUCCEED (one forward pass done)"
4c_high,0,scheduler,all_0.55,4,"60,61,62,63","70,80,90,100",ok,22.6177,44.2131,0.7111527919769287,"llama_context: graph splits = 1
attach_threadpool: call
threads: decode=4 batch=4
prompt tokens: 4
running one forward pass (llama_decode) ...
Top-5 next-token candidates:
  id=3 logit=0 piece=""$""
  id=4 logit=0 piece=""%""
  id=1 logit=0 piece=""""""
  id=0 logit=0 piece=""!""
  id=2 logit=0 piece=""#""
Autoregressive generation:
Generated text: !
Decode-only throughput: 22.6177 tokens/s (1 tokens in 0.0442131 s of llama_decode)
End-to-end throughput: 22.4604 tokens/s (1 tokens in 0.0445227 s)
[decode-stage-profile] model_load=387.958 ms context_create=56.9863 ms tokenize=0.462529 ms prefill_decode=60.593 ms generation_decode=44.2131 ms generation_total=44.5227 ms program_total=566.92 ms
[svd-local-op-profile] up_ops=56 gate_ops=56 down_ops=56 up_total=29.003 ms gate_total=24.714 ms down_total=15.199 ms up_v=7.280 ms gate_v=3.447 ms down_v=11.006 ms up_u=21.722 ms gate_u=21.259 ms down_u=4.189 ms
[svd-local-stage-profile] attention_total=3.311 ms ffn_total=70.008 ms ffn_svd_total=68.916 ms ffn_svd_v=21.733 ms ffn_svd_u=47.170 ms
[svd-offload-zero-profile] up_finish=0 up_cache=0 up_no_request=27 gate_finish=0 gate_cache=0 gate_no_request=27 down_finish=0 down_cache=0 down_no_request=27 other_finish=0 other_cache=0 other_no_request=0
[svd-local-timeout-profile] up_keep=0 up_drop=0 up_wait=0.000 ms gate_keep=0 gate_drop=0 gate_wait=0.000 ms down_keep=0 down_drop=0 down_wait=0.000 ms other_keep=0 other_drop=0 other_wait=0.000 ms
[svd-offload-client] up_gate_req=0 down_req=0 other_mat_req=0 ffn_req=0 gate_cache_hits=0 gate_cache_checks=0 miss_invalid=0 miss_layer=0 miss_rank=0 miss_hash=0 miss_output=0 miss_data=0 send_up_gate=0.000 ms send_down=0.000 ms send_other=0.000 ms send_ffn=0.000 ms wait_up_gate=0.000 ms wait_down=0.000 ms wait_other=0.000 ms wait_ffn=0.000 ms
[svd-offload-client-stage-profile] rpc_send_total=0.000 ms rpc_wait_total=0.000 ms
[svd-offload-client-debug] finish_fail_up_gate=0 finish_fail_down=0 finish_fail_other=0 finish_fail_ffn=0 cache_take_fail_up=0 cache_take_fail_gate=0 recv_up_sum_abs=0.000000e+00 recv_up_max_abs=0.000000e+00 recv_up_zero=0 recv_gate_sum_abs=0.000000e+00 recv_gate_max_abs=0.000000e+00 recv_gate_zero=0 recv_down_sum_abs=0.000000e+00 recv_down_max_abs=0.000000e+00 recv_down_zero=0 recv_other_sum_abs=0.000000e+00 recv_other_max_abs=0.000000e+00 recv_other_zero=0 recv_ffn_sum_abs=0.000000e+00 recv_ffn_max_abs=0.000000e+00 recv_ffn_zero=0
SUCCEED (one forward pass done)"
4c_high,1,baseline,all_0.55,4,"60,61,62,63","70,80,90,100",ok,20.0636,49.8416,0.7374053001403809,"llama_context: graph splits = 1
attach_threadpool: call
threads: decode=4 batch=4
prompt tokens: 4
running one forward pass (llama_decode) ...
Top-5 next-token candidates:
  id=11 logit=20.2053 piece="",""
  id=304 logit=18.9277 piece="" in""
  id=3837 logit=18.7558 piece=""，""
  id=1052 logit=18.5616 piece="" there""
  id=358 logit=17.8374 piece="" I""
Autoregressive generation:
Generated text: ,
Decode-only throughput: 20.0636 tokens/s (1 tokens in 0.0498416 s of llama_decode)
End-to-end throughput: 19.9387 tokens/s (1 tokens in 0.0501536 s)
[decode-stage-profile] model_load=381.236 ms context_create=58.0937 ms tokenize=0.455593 ms prefill_decode=87.8535 ms generation_decode=49.8416 ms generation_total=50.1536 ms program_total=594.239 ms
[svd-local-op-profile] up_ops=56 gate_ops=56 down_ops=56 up_total=36.848 ms gate_total=34.273 ms down_total=27.849 ms up_v=5.472 ms gate_v=5.516 ms down_v=22.270 ms up_u=31.371 ms gate_u=28.754 ms down_u=5.568 ms
[svd-local-stage-profile] attention_total=1.332 ms ffn_total=100.258 ms ffn_svd_total=98.970 ms ffn_svd_v=33.258 ms ffn_svd_u=65.693 ms
[svd-offload-zero-profile] up_finish=0 up_cache=0 up_no_request=27 gate_finish=0 gate_cache=0 gate_no_request=27 down_finish=0 down_cache=0 down_no_request=27 other_finish=0 other_cache=0 other_no_request=0
[svd-local-timeout-profile] up_keep=0 up_drop=0 up_wait=0.000 ms gate_keep=0 gate_drop=0 gate_wait=0.000 ms down_keep=0 down_drop=0 down_wait=0.000 ms other_keep=0 other_drop=0 other_wait=0.000 ms
[svd-offload-client] up_gate_req=0 down_req=0 other_mat_req=0 ffn_req=0 gate_cache_hits=0 gate_cache_checks=0 miss_invalid=0 miss_layer=0 miss_rank=0 miss_hash=0 miss_output=0 miss_data=0 send_up_gate=0.000 ms send_down=0.000 ms send_other=0.000 ms send_ffn=0.000 ms wait_up_gate=0.000 ms wait_down=0.000 ms wait_other=0.000 ms wait_ffn=0.000 ms
[svd-offload-client-stage-profile] rpc_send_total=0.000 ms rpc_wait_total=0.000 ms
[svd-offload-client-debug] finish_fail_up_gate=0 finish_fail_down=0 finish_fail_other=0 finish_fail_ffn=0 cache_take_fail_up=0 cache_take_fail_gate=0 recv_up_sum_abs=0.000000e+00 recv_up_max_abs=0.000000e+00 recv_up_zero=0 recv_gate_sum_abs=0.000000e+00 recv_gate_max_abs=0.000000e+00 recv_gate_zero=0 recv_down_sum_abs=0.000000e+00 recv_down_max_abs=0.000000e+00 recv_down_zero=0 recv_other_sum_abs=0.000000e+00 recv_other_max_abs=0.000000e+00 recv_other_zero=0 recv_ffn_sum_abs=0.000000e+00 recv_ffn_max_abs=0.000000e+00 recv_ffn_zero=0
SUCCEED (one forward pass done)"
4c_high,1,scheduler,all_0.55,4,"60,61,62,63","70,80,90,100",ok,23.1795,43.1416,0.7115347385406494,"llama_context: graph splits = 1
attach_threadpool: call
threads: decode=4 batch=4
prompt tokens: 4
running one forward pass (llama_decode) ...
Top-5 next-token candidates:
  id=3 logit=0 piece=""$""
  id=4 logit=0 piece=""%""
  id=1 logit=0 piece=""""""
  id=0 logit=0 piece=""!""
  id=2 logit=0 piece=""#""
Autoregressive generation:
Generated text: !
Decode-only throughput: 23.1795 tokens/s (1 tokens in 0.0431416 s of llama_decode)
End-to-end throughput: 23.0171 tokens/s (1 tokens in 0.043446 s)
[decode-stage-profile] model_load=389.274 ms context_create=57.6564 ms tokenize=0.45028 ms prefill_decode=60.898 ms generation_decode=43.1416 ms generation_total=43.446 ms program_total=568.106 ms
[svd-local-op-profile] up_ops=56 gate_ops=56 down_ops=56 up_total=24.877 ms gate_total=27.674 ms down_total=15.276 ms up_v=3.148 ms gate_v=3.426 ms down_v=10.950 ms up_u=21.724 ms gate_u=24.245 ms down_u=4.323 ms
[svd-local-stage-profile] attention_total=1.314 ms ffn_total=68.874 ms ffn_svd_total=67.827 ms ffn_svd_v=17.524 ms ffn_svd_u=50.292 ms
[svd-offload-zero-profile] up_finish=0 up_cache=0 up_no_request=27 gate_finish=0 gate_cache=0 gate_no_request=27 down_finish=0 down_cache=0 down_no_request=27 other_finish=0 other_cache=0 other_no_request=0
[svd-local-timeout-profile] up_keep=0 up_drop=0 up_wait=0.000 ms gate_keep=0 gate_drop=0 gate_wait=0.000 ms down_keep=0 down_drop=0 down_wait=0.000 ms other_keep=0 other_drop=0 other_wait=0.000 ms
[svd-offload-client] up_gate_req=0 down_req=0 other_mat_req=0 ffn_req=0 gate_cache_hits=0 gate_cache_checks=0 miss_invalid=0 miss_layer=0 miss_rank=0 miss_hash=0 miss_output=0 miss_data=0 send_up_gate=0.000 ms send_down=0.000 ms send_other=0.000 ms send_ffn=0.000 ms wait_up_gate=0.000 ms wait_down=0.000 ms wait_other=0.000 ms wait_ffn=0.000 ms
[svd-offload-client-stage-profile] rpc_send_total=0.000 ms rpc_wait_total=0.000 ms
[svd-offload-client-debug] finish_fail_up_gate=0 finish_fail_down=0 finish_fail_other=0 finish_fail_ffn=0 cache_take_fail_up=0 cache_take_fail_gate=0 recv_up_sum_abs=0.000000e+00 recv_up_max_abs=0.000000e+00 recv_up_zero=0 recv_gate_sum_abs=0.000000e+00 recv_gate_max_abs=0.000000e+00 recv_gate_zero=0 recv_down_sum_abs=0.000000e+00 recv_down_max_abs=0.000000e+00 recv_down_zero=0 recv_other_sum_abs=0.000000e+00 recv_other_max_abs=0.000000e+00 recv_other_zero=0 recv_ffn_sum_abs=0.000000e+00 recv_ffn_max_abs=0.000000e+00 recv_ffn_zero=0
SUCCEED (one forward pass done)"
4c_high,2,baseline,all_0.55,4,"60,61,62,63","70,80,90,100",ok,21.2139,47.1389,0.7457597255706787,"llama_context: graph splits = 1
attach_threadpool: call
threads: decode=4 batch=4
prompt tokens: 4
running one forward pass (llama_decode) ...
Top-5 next-token candidates:
  id=11 logit=20.2053 piece="",""
  id=304 logit=18.9277 piece="" in""
  id=3837 logit=18.7558 piece=""，""
  id=1052 logit=18.5616 piece="" there""
  id=358 logit=17.8374 piece="" I""
Autoregressive generation:
Generated text: ,
Decode-only throughput: 21.2139 tokens/s (1 tokens in 0.0471389 s of llama_decode)
End-to-end throughput: 21.0763 tokens/s (1 tokens in 0.0474466 s)
[decode-stage-profile] model_load=381.619 ms context_create=61.7689 ms tokenize=0.466281 ms prefill_decode=88.0992 ms generation_decode=47.1389 ms generation_total=47.4466 ms program_total=595.789 ms
[svd-local-op-profile] up_ops=56 gate_ops=56 down_ops=56 up_total=34.281 ms gate_total=34.326 ms down_total=27.849 ms up_v=5.421 ms gate_v=5.462 ms down_v=22.229 ms up_u=28.855 ms gate_u=28.858 ms down_u=5.617 ms
[svd-local-stage-profile] attention_total=1.253 ms ffn_total=97.732 ms ffn_svd_total=96.456 ms ffn_svd_v=33.112 ms ffn_svd_u=63.330 ms
[svd-offload-zero-profile] up_finish=0 up_cache=0 up_no_request=27 gate_finish=0 gate_cache=0 gate_no_request=27 down_finish=0 down_cache=0 down_no_request=27 other_finish=0 other_cache=0 other_no_request=0
[svd-local-timeout-profile] up_keep=0 up_drop=0 up_wait=0.000 ms gate_keep=0 gate_drop=0 gate_wait=0.000 ms down_keep=0 down_drop=0 down_wait=0.000 ms other_keep=0 other_drop=0 other_wait=0.000 ms
[svd-offload-client] up_gate_req=0 down_req=0 other_mat_req=0 ffn_req=0 gate_cache_hits=0 gate_cache_checks=0 miss_invalid=0 miss_layer=0 miss_rank=0 miss_hash=0 miss_output=0 miss_data=0 send_up_gate=0.000 ms send_down=0.000 ms send_other=0.000 ms send_ffn=0.000 ms wait_up_gate=0.000 ms wait_down=0.000 ms wait_other=0.000 ms wait_ffn=0.000 ms
[svd-offload-client-stage-profile] rpc_send_total=0.000 ms rpc_wait_total=0.000 ms
[svd-offload-client-debug] finish_fail_up_gate=0 finish_fail_down=0 finish_fail_other=0 finish_fail_ffn=0 cache_take_fail_up=0 cache_take_fail_gate=0 recv_up_sum_abs=0.000000e+00 recv_up_max_abs=0.000000e+00 recv_up_zero=0 recv_gate_sum_abs=0.000000e+00 recv_gate_max_abs=0.000000e+00 recv_gate_zero=0 recv_down_sum_abs=0.000000e+00 recv_down_max_abs=0.000000e+00 recv_down_zero=0 recv_other_sum_abs=0.000000e+00 recv_other_max_abs=0.000000e+00 recv_other_zero=0 recv_ffn_sum_abs=0.000000e+00 recv_ffn_max_abs=0.000000e+00 recv_ffn_zero=0
SUCCEED (one forward pass done)"
4c_high,2,scheduler,all_0.55,4,"60,61,62,63","70,80,90,100",ok,22.7105,44.0325,0.8333032131195068,"llama_context: graph splits = 1
attach_threadpool: call
threads: decode=4 batch=4
prompt tokens: 4
running one forward pass (llama_decode) ...
Top-5 next-token candidates:
  id=3 logit=0 piece=""$""
  id=4 logit=0 piece=""%""
  id=1 logit=0 piece=""""""
  id=0 logit=0 piece=""!""
  id=2 logit=0 piece=""#""
Autoregressive generation:
Generated text: !
Decode-only throughput: 22.7105 tokens/s (1 tokens in 0.0440325 s of llama_decode)
End-to-end throughput: 22.5407 tokens/s (1 tokens in 0.0443642 s)
[decode-stage-profile] model_load=386.483 ms context_create=58.0448 ms tokenize=0.473675 ms prefill_decode=171.867 ms generation_decode=44.0325 ms generation_total=44.3642 ms program_total=680.494 ms
[svd-local-op-profile] up_ops=56 gate_ops=56 down_ops=56 up_total=24.154 ms gate_total=27.940 ms down_total=14.681 ms up_v=3.081 ms gate_v=3.432 ms down_v=10.629 ms up_u=21.067 ms gate_u=24.501 ms down_u=4.049 ms
[svd-local-stage-profile] attention_total=53.747 ms ffn_total=67.866 ms ffn_svd_total=66.775 ms ffn_svd_v=17.142 ms ffn_svd_u=49.617 ms
[svd-offload-zero-profile] up_finish=0 up_cache=0 up_no_request=27 gate_finish=0 gate_cache=0 gate_no_request=27 down_finish=0 down_cache=0 down_no_request=27 other_finish=0 other_cache=0 other_no_request=0
[svd-local-timeout-profile] up_keep=0 up_drop=0 up_wait=0.000 ms gate_keep=0 gate_drop=0 gate_wait=0.000 ms down_keep=0 down_drop=0 down_wait=0.000 ms other_keep=0 other_drop=0 other_wait=0.000 ms
[svd-offload-client] up_gate_req=0 down_req=0 other_mat_req=0 ffn_req=0 gate_cache_hits=0 gate_cache_checks=0 miss_invalid=0 miss_layer=0 miss_rank=0 miss_hash=0 miss_output=0 miss_data=0 send_up_gate=0.000 ms send_down=0.000 ms send_other=0.000 ms send_ffn=0.000 ms wait_up_gate=0.000 ms wait_down=0.000 ms wait_other=0.000 ms wait_ffn=0.000 ms
[svd-offload-client-stage-profile] rpc_send_total=0.000 ms rpc_wait_total=0.000 ms
[svd-offload-client-debug] finish_fail_up_gate=0 finish_fail_down=0 finish_fail_other=0 finish_fail_ffn=0 cache_take_fail_up=0 cache_take_fail_gate=0 recv_up_sum_abs=0.000000e+00 recv_up_max_abs=0.000000e+00 recv_up_zero=0 recv_gate_sum_abs=0.000000e+00 recv_gate_max_abs=0.000000e+00 recv_gate_zero=0 recv_down_sum_abs=0.000000e+00 recv_down_max_abs=0.000000e+00 recv_down_zero=0 recv_other_sum_abs=0.000000e+00 recv_other_max_abs=0.000000e+00 recv_other_zero=0 recv_ffn_sum_abs=0.000000e+00 recv_ffn_max_abs=0.000000e+00 recv_ffn_zero=0
SUCCEED (one forward pass done)"
4c_high,3,baseline,all_0.55,4,"60,61,62,63","70,80,90,100",ok,21.2004,47.1689,0.7361018657684326,"llama_context: graph splits = 1
attach_threadpool: call
threads: decode=4 batch=4
prompt tokens: 4
running one forward pass (llama_decode) ...
Top-5 next-token candidates:
  id=11 logit=20.2053 piece="",""
  id=304 logit=18.9277 piece="" in""
  id=3837 logit=18.7558 piece=""，""
  id=1052 logit=18.5616 piece="" there""
  id=358 logit=17.8374 piece="" I""
Autoregressive generation:
Generated text: ,
Decode-only throughput: 21.2004 tokens/s (1 tokens in 0.0471689 s of llama_decode)
End-to-end throughput: 21.0604 tokens/s (1 tokens in 0.0474825 s)
[decode-stage-profile] model_load=383.576 ms context_create=58.5503 ms tokenize=0.463342 ms prefill_decode=86.0216 ms generation_decode=47.1689 ms generation_total=47.4825 ms program_total=592.845 ms
[svd-local-op-profile] up_ops=56 gate_ops=56 down_ops=56 up_total=33.905 ms gate_total=34.368 ms down_total=27.850 ms up_v=5.348 ms gate_v=5.451 ms down_v=22.133 ms up_u=28.555 ms gate_u=28.913 ms down_u=5.714 ms
[svd-local-stage-profile] attention_total=1.348 ms ffn_total=97.430 ms ffn_svd_total=96.123 ms ffn_svd_v=32.932 ms ffn_svd_u=63.182 ms
[svd-offload-zero-profile] up_finish=0 up_cache=0 up_no_request=27 gate_finish=0 gate_cache=0 gate_no_request=27 down_finish=0 down_cache=0 down_no_request=27 other_finish=0 other_cache=0 other_no_request=0
[svd-local-timeout-profile] up_keep=0 up_drop=0 up_wait=0.000 ms gate_keep=0 gate_drop=0 gate_wait=0.000 ms down_keep=0 down_drop=0 down_wait=0.000 ms other_keep=0 other_drop=0 other_wait=0.000 ms
[svd-offload-client] up_gate_req=0 down_req=0 other_mat_req=0 ffn_req=0 gate_cache_hits=0 gate_cache_checks=0 miss_invalid=0 miss_layer=0 miss_rank=0 miss_hash=0 miss_output=0 miss_data=0 send_up_gate=0.000 ms send_down=0.000 ms send_other=0.000 ms send_ffn=0.000 ms wait_up_gate=0.000 ms wait_down=0.000 ms wait_other=0.000 ms wait_ffn=0.000 ms
[svd-offload-client-stage-profile] rpc_send_total=0.000 ms rpc_wait_total=0.000 ms
[svd-offload-client-debug] finish_fail_up_gate=0 finish_fail_down=0 finish_fail_other=0 finish_fail_ffn=0 cache_take_fail_up=0 cache_take_fail_gate=0 recv_up_sum_abs=0.000000e+00 recv_up_max_abs=0.000000e+00 recv_up_zero=0 recv_gate_sum_abs=0.000000e+00 recv_gate_max_abs=0.000000e+00 recv_gate_zero=0 recv_down_sum_abs=0.000000e+00 recv_down_max_abs=0.000000e+00 recv_down_zero=0 recv_other_sum_abs=0.000000e+00 recv_other_max_abs=0.000000e+00 recv_other_zero=0 recv_ffn_sum_abs=0.000000e+00 recv_ffn_max_abs=0.000000e+00 recv_ffn_zero=0
SUCCEED (one forward pass done)"
4c_high,3,scheduler,all_0.55,4,"60,61,62,63","70,80,90,100",ok,23.3286,42.8658,0.7147610187530518,"llama_context: graph splits = 1
attach_threadpool: call
threads: decode=4 batch=4
prompt tokens: 4
running one forward pass (llama_decode) ...
Top-5 next-token candidates:
  id=3 logit=0 piece=""$""
  id=4 logit=0 piece=""%""
  id=1 logit=0 piece=""""""
  id=0 logit=0 piece=""!""
  id=2 logit=0 piece=""#""
Autoregressive generation:
Generated text: !
Decode-only throughput: 23.3286 tokens/s (1 tokens in 0.0428658 s of llama_decode)
End-to-end throughput: 23.1627 tokens/s (1 tokens in 0.0431729 s)
[decode-stage-profile] model_load=382.411 ms context_create=61.2391 ms tokenize=0.475864 ms prefill_decode=60.0871 ms generation_decode=42.8658 ms generation_total=43.1729 ms program_total=563.456 ms
[svd-local-op-profile] up_ops=56 gate_ops=56 down_ops=56 up_total=27.626 ms gate_total=24.458 ms down_total=15.337 ms up_v=3.097 ms gate_v=3.390 ms down_v=10.989 ms up_u=24.519 ms gate_u=21.062 ms down_u=4.346 ms
[svd-local-stage-profile] attention_total=1.338 ms ffn_total=68.466 ms ffn_svd_total=67.421 ms ffn_svd_v=17.476 ms ffn_svd_u=49.927 ms
[svd-offload-zero-profile] up_finish=0 up_cache=0 up_no_request=27 gate_finish=0 gate_cache=0 gate_no_request=27 down_finish=0 down_cache=0 down_no_request=27 other_finish=0 other_cache=0 other_no_request=0
[svd-local-timeout-profile] up_keep=0 up_drop=0 up_wait=0.000 ms gate_keep=0 gate_drop=0 gate_wait=0.000 ms down_keep=0 down_drop=0 down_wait=0.000 ms other_keep=0 other_drop=0 other_wait=0.000 ms
[svd-offload-client] up_gate_req=0 down_req=0 other_mat_req=0 ffn_req=0 gate_cache_hits=0 gate_cache_checks=0 miss_invalid=0 miss_layer=0 miss_rank=0 miss_hash=0 miss_output=0 miss_data=0 send_up_gate=0.000 ms send_down=0.000 ms send_other=0.000 ms send_ffn=0.000 ms wait_up_gate=0.000 ms wait_down=0.000 ms wait_other=0.000 ms wait_ffn=0.000 ms
[svd-offload-client-stage-profile] rpc_send_total=0.000 ms rpc_wait_total=0.000 ms
[svd-offload-client-debug] finish_fail_up_gate=0 finish_fail_down=0 finish_fail_other=0 finish_fail_ffn=0 cache_take_fail_up=0 cache_take_fail_gate=0 recv_up_sum_abs=0.000000e+00 recv_up_max_abs=0.000000e+00 recv_up_zero=0 recv_gate_sum_abs=0.000000e+00 recv_gate_max_abs=0.000000e+00 recv_gate_zero=0 recv_down_sum_abs=0.000000e+00 recv_down_max_abs=0.000000e+00 recv_down_zero=0 recv_other_sum_abs=0.000000e+00 recv_other_max_abs=0.000000e+00 recv_other_zero=0 recv_ffn_sum_abs=0.000000e+00 recv_ffn_max_abs=0.000000e+00 recv_ffn_zero=0
SUCCEED (one forward pass done)"
4c_high,4,baseline,all_0.55,4,"60,61,62,63","70,80,90,100",ok,21.6056,46.2843,0.7346601486206055,"llama_context: graph splits = 1
attach_threadpool: call
threads: decode=4 batch=4
prompt tokens: 4
running one forward pass (llama_decode) ...
Top-5 next-token candidates:
  id=11 logit=20.2053 piece="",""
  id=304 logit=18.9277 piece="" in""
  id=3837 logit=18.7558 piece=""，""
  id=1052 logit=18.5616 piece="" there""
  id=358 logit=17.8374 piece="" I""
Autoregressive generation:
Generated text: ,
Decode-only throughput: 21.6056 tokens/s (1 tokens in 0.0462843 s of llama_decode)
End-to-end throughput: 21.4614 tokens/s (1 tokens in 0.0465952 s)
[decode-stage-profile] model_load=386.223 ms context_create=58.0265 ms tokenize=0.459734 ms prefill_decode=84.9038 ms generation_decode=46.2843 ms generation_total=46.5952 ms program_total=592.634 ms
[svd-local-op-profile] up_ops=56 gate_ops=56 down_ops=56 up_total=33.835 ms gate_total=33.993 ms down_total=27.790 ms up_v=5.355 ms gate_v=5.415 ms down_v=22.083 ms up_u=28.475 ms gate_u=28.575 ms down_u=5.700 ms
[svd-local-stage-profile] attention_total=4.282 ms ffn_total=96.885 ms ffn_svd_total=95.618 ms ffn_svd_v=32.853 ms ffn_svd_u=62.750 ms
[svd-offload-zero-profile] up_finish=0 up_cache=0 up_no_request=27 gate_finish=0 gate_cache=0 gate_no_request=27 down_finish=0 down_cache=0 down_no_request=27 other_finish=0 other_cache=0 other_no_request=0
[svd-local-timeout-profile] up_keep=0 up_drop=0 up_wait=0.000 ms gate_keep=0 gate_drop=0 gate_wait=0.000 ms down_keep=0 down_drop=0 down_wait=0.000 ms other_keep=0 other_drop=0 other_wait=0.000 ms
[svd-offload-client] up_gate_req=0 down_req=0 other_mat_req=0 ffn_req=0 gate_cache_hits=0 gate_cache_checks=0 miss_invalid=0 miss_layer=0 miss_rank=0 miss_hash=0 miss_output=0 miss_data=0 send_up_gate=0.000 ms send_down=0.000 ms send_other=0.000 ms send_ffn=0.000 ms wait_up_gate=0.000 ms wait_down=0.000 ms wait_other=0.000 ms wait_ffn=0.000 ms
[svd-offload-client-stage-profile] rpc_send_total=0.000 ms rpc_wait_total=0.000 ms
[svd-offload-client-debug] finish_fail_up_gate=0 finish_fail_down=0 finish_fail_other=0 finish_fail_ffn=0 cache_take_fail_up=0 cache_take_fail_gate=0 recv_up_sum_abs=0.000000e+00 recv_up_max_abs=0.000000e+00 recv_up_zero=0 recv_gate_sum_abs=0.000000e+00 recv_gate_max_abs=0.000000e+00 recv_gate_zero=0 recv_down_sum_abs=0.000000e+00 recv_down_max_abs=0.000000e+00 recv_down_zero=0 recv_other_sum_abs=0.000000e+00 recv_other_max_abs=0.000000e+00 recv_other_zero=0 recv_ffn_sum_abs=0.000000e+00 recv_ffn_max_abs=0.000000e+00 recv_ffn_zero=0
SUCCEED (one forward pass done)"
4c_high,4,scheduler,all_0.55,4,"60,61,62,63","70,80,90,100",ok,24.6294,40.6018,0.7158412933349609,"llama_context: graph splits = 1
attach_threadpool: call
threads: decode=4 batch=4
prompt tokens: 4
running one forward pass (llama_decode) ...
Top-5 next-token candidates:
  id=3 logit=0 piece=""$""
  id=4 logit=0 piece=""%""
  id=1 logit=0 piece=""""""
  id=0 logit=0 piece=""!""
  id=2 logit=0 piece=""#""
Autoregressive generation:
Generated text: !
Decode-only throughput: 24.6294 tokens/s (1 tokens in 0.0406018 s of llama_decode)
End-to-end throughput: 24.4369 tokens/s (1 tokens in 0.0409218 s)
[decode-stage-profile] model_load=388.929 ms context_create=56.8912 ms tokenize=0.449893 ms prefill_decode=63.3551 ms generation_decode=40.6018 ms generation_total=40.9218 ms program_total=566.895 ms
[svd-local-op-profile] up_ops=56 gate_ops=56 down_ops=56 up_total=25.268 ms gate_total=24.606 ms down_total=15.457 ms up_v=3.143 ms gate_v=3.171 ms down_v=11.240 ms up_u=22.117 ms gate_u=21.428 ms down_u=4.212 ms
[svd-local-stage-profile] attention_total=4.838 ms ffn_total=66.456 ms ffn_svd_total=65.331 ms ffn_svd_v=17.554 ms ffn_svd_u=47.757 ms
[svd-offload-zero-profile] up_finish=0 up_cache=0 up_no_request=27 gate_finish=0 gate_cache=0 gate_no_request=27 down_finish=0 down_cache=0 down_no_request=27 other_finish=0 other_cache=0 other_no_request=0
[svd-local-timeout-profile] up_keep=0 up_drop=0 up_wait=0.000 ms gate_keep=0 gate_drop=0 gate_wait=0.000 ms down_keep=0 down_drop=0 down_wait=0.000 ms other_keep=0 other_drop=0 other_wait=0.000 ms
[svd-offload-client] up_gate_req=0 down_req=0 other_mat_req=0 ffn_req=0 gate_cache_hits=0 gate_cache_checks=0 miss_invalid=0 miss_layer=0 miss_rank=0 miss_hash=0 miss_output=0 miss_data=0 send_up_gate=0.000 ms send_down=0.000 ms send_other=0.000 ms send_ffn=0.000 ms wait_up_gate=0.000 ms wait_down=0.000 ms wait_other=0.000 ms wait_ffn=0.000 ms
[svd-offload-client-stage-profile] rpc_send_total=0.000 ms rpc_wait_total=0.000 ms
[svd-offload-client-debug] finish_fail_up_gate=0 finish_fail_down=0 finish_fail_other=0 finish_fail_ffn=0 cache_take_fail_up=0 cache_take_fail_gate=0 recv_up_sum_abs=0.000000e+00 recv_up_max_abs=0.000000e+00 recv_up_zero=0 recv_gate_sum_abs=0.000000e+00 recv_gate_max_abs=0.000000e+00 recv_gate_zero=0 recv_down_sum_abs=0.000000e+00 recv_down_max_abs=0.000000e+00 recv_down_zero=0 recv_other_sum_abs=0.000000e+00 recv_other_max_abs=0.000000e+00 recv_other_zero=0 recv_ffn_sum_abs=0.000000e+00 recv_ffn_max_abs=0.000000e+00 recv_ffn_zero=0
SUCCEED (one forward pass done)"
4c_high,5,baseline,all_0.55,4,"60,61,62,63","70,80,90,100",ok,19.8263,50.438,0.7413036823272705,"llama_context: graph splits = 1
attach_threadpool: call
threads: decode=4 batch=4
prompt tokens: 4
running one forward pass (llama_decode) ...
Top-5 next-token candidates:
  id=11 logit=20.2053 piece="",""
  id=304 logit=18.9277 piece="" in""
  id=3837 logit=18.7558 piece=""，""
  id=1052 logit=18.5616 piece="" there""
  id=358 logit=17.8374 piece="" I""
Autoregressive generation:
Generated text: ,
Decode-only throughput: 19.8263 tokens/s (1 tokens in 0.050438 s of llama_decode)
End-to-end throughput: 19.7037 tokens/s (1 tokens in 0.0507518 s)
[decode-stage-profile] model_load=383.927 ms context_create=57.2421 ms tokenize=0.469978 ms prefill_decode=88.3375 ms generation_decode=50.438 ms generation_total=50.7518 ms program_total=597.141 ms
[svd-local-op-profile] up_ops=56 gate_ops=56 down_ops=56 up_total=37.109 ms gate_total=34.730 ms down_total=27.971 ms up_v=5.430 ms gate_v=5.522 ms down_v=22.194 ms up_u=31.674 ms gate_u=29.202 ms down_u=5.775 ms
[svd-local-stage-profile] attention_total=1.350 ms ffn_total=101.112 ms ffn_svd_total=99.810 ms ffn_svd_v=33.146 ms ffn_svd_u=66.651 ms
[svd-offload-zero-profile] up_finish=0 up_cache=0 up_no_request=27 gate_finish=0 gate_cache=0 gate_no_request=27 down_finish=0 down_cache=0 down_no_request=27 other_finish=0 other_cache=0 other_no_request=0
[svd-local-timeout-profile] up_keep=0 up_drop=0 up_wait=0.000 ms gate_keep=0 gate_drop=0 gate_wait=0.000 ms down_keep=0 down_drop=0 down_wait=0.000 ms other_keep=0 other_drop=0 other_wait=0.000 ms
[svd-offload-client] up_gate_req=0 down_req=0 other_mat_req=0 ffn_req=0 gate_cache_hits=0 gate_cache_checks=0 miss_invalid=0 miss_layer=0 miss_rank=0 miss_hash=0 miss_output=0 miss_data=0 send_up_gate=0.000 ms send_down=0.000 ms send_other=0.000 ms send_ffn=0.000 ms wait_up_gate=0.000 ms wait_down=0.000 ms wait_other=0.000 ms wait_ffn=0.000 ms
[svd-offload-client-stage-profile] rpc_send_total=0.000 ms rpc_wait_total=0.000 ms
[svd-offload-client-debug] finish_fail_up_gate=0 finish_fail_down=0 finish_fail_other=0 finish_fail_ffn=0 cache_take_fail_up=0 cache_take_fail_gate=0 recv_up_sum_abs=0.000000e+00 recv_up_max_abs=0.000000e+00 recv_up_zero=0 recv_gate_sum_abs=0.000000e+00 recv_gate_max_abs=0.000000e+00 recv_gate_zero=0 recv_down_sum_abs=0.000000e+00 recv_down_max_abs=0.000000e+00 recv_down_zero=0 recv_other_sum_abs=0.000000e+00 recv_other_max_abs=0.000000e+00 recv_other_zero=0 recv_ffn_sum_abs=0.000000e+00 recv_ffn_max_abs=0.000000e+00 recv_ffn_zero=0
SUCCEED (one forward pass done)"
4c_high,5,scheduler,all_0.55,4,"60,61,62,63","70,80,90,100",ok,21.5963,46.3043,1.7969200611114502,"llama_context: graph splits = 1
attach_threadpool: call
threads: decode=4 batch=4
prompt tokens: 4
running one forward pass (llama_decode) ...
Top-5 next-token candidates:
  id=3 logit=0 piece=""$""
  id=4 logit=0 piece=""%""
  id=1 logit=0 piece=""""""
  id=0 logit=0 piece=""!""
  id=2 logit=0 piece=""#""
Autoregressive generation:
Generated text: !
Decode-only throughput: 21.5963 tokens/s (1 tokens in 0.0463043 s of llama_decode)
End-to-end throughput: 21.4483 tokens/s (1 tokens in 0.0466238 s)
[decode-stage-profile] model_load=385.395 ms context_create=57.8933 ms tokenize=0.462018 ms prefill_decode=1123.24 ms generation_decode=46.3043 ms generation_total=46.6238 ms program_total=1630.39 ms
[svd-local-op-profile] up_ops=56 gate_ops=56 down_ops=56 up_total=70.754 ms gate_total=70.492 ms down_total=58.413 ms up_v=18.119 ms gate_v=20.351 ms down_v=25.011 ms up_u=52.628 ms gate_u=50.135 ms down_u=33.395 ms
[svd-local-stage-profile] attention_total=160.257 ms ffn_total=271.478 ms ffn_svd_total=199.659 ms ffn_svd_v=63.481 ms ffn_svd_u=136.158 ms
[svd-offload-zero-profile] up_finish=0 up_cache=0 up_no_request=27 gate_finish=0 gate_cache=0 gate_no_request=27 down_finish=0 down_cache=0 down_no_request=27 other_finish=0 other_cache=0 other_no_request=0
[svd-local-timeout-profile] up_keep=0 up_drop=0 up_wait=0.000 ms gate_keep=0 gate_drop=0 gate_wait=0.000 ms down_keep=0 down_drop=0 down_wait=0.000 ms other_keep=0 other_drop=0 other_wait=0.000 ms
[svd-offload-client] up_gate_req=0 down_req=0 other_mat_req=0 ffn_req=0 gate_cache_hits=0 gate_cache_checks=0 miss_invalid=0 miss_layer=0 miss_rank=0 miss_hash=0 miss_output=0 miss_data=0 send_up_gate=0.000 ms send_down=0.000 ms send_other=0.000 ms send_ffn=0.000 ms wait_up_gate=0.000 ms wait_down=0.000 ms wait_other=0.000 ms wait_ffn=0.000 ms
[svd-offload-client-stage-profile] rpc_send_total=0.000 ms rpc_wait_total=0.000 ms
[svd-offload-client-debug] finish_fail_up_gate=0 finish_fail_down=0 finish_fail_other=0 finish_fail_ffn=0 cache_take_fail_up=0 cache_take_fail_gate=0 recv_up_sum_abs=0.000000e+00 recv_up_max_abs=0.000000e+00 recv_up_zero=0 recv_gate_sum_abs=0.000000e+00 recv_gate_max_abs=0.000000e+00 recv_gate_zero=0 recv_down_sum_abs=0.000000e+00 recv_down_max_abs=0.000000e+00 recv_down_zero=0 recv_other_sum_abs=0.000000e+00 recv_other_max_abs=0.000000e+00 recv_other_zero=0 recv_ffn_sum_abs=0.000000e+00 recv_ffn_max_abs=0.000000e+00 recv_ffn_zero=0
SUCCEED (one forward pass done)"
4c_high,6,baseline,all_0.55,4,"60,61,62,63","70,80,90,100",ok,21.1235,47.3407,0.7430589199066162,"llama_context: graph splits = 1
attach_threadpool: call
threads: decode=4 batch=4
prompt tokens: 4
running one forward pass (llama_decode) ...
Top-5 next-token candidates:
  id=11 logit=20.2053 piece="",""
  id=304 logit=18.9277 piece="" in""
  id=3837 logit=18.7558 piece=""，""
  id=1052 logit=18.5616 piece="" there""
  id=358 logit=17.8374 piece="" I""
Autoregressive generation:
Generated text: ,
Decode-only throughput: 21.1235 tokens/s (1 tokens in 0.0473407 s of llama_decode)
End-to-end throughput: 20.9859 tokens/s (1 tokens in 0.0476511 s)
[decode-stage-profile] model_load=378.943 ms context_create=57.9298 ms tokenize=0.467594 ms prefill_decode=89.4558 ms generation_decode=47.3407 ms generation_total=47.6511 ms program_total=594.115 ms
[svd-local-op-profile] up_ops=56 gate_ops=56 down_ops=56 up_total=36.938 ms gate_total=34.308 ms down_total=28.016 ms up_v=5.463 ms gate_v=5.434 ms down_v=22.189 ms up_u=31.467 ms gate_u=28.869 ms down_u=5.819 ms
[svd-local-stage-profile] attention_total=3.226 ms ffn_total=100.530 ms ffn_svd_total=99.262 ms ffn_svd_v=33.086 ms ffn_svd_u=66.155 ms
[svd-offload-zero-profile] up_finish=0 up_cache=0 up_no_request=27 gate_finish=0 gate_cache=0 gate_no_request=27 down_finish=0 down_cache=0 down_no_request=27 other_finish=0 other_cache=0 other_no_request=0
[svd-local-timeout-profile] up_keep=0 up_drop=0 up_wait=0.000 ms gate_keep=0 gate_drop=0 gate_wait=0.000 ms down_keep=0 down_drop=0 down_wait=0.000 ms other_keep=0 other_drop=0 other_wait=0.000 ms
[svd-offload-client] up_gate_req=0 down_req=0 other_mat_req=0 ffn_req=0 gate_cache_hits=0 gate_cache_checks=0 miss_invalid=0 miss_layer=0 miss_rank=0 miss_hash=0 miss_output=0 miss_data=0 send_up_gate=0.000 ms send_down=0.000 ms send_other=0.000 ms send_ffn=0.000 ms wait_up_gate=0.000 ms wait_down=0.000 ms wait_other=0.000 ms wait_ffn=0.000 ms
[svd-offload-client-stage-profile] rpc_send_total=0.000 ms rpc_wait_total=0.000 ms
[svd-offload-client-debug] finish_fail_up_gate=0 finish_fail_down=0 finish_fail_other=0 finish_fail_ffn=0 cache_take_fail_up=0 cache_take_fail_gate=0 recv_up_sum_abs=0.000000e+00 recv_up_max_abs=0.000000e+00 recv_up_zero=0 recv_gate_sum_abs=0.000000e+00 recv_gate_max_abs=0.000000e+00 recv_gate_zero=0 recv_down_sum_abs=0.000000e+00 recv_down_max_abs=0.000000e+00 recv_down_zero=0 recv_other_sum_abs=0.000000e+00 recv_other_max_abs=0.000000e+00 recv_other_zero=0 recv_ffn_sum_abs=0.000000e+00 recv_ffn_max_abs=0.000000e+00 recv_ffn_zero=0
SUCCEED (one forward pass done)"
4c_high,6,scheduler,all_0.55,4,"60,61,62,63","70,80,90,100",ok,25.0359,39.9426,0.7193071842193604,"llama_context: graph splits = 1
attach_threadpool: call
threads: decode=4 batch=4
prompt tokens: 4
running one forward pass (llama_decode) ...
Top-5 next-token candidates:
  id=3 logit=0 piece=""$""
  id=4 logit=0 piece=""%""
  id=1 logit=0 piece=""""""
  id=0 logit=0 piece=""!""
  id=2 logit=0 piece=""#""
Autoregressive generation:
Generated text: !
Decode-only throughput: 25.0359 tokens/s (1 tokens in 0.0399426 s of llama_decode)
End-to-end throughput: 24.8403 tokens/s (1 tokens in 0.0402572 s)
[decode-stage-profile] model_load=385.899 ms context_create=56.5635 ms tokenize=0.475306 ms prefill_decode=65.0688 ms generation_decode=39.9426 ms generation_total=40.2572 ms program_total=564.536 ms
[svd-local-op-profile] up_ops=56 gate_ops=56 down_ops=56 up_total=24.840 ms gate_total=24.461 ms down_total=15.386 ms up_v=3.228 ms gate_v=3.346 ms down_v=11.015 ms up_u=21.606 ms gate_u=21.111 ms down_u=4.365 ms
[svd-local-stage-profile] attention_total=1.315 ms ffn_total=65.780 ms ffn_svd_total=64.687 ms ffn_svd_v=17.589 ms ffn_svd_u=47.082 ms
[svd-offload-zero-profile] up_finish=0 up_cache=0 up_no_request=27 gate_finish=0 gate_cache=0 gate_no_request=27 down_finish=0 down_cache=0 down_no_request=27 other_finish=0 other_cache=0 other_no_request=0
[svd-local-timeout-profile] up_keep=0 up_drop=0 up_wait=0.000 ms gate_keep=0 gate_drop=0 gate_wait=0.000 ms down_keep=0 down_drop=0 down_wait=0.000 ms other_keep=0 other_drop=0 other_wait=0.000 ms
[svd-offload-client] up_gate_req=0 down_req=0 other_mat_req=0 ffn_req=0 gate_cache_hits=0 gate_cache_checks=0 miss_invalid=0 miss_layer=0 miss_rank=0 miss_hash=0 miss_output=0 miss_data=0 send_up_gate=0.000 ms send_down=0.000 ms send_other=0.000 ms send_ffn=0.000 ms wait_up_gate=0.000 ms wait_down=0.000 ms wait_other=0.000 ms wait_ffn=0.000 ms
[svd-offload-client-stage-profile] rpc_send_total=0.000 ms rpc_wait_total=0.000 ms
[svd-offload-client-debug] finish_fail_up_gate=0 finish_fail_down=0 finish_fail_other=0 finish_fail_ffn=0 cache_take_fail_up=0 cache_take_fail_gate=0 recv_up_sum_abs=0.000000e+00 recv_up_max_abs=0.000000e+00 recv_up_zero=0 recv_gate_sum_abs=0.000000e+00 recv_gate_max_abs=0.000000e+00 recv_gate_zero=0 recv_down_sum_abs=0.000000e+00 recv_down_max_abs=0.000000e+00 recv_down_zero=0 recv_other_sum_abs=0.000000e+00 recv_other_max_abs=0.000000e+00 recv_other_zero=0 recv_ffn_sum_abs=0.000000e+00 recv_ffn_max_abs=0.000000e+00 recv_ffn_zero=0
SUCCEED (one forward pass done)"
8c_high,0,baseline,trunc_even_0.8,8,"60,61,62,63,64,65,66,67","30,40,50,60,70,80,90,100",ok,20.8621,47.9339,8.388767957687378,"llama_context: graph splits = 1
attach_threadpool: call
threads: decode=8 batch=8
prompt tokens: 4
running one forward pass (llama_decode) ...
Top-5 next-token candidates:
  id=11 logit=20.2053 piece="",""
  id=304 logit=18.9277 piece="" in""
  id=3837 logit=18.7558 piece=""，""
  id=1052 logit=18.5616 piece="" there""
  id=358 logit=17.8374 piece="" I""
Autoregressive generation:
Generated text: ,
Decode-only throughput: 20.8621 tokens/s (1 tokens in 0.0479339 s of llama_decode)
End-to-end throughput: 20.7161 tokens/s (1 tokens in 0.0482717 s)
[decode-stage-profile] model_load=389.93 ms context_create=59.9148 ms tokenize=0.451578 ms prefill_decode=7705.16 ms generation_decode=47.9339 ms generation_total=48.2717 ms program_total=8221.01 ms
[svd-local-op-profile] up_ops=56 gate_ops=56 down_ops=56 up_total=423.178 ms gate_total=404.074 ms down_total=411.811 ms up_v=132.437 ms gate_v=134.836 ms down_v=147.299 ms up_u=290.734 ms gate_u=269.234 ms down_u=264.505 ms
[svd-local-stage-profile] attention_total=1048.626 ms ffn_total=1887.948 ms ffn_svd_total=1239.063 ms ffn_svd_v=414.572 ms ffn_svd_u=824.473 ms
[svd-offload-zero-profile] up_finish=0 up_cache=0 up_no_request=27 gate_finish=0 gate_cache=0 gate_no_request=27 down_finish=0 down_cache=0 down_no_request=27 other_finish=0 other_cache=0 other_no_request=0
[svd-local-timeout-profile] up_keep=0 up_drop=0 up_wait=0.000 ms gate_keep=0 gate_drop=0 gate_wait=0.000 ms down_keep=0 down_drop=0 down_wait=0.000 ms other_keep=0 other_drop=0 other_wait=0.000 ms
[svd-offload-client] up_gate_req=0 down_req=0 other_mat_req=0 ffn_req=0 gate_cache_hits=0 gate_cache_checks=0 miss_invalid=0 miss_layer=0 miss_rank=0 miss_hash=0 miss_output=0 miss_data=0 send_up_gate=0.000 ms send_down=0.000 ms send_other=0.000 ms send_ffn=0.000 ms wait_up_gate=0.000 ms wait_down=0.000 ms wait_other=0.000 ms wait_ffn=0.000 ms
[svd-offload-client-stage-profile] rpc_send_total=0.000 ms rpc_wait_total=0.000 ms
[svd-offload-client-debug] finish_fail_up_gate=0 finish_fail_down=0 finish_fail_other=0 finish_fail_ffn=0 cache_take_fail_up=0 cache_take_fail_gate=0 recv_up_sum_abs=0.000000e+00 recv_up_max_abs=0.000000e+00 recv_up_zero=0 recv_gate_sum_abs=0.000000e+00 recv_gate_max_abs=0.000000e+00 recv_gate_zero=0 recv_down_sum_abs=0.000000e+00 recv_down_max_abs=0.000000e+00 recv_down_zero=0 recv_other_sum_abs=0.000000e+00 recv_other_max_abs=0.000000e+00 recv_other_zero=0 recv_ffn_sum_abs=0.000000e+00 recv_ffn_max_abs=0.000000e+00 recv_ffn_zero=0
SUCCEED (one forward pass done)"
8c_high,0,scheduler,trunc_even_0.8,8,"60,61,62,63,64,65,66,67","30,40,50,60,70,80,90,100",ok,30.5786,32.7026,3.1874449253082275,"llama_context: graph splits = 1
attach_threadpool: call
threads: decode=8 batch=8
prompt tokens: 4
running one forward pass (llama_decode) ...
Top-5 next-token candidates:
  id=3 logit=0 piece=""$""
  id=4 logit=0 piece=""%""
  id=1 logit=0 piece=""""""
  id=0 logit=0 piece=""!""
  id=2 logit=0 piece=""#""
Autoregressive generation:
Generated text: !
Decode-only throughput: 30.5786 tokens/s (1 tokens in 0.0327026 s of llama_decode)
End-to-end throughput: 30.2725 tokens/s (1 tokens in 0.0330333 s)
[decode-stage-profile] model_load=389.082 ms context_create=59.7462 ms tokenize=0.469305 ms prefill_decode=2528.37 ms generation_decode=32.7026 ms generation_total=33.0333 ms program_total=3027.77 ms
[svd-local-op-profile] up_ops=56 gate_ops=56 down_ops=56 up_total=150.168 ms gate_total=153.760 ms down_total=147.158 ms up_v=45.393 ms gate_v=52.044 ms down_v=53.325 ms up_u=104.767 ms gate_u=101.710 ms down_u=93.826 ms
[svd-local-stage-profile] attention_total=327.254 ms ffn_total=667.325 ms ffn_svd_total=451.086 ms ffn_svd_v=150.762 ms ffn_svd_u=300.303 ms
[svd-offload-zero-profile] up_finish=0 up_cache=0 up_no_request=27 gate_finish=0 gate_cache=0 gate_no_request=27 down_finish=0 down_cache=0 down_no_request=27 other_finish=0 other_cache=0 other_no_request=0
[svd-local-timeout-profile] up_keep=0 up_drop=0 up_wait=0.000 ms gate_keep=0 gate_drop=0 gate_wait=0.000 ms down_keep=0 down_drop=0 down_wait=0.000 ms other_keep=0 other_drop=0 other_wait=0.000 ms
[svd-offload-client] up_gate_req=0 down_req=0 other_mat_req=0 ffn_req=0 gate_cache_hits=0 gate_cache_checks=0 miss_invalid=0 miss_layer=0 miss_rank=0 miss_hash=0 miss_output=0 miss_data=0 send_up_gate=0.000 ms send_down=0.000 ms send_other=0.000 ms send_ffn=0.000 ms wait_up_gate=0.000 ms wait_down=0.000 ms wait_other=0.000 ms wait_ffn=0.000 ms
[svd-offload-client-stage-profile] rpc_send_total=0.000 ms rpc_wait_total=0.000 ms
[svd-offload-client-debug] finish_fail_up_gate=0 finish_fail_down=0 finish_fail_other=0 finish_fail_ffn=0 cache_take_fail_up=0 cache_take_fail_gate=0 recv_up_sum_abs=0.000000e+00 recv_up_max_abs=0.000000e+00 recv_up_zero=0 recv_gate_sum_abs=0.000000e+00 recv_gate_max_abs=0.000000e+00 recv_gate_zero=0 recv_down_sum_abs=0.000000e+00 recv_down_max_abs=0.000000e+00 recv_down_zero=0 recv_other_sum_abs=0.000000e+00 recv_other_max_abs=0.000000e+00 recv_other_zero=0 recv_ffn_sum_abs=0.000000e+00 recv_ffn_max_abs=0.000000e+00 recv_ffn_zero=0
SUCCEED (one forward pass done)"
8c_high,1,baseline,trunc_even_0.8,8,"60,61,62,63,64,65,66,67","30,40,50,60,70,80,90,100",ok,26.4009,37.8775,1.9384827613830566,"llama_context: graph splits = 1
attach_threadpool: call
threads: decode=8 batch=8
prompt tokens: 4
running one forward pass (llama_decode) ...
Top-5 next-token candidates:
  id=11 logit=20.2053 piece="",""
  id=304 logit=18.9277 piece="" in""
  id=3837 logit=18.7558 piece=""，""
  id=1052 logit=18.5616 piece="" there""
  id=358 logit=17.8374 piece="" I""
Autoregressive generation:
Generated text: ,
Decode-only throughput: 26.4009 tokens/s (1 tokens in 0.0378775 s of llama_decode)
End-to-end throughput: 26.1676 tokens/s (1 tokens in 0.0382152 s)
[decode-stage-profile] model_load=404.07 ms context_create=62.0412 ms tokenize=0.486899 ms prefill_decode=1260 ms generation_decode=37.8775 ms generation_total=38.2152 ms program_total=1781.9 ms
[svd-local-op-profile] up_ops=56 gate_ops=56 down_ops=56 up_total=67.343 ms gate_total=90.963 ms down_total=70.352 ms up_v=19.939 ms gate_v=26.471 ms down_v=32.213 ms up_u=47.398 ms gate_u=64.483 ms down_u=38.137 ms
[svd-local-stage-profile] attention_total=173.256 ms ffn_total=317.060 ms ffn_svd_total=228.658 ms ffn_svd_v=78.623 ms ffn_svd_u=150.018 ms
[svd-offload-zero-profile] up_finish=0 up_cache=0 up_no_request=27 gate_finish=0 gate_cache=0 gate_no_request=27 down_finish=0 down_cache=0 down_no_request=27 other_finish=0 other_cache=0 other_no_request=0
[svd-local-timeout-profile] up_keep=0 up_drop=0 up_wait=0.000 ms gate_keep=0 gate_drop=0 gate_wait=0.000 ms down_keep=0 down_drop=0 down_wait=0.000 ms other_keep=0 other_drop=0 other_wait=0.000 ms
[svd-offload-client] up_gate_req=0 down_req=0 other_mat_req=0 ffn_req=0 gate_cache_hits=0 gate_cache_checks=0 miss_invalid=0 miss_layer=0 miss_rank=0 miss_hash=0 miss_output=0 miss_data=0 send_up_gate=0.000 ms send_down=0.000 ms send_other=0.000 ms send_ffn=0.000 ms wait_up_gate=0.000 ms wait_down=0.000 ms wait_other=0.000 ms wait_ffn=0.000 ms
[svd-offload-client-stage-profile] rpc_send_total=0.000 ms rpc_wait_total=0.000 ms
[svd-offload-client-debug] finish_fail_up_gate=0 finish_fail_down=0 finish_fail_other=0 finish_fail_ffn=0 cache_take_fail_up=0 cache_take_fail_gate=0 recv_up_sum_abs=0.000000e+00 recv_up_max_abs=0.000000e+00 recv_up_zero=0 recv_gate_sum_abs=0.000000e+00 recv_gate_max_abs=0.000000e+00 recv_gate_zero=0 recv_down_sum_abs=0.000000e+00 recv_down_max_abs=0.000000e+00 recv_down_zero=0 recv_other_sum_abs=0.000000e+00 recv_other_max_abs=0.000000e+00 recv_other_zero=0 recv_ffn_sum_abs=0.000000e+00 recv_ffn_max_abs=0.000000e+00 recv_ffn_zero=0
SUCCEED (one forward pass done)"
8c_high,1,scheduler,trunc_even_0.8,8,"60,61,62,63,64,65,66,67","30,40,50,60,70,80,90,100",ok,27.4269,36.4606,3.1775882244110107,"llama_context: graph splits = 1
attach_threadpool: call
threads: decode=8 batch=8
prompt tokens: 4
running one forward pass (llama_decode) ...
Top-5 next-token candidates:
  id=3 logit=0 piece=""$""
  id=4 logit=0 piece=""%""
  id=1 logit=0 piece=""""""
  id=0 logit=0 piece=""!""
  id=2 logit=0 piece=""#""
Autoregressive generation:
Generated text: !
Decode-only throughput: 27.4269 tokens/s (1 tokens in 0.0364606 s of llama_decode)
End-to-end throughput: 27.1807 tokens/s (1 tokens in 0.0367908 s)
[decode-stage-profile] model_load=393.982 ms context_create=58.7632 ms tokenize=0.455043 ms prefill_decode=2515.57 ms generation_decode=36.4606 ms generation_total=36.7908 ms program_total=3022.49 ms
[svd-local-op-profile] up_ops=56 gate_ops=56 down_ops=56 up_total=154.751 ms gate_total=159.077 ms down_total=130.063 ms up_v=47.375 ms gate_v=52.966 ms down_v=51.238 ms up_u=107.372 ms gate_u=106.100 ms down_u=78.819 ms
[svd-local-stage-profile] attention_total=351.563 ms ffn_total=668.299 ms ffn_svd_total=443.891 ms ffn_svd_v=151.579 ms ffn_svd_u=292.291 ms
[svd-offload-zero-profile] up_finish=0 up_cache=0 up_no_request=27 gate_finish=0 gate_cache=0 gate_no_request=27 down_finish=0 down_cache=0 down_no_request=27 other_finish=0 other_cache=0 other_no_request=0
[svd-local-timeout-profile] up_keep=0 up_drop=0 up_wait=0.000 ms gate_keep=0 gate_drop=0 gate_wait=0.000 ms down_keep=0 down_drop=0 down_wait=0.000 ms other_keep=0 other_drop=0 other_wait=0.000 ms
[svd-offload-client] up_gate_req=0 down_req=0 other_mat_req=0 ffn_req=0 gate_cache_hits=0 gate_cache_checks=0 miss_invalid=0 miss_layer=0 miss_rank=0 miss_hash=0 miss_output=0 miss_data=0 send_up_gate=0.000 ms send_down=0.000 ms send_other=0.000 ms send_ffn=0.000 ms wait_up_gate=0.000 ms wait_down=0.000 ms wait_other=0.000 ms wait_ffn=0.000 ms
[svd-offload-client-stage-profile] rpc_send_total=0.000 ms rpc_wait_total=0.000 ms
[svd-offload-client-debug] finish_fail_up_gate=0 finish_fail_down=0 finish_fail_other=0 finish_fail_ffn=0 cache_take_fail_up=0 cache_take_fail_gate=0 recv_up_sum_abs=0.000000e+00 recv_up_max_abs=0.000000e+00 recv_up_zero=0 recv_gate_sum_abs=0.000000e+00 recv_gate_max_abs=0.000000e+00 recv_gate_zero=0 recv_down_sum_abs=0.000000e+00 recv_down_max_abs=0.000000e+00 recv_down_zero=0 recv_other_sum_abs=0.000000e+00 recv_other_max_abs=0.000000e+00 recv_other_zero=0 recv_ffn_sum_abs=0.000000e+00 recv_ffn_max_abs=0.000000e+00 recv_ffn_zero=0
SUCCEED (one forward pass done)"
8c_high,2,baseline,trunc_even_0.8,8,"60,61,62,63,64,65,66,67","30,40,50,60,70,80,90,100",ok,30.8622,32.4021,1.9272432327270508,"llama_context: graph splits = 1
attach_threadpool: call
threads: decode=8 batch=8
prompt tokens: 4
running one forward pass (llama_decode) ...
Top-5 next-token candidates:
  id=11 logit=20.2053 piece="",""
  id=304 logit=18.9277 piece="" in""
  id=3837 logit=18.7558 piece=""，""
  id=1052 logit=18.5616 piece="" there""
  id=358 logit=17.8374 piece="" I""
Autoregressive generation:
Generated text: ,
Decode-only throughput: 30.8622 tokens/s (1 tokens in 0.0324021 s of llama_decode)
End-to-end throughput: 30.5485 tokens/s (1 tokens in 0.0327348 s)
[decode-stage-profile] model_load=394.039 ms context_create=61.4377 ms tokenize=0.631326 ms prefill_decode=1257.67 ms generation_decode=32.4021 ms generation_total=32.7348 ms program_total=1763.68 ms
[svd-local-op-profile] up_ops=56 gate_ops=56 down_ops=56 up_total=66.799 ms gate_total=88.687 ms down_total=61.884 ms up_v=17.915 ms gate_v=26.981 ms down_v=29.521 ms up_u=48.879 ms gate_u=61.701 ms down_u=32.355 ms
[svd-local-stage-profile] attention_total=164.172 ms ffn_total=311.063 ms ffn_svd_total=217.370 ms ffn_svd_v=74.417 ms ffn_svd_u=142.935 ms
[svd-offload-zero-profile] up_finish=0 up_cache=0 up_no_request=27 gate_finish=0 gate_cache=0 gate_no_request=27 down_finish=0 down_cache=0 down_no_request=27 other_finish=0 other_cache=0 other_no_request=0
[svd-local-timeout-profile] up_keep=0 up_drop=0 up_wait=0.000 ms gate_keep=0 gate_drop=0 gate_wait=0.000 ms down_keep=0 down_drop=0 down_wait=0.000 ms other_keep=0 other_drop=0 other_wait=0.000 ms
[svd-offload-client] up_gate_req=0 down_req=0 other_mat_req=0 ffn_req=0 gate_cache_hits=0 gate_cache_checks=0 miss_invalid=0 miss_layer=0 miss_rank=0 miss_hash=0 miss_output=0 miss_data=0 send_up_gate=0.000 ms send_down=0.000 ms send_other=0.000 ms send_ffn=0.000 ms wait_up_gate=0.000 ms wait_down=0.000 ms wait_other=0.000 ms wait_ffn=0.000 ms
[svd-offload-client-stage-profile] rpc_send_total=0.000 ms rpc_wait_total=0.000 ms
[svd-offload-client-debug] finish_fail_up_gate=0 finish_fail_down=0 finish_fail_other=0 finish_fail_ffn=0 cache_take_fail_up=0 cache_take_fail_gate=0 recv_up_sum_abs=0.000000e+00 recv_up_max_abs=0.000000e+00 recv_up_zero=0 recv_gate_sum_abs=0.000000e+00 recv_gate_max_abs=0.000000e+00 recv_gate_zero=0 recv_down_sum_abs=0.000000e+00 recv_down_max_abs=0.000000e+00 recv_down_zero=0 recv_other_sum_abs=0.000000e+00 recv_other_max_abs=0.000000e+00 recv_other_zero=0 recv_ffn_sum_abs=0.000000e+00 recv_ffn_max_abs=0.000000e+00 recv_ffn_zero=0
SUCCEED (one forward pass done)"
8c_high,2,scheduler,trunc_even_0.8,8,"60,61,62,63,64,65,66,67","30,40,50,60,70,80,90,100",ok,30.8665,32.3976,5.0990447998046875,"llama_context: graph splits = 1
attach_threadpool: call
threads: decode=8 batch=8
prompt tokens: 4
running one forward pass (llama_decode) ...
Top-5 next-token candidates:
  id=3 logit=0 piece=""$""
  id=4 logit=0 piece=""%""
  id=1 logit=0 piece=""""""
  id=0 logit=0 piece=""!""
  id=2 logit=0 piece=""#""
Autoregressive generation:
Generated text: !
Decode-only throughput: 30.8665 tokens/s (1 tokens in 0.0323976 s of llama_decode)
End-to-end throughput: 30.5504 tokens/s (1 tokens in 0.0327328 s)
[decode-stage-profile] model_load=392.156 ms context_create=61.5835 ms tokenize=0.465055 ms prefill_decode=4442.75 ms generation_decode=32.3976 ms generation_total=32.7328 ms program_total=4946.44 ms
[svd-local-op-profile] up_ops=56 gate_ops=56 down_ops=56 up_total=245.232 ms gate_total=244.474 ms down_total=252.932 ms up_v=76.011 ms gate_v=79.107 ms down_v=85.596 ms up_u=169.213 ms gate_u=165.359 ms down_u=167.331 ms
[svd-local-stage-profile] attention_total=622.470 ms ffn_total=1101.764 ms ffn_svd_total=742.638 ms ffn_svd_v=240.714 ms ffn_svd_u=501.903 ms
[svd-offload-zero-profile] up_finish=0 up_cache=0 up_no_request=27 gate_finish=0 gate_cache=0 gate_no_request=27 down_finish=0 down_cache=0 down_no_request=27 other_finish=0 other_cache=0 other_no_request=0
[svd-local-timeout-profile] up_keep=0 up_drop=0 up_wait=0.000 ms gate_keep=0 gate_drop=0 gate_wait=0.000 ms down_keep=0 down_drop=0 down_wait=0.000 ms other_keep=0 other_drop=0 other_wait=0.000 ms
[svd-offload-client] up_gate_req=0 down_req=0 other_mat_req=0 ffn_req=0 gate_cache_hits=0 gate_cache_checks=0 miss_invalid=0 miss_layer=0 miss_rank=0 miss_hash=0 miss_output=0 miss_data=0 send_up_gate=0.000 ms send_down=0.000 ms send_other=0.000 ms send_ffn=0.000 ms wait_up_gate=0.000 ms wait_down=0.000 ms wait_other=0.000 ms wait_ffn=0.000 ms
[svd-offload-client-stage-profile] rpc_send_total=0.000 ms rpc_wait_total=0.000 ms
[svd-offload-client-debug] finish_fail_up_gate=0 finish_fail_down=0 finish_fail_other=0 finish_fail_ffn=0 cache_take_fail_up=0 cache_take_fail_gate=0 recv_up_sum_abs=0.000000e+00 recv_up_max_abs=0.000000e+00 recv_up_zero=0 recv_gate_sum_abs=0.000000e+00 recv_gate_max_abs=0.000000e+00 recv_gate_zero=0 recv_down_sum_abs=0.000000e+00 recv_down_max_abs=0.000000e+00 recv_down_zero=0 recv_other_sum_abs=0.000000e+00 recv_other_max_abs=0.000000e+00 recv_other_zero=0 recv_ffn_sum_abs=0.000000e+00 recv_ffn_max_abs=0.000000e+00 recv_ffn_zero=0
SUCCEED (one forward pass done)"
8c_high,3,baseline,trunc_even_0.8,8,"60,61,62,63,64,65,66,67","30,40,50,60,70,80,90,100",ok,28.5182,35.0653,1.9382030963897705,"llama_context: graph splits = 1
attach_threadpool: call
threads: decode=8 batch=8
prompt tokens: 4
running one forward pass (llama_decode) ...
Top-5 next-token candidates:
  id=11 logit=20.2053 piece="",""
  id=304 logit=18.9277 piece="" in""
  id=3837 logit=18.7558 piece=""，""
  id=1052 logit=18.5616 piece="" there""
  id=358 logit=17.8374 piece="" I""
Autoregressive generation:
Generated text: ,
Decode-only throughput: 28.5182 tokens/s (1 tokens in 0.0350653 s of llama_decode)
End-to-end throughput: 28.2484 tokens/s (1 tokens in 0.0354002 s)
[decode-stage-profile] model_load=401.398 ms context_create=57.6766 ms tokenize=0.485768 ms prefill_decode=1261.72 ms generation_decode=35.0653 ms generation_total=35.4002 ms program_total=1774.25 ms
[svd-local-op-profile] up_ops=56 gate_ops=56 down_ops=56 up_total=68.416 ms gate_total=82.755 ms down_total=73.501 ms up_v=19.872 ms gate_v=26.620 ms down_v=31.398 ms up_u=48.539 ms gate_u=56.129 ms down_u=42.100 ms
[svd-local-stage-profile] attention_total=186.944 ms ffn_total=311.202 ms ffn_svd_total=224.672 ms ffn_svd_v=77.890 ms ffn_svd_u=146.768 ms
[svd-offload-zero-profile] up_finish=0 up_cache=0 up_no_request=27 gate_finish=0 gate_cache=0 gate_no_request=27 down_finish=0 down_cache=0 down_no_request=27 other_finish=0 other_cache=0 other_no_request=0
[svd-local-timeout-profile] up_keep=0 up_drop=0 up_wait=0.000 ms gate_keep=0 gate_drop=0 gate_wait=0.000 ms down_keep=0 down_drop=0 down_wait=0.000 ms other_keep=0 other_drop=0 other_wait=0.000 ms
[svd-offload-client] up_gate_req=0 down_req=0 other_mat_req=0 ffn_req=0 gate_cache_hits=0 gate_cache_checks=0 miss_invalid=0 miss_layer=0 miss_rank=0 miss_hash=0 miss_output=0 miss_data=0 send_up_gate=0.000 ms send_down=0.000 ms send_other=0.000 ms send_ffn=0.000 ms wait_up_gate=0.000 ms wait_down=0.000 ms wait_other=0.000 ms wait_ffn=0.000 ms
[svd-offload-client-stage-profile] rpc_send_total=0.000 ms rpc_wait_total=0.000 ms
[svd-offload-client-debug] finish_fail_up_gate=0 finish_fail_down=0 finish_fail_other=0 finish_fail_ffn=0 cache_take_fail_up=0 cache_take_fail_gate=0 recv_up_sum_abs=0.000000e+00 recv_up_max_abs=0.000000e+00 recv_up_zero=0 recv_gate_sum_abs=0.000000e+00 recv_gate_max_abs=0.000000e+00 recv_gate_zero=0 recv_down_sum_abs=0.000000e+00 recv_down_max_abs=0.000000e+00 recv_down_zero=0 recv_other_sum_abs=0.000000e+00 recv_other_max_abs=0.000000e+00 recv_other_zero=0 recv_ffn_sum_abs=0.000000e+00 recv_ffn_max_abs=0.000000e+00 recv_ffn_zero=0
SUCCEED (one forward pass done)"
8c_high,3,scheduler,trunc_even_0.8,8,"60,61,62,63,64,65,66,67","30,40,50,60,70,80,90,100",ok,35.0677,28.5163,3.1583900451660156,"llama_context: graph splits = 1
attach_threadpool: call
threads: decode=8 batch=8
prompt tokens: 4
running one forward pass (llama_decode) ...
Top-5 next-token candidates:
  id=3 logit=0 piece=""$""
  id=4 logit=0 piece=""%""
  id=1 logit=0 piece=""""""
  id=0 logit=0 piece=""!""
  id=2 logit=0 piece=""#""
Autoregressive generation:
Generated text: !
Decode-only throughput: 35.0677 tokens/s (1 tokens in 0.0285163 s of llama_decode)
End-to-end throughput: 34.6643 tokens/s (1 tokens in 0.0288482 s)
[decode-stage-profile] model_load=391.813 ms context_create=58.0967 ms tokenize=0.457689 ms prefill_decode=2508.01 ms generation_decode=28.5163 ms generation_total=28.8482 ms program_total=3004.18 ms
[svd-local-op-profile] up_ops=56 gate_ops=56 down_ops=56 up_total=143.574 ms gate_total=150.734 ms down_total=143.480 ms up_v=46.523 ms gate_v=45.434 ms down_v=48.441 ms up_u=97.044 ms gate_u=105.295 ms down_u=95.032 ms
[svd-local-stage-profile] attention_total=335.745 ms ffn_total=661.759 ms ffn_svd_total=437.788 ms ffn_svd_v=140.398 ms ffn_svd_u=297.371 ms
[svd-offload-zero-profile] up_finish=0 up_cache=0 up_no_request=27 gate_finish=0 gate_cache=0 gate_no_request=27 down_finish=0 down_cache=0 down_no_request=27 other_finish=0 other_cache=0 other_no_request=0
[svd-local-timeout-profile] up_keep=0 up_drop=0 up_wait=0.000 ms gate_keep=0 gate_drop=0 gate_wait=0.000 ms down_keep=0 down_drop=0 down_wait=0.000 ms other_keep=0 other_drop=0 other_wait=0.000 ms
[svd-offload-client] up_gate_req=0 down_req=0 other_mat_req=0 ffn_req=0 gate_cache_hits=0 gate_cache_checks=0 miss_invalid=0 miss_layer=0 miss_rank=0 miss_hash=0 miss_output=0 miss_data=0 send_up_gate=0.000 ms send_down=0.000 ms send_other=0.000 ms send_ffn=0.000 ms wait_up_gate=0.000 ms wait_down=0.000 ms wait_other=0.000 ms wait_ffn=0.000 ms
[svd-offload-client-stage-profile] rpc_send_total=0.000 ms rpc_wait_total=0.000 ms
[svd-offload-client-debug] finish_fail_up_gate=0 finish_fail_down=0 finish_fail_other=0 finish_fail_ffn=0 cache_take_fail_up=0 cache_take_fail_gate=0 recv_up_sum_abs=0.000000e+00 recv_up_max_abs=0.000000e+00 recv_up_zero=0 recv_gate_sum_abs=0.000000e+00 recv_gate_max_abs=0.000000e+00 recv_gate_zero=0 recv_down_sum_abs=0.000000e+00 recv_down_max_abs=0.000000e+00 recv_down_zero=0 recv_other_sum_abs=0.000000e+00 recv_other_max_abs=0.000000e+00 recv_other_zero=0 recv_ffn_sum_abs=0.000000e+00 recv_ffn_max_abs=0.000000e+00 recv_ffn_zero=0
SUCCEED (one forward pass done)"
8c_high,4,baseline,trunc_even_0.8,8,"60,61,62,63,64,65,66,67","30,40,50,60,70,80,90,100",ok,28.0423,35.6604,3.5040910243988037,"llama_context: graph splits = 1
attach_threadpool: call
threads: decode=8 batch=8
prompt tokens: 4
running one forward pass (llama_decode) ...
Top-5 next-token candidates:
  id=11 logit=20.2053 piece="",""
  id=304 logit=18.9277 piece="" in""
  id=3837 logit=18.7558 piece=""，""
  id=1052 logit=18.5616 piece="" there""
  id=358 logit=17.8374 piece="" I""
Autoregressive generation:
Generated text: ,
Decode-only throughput: 28.0423 tokens/s (1 tokens in 0.0356604 s of llama_decode)
End-to-end throughput: 27.7805 tokens/s (1 tokens in 0.0359965 s)
[decode-stage-profile] model_load=386.587 ms context_create=61.8327 ms tokenize=0.458069 ms prefill_decode=2834.98 ms generation_decode=35.6604 ms generation_total=35.9965 ms program_total=3337.13 ms
[svd-local-op-profile] up_ops=56 gate_ops=56 down_ops=56 up_total=154.613 ms gate_total=165.560 ms down_total=154.209 ms up_v=48.739 ms gate_v=51.680 ms down_v=59.418 ms up_u=105.869 ms gate_u=113.871 ms down_u=94.786 ms
[svd-local-stage-profile] attention_total=411.960 ms ffn_total=686.205 ms ffn_svd_total=474.382 ms ffn_svd_v=159.837 ms ffn_svd_u=314.526 ms
[svd-offload-zero-profile] up_finish=0 up_cache=0 up_no_request=27 gate_finish=0 gate_cache=0 gate_no_request=27 down_finish=0 down_cache=0 down_no_request=27 other_finish=0 other_cache=0 other_no_request=0
[svd-local-timeout-profile] up_keep=0 up_drop=0 up_wait=0.000 ms gate_keep=0 gate_drop=0 gate_wait=0.000 ms down_keep=0 down_drop=0 down_wait=0.000 ms other_keep=0 other_drop=0 other_wait=0.000 ms
[svd-offload-client] up_gate_req=0 down_req=0 other_mat_req=0 ffn_req=0 gate_cache_hits=0 gate_cache_checks=0 miss_invalid=0 miss_layer=0 miss_rank=0 miss_hash=0 miss_output=0 miss_data=0 send_up_gate=0.000 ms send_down=0.000 ms send_other=0.000 ms send_ffn=0.000 ms wait_up_gate=0.000 ms wait_down=0.000 ms wait_other=0.000 ms wait_ffn=0.000 ms
[svd-offload-client-stage-profile] rpc_send_total=0.000 ms rpc_wait_total=0.000 ms
[svd-offload-client-debug] finish_fail_up_gate=0 finish_fail_down=0 finish_fail_other=0 finish_fail_ffn=0 cache_take_fail_up=0 cache_take_fail_gate=0 recv_up_sum_abs=0.000000e+00 recv_up_max_abs=0.000000e+00 recv_up_zero=0 recv_gate_sum_abs=0.000000e+00 recv_gate_max_abs=0.000000e+00 recv_gate_zero=0 recv_down_sum_abs=0.000000e+00 recv_down_max_abs=0.000000e+00 recv_down_zero=0 recv_other_sum_abs=0.000000e+00 recv_other_max_abs=0.000000e+00 recv_other_zero=0 recv_ffn_sum_abs=0.000000e+00 recv_ffn_max_abs=0.000000e+00 recv_ffn_zero=0
SUCCEED (one forward pass done)"
8c_high,4,scheduler,trunc_even_0.8,8,"60,61,62,63,64,65,66,67","30,40,50,60,70,80,90,100",ok,2.62187,381.407,2.1068942546844482,"llama_context: graph splits = 1
attach_threadpool: call
threads: decode=8 batch=8
prompt tokens: 4
running one forward pass (llama_decode) ...
Top-5 next-token candidates:
  id=3 logit=0 piece=""$""
  id=4 logit=0 piece=""%""
  id=1 logit=0 piece=""""""
  id=0 logit=0 piece=""!""
  id=2 logit=0 piece=""#""
Autoregressive generation:
Generated text: !
Decode-only throughput: 2.62187 tokens/s (1 tokens in 0.381407 s of llama_decode)
End-to-end throughput: 2.61953 tokens/s (1 tokens in 0.381747 s)
[decode-stage-profile] model_load=389.712 ms context_create=59.382 ms tokenize=0.487871 ms prefill_decode=1097.84 ms generation_decode=381.407 ms generation_total=381.747 ms program_total=1946.11 ms
[svd-local-op-profile] up_ops=56 gate_ops=56 down_ops=56 up_total=76.708 ms gate_total=81.146 ms down_total=81.199 ms up_v=22.384 ms gate_v=23.214 ms down_v=28.919 ms up_u=54.317 ms gate_u=57.926 ms down_u=52.273 ms
[svd-local-stage-profile] attention_total=281.350 ms ffn_total=366.744 ms ffn_svd_total=239.053 ms ffn_svd_v=74.517 ms ffn_svd_u=164.516 ms
[svd-offload-zero-profile] up_finish=0 up_cache=0 up_no_request=27 gate_finish=0 gate_cache=0 gate_no_request=27 down_finish=0 down_cache=0 down_no_request=27 other_finish=0 other_cache=0 other_no_request=0
[svd-local-timeout-profile] up_keep=0 up_drop=0 up_wait=0.000 ms gate_keep=0 gate_drop=0 gate_wait=0.000 ms down_keep=0 down_drop=0 down_wait=0.000 ms other_keep=0 other_drop=0 other_wait=0.000 ms
[svd-offload-client] up_gate_req=0 down_req=0 other_mat_req=0 ffn_req=0 gate_cache_hits=0 gate_cache_checks=0 miss_invalid=0 miss_layer=0 miss_rank=0 miss_hash=0 miss_output=0 miss_data=0 send_up_gate=0.000 ms send_down=0.000 ms send_other=0.000 ms send_ffn=0.000 ms wait_up_gate=0.000 ms wait_down=0.000 ms wait_other=0.000 ms wait_ffn=0.000 ms
[svd-offload-client-stage-profile] rpc_send_total=0.000 ms rpc_wait_total=0.000 ms
[svd-offload-client-debug] finish_fail_up_gate=0 finish_fail_down=0 finish_fail_other=0 finish_fail_ffn=0 cache_take_fail_up=0 cache_take_fail_gate=0 recv_up_sum_abs=0.000000e+00 recv_up_max_abs=0.000000e+00 recv_up_zero=0 recv_gate_sum_abs=0.000000e+00 recv_gate_max_abs=0.000000e+00 recv_gate_zero=0 recv_down_sum_abs=0.000000e+00 recv_down_max_abs=0.000000e+00 recv_down_zero=0 recv_other_sum_abs=0.000000e+00 recv_other_max_abs=0.000000e+00 recv_other_zero=0 recv_ffn_sum_abs=0.000000e+00 recv_ffn_max_abs=0.000000e+00 recv_ffn_zero=0
SUCCEED (one forward pass done)"
8c_high,5,baseline,trunc_even_0.8,8,"60,61,62,63,64,65,66,67","30,40,50,60,70,80,90,100",ok,23.8567,41.9169,1.9310753345489502,"llama_context: graph splits = 1
attach_threadpool: call
threads: decode=8 batch=8
prompt tokens: 4
running one forward pass (llama_decode) ...
Top-5 next-token candidates:
  id=11 logit=20.2053 piece="",""
  id=304 logit=18.9277 piece="" in""
  id=3837 logit=18.7558 piece=""，""
  id=1052 logit=18.5616 piece="" there""
  id=358 logit=17.8374 piece="" I""
Autoregressive generation:
Generated text: ,
Decode-only throughput: 23.8567 tokens/s (1 tokens in 0.0419169 s of llama_decode)
End-to-end throughput: 23.6641 tokens/s (1 tokens in 0.0422582 s)
[decode-stage-profile] model_load=395.108 ms context_create=61.4013 ms tokenize=0.487038 ms prefill_decode=1241.88 ms generation_decode=41.9169 ms generation_total=42.2582 ms program_total=1758.1 ms
[svd-local-op-profile] up_ops=56 gate_ops=56 down_ops=56 up_total=67.959 ms gate_total=74.579 ms down_total=64.003 ms up_v=20.047 ms gate_v=18.750 ms down_v=29.702 ms up_u=47.906 ms gate_u=55.824 ms down_u=34.296 ms
[svd-local-stage-profile] attention_total=176.949 ms ffn_total=290.690 ms ffn_svd_total=206.541 ms ffn_svd_v=68.499 ms ffn_svd_u=138.026 ms
[svd-offload-zero-profile] up_finish=0 up_cache=0 up_no_request=27 gate_finish=0 gate_cache=0 gate_no_request=27 down_finish=0 down_cache=0 down_no_request=27 other_finish=0 other_cache=0 other_no_request=0
[svd-local-timeout-profile] up_keep=0 up_drop=0 up_wait=0.000 ms gate_keep=0 gate_drop=0 gate_wait=0.000 ms down_keep=0 down_drop=0 down_wait=0.000 ms other_keep=0 other_drop=0 other_wait=0.000 ms
[svd-offload-client] up_gate_req=0 down_req=0 other_mat_req=0 ffn_req=0 gate_cache_hits=0 gate_cache_checks=0 miss_invalid=0 miss_layer=0 miss_rank=0 miss_hash=0 miss_output=0 miss_data=0 send_up_gate=0.000 ms send_down=0.000 ms send_other=0.000 ms send_ffn=0.000 ms wait_up_gate=0.000 ms wait_down=0.000 ms wait_other=0.000 ms wait_ffn=0.000 ms
[svd-offload-client-stage-profile] rpc_send_total=0.000 ms rpc_wait_total=0.000 ms
[svd-offload-client-debug] finish_fail_up_gate=0 finish_fail_down=0 finish_fail_other=0 finish_fail_ffn=0 cache_take_fail_up=0 cache_take_fail_gate=0 recv_up_sum_abs=0.000000e+00 recv_up_max_abs=0.000000e+00 recv_up_zero=0 recv_gate_sum_abs=0.000000e+00 recv_gate_max_abs=0.000000e+00 recv_gate_zero=0 recv_down_sum_abs=0.000000e+00 recv_down_max_abs=0.000000e+00 recv_down_zero=0 recv_other_sum_abs=0.000000e+00 recv_other_max_abs=0.000000e+00 recv_other_zero=0 recv_ffn_sum_abs=0.000000e+00 recv_ffn_max_abs=0.000000e+00 recv_ffn_zero=0
SUCCEED (one forward pass done)"
8c_high,5,scheduler,trunc_even_0.8,8,"60,61,62,63,64,65,66,67","30,40,50,60,70,80,90,100",ok,31.3502,31.8978,3.1732888221740723,"llama_context: graph splits = 1
attach_threadpool: call
threads: decode=8 batch=8
prompt tokens: 4
running one forward pass (llama_decode) ...
Top-5 next-token candidates:
  id=3 logit=0 piece=""$""
  id=4 logit=0 piece=""%""
  id=1 logit=0 piece=""""""
  id=0 logit=0 piece=""!""
  id=2 logit=0 piece=""#""
Autoregressive generation:
Generated text: !
Decode-only throughput: 31.3502 tokens/s (1 tokens in 0.0318978 s of llama_decode)
End-to-end throughput: 30.9773 tokens/s (1 tokens in 0.0322817 s)
[decode-stage-profile] model_load=390.863 ms context_create=58.8914 ms tokenize=0.493567 ms prefill_decode=2509.72 ms generation_decode=31.8978 ms generation_total=32.2817 ms program_total=3009.35 ms
[svd-local-op-profile] up_ops=56 gate_ops=56 down_ops=56 up_total=149.478 ms gate_total=149.666 ms down_total=123.379 ms up_v=45.721 ms gate_v=49.954 ms down_v=45.391 ms up_u=103.751 ms gate_u=99.706 ms down_u=77.982 ms
[svd-local-stage-profile] attention_total=339.644 ms ffn_total=639.401 ms ffn_svd_total=422.523 ms ffn_svd_v=141.066 ms ffn_svd_u=281.439 ms
[svd-offload-zero-profile] up_finish=0 up_cache=0 up_no_request=27 gate_finish=0 gate_cache=0 gate_no_request=27 down_finish=0 down_cache=0 down_no_request=27 other_finish=0 other_cache=0 other_no_request=0
[svd-local-timeout-profile] up_keep=0 up_drop=0 up_wait=0.000 ms gate_keep=0 gate_drop=0 gate_wait=0.000 ms down_keep=0 down_drop=0 down_wait=0.000 ms other_keep=0 other_drop=0 other_wait=0.000 ms
[svd-offload-client] up_gate_req=0 down_req=0 other_mat_req=0 ffn_req=0 gate_cache_hits=0 gate_cache_checks=0 miss_invalid=0 miss_layer=0 miss_rank=0 miss_hash=0 miss_output=0 miss_data=0 send_up_gate=0.000 ms send_down=0.000 ms send_other=0.000 ms send_ffn=0.000 ms wait_up_gate=0.000 ms wait_down=0.000 ms wait_other=0.000 ms wait_ffn=0.000 ms
[svd-offload-client-stage-profile] rpc_send_total=0.000 ms rpc_wait_total=0.000 ms
[svd-offload-client-debug] finish_fail_up_gate=0 finish_fail_down=0 finish_fail_other=0 finish_fail_ffn=0 cache_take_fail_up=0 cache_take_fail_gate=0 recv_up_sum_abs=0.000000e+00 recv_up_max_abs=0.000000e+00 recv_up_zero=0 recv_gate_sum_abs=0.000000e+00 recv_gate_max_abs=0.000000e+00 recv_gate_zero=0 recv_down_sum_abs=0.000000e+00 recv_down_max_abs=0.000000e+00 recv_down_zero=0 recv_other_sum_abs=0.000000e+00 recv_other_max_abs=0.000000e+00 recv_other_zero=0 recv_ffn_sum_abs=0.000000e+00 recv_ffn_max_abs=0.000000e+00 recv_ffn_zero=0
SUCCEED (one forward pass done)"
8c_high,6,baseline,trunc_even_0.8,8,"60,61,62,63,64,65,66,67","30,40,50,60,70,80,90,100",ok,28.9304,34.5657,1.9252197742462158,"llama_context: graph splits = 1
attach_threadpool: call
threads: decode=8 batch=8
prompt tokens: 4
running one forward pass (llama_decode) ...
Top-5 next-token candidates:
  id=11 logit=20.2053 piece="",""
  id=304 logit=18.9277 piece="" in""
  id=3837 logit=18.7558 piece=""，""
  id=1052 logit=18.5616 piece="" there""
  id=358 logit=17.8374 piece="" I""
Autoregressive generation:
Generated text: ,
Decode-only throughput: 28.9304 tokens/s (1 tokens in 0.0345657 s of llama_decode)
End-to-end throughput: 28.6478 tokens/s (1 tokens in 0.0349067 s)
[decode-stage-profile] model_load=391.4 ms context_create=57.6155 ms tokenize=0.466631 ms prefill_decode=1257.69 ms generation_decode=34.5657 ms generation_total=34.9067 ms program_total=1763.24 ms
[svd-local-op-profile] up_ops=56 gate_ops=56 down_ops=56 up_total=78.718 ms gate_total=98.560 ms down_total=63.850 ms up_v=25.947 ms gate_v=29.857 ms down_v=30.380 ms up_u=52.762 ms gate_u=68.699 ms down_u=33.464 ms
[svd-local-stage-profile] attention_total=169.146 ms ffn_total=336.371 ms ffn_svd_total=241.128 ms ffn_svd_v=86.184 ms ffn_svd_u=154.925 ms
[svd-offload-zero-profile] up_finish=0 up_cache=0 up_no_request=27 gate_finish=0 gate_cache=0 gate_no_request=27 down_finish=0 down_cache=0 down_no_request=27 other_finish=0 other_cache=0 other_no_request=0
[svd-local-timeout-profile] up_keep=0 up_drop=0 up_wait=0.000 ms gate_keep=0 gate_drop=0 gate_wait=0.000 ms down_keep=0 down_drop=0 down_wait=0.000 ms other_keep=0 other_drop=0 other_wait=0.000 ms
[svd-offload-client] up_gate_req=0 down_req=0 other_mat_req=0 ffn_req=0 gate_cache_hits=0 gate_cache_checks=0 miss_invalid=0 miss_layer=0 miss_rank=0 miss_hash=0 miss_output=0 miss_data=0 send_up_gate=0.000 ms send_down=0.000 ms send_other=0.000 ms send_ffn=0.000 ms wait_up_gate=0.000 ms wait_down=0.000 ms wait_other=0.000 ms wait_ffn=0.000 ms
[svd-offload-client-stage-profile] rpc_send_total=0.000 ms rpc_wait_total=0.000 ms
[svd-offload-client-debug] finish_fail_up_gate=0 finish_fail_down=0 finish_fail_other=0 finish_fail_ffn=0 cache_take_fail_up=0 cache_take_fail_gate=0 recv_up_sum_abs=0.000000e+00 recv_up_max_abs=0.000000e+00 recv_up_zero=0 recv_gate_sum_abs=0.000000e+00 recv_gate_max_abs=0.000000e+00 recv_gate_zero=0 recv_down_sum_abs=0.000000e+00 recv_down_max_abs=0.000000e+00 recv_down_zero=0 recv_other_sum_abs=0.000000e+00 recv_other_max_abs=0.000000e+00 recv_other_zero=0 recv_ffn_sum_abs=0.000000e+00 recv_ffn_max_abs=0.000000e+00 recv_ffn_zero=0
SUCCEED (one forward pass done)"
8c_high,6,scheduler,trunc_even_0.8,8,"60,61,62,63,64,65,66,67","30,40,50,60,70,80,90,100",ok,32.7348,30.5485,3.1729369163513184,"llama_context: graph splits = 1
attach_threadpool: call
threads: decode=8 batch=8
prompt tokens: 4
running one forward pass (llama_decode) ...
Top-5 next-token candidates:
  id=3 logit=0 piece=""$""
  id=4 logit=0 piece=""%""
  id=1 logit=0 piece=""""""
  id=0 logit=0 piece=""!""
  id=2 logit=0 piece=""#""
Autoregressive generation:
Generated text: !
Decode-only throughput: 32.7348 tokens/s (1 tokens in 0.0305485 s of llama_decode)
End-to-end throughput: 32.3814 tokens/s (1 tokens in 0.030882 s)
[decode-stage-profile] model_load=386.005 ms context_create=62.2916 ms tokenize=0.479926 ms prefill_decode=2503.53 ms generation_decode=30.5485 ms generation_total=30.882 ms program_total=3000.25 ms
[svd-local-op-profile] up_ops=56 gate_ops=56 down_ops=56 up_total=148.170 ms gate_total=143.991 ms down_total=141.633 ms up_v=46.272 ms gate_v=46.192 ms down_v=51.750 ms up_u=101.895 ms gate_u=97.788 ms down_u=89.878 ms
[svd-local-stage-profile] attention_total=345.538 ms ffn_total=651.659 ms ffn_svd_total=433.794 ms ffn_svd_v=144.214 ms ffn_svd_u=289.561 ms
[svd-offload-zero-profile] up_finish=0 up_cache=0 up_no_request=27 gate_finish=0 gate_cache=0 gate_no_request=27 down_finish=0 down_cache=0 down_no_request=27 other_finish=0 other_cache=0 other_no_request=0
[svd-local-timeout-profile] up_keep=0 up_drop=0 up_wait=0.000 ms gate_keep=0 gate_drop=0 gate_wait=0.000 ms down_keep=0 down_drop=0 down_wait=0.000 ms other_keep=0 other_drop=0 other_wait=0.000 ms
[svd-offload-client] up_gate_req=0 down_req=0 other_mat_req=0 ffn_req=0 gate_cache_hits=0 gate_cache_checks=0 miss_invalid=0 miss_layer=0 miss_rank=0 miss_hash=0 miss_output=0 miss_data=0 send_up_gate=0.000 ms send_down=0.000 ms send_other=0.000 ms send_ffn=0.000 ms wait_up_gate=0.000 ms wait_down=0.000 ms wait_other=0.000 ms wait_ffn=0.000 ms
[svd-offload-client-stage-profile] rpc_send_total=0.000 ms rpc_wait_total=0.000 ms
[svd-offload-client-debug] finish_fail_up_gate=0 finish_fail_down=0 finish_fail_other=0 finish_fail_ffn=0 cache_take_fail_up=0 cache_take_fail_gate=0 recv_up_sum_abs=0.000000e+00 recv_up_max_abs=0.000000e+00 recv_up_zero=0 recv_gate_sum_abs=0.000000e+00 recv_gate_max_abs=0.000000e+00 recv_gate_zero=0 recv_down_sum_abs=0.000000e+00 recv_down_max_abs=0.000000e+00 recv_down_zero=0 recv_other_sum_abs=0.000000e+00 recv_other_max_abs=0.000000e+00 recv_other_zero=0 recv_ffn_sum_abs=0.000000e+00 recv_ffn_max_abs=0.000000e+00 recv_ffn_zero=0
SUCCEED (one forward pass done)"
