scenario,repeat,policy,detail,status,cpus,loads,decode_tok_s,generation_decode_ms,generated,steady_decode_ms,prefix_decode_ms,server_decode_ms,network_wait_ms,prefill_decode_ms,elapsed_s,client_log,server_log,output_tail
6c_extreme_2idle,0,baseline_no_svd,"60,61,62,63,64,65,66,67",ok,"60,61,62,63,64,65,66,67","90,90,90,100,100,100,0,0",0.455865,70196.2,,,,,,3913.15,75.38839793205261,,,"llama_context: graph splits = 1
attach_threadpool: call
threads: decode=8 batch=8
prompt tokens: 4
running one forward pass (llama_decode) ...
Top-5 next-token candidates:
  id=11 logit=21.0211 piece="",""
  id=3837 logit=19.3304 piece=""，""
  id=1052 logit=19.1368 piece="" there""
  id=304 logit=19.024 piece="" in""
  id=264 logit=18.1601 piece="" a""
Autoregressive generation:
Generated text: , there was a little girl named Lily. She lived in a small village with her family. One day, Lily's mom told her about a magical forest that
Decode-only throughput: 0.455865 tokens/s (32 tokens in 70.1962 s of llama_decode)
End-to-end throughput: 0.455794 tokens/s (32 tokens in 70.2072 s)
[decode-stage-profile] model_load=985.661 ms context_create=61.6273 ms tokenize=0.493792 ms prefill_decode=3913.15 ms generation_decode=70196.2 ms generation_total=70207.2 ms program_total=75184.5 ms
[svd-local-op-profile] up_ops=0 gate_ops=0 down_ops=0 up_total=0.000 ms gate_total=0.000 ms down_total=0.000 ms up_v=0.000 ms gate_v=0.000 ms down_v=0.000 ms up_u=0.000 ms gate_u=0.000 ms down_u=0.000 ms
[svd-local-stage-profile] attention_total=23111.370 ms ffn_total=15947.629 ms ffn_svd_total=0.000 ms ffn_svd_v=0.000 ms ffn_svd_u=0.000 ms
[svd-offload-zero-profile] up_finish=0 up_cache=0 up_no_request=0 gate_finish=0 gate_cache=0 gate_no_request=0 down_finish=0 down_cache=0 down_no_request=0 other_finish=0 other_cache=0 other_no_request=0
[svd-local-timeout-profile] up_keep=0 up_drop=0 up_wait=0.000 ms gate_keep=0 gate_drop=0 gate_wait=0.000 ms down_keep=0 down_drop=0 down_wait=0.000 ms other_keep=0 other_drop=0 other_wait=0.000 ms
[svd-offload-client] up_gate_req=0 down_req=0 other_mat_req=0 ffn_req=0 gate_cache_hits=0 gate_cache_checks=0 miss_invalid=0 miss_layer=0 miss_rank=0 miss_hash=0 miss_output=0 miss_data=0 send_up_gate=0.000 ms send_down=0.000 ms send_other=0.000 ms send_ffn=0.000 ms wait_up_gate=0.000 ms wait_down=0.000 ms wait_other=0.000 ms wait_ffn=0.000 ms
[svd-offload-client-stage-profile] rpc_send_total=0.000 ms rpc_wait_total=0.000 ms
[svd-offload-client-debug] finish_fail_up_gate=0 finish_fail_down=0 finish_fail_other=0 finish_fail_ffn=0 cache_take_fail_up=0 cache_take_fail_gate=0 recv_up_sum_abs=0.000000e+00 recv_up_max_abs=0.000000e+00 recv_up_zero=0 recv_gate_sum_abs=0.000000e+00 recv_gate_max_abs=0.000000e+00 recv_gate_zero=0 recv_down_sum_abs=0.000000e+00 recv_down_max_abs=0.000000e+00 recv_down_zero=0 recv_other_sum_abs=0.000000e+00 recv_other_max_abs=0.000000e+00 recv_other_zero=0 recv_ffn_sum_abs=0.000000e+00 recv_ffn_max_abs=0.000000e+00 recv_ffn_zero=0
SUCCEED (one forward pass done)"
6c_extreme_2idle,0,major_only_no_svd,p=1;major=66,ok,"60,61,62,63,64,65,66,67","90,90,90,100,100,100,0,0",6.33416,5051.97,,,,,,207.822,6.480036973953247,,,"llama_context: graph splits = 1
attach_threadpool: call
threads: decode=1 batch=1
prompt tokens: 4
running one forward pass (llama_decode) ...
Top-5 next-token candidates:
  id=11 logit=21.0211 piece="",""
  id=3837 logit=19.3304 piece=""，""
  id=1052 logit=19.1368 piece="" there""
  id=304 logit=19.024 piece="" in""
  id=264 logit=18.1601 piece="" a""
Autoregressive generation:
Generated text: , there was a little girl named Lily. She lived in a small village with her family. One day, Lily's mom told her about a magical forest that
Decode-only throughput: 6.33416 tokens/s (32 tokens in 5.05197 s of llama_decode)
End-to-end throughput: 6.32044 tokens/s (32 tokens in 5.06294 s)
[decode-stage-profile] model_load=940.372 ms context_create=62.5553 ms tokenize=0.516471 ms prefill_decode=207.822 ms generation_decode=5051.97 ms generation_total=5062.94 ms program_total=6291.13 ms
[svd-local-op-profile] up_ops=0 gate_ops=0 down_ops=0 up_total=0.000 ms gate_total=0.000 ms down_total=0.000 ms up_v=0.000 ms gate_v=0.000 ms down_v=0.000 ms up_u=0.000 ms gate_u=0.000 ms down_u=0.000 ms
[svd-local-stage-profile] attention_total=46.197 ms ffn_total=3801.286 ms ffn_svd_total=0.000 ms ffn_svd_v=0.000 ms ffn_svd_u=0.000 ms
[svd-offload-zero-profile] up_finish=0 up_cache=0 up_no_request=0 gate_finish=0 gate_cache=0 gate_no_request=0 down_finish=0 down_cache=0 down_no_request=0 other_finish=0 other_cache=0 other_no_request=0
[svd-local-timeout-profile] up_keep=0 up_drop=0 up_wait=0.000 ms gate_keep=0 gate_drop=0 gate_wait=0.000 ms down_keep=0 down_drop=0 down_wait=0.000 ms other_keep=0 other_drop=0 other_wait=0.000 ms
[svd-offload-client] up_gate_req=0 down_req=0 other_mat_req=0 ffn_req=0 gate_cache_hits=0 gate_cache_checks=0 miss_invalid=0 miss_layer=0 miss_rank=0 miss_hash=0 miss_output=0 miss_data=0 send_up_gate=0.000 ms send_down=0.000 ms send_other=0.000 ms send_ffn=0.000 ms wait_up_gate=0.000 ms wait_down=0.000 ms wait_other=0.000 ms wait_ffn=0.000 ms
[svd-offload-client-stage-profile] rpc_send_total=0.000 ms rpc_wait_total=0.000 ms
[svd-offload-client-debug] finish_fail_up_gate=0 finish_fail_down=0 finish_fail_other=0 finish_fail_ffn=0 cache_take_fail_up=0 cache_take_fail_gate=0 recv_up_sum_abs=0.000000e+00 recv_up_max_abs=0.000000e+00 recv_up_zero=0 recv_gate_sum_abs=0.000000e+00 recv_gate_max_abs=0.000000e+00 recv_gate_zero=0 recv_down_sum_abs=0.000000e+00 recv_down_max_abs=0.000000e+00 recv_down_zero=0 recv_other_sum_abs=0.000000e+00 recv_other_max_abs=0.000000e+00 recv_other_zero=0 recv_ffn_sum_abs=0.000000e+00 recv_ffn_max_abs=0.000000e+00 recv_ffn_zero=0
SUCCEED (one forward pass done)"
6c_extreme_2idle,0,major_only_no_svd,"p=2;major=66,67",ok,"60,61,62,63,64,65,66,67","90,90,90,100,100,100,0,0",12.7243,2514.88,,,,,,102.371,3.8717081546783447,,,"llama_context: graph splits = 1
attach_threadpool: call
threads: decode=2 batch=2
prompt tokens: 4
running one forward pass (llama_decode) ...
Top-5 next-token candidates:
  id=11 logit=21.0211 piece="",""
  id=3837 logit=19.3304 piece=""，""
  id=1052 logit=19.1368 piece="" there""
  id=304 logit=19.024 piece="" in""
  id=264 logit=18.1601 piece="" a""
Autoregressive generation:
Generated text: , there was a little girl named Lily. She lived in a small village with her family. One day, Lily's mom told her about a magical forest that
Decode-only throughput: 12.7243 tokens/s (32 tokens in 2.51488 s of llama_decode)
End-to-end throughput: 12.6648 tokens/s (32 tokens in 2.52669 s)
[decode-stage-profile] model_load=970.955 ms context_create=59.0164 ms tokenize=0.491115 ms prefill_decode=102.371 ms generation_decode=2514.88 ms generation_total=2526.69 ms program_total=3676.04 ms
[svd-local-op-profile] up_ops=0 gate_ops=0 down_ops=0 up_total=0.000 ms gate_total=0.000 ms down_total=0.000 ms up_v=0.000 ms gate_v=0.000 ms down_v=0.000 ms up_u=0.000 ms gate_u=0.000 ms down_u=0.000 ms
[svd-local-stage-profile] attention_total=20.074 ms ffn_total=1820.450 ms ffn_svd_total=0.000 ms ffn_svd_v=0.000 ms ffn_svd_u=0.000 ms
[svd-offload-zero-profile] up_finish=0 up_cache=0 up_no_request=0 gate_finish=0 gate_cache=0 gate_no_request=0 down_finish=0 down_cache=0 down_no_request=0 other_finish=0 other_cache=0 other_no_request=0
[svd-local-timeout-profile] up_keep=0 up_drop=0 up_wait=0.000 ms gate_keep=0 gate_drop=0 gate_wait=0.000 ms down_keep=0 down_drop=0 down_wait=0.000 ms other_keep=0 other_drop=0 other_wait=0.000 ms
[svd-offload-client] up_gate_req=0 down_req=0 other_mat_req=0 ffn_req=0 gate_cache_hits=0 gate_cache_checks=0 miss_invalid=0 miss_layer=0 miss_rank=0 miss_hash=0 miss_output=0 miss_data=0 send_up_gate=0.000 ms send_down=0.000 ms send_other=0.000 ms send_ffn=0.000 ms wait_up_gate=0.000 ms wait_down=0.000 ms wait_other=0.000 ms wait_ffn=0.000 ms
[svd-offload-client-stage-profile] rpc_send_total=0.000 ms rpc_wait_total=0.000 ms
[svd-offload-client-debug] finish_fail_up_gate=0 finish_fail_down=0 finish_fail_other=0 finish_fail_ffn=0 cache_take_fail_up=0 cache_take_fail_gate=0 recv_up_sum_abs=0.000000e+00 recv_up_max_abs=0.000000e+00 recv_up_zero=0 recv_gate_sum_abs=0.000000e+00 recv_gate_max_abs=0.000000e+00 recv_gate_zero=0 recv_down_sum_abs=0.000000e+00 recv_down_max_abs=0.000000e+00 recv_down_zero=0 recv_other_sum_abs=0.000000e+00 recv_other_max_abs=0.000000e+00 recv_other_zero=0 recv_ffn_sum_abs=0.000000e+00 recv_ffn_max_abs=0.000000e+00 recv_ffn_zero=0
SUCCEED (one forward pass done)"
6c_extreme_2idle,0,major_only_no_svd,"p=3;major=66,67,60",ok,"60,61,62,63,64,65,66,67","90,90,90,100,100,100,0,0",17.9108,1786.64,,,,,,360.397,3.4086365699768066,,,"llama_context: graph splits = 1
attach_threadpool: call
threads: decode=3 batch=3
prompt tokens: 4
running one forward pass (llama_decode) ...
Top-5 next-token candidates:
  id=11 logit=21.0211 piece="",""
  id=3837 logit=19.3304 piece=""，""
  id=1052 logit=19.1368 piece="" there""
  id=304 logit=19.024 piece="" in""
  id=264 logit=18.1601 piece="" a""
Autoregressive generation:
Generated text: , there was a little girl named Lily. She lived in a small village with her family. One day, Lily's mom told her about a magical forest that
Decode-only throughput: 17.9108 tokens/s (32 tokens in 1.78664 s of llama_decode)
End-to-end throughput: 17.7939 tokens/s (32 tokens in 1.79837 s)
[decode-stage-profile] model_load=962.959 ms context_create=59.784 ms tokenize=0.496812 ms prefill_decode=360.397 ms generation_decode=1786.64 ms generation_total=1798.37 ms program_total=3198.88 ms
[svd-local-op-profile] up_ops=0 gate_ops=0 down_ops=0 up_total=0.000 ms gate_total=0.000 ms down_total=0.000 ms up_v=0.000 ms gate_v=0.000 ms down_v=0.000 ms up_u=0.000 ms gate_u=0.000 ms down_u=0.000 ms
[svd-local-stage-profile] attention_total=76.137 ms ffn_total=1265.196 ms ffn_svd_total=0.000 ms ffn_svd_v=0.000 ms ffn_svd_u=0.000 ms
[svd-offload-zero-profile] up_finish=0 up_cache=0 up_no_request=0 gate_finish=0 gate_cache=0 gate_no_request=0 down_finish=0 down_cache=0 down_no_request=0 other_finish=0 other_cache=0 other_no_request=0
[svd-local-timeout-profile] up_keep=0 up_drop=0 up_wait=0.000 ms gate_keep=0 gate_drop=0 gate_wait=0.000 ms down_keep=0 down_drop=0 down_wait=0.000 ms other_keep=0 other_drop=0 other_wait=0.000 ms
[svd-offload-client] up_gate_req=0 down_req=0 other_mat_req=0 ffn_req=0 gate_cache_hits=0 gate_cache_checks=0 miss_invalid=0 miss_layer=0 miss_rank=0 miss_hash=0 miss_output=0 miss_data=0 send_up_gate=0.000 ms send_down=0.000 ms send_other=0.000 ms send_ffn=0.000 ms wait_up_gate=0.000 ms wait_down=0.000 ms wait_other=0.000 ms wait_ffn=0.000 ms
[svd-offload-client-stage-profile] rpc_send_total=0.000 ms rpc_wait_total=0.000 ms
[svd-offload-client-debug] finish_fail_up_gate=0 finish_fail_down=0 finish_fail_other=0 finish_fail_ffn=0 cache_take_fail_up=0 cache_take_fail_gate=0 recv_up_sum_abs=0.000000e+00 recv_up_max_abs=0.000000e+00 recv_up_zero=0 recv_gate_sum_abs=0.000000e+00 recv_gate_max_abs=0.000000e+00 recv_gate_zero=0 recv_down_sum_abs=0.000000e+00 recv_down_max_abs=0.000000e+00 recv_down_zero=0 recv_other_sum_abs=0.000000e+00 recv_other_max_abs=0.000000e+00 recv_other_zero=0 recv_ffn_sum_abs=0.000000e+00 recv_ffn_max_abs=0.000000e+00 recv_ffn_zero=0
SUCCEED (one forward pass done)"
6c_extreme_2idle,0,major_only_no_svd,"p=4;major=66,67,60,61",ok,"60,61,62,63,64,65,66,67","90,90,90,100,100,100,0,0",20.324,1574.49,,,,,,132.995,2.986093282699585,,,"llama_context: graph splits = 1
attach_threadpool: call
threads: decode=4 batch=4
prompt tokens: 4
running one forward pass (llama_decode) ...
Top-5 next-token candidates:
  id=11 logit=21.0211 piece="",""
  id=3837 logit=19.3304 piece=""，""
  id=1052 logit=19.1368 piece="" there""
  id=304 logit=19.024 piece="" in""
  id=264 logit=18.1601 piece="" a""
Autoregressive generation:
Generated text: , there was a little girl named Lily. She lived in a small village with her family. One day, Lily's mom told her about a magical forest that
Decode-only throughput: 20.324 tokens/s (32 tokens in 1.57449 s of llama_decode)
End-to-end throughput: 20.1721 tokens/s (32 tokens in 1.58635 s)
[decode-stage-profile] model_load=991.027 ms context_create=58.4869 ms tokenize=0.484089 ms prefill_decode=132.995 ms generation_decode=1574.49 ms generation_total=1586.35 ms program_total=2785.88 ms
[svd-local-op-profile] up_ops=0 gate_ops=0 down_ops=0 up_total=0.000 ms gate_total=0.000 ms down_total=0.000 ms up_v=0.000 ms gate_v=0.000 ms down_v=0.000 ms up_u=0.000 ms gate_u=0.000 ms down_u=0.000 ms
[svd-local-stage-profile] attention_total=56.055 ms ffn_total=1120.467 ms ffn_svd_total=0.000 ms ffn_svd_v=0.000 ms ffn_svd_u=0.000 ms
[svd-offload-zero-profile] up_finish=0 up_cache=0 up_no_request=0 gate_finish=0 gate_cache=0 gate_no_request=0 down_finish=0 down_cache=0 down_no_request=0 other_finish=0 other_cache=0 other_no_request=0
[svd-local-timeout-profile] up_keep=0 up_drop=0 up_wait=0.000 ms gate_keep=0 gate_drop=0 gate_wait=0.000 ms down_keep=0 down_drop=0 down_wait=0.000 ms other_keep=0 other_drop=0 other_wait=0.000 ms
[svd-offload-client] up_gate_req=0 down_req=0 other_mat_req=0 ffn_req=0 gate_cache_hits=0 gate_cache_checks=0 miss_invalid=0 miss_layer=0 miss_rank=0 miss_hash=0 miss_output=0 miss_data=0 send_up_gate=0.000 ms send_down=0.000 ms send_other=0.000 ms send_ffn=0.000 ms wait_up_gate=0.000 ms wait_down=0.000 ms wait_other=0.000 ms wait_ffn=0.000 ms
[svd-offload-client-stage-profile] rpc_send_total=0.000 ms rpc_wait_total=0.000 ms
[svd-offload-client-debug] finish_fail_up_gate=0 finish_fail_down=0 finish_fail_other=0 finish_fail_ffn=0 cache_take_fail_up=0 cache_take_fail_gate=0 recv_up_sum_abs=0.000000e+00 recv_up_max_abs=0.000000e+00 recv_up_zero=0 recv_gate_sum_abs=0.000000e+00 recv_gate_max_abs=0.000000e+00 recv_gate_zero=0 recv_down_sum_abs=0.000000e+00 recv_down_max_abs=0.000000e+00 recv_down_zero=0 recv_other_sum_abs=0.000000e+00 recv_other_max_abs=0.000000e+00 recv_other_zero=0 recv_ffn_sum_abs=0.000000e+00 recv_ffn_max_abs=0.000000e+00 recv_ffn_zero=0
SUCCEED (one forward pass done)"
6c_extreme_2idle,0,major_only_no_svd,"p=5;major=66,67,60,61,62",ok,"60,61,62,63,64,65,66,67","90,90,90,100,100,100,0,0",25.0152,1279.22,,,,,,1319.68,3.855746269226074,,,"llama_context: graph splits = 1
attach_threadpool: call
threads: decode=5 batch=5
prompt tokens: 4
running one forward pass (llama_decode) ...
Top-5 next-token candidates:
  id=11 logit=21.0211 piece="",""
  id=3837 logit=19.3304 piece=""，""
  id=1052 logit=19.1368 piece="" there""
  id=304 logit=19.024 piece="" in""
  id=264 logit=18.1601 piece="" a""
Autoregressive generation:
Generated text: , there was a little girl named Lily. She lived in a small village with her family. One day, Lily's mom told her about a magical forest that
Decode-only throughput: 25.0152 tokens/s (32 tokens in 1.27922 s of llama_decode)
End-to-end throughput: 24.7903 tokens/s (32 tokens in 1.29083 s)
[decode-stage-profile] model_load=963.824 ms context_create=59.1428 ms tokenize=0.483818 ms prefill_decode=1319.68 ms generation_decode=1279.22 ms generation_total=1290.83 ms program_total=3651.18 ms
[svd-local-op-profile] up_ops=0 gate_ops=0 down_ops=0 up_total=0.000 ms gate_total=0.000 ms down_total=0.000 ms up_v=0.000 ms gate_v=0.000 ms down_v=0.000 ms up_u=0.000 ms gate_u=0.000 ms down_u=0.000 ms
[svd-local-stage-profile] attention_total=232.385 ms ffn_total=1024.780 ms ffn_svd_total=0.000 ms ffn_svd_v=0.000 ms ffn_svd_u=0.000 ms
[svd-offload-zero-profile] up_finish=0 up_cache=0 up_no_request=0 gate_finish=0 gate_cache=0 gate_no_request=0 down_finish=0 down_cache=0 down_no_request=0 other_finish=0 other_cache=0 other_no_request=0
[svd-local-timeout-profile] up_keep=0 up_drop=0 up_wait=0.000 ms gate_keep=0 gate_drop=0 gate_wait=0.000 ms down_keep=0 down_drop=0 down_wait=0.000 ms other_keep=0 other_drop=0 other_wait=0.000 ms
[svd-offload-client] up_gate_req=0 down_req=0 other_mat_req=0 ffn_req=0 gate_cache_hits=0 gate_cache_checks=0 miss_invalid=0 miss_layer=0 miss_rank=0 miss_hash=0 miss_output=0 miss_data=0 send_up_gate=0.000 ms send_down=0.000 ms send_other=0.000 ms send_ffn=0.000 ms wait_up_gate=0.000 ms wait_down=0.000 ms wait_other=0.000 ms wait_ffn=0.000 ms
[svd-offload-client-stage-profile] rpc_send_total=0.000 ms rpc_wait_total=0.000 ms
[svd-offload-client-debug] finish_fail_up_gate=0 finish_fail_down=0 finish_fail_other=0 finish_fail_ffn=0 cache_take_fail_up=0 cache_take_fail_gate=0 recv_up_sum_abs=0.000000e+00 recv_up_max_abs=0.000000e+00 recv_up_zero=0 recv_gate_sum_abs=0.000000e+00 recv_gate_max_abs=0.000000e+00 recv_gate_zero=0 recv_down_sum_abs=0.000000e+00 recv_down_max_abs=0.000000e+00 recv_down_zero=0 recv_other_sum_abs=0.000000e+00 recv_other_max_abs=0.000000e+00 recv_other_zero=0 recv_ffn_sum_abs=0.000000e+00 recv_ffn_max_abs=0.000000e+00 recv_ffn_zero=0
SUCCEED (one forward pass done)"
6c_extreme_2idle,0,major_only_no_svd,"p=6;major=66,67,60,61,62,63",ok,"60,61,62,63,64,65,66,67","90,90,90,100,100,100,0,0",18.1289,1765.13,,,,,,7885.27,10.9092378616333,,,"llama_context: graph splits = 1
attach_threadpool: call
threads: decode=6 batch=6
prompt tokens: 4
running one forward pass (llama_decode) ...
Top-5 next-token candidates:
  id=11 logit=21.0211 piece="",""
  id=3837 logit=19.3304 piece=""，""
  id=1052 logit=19.1368 piece="" there""
  id=304 logit=19.024 piece="" in""
  id=264 logit=18.1601 piece="" a""
Autoregressive generation:
Generated text: , there was a little girl named Lily. She lived in a small village with her family. One day, Lily's mom told her about a magical forest that
Decode-only throughput: 18.1289 tokens/s (32 tokens in 1.76513 s of llama_decode)
End-to-end throughput: 18.007 tokens/s (32 tokens in 1.77709 s)
[decode-stage-profile] model_load=957.97 ms context_create=60.2694 ms tokenize=0.522356 ms prefill_decode=7885.27 ms generation_decode=1765.13 ms generation_total=1777.09 ms program_total=10698.1 ms
[svd-local-op-profile] up_ops=0 gate_ops=0 down_ops=0 up_total=0.000 ms gate_total=0.000 ms down_total=0.000 ms up_v=0.000 ms gate_v=0.000 ms down_v=0.000 ms up_u=0.000 ms gate_u=0.000 ms down_u=0.000 ms
[svd-local-stage-profile] attention_total=1403.021 ms ffn_total=1813.155 ms ffn_svd_total=0.000 ms ffn_svd_v=0.000 ms ffn_svd_u=0.000 ms
[svd-offload-zero-profile] up_finish=0 up_cache=0 up_no_request=0 gate_finish=0 gate_cache=0 gate_no_request=0 down_finish=0 down_cache=0 down_no_request=0 other_finish=0 other_cache=0 other_no_request=0
[svd-local-timeout-profile] up_keep=0 up_drop=0 up_wait=0.000 ms gate_keep=0 gate_drop=0 gate_wait=0.000 ms down_keep=0 down_drop=0 down_wait=0.000 ms other_keep=0 other_drop=0 other_wait=0.000 ms
[svd-offload-client] up_gate_req=0 down_req=0 other_mat_req=0 ffn_req=0 gate_cache_hits=0 gate_cache_checks=0 miss_invalid=0 miss_layer=0 miss_rank=0 miss_hash=0 miss_output=0 miss_data=0 send_up_gate=0.000 ms send_down=0.000 ms send_other=0.000 ms send_ffn=0.000 ms wait_up_gate=0.000 ms wait_down=0.000 ms wait_other=0.000 ms wait_ffn=0.000 ms
[svd-offload-client-stage-profile] rpc_send_total=0.000 ms rpc_wait_total=0.000 ms
[svd-offload-client-debug] finish_fail_up_gate=0 finish_fail_down=0 finish_fail_other=0 finish_fail_ffn=0 cache_take_fail_up=0 cache_take_fail_gate=0 recv_up_sum_abs=0.000000e+00 recv_up_max_abs=0.000000e+00 recv_up_zero=0 recv_gate_sum_abs=0.000000e+00 recv_gate_max_abs=0.000000e+00 recv_gate_zero=0 recv_down_sum_abs=0.000000e+00 recv_down_max_abs=0.000000e+00 recv_down_zero=0 recv_other_sum_abs=0.000000e+00 recv_other_max_abs=0.000000e+00 recv_other_zero=0 recv_ffn_sum_abs=0.000000e+00 recv_ffn_max_abs=0.000000e+00 recv_ffn_zero=0
SUCCEED (one forward pass done)"
6c_extreme_2idle,0,major_only_no_svd,"p=7;major=66,67,60,61,62,63,64",ok,"60,61,62,63,64,65,66,67","90,90,90,100,100,100,0,0",27.1912,1176.85,,,,,,5327.56,7.784437656402588,,,"llama_context: graph splits = 1
attach_threadpool: call
threads: decode=7 batch=7
prompt tokens: 4
running one forward pass (llama_decode) ...
Top-5 next-token candidates:
  id=11 logit=21.0211 piece="",""
  id=3837 logit=19.3304 piece=""，""
  id=1052 logit=19.1368 piece="" there""
  id=304 logit=19.024 piece="" in""
  id=264 logit=18.1601 piece="" a""
Autoregressive generation:
Generated text: , there was a little girl named Lily. She lived in a small village with her family. One day, Lily's mom told her about a magical forest that
Decode-only throughput: 27.1912 tokens/s (32 tokens in 1.17685 s of llama_decode)
End-to-end throughput: 26.9056 tokens/s (32 tokens in 1.18934 s)
[decode-stage-profile] model_load=991.973 ms context_create=62.066 ms tokenize=0.541334 ms prefill_decode=5327.56 ms generation_decode=1176.85 ms generation_total=1189.34 ms program_total=7588.94 ms
[svd-local-op-profile] up_ops=0 gate_ops=0 down_ops=0 up_total=0.000 ms gate_total=0.000 ms down_total=0.000 ms up_v=0.000 ms gate_v=0.000 ms down_v=0.000 ms up_u=0.000 ms gate_u=0.000 ms down_u=0.000 ms
[svd-local-stage-profile] attention_total=881.759 ms ffn_total=1397.267 ms ffn_svd_total=0.000 ms ffn_svd_v=0.000 ms ffn_svd_u=0.000 ms
[svd-offload-zero-profile] up_finish=0 up_cache=0 up_no_request=0 gate_finish=0 gate_cache=0 gate_no_request=0 down_finish=0 down_cache=0 down_no_request=0 other_finish=0 other_cache=0 other_no_request=0
[svd-local-timeout-profile] up_keep=0 up_drop=0 up_wait=0.000 ms gate_keep=0 gate_drop=0 gate_wait=0.000 ms down_keep=0 down_drop=0 down_wait=0.000 ms other_keep=0 other_drop=0 other_wait=0.000 ms
[svd-offload-client] up_gate_req=0 down_req=0 other_mat_req=0 ffn_req=0 gate_cache_hits=0 gate_cache_checks=0 miss_invalid=0 miss_layer=0 miss_rank=0 miss_hash=0 miss_output=0 miss_data=0 send_up_gate=0.000 ms send_down=0.000 ms send_other=0.000 ms send_ffn=0.000 ms wait_up_gate=0.000 ms wait_down=0.000 ms wait_other=0.000 ms wait_ffn=0.000 ms
[svd-offload-client-stage-profile] rpc_send_total=0.000 ms rpc_wait_total=0.000 ms
[svd-offload-client-debug] finish_fail_up_gate=0 finish_fail_down=0 finish_fail_other=0 finish_fail_ffn=0 cache_take_fail_up=0 cache_take_fail_gate=0 recv_up_sum_abs=0.000000e+00 recv_up_max_abs=0.000000e+00 recv_up_zero=0 recv_gate_sum_abs=0.000000e+00 recv_gate_max_abs=0.000000e+00 recv_gate_zero=0 recv_down_sum_abs=0.000000e+00 recv_down_max_abs=0.000000e+00 recv_down_zero=0 recv_other_sum_abs=0.000000e+00 recv_other_max_abs=0.000000e+00 recv_other_zero=0 recv_ffn_sum_abs=0.000000e+00 recv_ffn_max_abs=0.000000e+00 recv_ffn_zero=0
SUCCEED (one forward pass done)"
6c_extreme_2idle,1,baseline_no_svd,"60,61,62,63,64,65,66,67",ok,"60,61,62,63,64,65,66,67","90,90,90,100,100,100,0,0",1.36603,23425.5,,,,,,10096.8,34.99999237060547,,,"llama_context: graph splits = 1
attach_threadpool: call
threads: decode=8 batch=8
prompt tokens: 4
running one forward pass (llama_decode) ...
Top-5 next-token candidates:
  id=11 logit=21.0211 piece="",""
  id=3837 logit=19.3304 piece=""，""
  id=1052 logit=19.1368 piece="" there""
  id=304 logit=19.024 piece="" in""
  id=264 logit=18.1601 piece="" a""
Autoregressive generation:
Generated text: , there was a little girl named Lily. She lived in a small village with her family. One day, Lily's mom told her about a magical forest that
Decode-only throughput: 1.36603 tokens/s (32 tokens in 23.4255 s of llama_decode)
End-to-end throughput: 1.3651 tokens/s (32 tokens in 23.4415 s)
[decode-stage-profile] model_load=1174.44 ms context_create=60.9504 ms tokenize=0.966605 ms prefill_decode=10096.8 ms generation_decode=23425.5 ms generation_total=23441.5 ms program_total=34785.7 ms
[svd-local-op-profile] up_ops=0 gate_ops=0 down_ops=0 up_total=0.000 ms gate_total=0.000 ms down_total=0.000 ms up_v=0.000 ms gate_v=0.000 ms down_v=0.000 ms up_u=0.000 ms gate_u=0.000 ms down_u=0.000 ms
[svd-local-stage-profile] attention_total=8853.890 ms ffn_total=6572.987 ms ffn_svd_total=0.000 ms ffn_svd_v=0.000 ms ffn_svd_u=0.000 ms
[svd-offload-zero-profile] up_finish=0 up_cache=0 up_no_request=0 gate_finish=0 gate_cache=0 gate_no_request=0 down_finish=0 down_cache=0 down_no_request=0 other_finish=0 other_cache=0 other_no_request=0
[svd-local-timeout-profile] up_keep=0 up_drop=0 up_wait=0.000 ms gate_keep=0 gate_drop=0 gate_wait=0.000 ms down_keep=0 down_drop=0 down_wait=0.000 ms other_keep=0 other_drop=0 other_wait=0.000 ms
[svd-offload-client] up_gate_req=0 down_req=0 other_mat_req=0 ffn_req=0 gate_cache_hits=0 gate_cache_checks=0 miss_invalid=0 miss_layer=0 miss_rank=0 miss_hash=0 miss_output=0 miss_data=0 send_up_gate=0.000 ms send_down=0.000 ms send_other=0.000 ms send_ffn=0.000 ms wait_up_gate=0.000 ms wait_down=0.000 ms wait_other=0.000 ms wait_ffn=0.000 ms
[svd-offload-client-stage-profile] rpc_send_total=0.000 ms rpc_wait_total=0.000 ms
[svd-offload-client-debug] finish_fail_up_gate=0 finish_fail_down=0 finish_fail_other=0 finish_fail_ffn=0 cache_take_fail_up=0 cache_take_fail_gate=0 recv_up_sum_abs=0.000000e+00 recv_up_max_abs=0.000000e+00 recv_up_zero=0 recv_gate_sum_abs=0.000000e+00 recv_gate_max_abs=0.000000e+00 recv_gate_zero=0 recv_down_sum_abs=0.000000e+00 recv_down_max_abs=0.000000e+00 recv_down_zero=0 recv_other_sum_abs=0.000000e+00 recv_other_max_abs=0.000000e+00 recv_other_zero=0 recv_ffn_sum_abs=0.000000e+00 recv_ffn_max_abs=0.000000e+00 recv_ffn_zero=0
SUCCEED (one forward pass done)"
6c_extreme_2idle,1,major_only_no_svd,p=1;major=66,ok,"60,61,62,63,64,65,66,67","90,90,90,100,100,100,0,0",6.22698,5138.93,,,,,,190.565,6.631493806838989,,,"llama_context: graph splits = 1
attach_threadpool: call
threads: decode=1 batch=1
prompt tokens: 4
running one forward pass (llama_decode) ...
Top-5 next-token candidates:
  id=11 logit=21.0211 piece="",""
  id=3837 logit=19.3304 piece=""，""
  id=1052 logit=19.1368 piece="" there""
  id=304 logit=19.024 piece="" in""
  id=264 logit=18.1601 piece="" a""
Autoregressive generation:
Generated text: , there was a little girl named Lily. She lived in a small village with her family. One day, Lily's mom told her about a magical forest that
Decode-only throughput: 6.22698 tokens/s (32 tokens in 5.13893 s of llama_decode)
End-to-end throughput: 6.21235 tokens/s (32 tokens in 5.15103 s)
[decode-stage-profile] model_load=1019.77 ms context_create=61.1015 ms tokenize=0.485754 ms prefill_decode=190.565 ms generation_decode=5138.93 ms generation_total=5151.03 ms program_total=6439.4 ms
[svd-local-op-profile] up_ops=0 gate_ops=0 down_ops=0 up_total=0.000 ms gate_total=0.000 ms down_total=0.000 ms up_v=0.000 ms gate_v=0.000 ms down_v=0.000 ms up_u=0.000 ms gate_u=0.000 ms down_u=0.000 ms
[svd-local-stage-profile] attention_total=45.250 ms ffn_total=3813.982 ms ffn_svd_total=0.000 ms ffn_svd_v=0.000 ms ffn_svd_u=0.000 ms
[svd-offload-zero-profile] up_finish=0 up_cache=0 up_no_request=0 gate_finish=0 gate_cache=0 gate_no_request=0 down_finish=0 down_cache=0 down_no_request=0 other_finish=0 other_cache=0 other_no_request=0
[svd-local-timeout-profile] up_keep=0 up_drop=0 up_wait=0.000 ms gate_keep=0 gate_drop=0 gate_wait=0.000 ms down_keep=0 down_drop=0 down_wait=0.000 ms other_keep=0 other_drop=0 other_wait=0.000 ms
[svd-offload-client] up_gate_req=0 down_req=0 other_mat_req=0 ffn_req=0 gate_cache_hits=0 gate_cache_checks=0 miss_invalid=0 miss_layer=0 miss_rank=0 miss_hash=0 miss_output=0 miss_data=0 send_up_gate=0.000 ms send_down=0.000 ms send_other=0.000 ms send_ffn=0.000 ms wait_up_gate=0.000 ms wait_down=0.000 ms wait_other=0.000 ms wait_ffn=0.000 ms
[svd-offload-client-stage-profile] rpc_send_total=0.000 ms rpc_wait_total=0.000 ms
[svd-offload-client-debug] finish_fail_up_gate=0 finish_fail_down=0 finish_fail_other=0 finish_fail_ffn=0 cache_take_fail_up=0 cache_take_fail_gate=0 recv_up_sum_abs=0.000000e+00 recv_up_max_abs=0.000000e+00 recv_up_zero=0 recv_gate_sum_abs=0.000000e+00 recv_gate_max_abs=0.000000e+00 recv_gate_zero=0 recv_down_sum_abs=0.000000e+00 recv_down_max_abs=0.000000e+00 recv_down_zero=0 recv_other_sum_abs=0.000000e+00 recv_other_max_abs=0.000000e+00 recv_other_zero=0 recv_ffn_sum_abs=0.000000e+00 recv_ffn_max_abs=0.000000e+00 recv_ffn_zero=0
SUCCEED (one forward pass done)"
6c_extreme_2idle,1,major_only_no_svd,"p=2;major=66,67",ok,"60,61,62,63,64,65,66,67","90,90,90,100,100,100,0,0",12.581,2543.51,,,,,,100.03,3.948991537094116,,,"llama_context: graph splits = 1
attach_threadpool: call
threads: decode=2 batch=2
prompt tokens: 4
running one forward pass (llama_decode) ...
Top-5 next-token candidates:
  id=11 logit=21.0211 piece="",""
  id=3837 logit=19.3304 piece=""，""
  id=1052 logit=19.1368 piece="" there""
  id=304 logit=19.024 piece="" in""
  id=264 logit=18.1601 piece="" a""
Autoregressive generation:
Generated text: , there was a little girl named Lily. She lived in a small village with her family. One day, Lily's mom told her about a magical forest that
Decode-only throughput: 12.581 tokens/s (32 tokens in 2.54351 s of llama_decode)
End-to-end throughput: 12.5208 tokens/s (32 tokens in 2.55574 s)
[decode-stage-profile] model_load=988.393 ms context_create=67.6386 ms tokenize=0.534729 ms prefill_decode=100.03 ms generation_decode=2543.51 ms generation_total=2555.74 ms program_total=3730.27 ms
[svd-local-op-profile] up_ops=0 gate_ops=0 down_ops=0 up_total=0.000 ms gate_total=0.000 ms down_total=0.000 ms up_v=0.000 ms gate_v=0.000 ms down_v=0.000 ms up_u=0.000 ms gate_u=0.000 ms down_u=0.000 ms
[svd-local-stage-profile] attention_total=20.386 ms ffn_total=1823.690 ms ffn_svd_total=0.000 ms ffn_svd_v=0.000 ms ffn_svd_u=0.000 ms
[svd-offload-zero-profile] up_finish=0 up_cache=0 up_no_request=0 gate_finish=0 gate_cache=0 gate_no_request=0 down_finish=0 down_cache=0 down_no_request=0 other_finish=0 other_cache=0 other_no_request=0
[svd-local-timeout-profile] up_keep=0 up_drop=0 up_wait=0.000 ms gate_keep=0 gate_drop=0 gate_wait=0.000 ms down_keep=0 down_drop=0 down_wait=0.000 ms other_keep=0 other_drop=0 other_wait=0.000 ms
[svd-offload-client] up_gate_req=0 down_req=0 other_mat_req=0 ffn_req=0 gate_cache_hits=0 gate_cache_checks=0 miss_invalid=0 miss_layer=0 miss_rank=0 miss_hash=0 miss_output=0 miss_data=0 send_up_gate=0.000 ms send_down=0.000 ms send_other=0.000 ms send_ffn=0.000 ms wait_up_gate=0.000 ms wait_down=0.000 ms wait_other=0.000 ms wait_ffn=0.000 ms
[svd-offload-client-stage-profile] rpc_send_total=0.000 ms rpc_wait_total=0.000 ms
[svd-offload-client-debug] finish_fail_up_gate=0 finish_fail_down=0 finish_fail_other=0 finish_fail_ffn=0 cache_take_fail_up=0 cache_take_fail_gate=0 recv_up_sum_abs=0.000000e+00 recv_up_max_abs=0.000000e+00 recv_up_zero=0 recv_gate_sum_abs=0.000000e+00 recv_gate_max_abs=0.000000e+00 recv_gate_zero=0 recv_down_sum_abs=0.000000e+00 recv_down_max_abs=0.000000e+00 recv_down_zero=0 recv_other_sum_abs=0.000000e+00 recv_other_max_abs=0.000000e+00 recv_other_zero=0 recv_ffn_sum_abs=0.000000e+00 recv_ffn_max_abs=0.000000e+00 recv_ffn_zero=0
SUCCEED (one forward pass done)"
6c_extreme_2idle,1,major_only_no_svd,"p=3;major=66,67,60",ok,"60,61,62,63,64,65,66,67","90,90,90,100,100,100,0,0",14.2908,2239.2,,,,,,448.627,3.9313712120056152,,,"llama_context: graph splits = 1
attach_threadpool: call
threads: decode=3 batch=3
prompt tokens: 4
running one forward pass (llama_decode) ...
Top-5 next-token candidates:
  id=11 logit=21.0211 piece="",""
  id=3837 logit=19.3304 piece=""，""
  id=1052 logit=19.1368 piece="" there""
  id=304 logit=19.024 piece="" in""
  id=264 logit=18.1601 piece="" a""
Autoregressive generation:
Generated text: , there was a little girl named Lily. She lived in a small village with her family. One day, Lily's mom told her about a magical forest that
Decode-only throughput: 14.2908 tokens/s (32 tokens in 2.2392 s of llama_decode)
End-to-end throughput: 14.2186 tokens/s (32 tokens in 2.25057 s)
[decode-stage-profile] model_load=958.844 ms context_create=60.1949 ms tokenize=0.493412 ms prefill_decode=448.627 ms generation_decode=2239.2 ms generation_total=2250.57 ms program_total=3735.14 ms
[svd-local-op-profile] up_ops=0 gate_ops=0 down_ops=0 up_total=0.000 ms gate_total=0.000 ms down_total=0.000 ms up_v=0.000 ms gate_v=0.000 ms down_v=0.000 ms up_u=0.000 ms gate_u=0.000 ms down_u=0.000 ms
[svd-local-stage-profile] attention_total=186.173 ms ffn_total=1472.218 ms ffn_svd_total=0.000 ms ffn_svd_v=0.000 ms ffn_svd_u=0.000 ms
[svd-offload-zero-profile] up_finish=0 up_cache=0 up_no_request=0 gate_finish=0 gate_cache=0 gate_no_request=0 down_finish=0 down_cache=0 down_no_request=0 other_finish=0 other_cache=0 other_no_request=0
[svd-local-timeout-profile] up_keep=0 up_drop=0 up_wait=0.000 ms gate_keep=0 gate_drop=0 gate_wait=0.000 ms down_keep=0 down_drop=0 down_wait=0.000 ms other_keep=0 other_drop=0 other_wait=0.000 ms
[svd-offload-client] up_gate_req=0 down_req=0 other_mat_req=0 ffn_req=0 gate_cache_hits=0 gate_cache_checks=0 miss_invalid=0 miss_layer=0 miss_rank=0 miss_hash=0 miss_output=0 miss_data=0 send_up_gate=0.000 ms send_down=0.000 ms send_other=0.000 ms send_ffn=0.000 ms wait_up_gate=0.000 ms wait_down=0.000 ms wait_other=0.000 ms wait_ffn=0.000 ms
[svd-offload-client-stage-profile] rpc_send_total=0.000 ms rpc_wait_total=0.000 ms
[svd-offload-client-debug] finish_fail_up_gate=0 finish_fail_down=0 finish_fail_other=0 finish_fail_ffn=0 cache_take_fail_up=0 cache_take_fail_gate=0 recv_up_sum_abs=0.000000e+00 recv_up_max_abs=0.000000e+00 recv_up_zero=0 recv_gate_sum_abs=0.000000e+00 recv_gate_max_abs=0.000000e+00 recv_gate_zero=0 recv_down_sum_abs=0.000000e+00 recv_down_max_abs=0.000000e+00 recv_down_zero=0 recv_other_sum_abs=0.000000e+00 recv_other_max_abs=0.000000e+00 recv_other_zero=0 recv_ffn_sum_abs=0.000000e+00 recv_ffn_max_abs=0.000000e+00 recv_ffn_zero=0
SUCCEED (one forward pass done)"
6c_extreme_2idle,1,major_only_no_svd,"p=4;major=66,67,60,61",ok,"60,61,62,63,64,65,66,67","90,90,90,100,100,100,0,0",19.9213,1606.32,,,,,,142.391,3.1115598678588867,,,"llama_context: graph splits = 1
attach_threadpool: call
threads: decode=4 batch=4
prompt tokens: 4
running one forward pass (llama_decode) ...
Top-5 next-token candidates:
  id=11 logit=21.0211 piece="",""
  id=3837 logit=19.3304 piece=""，""
  id=1052 logit=19.1368 piece="" there""
  id=304 logit=19.024 piece="" in""
  id=264 logit=18.1601 piece="" a""
Autoregressive generation:
Generated text: , there was a little girl named Lily. She lived in a small village with her family. One day, Lily's mom told her about a magical forest that
Decode-only throughput: 19.9213 tokens/s (32 tokens in 1.60632 s of llama_decode)
End-to-end throughput: 19.771 tokens/s (32 tokens in 1.61853 s)
[decode-stage-profile] model_load=1058.7 ms context_create=63.19 ms tokenize=0.524626 ms prefill_decode=142.391 ms generation_decode=1606.32 ms generation_total=1618.53 ms program_total=2901.17 ms
[svd-local-op-profile] up_ops=0 gate_ops=0 down_ops=0 up_total=0.000 ms gate_total=0.000 ms down_total=0.000 ms up_v=0.000 ms gate_v=0.000 ms down_v=0.000 ms up_u=0.000 ms gate_u=0.000 ms down_u=0.000 ms
[svd-local-stage-profile] attention_total=56.225 ms ffn_total=1144.271 ms ffn_svd_total=0.000 ms ffn_svd_v=0.000 ms ffn_svd_u=0.000 ms
[svd-offload-zero-profile] up_finish=0 up_cache=0 up_no_request=0 gate_finish=0 gate_cache=0 gate_no_request=0 down_finish=0 down_cache=0 down_no_request=0 other_finish=0 other_cache=0 other_no_request=0
[svd-local-timeout-profile] up_keep=0 up_drop=0 up_wait=0.000 ms gate_keep=0 gate_drop=0 gate_wait=0.000 ms down_keep=0 down_drop=0 down_wait=0.000 ms other_keep=0 other_drop=0 other_wait=0.000 ms
[svd-offload-client] up_gate_req=0 down_req=0 other_mat_req=0 ffn_req=0 gate_cache_hits=0 gate_cache_checks=0 miss_invalid=0 miss_layer=0 miss_rank=0 miss_hash=0 miss_output=0 miss_data=0 send_up_gate=0.000 ms send_down=0.000 ms send_other=0.000 ms send_ffn=0.000 ms wait_up_gate=0.000 ms wait_down=0.000 ms wait_other=0.000 ms wait_ffn=0.000 ms
[svd-offload-client-stage-profile] rpc_send_total=0.000 ms rpc_wait_total=0.000 ms
[svd-offload-client-debug] finish_fail_up_gate=0 finish_fail_down=0 finish_fail_other=0 finish_fail_ffn=0 cache_take_fail_up=0 cache_take_fail_gate=0 recv_up_sum_abs=0.000000e+00 recv_up_max_abs=0.000000e+00 recv_up_zero=0 recv_gate_sum_abs=0.000000e+00 recv_gate_max_abs=0.000000e+00 recv_gate_zero=0 recv_down_sum_abs=0.000000e+00 recv_down_max_abs=0.000000e+00 recv_down_zero=0 recv_other_sum_abs=0.000000e+00 recv_other_max_abs=0.000000e+00 recv_other_zero=0 recv_ffn_sum_abs=0.000000e+00 recv_ffn_max_abs=0.000000e+00 recv_ffn_zero=0
SUCCEED (one forward pass done)"
6c_extreme_2idle,1,major_only_no_svd,"p=5;major=66,67,60,61,62",ok,"60,61,62,63,64,65,66,67","90,90,90,100,100,100,0,0",10.0796,3174.72,,,,,,837.933,5.365893125534058,,,"llama_context: graph splits = 1
attach_threadpool: call
threads: decode=5 batch=5
prompt tokens: 4
running one forward pass (llama_decode) ...
Top-5 next-token candidates:
  id=11 logit=21.0211 piece="",""
  id=3837 logit=19.3304 piece=""，""
  id=1052 logit=19.1368 piece="" there""
  id=304 logit=19.024 piece="" in""
  id=264 logit=18.1601 piece="" a""
Autoregressive generation:
Generated text: , there was a little girl named Lily. She lived in a small village with her family. One day, Lily's mom told her about a magical forest that
Decode-only throughput: 10.0796 tokens/s (32 tokens in 3.17472 s of llama_decode)
End-to-end throughput: 10.0395 tokens/s (32 tokens in 3.1874 s)
[decode-stage-profile] model_load=1041.8 ms context_create=78.8912 ms tokenize=1.0993 ms prefill_decode=837.933 ms generation_decode=3174.72 ms generation_total=3187.4 ms program_total=5164.77 ms
[svd-local-op-profile] up_ops=0 gate_ops=0 down_ops=0 up_total=0.000 ms gate_total=0.000 ms down_total=0.000 ms up_v=0.000 ms gate_v=0.000 ms down_v=0.000 ms up_u=0.000 ms gate_u=0.000 ms down_u=0.000 ms
[svd-local-stage-profile] attention_total=741.562 ms ffn_total=1468.609 ms ffn_svd_total=0.000 ms ffn_svd_v=0.000 ms ffn_svd_u=0.000 ms
[svd-offload-zero-profile] up_finish=0 up_cache=0 up_no_request=0 gate_finish=0 gate_cache=0 gate_no_request=0 down_finish=0 down_cache=0 down_no_request=0 other_finish=0 other_cache=0 other_no_request=0
[svd-local-timeout-profile] up_keep=0 up_drop=0 up_wait=0.000 ms gate_keep=0 gate_drop=0 gate_wait=0.000 ms down_keep=0 down_drop=0 down_wait=0.000 ms other_keep=0 other_drop=0 other_wait=0.000 ms
[svd-offload-client] up_gate_req=0 down_req=0 other_mat_req=0 ffn_req=0 gate_cache_hits=0 gate_cache_checks=0 miss_invalid=0 miss_layer=0 miss_rank=0 miss_hash=0 miss_output=0 miss_data=0 send_up_gate=0.000 ms send_down=0.000 ms send_other=0.000 ms send_ffn=0.000 ms wait_up_gate=0.000 ms wait_down=0.000 ms wait_other=0.000 ms wait_ffn=0.000 ms
[svd-offload-client-stage-profile] rpc_send_total=0.000 ms rpc_wait_total=0.000 ms
[svd-offload-client-debug] finish_fail_up_gate=0 finish_fail_down=0 finish_fail_other=0 finish_fail_ffn=0 cache_take_fail_up=0 cache_take_fail_gate=0 recv_up_sum_abs=0.000000e+00 recv_up_max_abs=0.000000e+00 recv_up_zero=0 recv_gate_sum_abs=0.000000e+00 recv_gate_max_abs=0.000000e+00 recv_gate_zero=0 recv_down_sum_abs=0.000000e+00 recv_down_max_abs=0.000000e+00 recv_down_zero=0 recv_other_sum_abs=0.000000e+00 recv_other_max_abs=0.000000e+00 recv_other_zero=0 recv_ffn_sum_abs=0.000000e+00 recv_ffn_max_abs=0.000000e+00 recv_ffn_zero=0
SUCCEED (one forward pass done)"
6c_extreme_2idle,1,major_only_no_svd,"p=6;major=66,67,60,61,62,63",ok,"60,61,62,63,64,65,66,67","90,90,90,100,100,100,0,0",26.4865,1208.16,,,,,,8968.8,11.484000444412231,,,"llama_context: graph splits = 1
attach_threadpool: call
threads: decode=6 batch=6
prompt tokens: 4
running one forward pass (llama_decode) ...
Top-5 next-token candidates:
  id=11 logit=21.0211 piece="",""
  id=3837 logit=19.3304 piece=""，""
  id=1052 logit=19.1368 piece="" there""
  id=304 logit=19.024 piece="" in""
  id=264 logit=18.1601 piece="" a""
Autoregressive generation:
Generated text: , there was a little girl named Lily. She lived in a small village with her family. One day, Lily's mom told her about a magical forest that
Decode-only throughput: 26.4865 tokens/s (32 tokens in 1.20816 s of llama_decode)
End-to-end throughput: 26.2229 tokens/s (32 tokens in 1.22031 s)
[decode-stage-profile] model_load=1008.79 ms context_create=60.3551 ms tokenize=0.524595 ms prefill_decode=8968.8 ms generation_decode=1208.16 ms generation_total=1220.31 ms program_total=11276.6 ms
[svd-local-op-profile] up_ops=0 gate_ops=0 down_ops=0 up_total=0.000 ms gate_total=0.000 ms down_total=0.000 ms up_v=0.000 ms gate_v=0.000 ms down_v=0.000 ms up_u=0.000 ms gate_u=0.000 ms down_u=0.000 ms
[svd-local-stage-profile] attention_total=1521.585 ms ffn_total=1742.857 ms ffn_svd_total=0.000 ms ffn_svd_v=0.000 ms ffn_svd_u=0.000 ms
[svd-offload-zero-profile] up_finish=0 up_cache=0 up_no_request=0 gate_finish=0 gate_cache=0 gate_no_request=0 down_finish=0 down_cache=0 down_no_request=0 other_finish=0 other_cache=0 other_no_request=0
[svd-local-timeout-profile] up_keep=0 up_drop=0 up_wait=0.000 ms gate_keep=0 gate_drop=0 gate_wait=0.000 ms down_keep=0 down_drop=0 down_wait=0.000 ms other_keep=0 other_drop=0 other_wait=0.000 ms
[svd-offload-client] up_gate_req=0 down_req=0 other_mat_req=0 ffn_req=0 gate_cache_hits=0 gate_cache_checks=0 miss_invalid=0 miss_layer=0 miss_rank=0 miss_hash=0 miss_output=0 miss_data=0 send_up_gate=0.000 ms send_down=0.000 ms send_other=0.000 ms send_ffn=0.000 ms wait_up_gate=0.000 ms wait_down=0.000 ms wait_other=0.000 ms wait_ffn=0.000 ms
[svd-offload-client-stage-profile] rpc_send_total=0.000 ms rpc_wait_total=0.000 ms
[svd-offload-client-debug] finish_fail_up_gate=0 finish_fail_down=0 finish_fail_other=0 finish_fail_ffn=0 cache_take_fail_up=0 cache_take_fail_gate=0 recv_up_sum_abs=0.000000e+00 recv_up_max_abs=0.000000e+00 recv_up_zero=0 recv_gate_sum_abs=0.000000e+00 recv_gate_max_abs=0.000000e+00 recv_gate_zero=0 recv_down_sum_abs=0.000000e+00 recv_down_max_abs=0.000000e+00 recv_down_zero=0 recv_other_sum_abs=0.000000e+00 recv_other_max_abs=0.000000e+00 recv_other_zero=0 recv_ffn_sum_abs=0.000000e+00 recv_ffn_max_abs=0.000000e+00 recv_ffn_zero=0
SUCCEED (one forward pass done)"
6c_extreme_2idle,1,major_only_no_svd,"p=7;major=66,67,60,61,62,63,64",ok,"60,61,62,63,64,65,66,67","90,90,90,100,100,100,0,0",7.03681,4547.52,,,,,,10235.0,16.064701557159424,,,"llama_context: graph splits = 1
attach_threadpool: call
threads: decode=7 batch=7
prompt tokens: 4
running one forward pass (llama_decode) ...
Top-5 next-token candidates:
  id=11 logit=21.0211 piece="",""
  id=3837 logit=19.3304 piece=""，""
  id=1052 logit=19.1368 piece="" there""
  id=304 logit=19.024 piece="" in""
  id=264 logit=18.1601 piece="" a""
Autoregressive generation:
Generated text: , there was a little girl named Lily. She lived in a small village with her family. One day, Lily's mom told her about a magical forest that
Decode-only throughput: 7.03681 tokens/s (32 tokens in 4.54752 s of llama_decode)
End-to-end throughput: 7.01815 tokens/s (32 tokens in 4.55961 s)
[decode-stage-profile] model_load=977.829 ms context_create=63.4867 ms tokenize=0.504801 ms prefill_decode=10235 ms generation_decode=4547.52 ms generation_total=4559.61 ms program_total=15853.5 ms
[svd-local-op-profile] up_ops=0 gate_ops=0 down_ops=0 up_total=0.000 ms gate_total=0.000 ms down_total=0.000 ms up_v=0.000 ms gate_v=0.000 ms down_v=0.000 ms up_u=0.000 ms gate_u=0.000 ms down_u=0.000 ms
[svd-local-stage-profile] attention_total=2754.230 ms ffn_total=2528.068 ms ffn_svd_total=0.000 ms ffn_svd_v=0.000 ms ffn_svd_u=0.000 ms
[svd-offload-zero-profile] up_finish=0 up_cache=0 up_no_request=0 gate_finish=0 gate_cache=0 gate_no_request=0 down_finish=0 down_cache=0 down_no_request=0 other_finish=0 other_cache=0 other_no_request=0
[svd-local-timeout-profile] up_keep=0 up_drop=0 up_wait=0.000 ms gate_keep=0 gate_drop=0 gate_wait=0.000 ms down_keep=0 down_drop=0 down_wait=0.000 ms other_keep=0 other_drop=0 other_wait=0.000 ms
[svd-offload-client] up_gate_req=0 down_req=0 other_mat_req=0 ffn_req=0 gate_cache_hits=0 gate_cache_checks=0 miss_invalid=0 miss_layer=0 miss_rank=0 miss_hash=0 miss_output=0 miss_data=0 send_up_gate=0.000 ms send_down=0.000 ms send_other=0.000 ms send_ffn=0.000 ms wait_up_gate=0.000 ms wait_down=0.000 ms wait_other=0.000 ms wait_ffn=0.000 ms
[svd-offload-client-stage-profile] rpc_send_total=0.000 ms rpc_wait_total=0.000 ms
[svd-offload-client-debug] finish_fail_up_gate=0 finish_fail_down=0 finish_fail_other=0 finish_fail_ffn=0 cache_take_fail_up=0 cache_take_fail_gate=0 recv_up_sum_abs=0.000000e+00 recv_up_max_abs=0.000000e+00 recv_up_zero=0 recv_gate_sum_abs=0.000000e+00 recv_gate_max_abs=0.000000e+00 recv_gate_zero=0 recv_down_sum_abs=0.000000e+00 recv_down_max_abs=0.000000e+00 recv_down_zero=0 recv_other_sum_abs=0.000000e+00 recv_other_max_abs=0.000000e+00 recv_other_zero=0 recv_ffn_sum_abs=0.000000e+00 recv_ffn_max_abs=0.000000e+00 recv_ffn_zero=0
SUCCEED (one forward pass done)"
6c_extreme_2idle,2,baseline_no_svd,"60,61,62,63,64,65,66,67",ok,"60,61,62,63,64,65,66,67","90,90,90,100,100,100,0,0",2.51435,12727.0,,,,,,10023.6,24.39861512184143,,,"llama_context: graph splits = 1
attach_threadpool: call
threads: decode=8 batch=8
prompt tokens: 4
running one forward pass (llama_decode) ...
Top-5 next-token candidates:
  id=11 logit=21.0211 piece="",""
  id=3837 logit=19.3304 piece=""，""
  id=1052 logit=19.1368 piece="" there""
  id=304 logit=19.024 piece="" in""
  id=264 logit=18.1601 piece="" a""
Autoregressive generation:
Generated text: , there was a little girl named Lily. She lived in a small village with her family. One day, Lily's mom told her about a magical forest that
Decode-only throughput: 2.51435 tokens/s (32 tokens in 12.727 s of llama_decode)
End-to-end throughput: 2.51208 tokens/s (32 tokens in 12.7385 s)
[decode-stage-profile] model_load=1306.59 ms context_create=75.7259 ms tokenize=1.06704 ms prefill_decode=10023.6 ms generation_decode=12727 ms generation_total=12738.5 ms program_total=24166.3 ms
[svd-local-op-profile] up_ops=0 gate_ops=0 down_ops=0 up_total=0.000 ms gate_total=0.000 ms down_total=0.000 ms up_v=0.000 ms gate_v=0.000 ms down_v=0.000 ms up_u=0.000 ms gate_u=0.000 ms down_u=0.000 ms
[svd-local-stage-profile] attention_total=5543.682 ms ffn_total=4186.955 ms ffn_svd_total=0.000 ms ffn_svd_v=0.000 ms ffn_svd_u=0.000 ms
[svd-offload-zero-profile] up_finish=0 up_cache=0 up_no_request=0 gate_finish=0 gate_cache=0 gate_no_request=0 down_finish=0 down_cache=0 down_no_request=0 other_finish=0 other_cache=0 other_no_request=0
[svd-local-timeout-profile] up_keep=0 up_drop=0 up_wait=0.000 ms gate_keep=0 gate_drop=0 gate_wait=0.000 ms down_keep=0 down_drop=0 down_wait=0.000 ms other_keep=0 other_drop=0 other_wait=0.000 ms
[svd-offload-client] up_gate_req=0 down_req=0 other_mat_req=0 ffn_req=0 gate_cache_hits=0 gate_cache_checks=0 miss_invalid=0 miss_layer=0 miss_rank=0 miss_hash=0 miss_output=0 miss_data=0 send_up_gate=0.000 ms send_down=0.000 ms send_other=0.000 ms send_ffn=0.000 ms wait_up_gate=0.000 ms wait_down=0.000 ms wait_other=0.000 ms wait_ffn=0.000 ms
[svd-offload-client-stage-profile] rpc_send_total=0.000 ms rpc_wait_total=0.000 ms
[svd-offload-client-debug] finish_fail_up_gate=0 finish_fail_down=0 finish_fail_other=0 finish_fail_ffn=0 cache_take_fail_up=0 cache_take_fail_gate=0 recv_up_sum_abs=0.000000e+00 recv_up_max_abs=0.000000e+00 recv_up_zero=0 recv_gate_sum_abs=0.000000e+00 recv_gate_max_abs=0.000000e+00 recv_gate_zero=0 recv_down_sum_abs=0.000000e+00 recv_down_max_abs=0.000000e+00 recv_down_zero=0 recv_other_sum_abs=0.000000e+00 recv_other_max_abs=0.000000e+00 recv_other_zero=0 recv_ffn_sum_abs=0.000000e+00 recv_ffn_max_abs=0.000000e+00 recv_ffn_zero=0
SUCCEED (one forward pass done)"
6c_extreme_2idle,2,major_only_no_svd,p=1;major=66,ok,"60,61,62,63,64,65,66,67","90,90,90,100,100,100,0,0",6.20936,5153.51,,,,,,185.957,6.645158767700195,,,"llama_context: graph splits = 1
attach_threadpool: call
threads: decode=1 batch=1
prompt tokens: 4
running one forward pass (llama_decode) ...
Top-5 next-token candidates:
  id=11 logit=21.0211 piece="",""
  id=3837 logit=19.3304 piece=""，""
  id=1052 logit=19.1368 piece="" there""
  id=304 logit=19.024 piece="" in""
  id=264 logit=18.1601 piece="" a""
Autoregressive generation:
Generated text: , there was a little girl named Lily. She lived in a small village with her family. One day, Lily's mom told her about a magical forest that
Decode-only throughput: 6.20936 tokens/s (32 tokens in 5.15351 s of llama_decode)
End-to-end throughput: 6.19542 tokens/s (32 tokens in 5.1651 s)
[decode-stage-profile] model_load=979.155 ms context_create=62.9252 ms tokenize=0.517581 ms prefill_decode=185.957 ms generation_decode=5153.51 ms generation_total=5165.1 ms program_total=6410.98 ms
[svd-local-op-profile] up_ops=0 gate_ops=0 down_ops=0 up_total=0.000 ms gate_total=0.000 ms down_total=0.000 ms up_v=0.000 ms gate_v=0.000 ms down_v=0.000 ms up_u=0.000 ms gate_u=0.000 ms down_u=0.000 ms
[svd-local-stage-profile] attention_total=47.738 ms ffn_total=3844.144 ms ffn_svd_total=0.000 ms ffn_svd_v=0.000 ms ffn_svd_u=0.000 ms
[svd-offload-zero-profile] up_finish=0 up_cache=0 up_no_request=0 gate_finish=0 gate_cache=0 gate_no_request=0 down_finish=0 down_cache=0 down_no_request=0 other_finish=0 other_cache=0 other_no_request=0
[svd-local-timeout-profile] up_keep=0 up_drop=0 up_wait=0.000 ms gate_keep=0 gate_drop=0 gate_wait=0.000 ms down_keep=0 down_drop=0 down_wait=0.000 ms other_keep=0 other_drop=0 other_wait=0.000 ms
[svd-offload-client] up_gate_req=0 down_req=0 other_mat_req=0 ffn_req=0 gate_cache_hits=0 gate_cache_checks=0 miss_invalid=0 miss_layer=0 miss_rank=0 miss_hash=0 miss_output=0 miss_data=0 send_up_gate=0.000 ms send_down=0.000 ms send_other=0.000 ms send_ffn=0.000 ms wait_up_gate=0.000 ms wait_down=0.000 ms wait_other=0.000 ms wait_ffn=0.000 ms
[svd-offload-client-stage-profile] rpc_send_total=0.000 ms rpc_wait_total=0.000 ms
[svd-offload-client-debug] finish_fail_up_gate=0 finish_fail_down=0 finish_fail_other=0 finish_fail_ffn=0 cache_take_fail_up=0 cache_take_fail_gate=0 recv_up_sum_abs=0.000000e+00 recv_up_max_abs=0.000000e+00 recv_up_zero=0 recv_gate_sum_abs=0.000000e+00 recv_gate_max_abs=0.000000e+00 recv_gate_zero=0 recv_down_sum_abs=0.000000e+00 recv_down_max_abs=0.000000e+00 recv_down_zero=0 recv_other_sum_abs=0.000000e+00 recv_other_max_abs=0.000000e+00 recv_other_zero=0 recv_ffn_sum_abs=0.000000e+00 recv_ffn_max_abs=0.000000e+00 recv_ffn_zero=0
SUCCEED (one forward pass done)"
6c_extreme_2idle,2,major_only_no_svd,"p=2;major=66,67",ok,"60,61,62,63,64,65,66,67","90,90,90,100,100,100,0,0",11.5929,2760.31,,,,,,103.065,4.161692142486572,,,"llama_context: graph splits = 1
attach_threadpool: call
threads: decode=2 batch=2
prompt tokens: 4
running one forward pass (llama_decode) ...
Top-5 next-token candidates:
  id=11 logit=21.0211 piece="",""
  id=3837 logit=19.3304 piece=""，""
  id=1052 logit=19.1368 piece="" there""
  id=304 logit=19.024 piece="" in""
  id=264 logit=18.1601 piece="" a""
Autoregressive generation:
Generated text: , there was a little girl named Lily. She lived in a small village with her family. One day, Lily's mom told her about a magical forest that
Decode-only throughput: 11.5929 tokens/s (32 tokens in 2.76031 s of llama_decode)
End-to-end throughput: 11.5439 tokens/s (32 tokens in 2.77204 s)
[decode-stage-profile] model_load=981.812 ms context_create=63.2159 ms tokenize=0.590255 ms prefill_decode=103.065 ms generation_decode=2760.31 ms generation_total=2772.04 ms program_total=3938.1 ms
[svd-local-op-profile] up_ops=0 gate_ops=0 down_ops=0 up_total=0.000 ms gate_total=0.000 ms down_total=0.000 ms up_v=0.000 ms gate_v=0.000 ms down_v=0.000 ms up_u=0.000 ms gate_u=0.000 ms down_u=0.000 ms
[svd-local-stage-profile] attention_total=24.448 ms ffn_total=2001.878 ms ffn_svd_total=0.000 ms ffn_svd_v=0.000 ms ffn_svd_u=0.000 ms
[svd-offload-zero-profile] up_finish=0 up_cache=0 up_no_request=0 gate_finish=0 gate_cache=0 gate_no_request=0 down_finish=0 down_cache=0 down_no_request=0 other_finish=0 other_cache=0 other_no_request=0
[svd-local-timeout-profile] up_keep=0 up_drop=0 up_wait=0.000 ms gate_keep=0 gate_drop=0 gate_wait=0.000 ms down_keep=0 down_drop=0 down_wait=0.000 ms other_keep=0 other_drop=0 other_wait=0.000 ms
[svd-offload-client] up_gate_req=0 down_req=0 other_mat_req=0 ffn_req=0 gate_cache_hits=0 gate_cache_checks=0 miss_invalid=0 miss_layer=0 miss_rank=0 miss_hash=0 miss_output=0 miss_data=0 send_up_gate=0.000 ms send_down=0.000 ms send_other=0.000 ms send_ffn=0.000 ms wait_up_gate=0.000 ms wait_down=0.000 ms wait_other=0.000 ms wait_ffn=0.000 ms
[svd-offload-client-stage-profile] rpc_send_total=0.000 ms rpc_wait_total=0.000 ms
[svd-offload-client-debug] finish_fail_up_gate=0 finish_fail_down=0 finish_fail_other=0 finish_fail_ffn=0 cache_take_fail_up=0 cache_take_fail_gate=0 recv_up_sum_abs=0.000000e+00 recv_up_max_abs=0.000000e+00 recv_up_zero=0 recv_gate_sum_abs=0.000000e+00 recv_gate_max_abs=0.000000e+00 recv_gate_zero=0 recv_down_sum_abs=0.000000e+00 recv_down_max_abs=0.000000e+00 recv_down_zero=0 recv_other_sum_abs=0.000000e+00 recv_other_max_abs=0.000000e+00 recv_other_zero=0 recv_ffn_sum_abs=0.000000e+00 recv_ffn_max_abs=0.000000e+00 recv_ffn_zero=0
SUCCEED (one forward pass done)"
6c_extreme_2idle,2,major_only_no_svd,"p=3;major=66,67,60",ok,"60,61,62,63,64,65,66,67","90,90,90,100,100,100,0,0",13.2369,2417.48,,,,,,277.887,4.0264575481414795,,,"llama_context: graph splits = 1
attach_threadpool: call
threads: decode=3 batch=3
prompt tokens: 4
running one forward pass (llama_decode) ...
Top-5 next-token candidates:
  id=11 logit=21.0211 piece="",""
  id=3837 logit=19.3304 piece=""，""
  id=1052 logit=19.1368 piece="" there""
  id=304 logit=19.024 piece="" in""
  id=264 logit=18.1601 piece="" a""
Autoregressive generation:
Generated text: , there was a little girl named Lily. She lived in a small village with her family. One day, Lily's mom told her about a magical forest that
Decode-only throughput: 13.2369 tokens/s (32 tokens in 2.41748 s of llama_decode)
End-to-end throughput: 13.1725 tokens/s (32 tokens in 2.42931 s)
[decode-stage-profile] model_load=1013.65 ms context_create=63.1119 ms tokenize=0.51702 ms prefill_decode=277.887 ms generation_decode=2417.48 ms generation_total=2429.31 ms program_total=3802.1 ms
[svd-local-op-profile] up_ops=0 gate_ops=0 down_ops=0 up_total=0.000 ms gate_total=0.000 ms down_total=0.000 ms up_v=0.000 ms gate_v=0.000 ms down_v=0.000 ms up_u=0.000 ms gate_u=0.000 ms down_u=0.000 ms
[svd-local-stage-profile] attention_total=201.056 ms ffn_total=1540.533 ms ffn_svd_total=0.000 ms ffn_svd_v=0.000 ms ffn_svd_u=0.000 ms
[svd-offload-zero-profile] up_finish=0 up_cache=0 up_no_request=0 gate_finish=0 gate_cache=0 gate_no_request=0 down_finish=0 down_cache=0 down_no_request=0 other_finish=0 other_cache=0 other_no_request=0
[svd-local-timeout-profile] up_keep=0 up_drop=0 up_wait=0.000 ms gate_keep=0 gate_drop=0 gate_wait=0.000 ms down_keep=0 down_drop=0 down_wait=0.000 ms other_keep=0 other_drop=0 other_wait=0.000 ms
[svd-offload-client] up_gate_req=0 down_req=0 other_mat_req=0 ffn_req=0 gate_cache_hits=0 gate_cache_checks=0 miss_invalid=0 miss_layer=0 miss_rank=0 miss_hash=0 miss_output=0 miss_data=0 send_up_gate=0.000 ms send_down=0.000 ms send_other=0.000 ms send_ffn=0.000 ms wait_up_gate=0.000 ms wait_down=0.000 ms wait_other=0.000 ms wait_ffn=0.000 ms
[svd-offload-client-stage-profile] rpc_send_total=0.000 ms rpc_wait_total=0.000 ms
[svd-offload-client-debug] finish_fail_up_gate=0 finish_fail_down=0 finish_fail_other=0 finish_fail_ffn=0 cache_take_fail_up=0 cache_take_fail_gate=0 recv_up_sum_abs=0.000000e+00 recv_up_max_abs=0.000000e+00 recv_up_zero=0 recv_gate_sum_abs=0.000000e+00 recv_gate_max_abs=0.000000e+00 recv_gate_zero=0 recv_down_sum_abs=0.000000e+00 recv_down_max_abs=0.000000e+00 recv_down_zero=0 recv_other_sum_abs=0.000000e+00 recv_other_max_abs=0.000000e+00 recv_other_zero=0 recv_ffn_sum_abs=0.000000e+00 recv_ffn_max_abs=0.000000e+00 recv_ffn_zero=0
SUCCEED (one forward pass done)"
6c_extreme_2idle,2,major_only_no_svd,"p=4;major=66,67,60,61",ok,"60,61,62,63,64,65,66,67","90,90,90,100,100,100,0,0",9.68009,3305.75,,,,,,857.995,5.543349266052246,,,"llama_context: graph splits = 1
attach_threadpool: call
threads: decode=4 batch=4
prompt tokens: 4
running one forward pass (llama_decode) ...
Top-5 next-token candidates:
  id=11 logit=21.0211 piece="",""
  id=3837 logit=19.3304 piece=""，""
  id=1052 logit=19.1368 piece="" there""
  id=304 logit=19.024 piece="" in""
  id=264 logit=18.1601 piece="" a""
Autoregressive generation:
Generated text: , there was a little girl named Lily. She lived in a small village with her family. One day, Lily's mom told her about a magical forest that
Decode-only throughput: 9.68009 tokens/s (32 tokens in 3.30575 s of llama_decode)
End-to-end throughput: 9.64581 tokens/s (32 tokens in 3.3175 s)
[decode-stage-profile] model_load=994.907 ms context_create=62.7795 ms tokenize=0.526638 ms prefill_decode=857.995 ms generation_decode=3305.75 ms generation_total=3317.5 ms program_total=5251.06 ms
[svd-local-op-profile] up_ops=0 gate_ops=0 down_ops=0 up_total=0.000 ms gate_total=0.000 ms down_total=0.000 ms up_v=0.000 ms gate_v=0.000 ms down_v=0.000 ms up_u=0.000 ms gate_u=0.000 ms down_u=0.000 ms
[svd-local-stage-profile] attention_total=675.947 ms ffn_total=1647.256 ms ffn_svd_total=0.000 ms ffn_svd_v=0.000 ms ffn_svd_u=0.000 ms
[svd-offload-zero-profile] up_finish=0 up_cache=0 up_no_request=0 gate_finish=0 gate_cache=0 gate_no_request=0 down_finish=0 down_cache=0 down_no_request=0 other_finish=0 other_cache=0 other_no_request=0
[svd-local-timeout-profile] up_keep=0 up_drop=0 up_wait=0.000 ms gate_keep=0 gate_drop=0 gate_wait=0.000 ms down_keep=0 down_drop=0 down_wait=0.000 ms other_keep=0 other_drop=0 other_wait=0.000 ms
[svd-offload-client] up_gate_req=0 down_req=0 other_mat_req=0 ffn_req=0 gate_cache_hits=0 gate_cache_checks=0 miss_invalid=0 miss_layer=0 miss_rank=0 miss_hash=0 miss_output=0 miss_data=0 send_up_gate=0.000 ms send_down=0.000 ms send_other=0.000 ms send_ffn=0.000 ms wait_up_gate=0.000 ms wait_down=0.000 ms wait_other=0.000 ms wait_ffn=0.000 ms
[svd-offload-client-stage-profile] rpc_send_total=0.000 ms rpc_wait_total=0.000 ms
[svd-offload-client-debug] finish_fail_up_gate=0 finish_fail_down=0 finish_fail_other=0 finish_fail_ffn=0 cache_take_fail_up=0 cache_take_fail_gate=0 recv_up_sum_abs=0.000000e+00 recv_up_max_abs=0.000000e+00 recv_up_zero=0 recv_gate_sum_abs=0.000000e+00 recv_gate_max_abs=0.000000e+00 recv_gate_zero=0 recv_down_sum_abs=0.000000e+00 recv_down_max_abs=0.000000e+00 recv_down_zero=0 recv_other_sum_abs=0.000000e+00 recv_other_max_abs=0.000000e+00 recv_other_zero=0 recv_ffn_sum_abs=0.000000e+00 recv_ffn_max_abs=0.000000e+00 recv_ffn_zero=0
SUCCEED (one forward pass done)"
6c_extreme_2idle,2,major_only_no_svd,"p=5;major=66,67,60,61,62",ok,"60,61,62,63,64,65,66,67","90,90,90,100,100,100,0,0",22.8218,1402.17,,,,,,901.383,3.8829145431518555,,,"llama_context: graph splits = 1
attach_threadpool: call
threads: decode=5 batch=5
prompt tokens: 4
running one forward pass (llama_decode) ...
Top-5 next-token candidates:
  id=11 logit=21.0211 piece="",""
  id=3837 logit=19.3304 piece=""，""
  id=1052 logit=19.1368 piece="" there""
  id=304 logit=19.024 piece="" in""
  id=264 logit=18.1601 piece="" a""
Autoregressive generation:
Generated text: , there was a little girl named Lily. She lived in a small village with her family. One day, Lily's mom told her about a magical forest that
Decode-only throughput: 22.8218 tokens/s (32 tokens in 1.40217 s of llama_decode)
End-to-end throughput: 22.6316 tokens/s (32 tokens in 1.41395 s)
[decode-stage-profile] model_load=1199.82 ms context_create=73.6033 ms tokenize=0.96328 ms prefill_decode=901.383 ms generation_decode=1402.17 ms generation_total=1413.95 ms program_total=3607.64 ms
[svd-local-op-profile] up_ops=0 gate_ops=0 down_ops=0 up_total=0.000 ms gate_total=0.000 ms down_total=0.000 ms up_v=0.000 ms gate_v=0.000 ms down_v=0.000 ms up_u=0.000 ms gate_u=0.000 ms down_u=0.000 ms
[svd-local-stage-profile] attention_total=169.649 ms ffn_total=1070.134 ms ffn_svd_total=0.000 ms ffn_svd_v=0.000 ms ffn_svd_u=0.000 ms
[svd-offload-zero-profile] up_finish=0 up_cache=0 up_no_request=0 gate_finish=0 gate_cache=0 gate_no_request=0 down_finish=0 down_cache=0 down_no_request=0 other_finish=0 other_cache=0 other_no_request=0
[svd-local-timeout-profile] up_keep=0 up_drop=0 up_wait=0.000 ms gate_keep=0 gate_drop=0 gate_wait=0.000 ms down_keep=0 down_drop=0 down_wait=0.000 ms other_keep=0 other_drop=0 other_wait=0.000 ms
[svd-offload-client] up_gate_req=0 down_req=0 other_mat_req=0 ffn_req=0 gate_cache_hits=0 gate_cache_checks=0 miss_invalid=0 miss_layer=0 miss_rank=0 miss_hash=0 miss_output=0 miss_data=0 send_up_gate=0.000 ms send_down=0.000 ms send_other=0.000 ms send_ffn=0.000 ms wait_up_gate=0.000 ms wait_down=0.000 ms wait_other=0.000 ms wait_ffn=0.000 ms
[svd-offload-client-stage-profile] rpc_send_total=0.000 ms rpc_wait_total=0.000 ms
[svd-offload-client-debug] finish_fail_up_gate=0 finish_fail_down=0 finish_fail_other=0 finish_fail_ffn=0 cache_take_fail_up=0 cache_take_fail_gate=0 recv_up_sum_abs=0.000000e+00 recv_up_max_abs=0.000000e+00 recv_up_zero=0 recv_gate_sum_abs=0.000000e+00 recv_gate_max_abs=0.000000e+00 recv_gate_zero=0 recv_down_sum_abs=0.000000e+00 recv_down_max_abs=0.000000e+00 recv_down_zero=0 recv_other_sum_abs=0.000000e+00 recv_other_max_abs=0.000000e+00 recv_other_zero=0 recv_ffn_sum_abs=0.000000e+00 recv_ffn_max_abs=0.000000e+00 recv_ffn_zero=0
SUCCEED (one forward pass done)"
6c_extreme_2idle,2,major_only_no_svd,"p=6;major=66,67,60,61,62,63",ok,"60,61,62,63,64,65,66,67","90,90,90,100,100,100,0,0",3.55487,9001.72,,,,,,8645.48,18.992923736572266,,,"llama_context: graph splits = 1
attach_threadpool: call
threads: decode=6 batch=6
prompt tokens: 4
running one forward pass (llama_decode) ...
Top-5 next-token candidates:
  id=11 logit=21.0211 piece="",""
  id=3837 logit=19.3304 piece=""，""
  id=1052 logit=19.1368 piece="" there""
  id=304 logit=19.024 piece="" in""
  id=264 logit=18.1601 piece="" a""
Autoregressive generation:
Generated text: , there was a little girl named Lily. She lived in a small village with her family. One day, Lily's mom told her about a magical forest that
Decode-only throughput: 3.55487 tokens/s (32 tokens in 9.00172 s of llama_decode)
End-to-end throughput: 3.5502 tokens/s (32 tokens in 9.01357 s)
[decode-stage-profile] model_load=1013.89 ms context_create=63.7978 ms tokenize=0.539753 ms prefill_decode=8645.48 ms generation_decode=9001.72 ms generation_total=9013.57 ms program_total=18755.5 ms
[svd-local-op-profile] up_ops=0 gate_ops=0 down_ops=0 up_total=0.000 ms gate_total=0.000 ms down_total=0.000 ms up_v=0.000 ms gate_v=0.000 ms down_v=0.000 ms up_u=0.000 ms gate_u=0.000 ms down_u=0.000 ms
[svd-local-stage-profile] attention_total=3733.501 ms ffn_total=3572.217 ms ffn_svd_total=0.000 ms ffn_svd_v=0.000 ms ffn_svd_u=0.000 ms
[svd-offload-zero-profile] up_finish=0 up_cache=0 up_no_request=0 gate_finish=0 gate_cache=0 gate_no_request=0 down_finish=0 down_cache=0 down_no_request=0 other_finish=0 other_cache=0 other_no_request=0
[svd-local-timeout-profile] up_keep=0 up_drop=0 up_wait=0.000 ms gate_keep=0 gate_drop=0 gate_wait=0.000 ms down_keep=0 down_drop=0 down_wait=0.000 ms other_keep=0 other_drop=0 other_wait=0.000 ms
[svd-offload-client] up_gate_req=0 down_req=0 other_mat_req=0 ffn_req=0 gate_cache_hits=0 gate_cache_checks=0 miss_invalid=0 miss_layer=0 miss_rank=0 miss_hash=0 miss_output=0 miss_data=0 send_up_gate=0.000 ms send_down=0.000 ms send_other=0.000 ms send_ffn=0.000 ms wait_up_gate=0.000 ms wait_down=0.000 ms wait_other=0.000 ms wait_ffn=0.000 ms
[svd-offload-client-stage-profile] rpc_send_total=0.000 ms rpc_wait_total=0.000 ms
[svd-offload-client-debug] finish_fail_up_gate=0 finish_fail_down=0 finish_fail_other=0 finish_fail_ffn=0 cache_take_fail_up=0 cache_take_fail_gate=0 recv_up_sum_abs=0.000000e+00 recv_up_max_abs=0.000000e+00 recv_up_zero=0 recv_gate_sum_abs=0.000000e+00 recv_gate_max_abs=0.000000e+00 recv_gate_zero=0 recv_down_sum_abs=0.000000e+00 recv_down_max_abs=0.000000e+00 recv_down_zero=0 recv_other_sum_abs=0.000000e+00 recv_other_max_abs=0.000000e+00 recv_other_zero=0 recv_ffn_sum_abs=0.000000e+00 recv_ffn_max_abs=0.000000e+00 recv_ffn_zero=0
SUCCEED (one forward pass done)"
6c_extreme_2idle,2,major_only_no_svd,"p=7;major=66,67,60,61,62,63,64",ok,"60,61,62,63,64,65,66,67","90,90,90,100,100,100,0,0",26.6192,1202.14,,,,,,7402.71,9.945756673812866,,,"llama_context: graph splits = 1
attach_threadpool: call
threads: decode=7 batch=7
prompt tokens: 4
running one forward pass (llama_decode) ...
Top-5 next-token candidates:
  id=11 logit=21.0211 piece="",""
  id=3837 logit=19.3304 piece=""，""
  id=1052 logit=19.1368 piece="" there""
  id=304 logit=19.024 piece="" in""
  id=264 logit=18.1601 piece="" a""
Autoregressive generation:
Generated text: , there was a little girl named Lily. She lived in a small village with her family. One day, Lily's mom told her about a magical forest that
Decode-only throughput: 26.6192 tokens/s (32 tokens in 1.20214 s of llama_decode)
End-to-end throughput: 26.3603 tokens/s (32 tokens in 1.21395 s)
[decode-stage-profile] model_load=1018.03 ms context_create=63.2448 ms tokenize=0.541846 ms prefill_decode=7402.71 ms generation_decode=1202.14 ms generation_total=1213.95 ms program_total=9716.23 ms
[svd-local-op-profile] up_ops=0 gate_ops=0 down_ops=0 up_total=0.000 ms gate_total=0.000 ms down_total=0.000 ms up_v=0.000 ms gate_v=0.000 ms down_v=0.000 ms up_u=0.000 ms gate_u=0.000 ms down_u=0.000 ms
[svd-local-stage-profile] attention_total=1262.668 ms ffn_total=1623.537 ms ffn_svd_total=0.000 ms ffn_svd_v=0.000 ms ffn_svd_u=0.000 ms
[svd-offload-zero-profile] up_finish=0 up_cache=0 up_no_request=0 gate_finish=0 gate_cache=0 gate_no_request=0 down_finish=0 down_cache=0 down_no_request=0 other_finish=0 other_cache=0 other_no_request=0
[svd-local-timeout-profile] up_keep=0 up_drop=0 up_wait=0.000 ms gate_keep=0 gate_drop=0 gate_wait=0.000 ms down_keep=0 down_drop=0 down_wait=0.000 ms other_keep=0 other_drop=0 other_wait=0.000 ms
[svd-offload-client] up_gate_req=0 down_req=0 other_mat_req=0 ffn_req=0 gate_cache_hits=0 gate_cache_checks=0 miss_invalid=0 miss_layer=0 miss_rank=0 miss_hash=0 miss_output=0 miss_data=0 send_up_gate=0.000 ms send_down=0.000 ms send_other=0.000 ms send_ffn=0.000 ms wait_up_gate=0.000 ms wait_down=0.000 ms wait_other=0.000 ms wait_ffn=0.000 ms
[svd-offload-client-stage-profile] rpc_send_total=0.000 ms rpc_wait_total=0.000 ms
[svd-offload-client-debug] finish_fail_up_gate=0 finish_fail_down=0 finish_fail_other=0 finish_fail_ffn=0 cache_take_fail_up=0 cache_take_fail_gate=0 recv_up_sum_abs=0.000000e+00 recv_up_max_abs=0.000000e+00 recv_up_zero=0 recv_gate_sum_abs=0.000000e+00 recv_gate_max_abs=0.000000e+00 recv_gate_zero=0 recv_down_sum_abs=0.000000e+00 recv_down_max_abs=0.000000e+00 recv_down_zero=0 recv_other_sum_abs=0.000000e+00 recv_other_max_abs=0.000000e+00 recv_other_zero=0 recv_ffn_sum_abs=0.000000e+00 recv_ffn_max_abs=0.000000e+00 recv_ffn_zero=0
SUCCEED (one forward pass done)"
7c_extreme_1idle,0,baseline_no_svd,"60,61,62,63,64,65,66,67",ok,"60,61,62,63,64,65,66,67","80,90,90,100,100,100,100,0",28.1561,1136.52,,,,,,51.0137,2.8265933990478516,,,"llama_context: graph splits = 1
attach_threadpool: call
threads: decode=8 batch=8
prompt tokens: 4
running one forward pass (llama_decode) ...
Top-5 next-token candidates:
  id=11 logit=21.0211 piece="",""
  id=3837 logit=19.3304 piece=""，""
  id=1052 logit=19.1368 piece="" there""
  id=304 logit=19.024 piece="" in""
  id=264 logit=18.1601 piece="" a""
Autoregressive generation:
Generated text: , there was a little girl named Lily. She lived in a small village with her family. One day, Lily's mom told her about a magical forest that
Decode-only throughput: 28.1561 tokens/s (32 tokens in 1.13652 s of llama_decode)
End-to-end throughput: 27.8665 tokens/s (32 tokens in 1.14833 s)
[decode-stage-profile] model_load=1262.33 ms context_create=62.1277 ms tokenize=0.549509 ms prefill_decode=51.0137 ms generation_decode=1136.52 ms generation_total=1148.33 ms program_total=2542.36 ms
[svd-local-op-profile] up_ops=0 gate_ops=0 down_ops=0 up_total=0.000 ms gate_total=0.000 ms down_total=0.000 ms up_v=0.000 ms gate_v=0.000 ms down_v=0.000 ms up_u=0.000 ms gate_u=0.000 ms down_u=0.000 ms
[svd-local-stage-profile] attention_total=25.622 ms ffn_total=802.325 ms ffn_svd_total=0.000 ms ffn_svd_v=0.000 ms ffn_svd_u=0.000 ms
[svd-offload-zero-profile] up_finish=0 up_cache=0 up_no_request=0 gate_finish=0 gate_cache=0 gate_no_request=0 down_finish=0 down_cache=0 down_no_request=0 other_finish=0 other_cache=0 other_no_request=0
[svd-local-timeout-profile] up_keep=0 up_drop=0 up_wait=0.000 ms gate_keep=0 gate_drop=0 gate_wait=0.000 ms down_keep=0 down_drop=0 down_wait=0.000 ms other_keep=0 other_drop=0 other_wait=0.000 ms
[svd-offload-client] up_gate_req=0 down_req=0 other_mat_req=0 ffn_req=0 gate_cache_hits=0 gate_cache_checks=0 miss_invalid=0 miss_layer=0 miss_rank=0 miss_hash=0 miss_output=0 miss_data=0 send_up_gate=0.000 ms send_down=0.000 ms send_other=0.000 ms send_ffn=0.000 ms wait_up_gate=0.000 ms wait_down=0.000 ms wait_other=0.000 ms wait_ffn=0.000 ms
[svd-offload-client-stage-profile] rpc_send_total=0.000 ms rpc_wait_total=0.000 ms
[svd-offload-client-debug] finish_fail_up_gate=0 finish_fail_down=0 finish_fail_other=0 finish_fail_ffn=0 cache_take_fail_up=0 cache_take_fail_gate=0 recv_up_sum_abs=0.000000e+00 recv_up_max_abs=0.000000e+00 recv_up_zero=0 recv_gate_sum_abs=0.000000e+00 recv_gate_max_abs=0.000000e+00 recv_gate_zero=0 recv_down_sum_abs=0.000000e+00 recv_down_max_abs=0.000000e+00 recv_down_zero=0 recv_other_sum_abs=0.000000e+00 recv_other_max_abs=0.000000e+00 recv_other_zero=0 recv_ffn_sum_abs=0.000000e+00 recv_ffn_max_abs=0.000000e+00 recv_ffn_zero=0
SUCCEED (one forward pass done)"
7c_extreme_1idle,0,major_only_no_svd,p=1;major=67,ok,"60,61,62,63,64,65,66,67","80,90,90,100,100,100,100,0",5.44988,5871.69,,,,,,208.146,7.652234077453613,,,"llama_context: graph splits = 1
attach_threadpool: call
threads: decode=1 batch=1
prompt tokens: 4
running one forward pass (llama_decode) ...
Top-5 next-token candidates:
  id=11 logit=21.0211 piece="",""
  id=3837 logit=19.3304 piece=""，""
  id=1052 logit=19.1368 piece="" there""
  id=304 logit=19.024 piece="" in""
  id=264 logit=18.1601 piece="" a""
Autoregressive generation:
Generated text: , there was a little girl named Lily. She lived in a small village with her family. One day, Lily's mom told her about a magical forest that
Decode-only throughput: 5.44988 tokens/s (32 tokens in 5.87169 s of llama_decode)
End-to-end throughput: 5.43866 tokens/s (32 tokens in 5.88381 s)
[decode-stage-profile] model_load=1162.2 ms context_create=75.3941 ms tokenize=1.04326 ms prefill_decode=208.146 ms generation_decode=5871.69 ms generation_total=5883.81 ms program_total=7348.35 ms
[svd-local-op-profile] up_ops=0 gate_ops=0 down_ops=0 up_total=0.000 ms gate_total=0.000 ms down_total=0.000 ms up_v=0.000 ms gate_v=0.000 ms down_v=0.000 ms up_u=0.000 ms gate_u=0.000 ms down_u=0.000 ms
[svd-local-stage-profile] attention_total=64.097 ms ffn_total=4302.435 ms ffn_svd_total=0.000 ms ffn_svd_v=0.000 ms ffn_svd_u=0.000 ms
[svd-offload-zero-profile] up_finish=0 up_cache=0 up_no_request=0 gate_finish=0 gate_cache=0 gate_no_request=0 down_finish=0 down_cache=0 down_no_request=0 other_finish=0 other_cache=0 other_no_request=0
[svd-local-timeout-profile] up_keep=0 up_drop=0 up_wait=0.000 ms gate_keep=0 gate_drop=0 gate_wait=0.000 ms down_keep=0 down_drop=0 down_wait=0.000 ms other_keep=0 other_drop=0 other_wait=0.000 ms
[svd-offload-client] up_gate_req=0 down_req=0 other_mat_req=0 ffn_req=0 gate_cache_hits=0 gate_cache_checks=0 miss_invalid=0 miss_layer=0 miss_rank=0 miss_hash=0 miss_output=0 miss_data=0 send_up_gate=0.000 ms send_down=0.000 ms send_other=0.000 ms send_ffn=0.000 ms wait_up_gate=0.000 ms wait_down=0.000 ms wait_other=0.000 ms wait_ffn=0.000 ms
[svd-offload-client-stage-profile] rpc_send_total=0.000 ms rpc_wait_total=0.000 ms
[svd-offload-client-debug] finish_fail_up_gate=0 finish_fail_down=0 finish_fail_other=0 finish_fail_ffn=0 cache_take_fail_up=0 cache_take_fail_gate=0 recv_up_sum_abs=0.000000e+00 recv_up_max_abs=0.000000e+00 recv_up_zero=0 recv_gate_sum_abs=0.000000e+00 recv_gate_max_abs=0.000000e+00 recv_gate_zero=0 recv_down_sum_abs=0.000000e+00 recv_down_max_abs=0.000000e+00 recv_down_zero=0 recv_other_sum_abs=0.000000e+00 recv_other_max_abs=0.000000e+00 recv_other_zero=0 recv_ffn_sum_abs=0.000000e+00 recv_ffn_max_abs=0.000000e+00 recv_ffn_zero=0
SUCCEED (one forward pass done)"
7c_extreme_1idle,0,major_only_no_svd,"p=2;major=67,60",ok,"60,61,62,63,64,65,66,67","80,90,90,100,100,100,100,0",12.0433,2657.08,,,,,,112.281,4.369222164154053,,,"llama_context: graph splits = 1
attach_threadpool: call
threads: decode=2 batch=2
prompt tokens: 4
running one forward pass (llama_decode) ...
Top-5 next-token candidates:
  id=11 logit=21.0211 piece="",""
  id=3837 logit=19.3304 piece=""，""
  id=1052 logit=19.1368 piece="" there""
  id=304 logit=19.024 piece="" in""
  id=264 logit=18.1601 piece="" a""
Autoregressive generation:
Generated text: , there was a little girl named Lily. She lived in a small village with her family. One day, Lily's mom told her about a magical forest that
Decode-only throughput: 12.0433 tokens/s (32 tokens in 2.65708 s of llama_decode)
End-to-end throughput: 11.9853 tokens/s (32 tokens in 2.66993 s)
[decode-stage-profile] model_load=1248.65 ms context_create=77.2411 ms tokenize=1.0703 ms prefill_decode=112.281 ms generation_decode=2657.08 ms generation_total=2669.93 ms program_total=4127.03 ms
[svd-local-op-profile] up_ops=0 gate_ops=0 down_ops=0 up_total=0.000 ms gate_total=0.000 ms down_total=0.000 ms up_v=0.000 ms gate_v=0.000 ms down_v=0.000 ms up_u=0.000 ms gate_u=0.000 ms down_u=0.000 ms
[svd-local-stage-profile] attention_total=22.339 ms ffn_total=1906.538 ms ffn_svd_total=0.000 ms ffn_svd_v=0.000 ms ffn_svd_u=0.000 ms
[svd-offload-zero-profile] up_finish=0 up_cache=0 up_no_request=0 gate_finish=0 gate_cache=0 gate_no_request=0 down_finish=0 down_cache=0 down_no_request=0 other_finish=0 other_cache=0 other_no_request=0
[svd-local-timeout-profile] up_keep=0 up_drop=0 up_wait=0.000 ms gate_keep=0 gate_drop=0 gate_wait=0.000 ms down_keep=0 down_drop=0 down_wait=0.000 ms other_keep=0 other_drop=0 other_wait=0.000 ms
[svd-offload-client] up_gate_req=0 down_req=0 other_mat_req=0 ffn_req=0 gate_cache_hits=0 gate_cache_checks=0 miss_invalid=0 miss_layer=0 miss_rank=0 miss_hash=0 miss_output=0 miss_data=0 send_up_gate=0.000 ms send_down=0.000 ms send_other=0.000 ms send_ffn=0.000 ms wait_up_gate=0.000 ms wait_down=0.000 ms wait_other=0.000 ms wait_ffn=0.000 ms
[svd-offload-client-stage-profile] rpc_send_total=0.000 ms rpc_wait_total=0.000 ms
[svd-offload-client-debug] finish_fail_up_gate=0 finish_fail_down=0 finish_fail_other=0 finish_fail_ffn=0 cache_take_fail_up=0 cache_take_fail_gate=0 recv_up_sum_abs=0.000000e+00 recv_up_max_abs=0.000000e+00 recv_up_zero=0 recv_gate_sum_abs=0.000000e+00 recv_gate_max_abs=0.000000e+00 recv_gate_zero=0 recv_down_sum_abs=0.000000e+00 recv_down_max_abs=0.000000e+00 recv_down_zero=0 recv_other_sum_abs=0.000000e+00 recv_other_max_abs=0.000000e+00 recv_other_zero=0 recv_ffn_sum_abs=0.000000e+00 recv_ffn_max_abs=0.000000e+00 recv_ffn_zero=0
SUCCEED (one forward pass done)"
7c_extreme_1idle,0,major_only_no_svd,"p=3;major=67,60,61",ok,"60,61,62,63,64,65,66,67","80,90,90,100,100,100,100,0",17.6034,1817.83,,,,,,77.1155,3.2370355129241943,,,"llama_context: graph splits = 1
attach_threadpool: call
threads: decode=3 batch=3
prompt tokens: 4
running one forward pass (llama_decode) ...
Top-5 next-token candidates:
  id=11 logit=21.0211 piece="",""
  id=3837 logit=19.3304 piece=""，""
  id=1052 logit=19.1368 piece="" there""
  id=304 logit=19.024 piece="" in""
  id=264 logit=18.1601 piece="" a""
Autoregressive generation:
Generated text: , there was a little girl named Lily. She lived in a small village with her family. One day, Lily's mom told her about a magical forest that
Decode-only throughput: 17.6034 tokens/s (32 tokens in 1.81783 s of llama_decode)
End-to-end throughput: 17.4847 tokens/s (32 tokens in 1.83017 s)
[decode-stage-profile] model_load=1008.11 ms context_create=68.7446 ms tokenize=0.579996 ms prefill_decode=77.1155 ms generation_decode=1817.83 ms generation_total=1830.17 ms program_total=3001.08 ms
[svd-local-op-profile] up_ops=0 gate_ops=0 down_ops=0 up_total=0.000 ms gate_total=0.000 ms down_total=0.000 ms up_v=0.000 ms gate_v=0.000 ms down_v=0.000 ms up_u=0.000 ms gate_u=0.000 ms down_u=0.000 ms
[svd-local-stage-profile] attention_total=17.958 ms ffn_total=1293.057 ms ffn_svd_total=0.000 ms ffn_svd_v=0.000 ms ffn_svd_u=0.000 ms
[svd-offload-zero-profile] up_finish=0 up_cache=0 up_no_request=0 gate_finish=0 gate_cache=0 gate_no_request=0 down_finish=0 down_cache=0 down_no_request=0 other_finish=0 other_cache=0 other_no_request=0
[svd-local-timeout-profile] up_keep=0 up_drop=0 up_wait=0.000 ms gate_keep=0 gate_drop=0 gate_wait=0.000 ms down_keep=0 down_drop=0 down_wait=0.000 ms other_keep=0 other_drop=0 other_wait=0.000 ms
[svd-offload-client] up_gate_req=0 down_req=0 other_mat_req=0 ffn_req=0 gate_cache_hits=0 gate_cache_checks=0 miss_invalid=0 miss_layer=0 miss_rank=0 miss_hash=0 miss_output=0 miss_data=0 send_up_gate=0.000 ms send_down=0.000 ms send_other=0.000 ms send_ffn=0.000 ms wait_up_gate=0.000 ms wait_down=0.000 ms wait_other=0.000 ms wait_ffn=0.000 ms
[svd-offload-client-stage-profile] rpc_send_total=0.000 ms rpc_wait_total=0.000 ms
[svd-offload-client-debug] finish_fail_up_gate=0 finish_fail_down=0 finish_fail_other=0 finish_fail_ffn=0 cache_take_fail_up=0 cache_take_fail_gate=0 recv_up_sum_abs=0.000000e+00 recv_up_max_abs=0.000000e+00 recv_up_zero=0 recv_gate_sum_abs=0.000000e+00 recv_gate_max_abs=0.000000e+00 recv_gate_zero=0 recv_down_sum_abs=0.000000e+00 recv_down_max_abs=0.000000e+00 recv_down_zero=0 recv_other_sum_abs=0.000000e+00 recv_other_max_abs=0.000000e+00 recv_other_zero=0 recv_ffn_sum_abs=0.000000e+00 recv_ffn_max_abs=0.000000e+00 recv_ffn_zero=0
SUCCEED (one forward pass done)"
7c_extreme_1idle,0,major_only_no_svd,"p=4;major=67,60,61,62",ok,"60,61,62,63,64,65,66,67","80,90,90,100,100,100,100,0",21.5214,1486.89,,,,,,125.738,2.9178268909454346,,,"llama_context: graph splits = 1
attach_threadpool: call
threads: decode=4 batch=4
prompt tokens: 4
running one forward pass (llama_decode) ...
Top-5 next-token candidates:
  id=11 logit=21.0211 piece="",""
  id=3837 logit=19.3304 piece=""，""
  id=1052 logit=19.1368 piece="" there""
  id=304 logit=19.024 piece="" in""
  id=264 logit=18.1601 piece="" a""
Autoregressive generation:
Generated text: , there was a little girl named Lily. She lived in a small village with her family. One day, Lily's mom told her about a magical forest that
Decode-only throughput: 21.5214 tokens/s (32 tokens in 1.48689 s of llama_decode)
End-to-end throughput: 21.3478 tokens/s (32 tokens in 1.49898 s)
[decode-stage-profile] model_load=996.24 ms context_create=66.0245 ms tokenize=0.537351 ms prefill_decode=125.738 ms generation_decode=1486.89 ms generation_total=1498.98 ms program_total=2704.58 ms
[svd-local-op-profile] up_ops=0 gate_ops=0 down_ops=0 up_total=0.000 ms gate_total=0.000 ms down_total=0.000 ms up_v=0.000 ms gate_v=0.000 ms down_v=0.000 ms up_u=0.000 ms gate_u=0.000 ms down_u=0.000 ms
[svd-local-stage-profile] attention_total=37.403 ms ffn_total=1050.048 ms ffn_svd_total=0.000 ms ffn_svd_v=0.000 ms ffn_svd_u=0.000 ms
[svd-offload-zero-profile] up_finish=0 up_cache=0 up_no_request=0 gate_finish=0 gate_cache=0 gate_no_request=0 down_finish=0 down_cache=0 down_no_request=0 other_finish=0 other_cache=0 other_no_request=0
[svd-local-timeout-profile] up_keep=0 up_drop=0 up_wait=0.000 ms gate_keep=0 gate_drop=0 gate_wait=0.000 ms down_keep=0 down_drop=0 down_wait=0.000 ms other_keep=0 other_drop=0 other_wait=0.000 ms
[svd-offload-client] up_gate_req=0 down_req=0 other_mat_req=0 ffn_req=0 gate_cache_hits=0 gate_cache_checks=0 miss_invalid=0 miss_layer=0 miss_rank=0 miss_hash=0 miss_output=0 miss_data=0 send_up_gate=0.000 ms send_down=0.000 ms send_other=0.000 ms send_ffn=0.000 ms wait_up_gate=0.000 ms wait_down=0.000 ms wait_other=0.000 ms wait_ffn=0.000 ms
[svd-offload-client-stage-profile] rpc_send_total=0.000 ms rpc_wait_total=0.000 ms
[svd-offload-client-debug] finish_fail_up_gate=0 finish_fail_down=0 finish_fail_other=0 finish_fail_ffn=0 cache_take_fail_up=0 cache_take_fail_gate=0 recv_up_sum_abs=0.000000e+00 recv_up_max_abs=0.000000e+00 recv_up_zero=0 recv_gate_sum_abs=0.000000e+00 recv_gate_max_abs=0.000000e+00 recv_gate_zero=0 recv_down_sum_abs=0.000000e+00 recv_down_max_abs=0.000000e+00 recv_down_zero=0 recv_other_sum_abs=0.000000e+00 recv_other_max_abs=0.000000e+00 recv_other_zero=0 recv_ffn_sum_abs=0.000000e+00 recv_ffn_max_abs=0.000000e+00 recv_ffn_zero=0
SUCCEED (one forward pass done)"
7c_extreme_1idle,0,major_only_no_svd,"p=5;major=67,60,61,62,63",ok,"60,61,62,63,64,65,66,67","80,90,90,100,100,100,100,0",23.4703,1363.42,,,,,,54.9415,2.750589370727539,,,"llama_context: graph splits = 1
attach_threadpool: call
threads: decode=5 batch=5
prompt tokens: 4
running one forward pass (llama_decode) ...
Top-5 next-token candidates:
  id=11 logit=21.0211 piece="",""
  id=3837 logit=19.3304 piece=""，""
  id=1052 logit=19.1368 piece="" there""
  id=304 logit=19.024 piece="" in""
  id=264 logit=18.1601 piece="" a""
Autoregressive generation:
Generated text: , there was a little girl named Lily. She lived in a small village with her family. One day, Lily's mom told her about a magical forest that
Decode-only throughput: 23.4703 tokens/s (32 tokens in 1.36342 s of llama_decode)
End-to-end throughput: 23.26 tokens/s (32 tokens in 1.37575 s)
[decode-stage-profile] model_load=1029.13 ms context_create=63.4821 ms tokenize=0.516454 ms prefill_decode=54.9415 ms generation_decode=1363.42 ms generation_total=1375.75 ms program_total=2540.06 ms
[svd-local-op-profile] up_ops=0 gate_ops=0 down_ops=0 up_total=0.000 ms gate_total=0.000 ms down_total=0.000 ms up_v=0.000 ms gate_v=0.000 ms down_v=0.000 ms up_u=0.000 ms gate_u=0.000 ms down_u=0.000 ms
[svd-local-stage-profile] attention_total=21.840 ms ffn_total=959.971 ms ffn_svd_total=0.000 ms ffn_svd_v=0.000 ms ffn_svd_u=0.000 ms
[svd-offload-zero-profile] up_finish=0 up_cache=0 up_no_request=0 gate_finish=0 gate_cache=0 gate_no_request=0 down_finish=0 down_cache=0 down_no_request=0 other_finish=0 other_cache=0 other_no_request=0
[svd-local-timeout-profile] up_keep=0 up_drop=0 up_wait=0.000 ms gate_keep=0 gate_drop=0 gate_wait=0.000 ms down_keep=0 down_drop=0 down_wait=0.000 ms other_keep=0 other_drop=0 other_wait=0.000 ms
[svd-offload-client] up_gate_req=0 down_req=0 other_mat_req=0 ffn_req=0 gate_cache_hits=0 gate_cache_checks=0 miss_invalid=0 miss_layer=0 miss_rank=0 miss_hash=0 miss_output=0 miss_data=0 send_up_gate=0.000 ms send_down=0.000 ms send_other=0.000 ms send_ffn=0.000 ms wait_up_gate=0.000 ms wait_down=0.000 ms wait_other=0.000 ms wait_ffn=0.000 ms
[svd-offload-client-stage-profile] rpc_send_total=0.000 ms rpc_wait_total=0.000 ms
[svd-offload-client-debug] finish_fail_up_gate=0 finish_fail_down=0 finish_fail_other=0 finish_fail_ffn=0 cache_take_fail_up=0 cache_take_fail_gate=0 recv_up_sum_abs=0.000000e+00 recv_up_max_abs=0.000000e+00 recv_up_zero=0 recv_gate_sum_abs=0.000000e+00 recv_gate_max_abs=0.000000e+00 recv_gate_zero=0 recv_down_sum_abs=0.000000e+00 recv_down_max_abs=0.000000e+00 recv_down_zero=0 recv_other_sum_abs=0.000000e+00 recv_other_max_abs=0.000000e+00 recv_other_zero=0 recv_ffn_sum_abs=0.000000e+00 recv_ffn_max_abs=0.000000e+00 recv_ffn_zero=0
SUCCEED (one forward pass done)"
7c_extreme_1idle,0,major_only_no_svd,"p=6;major=67,60,61,62,63,64",ok,"60,61,62,63,64,65,66,67","80,90,90,100,100,100,100,0",14.1884,2255.36,,,,,,3581.18,7.119396209716797,,,"llama_context: graph splits = 1
attach_threadpool: call
threads: decode=6 batch=6
prompt tokens: 4
running one forward pass (llama_decode) ...
Top-5 next-token candidates:
  id=11 logit=21.0211 piece="",""
  id=3837 logit=19.3304 piece=""，""
  id=1052 logit=19.1368 piece="" there""
  id=304 logit=19.024 piece="" in""
  id=264 logit=18.1601 piece="" a""
Autoregressive generation:
Generated text: , there was a little girl named Lily. She lived in a small village with her family. One day, Lily's mom told her about a magical forest that
Decode-only throughput: 14.1884 tokens/s (32 tokens in 2.25536 s of llama_decode)
End-to-end throughput: 14.1141 tokens/s (32 tokens in 2.26724 s)
[decode-stage-profile] model_load=982.034 ms context_create=61.9257 ms tokenize=0.536014 ms prefill_decode=3581.18 ms generation_decode=2255.36 ms generation_total=2267.24 ms program_total=6909.52 ms
[svd-local-op-profile] up_ops=0 gate_ops=0 down_ops=0 up_total=0.000 ms gate_total=0.000 ms down_total=0.000 ms up_v=0.000 ms gate_v=0.000 ms down_v=0.000 ms up_u=0.000 ms gate_u=0.000 ms down_u=0.000 ms
[svd-local-stage-profile] attention_total=1007.151 ms ffn_total=1451.011 ms ffn_svd_total=0.000 ms ffn_svd_v=0.000 ms ffn_svd_u=0.000 ms
[svd-offload-zero-profile] up_finish=0 up_cache=0 up_no_request=0 gate_finish=0 gate_cache=0 gate_no_request=0 down_finish=0 down_cache=0 down_no_request=0 other_finish=0 other_cache=0 other_no_request=0
[svd-local-timeout-profile] up_keep=0 up_drop=0 up_wait=0.000 ms gate_keep=0 gate_drop=0 gate_wait=0.000 ms down_keep=0 down_drop=0 down_wait=0.000 ms other_keep=0 other_drop=0 other_wait=0.000 ms
[svd-offload-client] up_gate_req=0 down_req=0 other_mat_req=0 ffn_req=0 gate_cache_hits=0 gate_cache_checks=0 miss_invalid=0 miss_layer=0 miss_rank=0 miss_hash=0 miss_output=0 miss_data=0 send_up_gate=0.000 ms send_down=0.000 ms send_other=0.000 ms send_ffn=0.000 ms wait_up_gate=0.000 ms wait_down=0.000 ms wait_other=0.000 ms wait_ffn=0.000 ms
[svd-offload-client-stage-profile] rpc_send_total=0.000 ms rpc_wait_total=0.000 ms
[svd-offload-client-debug] finish_fail_up_gate=0 finish_fail_down=0 finish_fail_other=0 finish_fail_ffn=0 cache_take_fail_up=0 cache_take_fail_gate=0 recv_up_sum_abs=0.000000e+00 recv_up_max_abs=0.000000e+00 recv_up_zero=0 recv_gate_sum_abs=0.000000e+00 recv_gate_max_abs=0.000000e+00 recv_gate_zero=0 recv_down_sum_abs=0.000000e+00 recv_down_max_abs=0.000000e+00 recv_down_zero=0 recv_other_sum_abs=0.000000e+00 recv_other_max_abs=0.000000e+00 recv_other_zero=0 recv_ffn_sum_abs=0.000000e+00 recv_ffn_max_abs=0.000000e+00 recv_ffn_zero=0
SUCCEED (one forward pass done)"
7c_extreme_1idle,0,major_only_no_svd,"p=7;major=67,60,61,62,63,64,65",ok,"60,61,62,63,64,65,66,67","80,90,90,100,100,100,100,0",6.11636,5231.87,,,,,,2142.64,8.711718559265137,,,"llama_context: graph splits = 1
attach_threadpool: call
threads: decode=7 batch=7
prompt tokens: 4
running one forward pass (llama_decode) ...
Top-5 next-token candidates:
  id=11 logit=21.0211 piece="",""
  id=3837 logit=19.3304 piece=""，""
  id=1052 logit=19.1368 piece="" there""
  id=304 logit=19.024 piece="" in""
  id=264 logit=18.1601 piece="" a""
Autoregressive generation:
Generated text: , there was a little girl named Lily. She lived in a small village with her family. One day, Lily's mom told her about a magical forest that
Decode-only throughput: 6.11636 tokens/s (32 tokens in 5.23187 s of llama_decode)
End-to-end throughput: 6.10227 tokens/s (32 tokens in 5.24395 s)
[decode-stage-profile] model_load=986.903 ms context_create=61.9415 ms tokenize=0.507552 ms prefill_decode=2142.64 ms generation_decode=5231.87 ms generation_total=5243.95 ms program_total=8452.3 ms
[svd-local-op-profile] up_ops=0 gate_ops=0 down_ops=0 up_total=0.000 ms gate_total=0.000 ms down_total=0.000 ms up_v=0.000 ms gate_v=0.000 ms down_v=0.000 ms up_u=0.000 ms gate_u=0.000 ms down_u=0.000 ms
[svd-local-stage-profile] attention_total=1786.825 ms ffn_total=1865.514 ms ffn_svd_total=0.000 ms ffn_svd_v=0.000 ms ffn_svd_u=0.000 ms
[svd-offload-zero-profile] up_finish=0 up_cache=0 up_no_request=0 gate_finish=0 gate_cache=0 gate_no_request=0 down_finish=0 down_cache=0 down_no_request=0 other_finish=0 other_cache=0 other_no_request=0
[svd-local-timeout-profile] up_keep=0 up_drop=0 up_wait=0.000 ms gate_keep=0 gate_drop=0 gate_wait=0.000 ms down_keep=0 down_drop=0 down_wait=0.000 ms other_keep=0 other_drop=0 other_wait=0.000 ms
[svd-offload-client] up_gate_req=0 down_req=0 other_mat_req=0 ffn_req=0 gate_cache_hits=0 gate_cache_checks=0 miss_invalid=0 miss_layer=0 miss_rank=0 miss_hash=0 miss_output=0 miss_data=0 send_up_gate=0.000 ms send_down=0.000 ms send_other=0.000 ms send_ffn=0.000 ms wait_up_gate=0.000 ms wait_down=0.000 ms wait_other=0.000 ms wait_ffn=0.000 ms
[svd-offload-client-stage-profile] rpc_send_total=0.000 ms rpc_wait_total=0.000 ms
[svd-offload-client-debug] finish_fail_up_gate=0 finish_fail_down=0 finish_fail_other=0 finish_fail_ffn=0 cache_take_fail_up=0 cache_take_fail_gate=0 recv_up_sum_abs=0.000000e+00 recv_up_max_abs=0.000000e+00 recv_up_zero=0 recv_gate_sum_abs=0.000000e+00 recv_gate_max_abs=0.000000e+00 recv_gate_zero=0 recv_down_sum_abs=0.000000e+00 recv_down_max_abs=0.000000e+00 recv_down_zero=0 recv_other_sum_abs=0.000000e+00 recv_other_max_abs=0.000000e+00 recv_other_zero=0 recv_ffn_sum_abs=0.000000e+00 recv_ffn_max_abs=0.000000e+00 recv_ffn_zero=0
SUCCEED (one forward pass done)"
7c_extreme_1idle,1,baseline_no_svd,"60,61,62,63,64,65,66,67",ok,"60,61,62,63,64,65,66,67","80,90,90,100,100,100,100,0",29.1347,1098.35,,,,,,142.547,2.6014389991760254,,,"llama_context: graph splits = 1
attach_threadpool: call
threads: decode=8 batch=8
prompt tokens: 4
running one forward pass (llama_decode) ...
Top-5 next-token candidates:
  id=11 logit=21.0211 piece="",""
  id=3837 logit=19.3304 piece=""，""
  id=1052 logit=19.1368 piece="" there""
  id=304 logit=19.024 piece="" in""
  id=264 logit=18.1601 piece="" a""
Autoregressive generation:
Generated text: , there was a little girl named Lily. She lived in a small village with her family. One day, Lily's mom told her about a magical forest that
Decode-only throughput: 29.1347 tokens/s (32 tokens in 1.09835 s of llama_decode)
End-to-end throughput: 28.8101 tokens/s (32 tokens in 1.11072 s)
[decode-stage-profile] model_load=1041.68 ms context_create=63.4708 ms tokenize=0.528612 ms prefill_decode=142.547 ms generation_decode=1098.35 ms generation_total=1110.72 ms program_total=2376.03 ms
[svd-local-op-profile] up_ops=0 gate_ops=0 down_ops=0 up_total=0.000 ms gate_total=0.000 ms down_total=0.000 ms up_v=0.000 ms gate_v=0.000 ms down_v=0.000 ms up_u=0.000 ms gate_u=0.000 ms down_u=0.000 ms
[svd-local-stage-profile] attention_total=75.823 ms ffn_total=792.657 ms ffn_svd_total=0.000 ms ffn_svd_v=0.000 ms ffn_svd_u=0.000 ms
[svd-offload-zero-profile] up_finish=0 up_cache=0 up_no_request=0 gate_finish=0 gate_cache=0 gate_no_request=0 down_finish=0 down_cache=0 down_no_request=0 other_finish=0 other_cache=0 other_no_request=0
[svd-local-timeout-profile] up_keep=0 up_drop=0 up_wait=0.000 ms gate_keep=0 gate_drop=0 gate_wait=0.000 ms down_keep=0 down_drop=0 down_wait=0.000 ms other_keep=0 other_drop=0 other_wait=0.000 ms
[svd-offload-client] up_gate_req=0 down_req=0 other_mat_req=0 ffn_req=0 gate_cache_hits=0 gate_cache_checks=0 miss_invalid=0 miss_layer=0 miss_rank=0 miss_hash=0 miss_output=0 miss_data=0 send_up_gate=0.000 ms send_down=0.000 ms send_other=0.000 ms send_ffn=0.000 ms wait_up_gate=0.000 ms wait_down=0.000 ms wait_other=0.000 ms wait_ffn=0.000 ms
[svd-offload-client-stage-profile] rpc_send_total=0.000 ms rpc_wait_total=0.000 ms
[svd-offload-client-debug] finish_fail_up_gate=0 finish_fail_down=0 finish_fail_other=0 finish_fail_ffn=0 cache_take_fail_up=0 cache_take_fail_gate=0 recv_up_sum_abs=0.000000e+00 recv_up_max_abs=0.000000e+00 recv_up_zero=0 recv_gate_sum_abs=0.000000e+00 recv_gate_max_abs=0.000000e+00 recv_gate_zero=0 recv_down_sum_abs=0.000000e+00 recv_down_max_abs=0.000000e+00 recv_down_zero=0 recv_other_sum_abs=0.000000e+00 recv_other_max_abs=0.000000e+00 recv_other_zero=0 recv_ffn_sum_abs=0.000000e+00 recv_ffn_max_abs=0.000000e+00 recv_ffn_zero=0
SUCCEED (one forward pass done)"
7c_extreme_1idle,1,major_only_no_svd,p=1;major=67,ok,"60,61,62,63,64,65,66,67","80,90,90,100,100,100,100,0",6.08584,5258.11,,,,,,184.853,6.754466772079468,,,"llama_context: graph splits = 1
attach_threadpool: call
threads: decode=1 batch=1
prompt tokens: 4
running one forward pass (llama_decode) ...
Top-5 next-token candidates:
  id=11 logit=21.0211 piece="",""
  id=3837 logit=19.3304 piece=""，""
  id=1052 logit=19.1368 piece="" there""
  id=304 logit=19.024 piece="" in""
  id=264 logit=18.1601 piece="" a""
Autoregressive generation:
Generated text: , there was a little girl named Lily. She lived in a small village with her family. One day, Lily's mom told her about a magical forest that
Decode-only throughput: 6.08584 tokens/s (32 tokens in 5.25811 s of llama_decode)
End-to-end throughput: 6.07244 tokens/s (32 tokens in 5.26971 s)
[decode-stage-profile] model_load=1007.65 ms context_create=63.4082 ms tokenize=0.520777 ms prefill_decode=184.853 ms generation_decode=5258.11 ms generation_total=5269.71 ms program_total=6543.81 ms
[svd-local-op-profile] up_ops=0 gate_ops=0 down_ops=0 up_total=0.000 ms gate_total=0.000 ms down_total=0.000 ms up_v=0.000 ms gate_v=0.000 ms down_v=0.000 ms up_u=0.000 ms gate_u=0.000 ms down_u=0.000 ms
[svd-local-stage-profile] attention_total=46.961 ms ffn_total=3925.122 ms ffn_svd_total=0.000 ms ffn_svd_v=0.000 ms ffn_svd_u=0.000 ms
[svd-offload-zero-profile] up_finish=0 up_cache=0 up_no_request=0 gate_finish=0 gate_cache=0 gate_no_request=0 down_finish=0 down_cache=0 down_no_request=0 other_finish=0 other_cache=0 other_no_request=0
[svd-local-timeout-profile] up_keep=0 up_drop=0 up_wait=0.000 ms gate_keep=0 gate_drop=0 gate_wait=0.000 ms down_keep=0 down_drop=0 down_wait=0.000 ms other_keep=0 other_drop=0 other_wait=0.000 ms
[svd-offload-client] up_gate_req=0 down_req=0 other_mat_req=0 ffn_req=0 gate_cache_hits=0 gate_cache_checks=0 miss_invalid=0 miss_layer=0 miss_rank=0 miss_hash=0 miss_output=0 miss_data=0 send_up_gate=0.000 ms send_down=0.000 ms send_other=0.000 ms send_ffn=0.000 ms wait_up_gate=0.000 ms wait_down=0.000 ms wait_other=0.000 ms wait_ffn=0.000 ms
[svd-offload-client-stage-profile] rpc_send_total=0.000 ms rpc_wait_total=0.000 ms
[svd-offload-client-debug] finish_fail_up_gate=0 finish_fail_down=0 finish_fail_other=0 finish_fail_ffn=0 cache_take_fail_up=0 cache_take_fail_gate=0 recv_up_sum_abs=0.000000e+00 recv_up_max_abs=0.000000e+00 recv_up_zero=0 recv_gate_sum_abs=0.000000e+00 recv_gate_max_abs=0.000000e+00 recv_gate_zero=0 recv_down_sum_abs=0.000000e+00 recv_down_max_abs=0.000000e+00 recv_down_zero=0 recv_other_sum_abs=0.000000e+00 recv_other_max_abs=0.000000e+00 recv_other_zero=0 recv_ffn_sum_abs=0.000000e+00 recv_ffn_max_abs=0.000000e+00 recv_ffn_zero=0
SUCCEED (one forward pass done)"
7c_extreme_1idle,1,major_only_no_svd,"p=2;major=67,60",ok,"60,61,62,63,64,65,66,67","80,90,90,100,100,100,100,0",12.3096,2599.6,,,,,,129.516,4.153168678283691,,,"llama_context: graph splits = 1
attach_threadpool: call
threads: decode=2 batch=2
prompt tokens: 4
running one forward pass (llama_decode) ...
Top-5 next-token candidates:
  id=11 logit=21.0211 piece="",""
  id=3837 logit=19.3304 piece=""，""
  id=1052 logit=19.1368 piece="" there""
  id=304 logit=19.024 piece="" in""
  id=264 logit=18.1601 piece="" a""
Autoregressive generation:
Generated text: , there was a little girl named Lily. She lived in a small village with her family. One day, Lily's mom told her about a magical forest that
Decode-only throughput: 12.3096 tokens/s (32 tokens in 2.5996 s of llama_decode)
End-to-end throughput: 12.2547 tokens/s (32 tokens in 2.61124 s)
[decode-stage-profile] model_load=1120.01 ms context_create=60.2625 ms tokenize=0.527002 ms prefill_decode=129.516 ms generation_decode=2599.6 ms generation_total=2611.24 ms program_total=3940.01 ms
[svd-local-op-profile] up_ops=0 gate_ops=0 down_ops=0 up_total=0.000 ms gate_total=0.000 ms down_total=0.000 ms up_v=0.000 ms gate_v=0.000 ms down_v=0.000 ms up_u=0.000 ms gate_u=0.000 ms down_u=0.000 ms
[svd-local-stage-profile] attention_total=24.299 ms ffn_total=1899.421 ms ffn_svd_total=0.000 ms ffn_svd_v=0.000 ms ffn_svd_u=0.000 ms
[svd-offload-zero-profile] up_finish=0 up_cache=0 up_no_request=0 gate_finish=0 gate_cache=0 gate_no_request=0 down_finish=0 down_cache=0 down_no_request=0 other_finish=0 other_cache=0 other_no_request=0
[svd-local-timeout-profile] up_keep=0 up_drop=0 up_wait=0.000 ms gate_keep=0 gate_drop=0 gate_wait=0.000 ms down_keep=0 down_drop=0 down_wait=0.000 ms other_keep=0 other_drop=0 other_wait=0.000 ms
[svd-offload-client] up_gate_req=0 down_req=0 other_mat_req=0 ffn_req=0 gate_cache_hits=0 gate_cache_checks=0 miss_invalid=0 miss_layer=0 miss_rank=0 miss_hash=0 miss_output=0 miss_data=0 send_up_gate=0.000 ms send_down=0.000 ms send_other=0.000 ms send_ffn=0.000 ms wait_up_gate=0.000 ms wait_down=0.000 ms wait_other=0.000 ms wait_ffn=0.000 ms
[svd-offload-client-stage-profile] rpc_send_total=0.000 ms rpc_wait_total=0.000 ms
[svd-offload-client-debug] finish_fail_up_gate=0 finish_fail_down=0 finish_fail_other=0 finish_fail_ffn=0 cache_take_fail_up=0 cache_take_fail_gate=0 recv_up_sum_abs=0.000000e+00 recv_up_max_abs=0.000000e+00 recv_up_zero=0 recv_gate_sum_abs=0.000000e+00 recv_gate_max_abs=0.000000e+00 recv_gate_zero=0 recv_down_sum_abs=0.000000e+00 recv_down_max_abs=0.000000e+00 recv_down_zero=0 recv_other_sum_abs=0.000000e+00 recv_other_max_abs=0.000000e+00 recv_other_zero=0 recv_ffn_sum_abs=0.000000e+00 recv_ffn_max_abs=0.000000e+00 recv_ffn_zero=0
SUCCEED (one forward pass done)"
7c_extreme_1idle,1,major_only_no_svd,"p=3;major=67,60,61",ok,"60,61,62,63,64,65,66,67","80,90,90,100,100,100,100,0",17.2129,1859.07,,,,,,74.0185,3.507620096206665,,,"llama_context: graph splits = 1
attach_threadpool: call
threads: decode=3 batch=3
prompt tokens: 4
running one forward pass (llama_decode) ...
Top-5 next-token candidates:
  id=11 logit=21.0211 piece="",""
  id=3837 logit=19.3304 piece=""，""
  id=1052 logit=19.1368 piece="" there""
  id=304 logit=19.024 piece="" in""
  id=264 logit=18.1601 piece="" a""
Autoregressive generation:
Generated text: , there was a little girl named Lily. She lived in a small village with her family. One day, Lily's mom told her about a magical forest that
Decode-only throughput: 17.2129 tokens/s (32 tokens in 1.85907 s of llama_decode)
End-to-end throughput: 17.1051 tokens/s (32 tokens in 1.87078 s)
[decode-stage-profile] model_load=1253.47 ms context_create=76.7736 ms tokenize=0.963134 ms prefill_decode=74.0185 ms generation_decode=1859.07 ms generation_total=1870.78 ms program_total=3293.23 ms
[svd-local-op-profile] up_ops=0 gate_ops=0 down_ops=0 up_total=0.000 ms gate_total=0.000 ms down_total=0.000 ms up_v=0.000 ms gate_v=0.000 ms down_v=0.000 ms up_u=0.000 ms gate_u=0.000 ms down_u=0.000 ms
[svd-local-stage-profile] attention_total=19.785 ms ffn_total=1326.170 ms ffn_svd_total=0.000 ms ffn_svd_v=0.000 ms ffn_svd_u=0.000 ms
[svd-offload-zero-profile] up_finish=0 up_cache=0 up_no_request=0 gate_finish=0 gate_cache=0 gate_no_request=0 down_finish=0 down_cache=0 down_no_request=0 other_finish=0 other_cache=0 other_no_request=0
[svd-local-timeout-profile] up_keep=0 up_drop=0 up_wait=0.000 ms gate_keep=0 gate_drop=0 gate_wait=0.000 ms down_keep=0 down_drop=0 down_wait=0.000 ms other_keep=0 other_drop=0 other_wait=0.000 ms
[svd-offload-client] up_gate_req=0 down_req=0 other_mat_req=0 ffn_req=0 gate_cache_hits=0 gate_cache_checks=0 miss_invalid=0 miss_layer=0 miss_rank=0 miss_hash=0 miss_output=0 miss_data=0 send_up_gate=0.000 ms send_down=0.000 ms send_other=0.000 ms send_ffn=0.000 ms wait_up_gate=0.000 ms wait_down=0.000 ms wait_other=0.000 ms wait_ffn=0.000 ms
[svd-offload-client-stage-profile] rpc_send_total=0.000 ms rpc_wait_total=0.000 ms
[svd-offload-client-debug] finish_fail_up_gate=0 finish_fail_down=0 finish_fail_other=0 finish_fail_ffn=0 cache_take_fail_up=0 cache_take_fail_gate=0 recv_up_sum_abs=0.000000e+00 recv_up_max_abs=0.000000e+00 recv_up_zero=0 recv_gate_sum_abs=0.000000e+00 recv_gate_max_abs=0.000000e+00 recv_gate_zero=0 recv_down_sum_abs=0.000000e+00 recv_down_max_abs=0.000000e+00 recv_down_zero=0 recv_other_sum_abs=0.000000e+00 recv_other_max_abs=0.000000e+00 recv_other_zero=0 recv_ffn_sum_abs=0.000000e+00 recv_ffn_max_abs=0.000000e+00 recv_ffn_zero=0
SUCCEED (one forward pass done)"
7c_extreme_1idle,1,major_only_no_svd,"p=4;major=67,60,61,62",ok,"60,61,62,63,64,65,66,67","80,90,90,100,100,100,100,0",21.8959,1461.46,,,,,,73.2696,2.8056063652038574,,,"llama_context: graph splits = 1
attach_threadpool: call
threads: decode=4 batch=4
prompt tokens: 4
running one forward pass (llama_decode) ...
Top-5 next-token candidates:
  id=11 logit=21.0211 piece="",""
  id=3837 logit=19.3304 piece=""，""
  id=1052 logit=19.1368 piece="" there""
  id=304 logit=19.024 piece="" in""
  id=264 logit=18.1601 piece="" a""
Autoregressive generation:
Generated text: , there was a little girl named Lily. She lived in a small village with her family. One day, Lily's mom told her about a magical forest that
Decode-only throughput: 21.8959 tokens/s (32 tokens in 1.46146 s of llama_decode)
End-to-end throughput: 21.7141 tokens/s (32 tokens in 1.4737 s)
[decode-stage-profile] model_load=973.548 ms context_create=62.3003 ms tokenize=0.532481 ms prefill_decode=73.2696 ms generation_decode=1461.46 ms generation_total=1473.7 ms program_total=2599.77 ms
[svd-local-op-profile] up_ops=0 gate_ops=0 down_ops=0 up_total=0.000 ms gate_total=0.000 ms down_total=0.000 ms up_v=0.000 ms gate_v=0.000 ms down_v=0.000 ms up_u=0.000 ms gate_u=0.000 ms down_u=0.000 ms
[svd-local-stage-profile] attention_total=17.966 ms ffn_total=1018.438 ms ffn_svd_total=0.000 ms ffn_svd_v=0.000 ms ffn_svd_u=0.000 ms
[svd-offload-zero-profile] up_finish=0 up_cache=0 up_no_request=0 gate_finish=0 gate_cache=0 gate_no_request=0 down_finish=0 down_cache=0 down_no_request=0 other_finish=0 other_cache=0 other_no_request=0
[svd-local-timeout-profile] up_keep=0 up_drop=0 up_wait=0.000 ms gate_keep=0 gate_drop=0 gate_wait=0.000 ms down_keep=0 down_drop=0 down_wait=0.000 ms other_keep=0 other_drop=0 other_wait=0.000 ms
[svd-offload-client] up_gate_req=0 down_req=0 other_mat_req=0 ffn_req=0 gate_cache_hits=0 gate_cache_checks=0 miss_invalid=0 miss_layer=0 miss_rank=0 miss_hash=0 miss_output=0 miss_data=0 send_up_gate=0.000 ms send_down=0.000 ms send_other=0.000 ms send_ffn=0.000 ms wait_up_gate=0.000 ms wait_down=0.000 ms wait_other=0.000 ms wait_ffn=0.000 ms
[svd-offload-client-stage-profile] rpc_send_total=0.000 ms rpc_wait_total=0.000 ms
[svd-offload-client-debug] finish_fail_up_gate=0 finish_fail_down=0 finish_fail_other=0 finish_fail_ffn=0 cache_take_fail_up=0 cache_take_fail_gate=0 recv_up_sum_abs=0.000000e+00 recv_up_max_abs=0.000000e+00 recv_up_zero=0 recv_gate_sum_abs=0.000000e+00 recv_gate_max_abs=0.000000e+00 recv_gate_zero=0 recv_down_sum_abs=0.000000e+00 recv_down_max_abs=0.000000e+00 recv_down_zero=0 recv_other_sum_abs=0.000000e+00 recv_other_max_abs=0.000000e+00 recv_other_zero=0 recv_ffn_sum_abs=0.000000e+00 recv_ffn_max_abs=0.000000e+00 recv_ffn_zero=0
SUCCEED (one forward pass done)"
7c_extreme_1idle,1,major_only_no_svd,"p=5;major=67,60,61,62,63",ok,"60,61,62,63,64,65,66,67","80,90,90,100,100,100,100,0",25.3696,1261.35,,,,,,59.3778,2.591679096221924,,,"llama_context: graph splits = 1
attach_threadpool: call
threads: decode=5 batch=5
prompt tokens: 4
running one forward pass (llama_decode) ...
Top-5 next-token candidates:
  id=11 logit=21.0211 piece="",""
  id=3837 logit=19.3304 piece=""，""
  id=1052 logit=19.1368 piece="" there""
  id=304 logit=19.024 piece="" in""
  id=264 logit=18.1601 piece="" a""
Autoregressive generation:
Generated text: , there was a little girl named Lily. She lived in a small village with her family. One day, Lily's mom told her about a magical forest that
Decode-only throughput: 25.3696 tokens/s (32 tokens in 1.26135 s of llama_decode)
End-to-end throughput: 25.1243 tokens/s (32 tokens in 1.27367 s)
[decode-stage-profile] model_load=982.034 ms context_create=65.2357 ms tokenize=0.53814 ms prefill_decode=59.3778 ms generation_decode=1261.35 ms generation_total=1273.67 ms program_total=2397.59 ms
[svd-local-op-profile] up_ops=0 gate_ops=0 down_ops=0 up_total=0.000 ms gate_total=0.000 ms down_total=0.000 ms up_v=0.000 ms gate_v=0.000 ms down_v=0.000 ms up_u=0.000 ms gate_u=0.000 ms down_u=0.000 ms
[svd-local-stage-profile] attention_total=23.447 ms ffn_total=878.204 ms ffn_svd_total=0.000 ms ffn_svd_v=0.000 ms ffn_svd_u=0.000 ms
[svd-offload-zero-profile] up_finish=0 up_cache=0 up_no_request=0 gate_finish=0 gate_cache=0 gate_no_request=0 down_finish=0 down_cache=0 down_no_request=0 other_finish=0 other_cache=0 other_no_request=0
[svd-local-timeout-profile] up_keep=0 up_drop=0 up_wait=0.000 ms gate_keep=0 gate_drop=0 gate_wait=0.000 ms down_keep=0 down_drop=0 down_wait=0.000 ms other_keep=0 other_drop=0 other_wait=0.000 ms
[svd-offload-client] up_gate_req=0 down_req=0 other_mat_req=0 ffn_req=0 gate_cache_hits=0 gate_cache_checks=0 miss_invalid=0 miss_layer=0 miss_rank=0 miss_hash=0 miss_output=0 miss_data=0 send_up_gate=0.000 ms send_down=0.000 ms send_other=0.000 ms send_ffn=0.000 ms wait_up_gate=0.000 ms wait_down=0.000 ms wait_other=0.000 ms wait_ffn=0.000 ms
[svd-offload-client-stage-profile] rpc_send_total=0.000 ms rpc_wait_total=0.000 ms
[svd-offload-client-debug] finish_fail_up_gate=0 finish_fail_down=0 finish_fail_other=0 finish_fail_ffn=0 cache_take_fail_up=0 cache_take_fail_gate=0 recv_up_sum_abs=0.000000e+00 recv_up_max_abs=0.000000e+00 recv_up_zero=0 recv_gate_sum_abs=0.000000e+00 recv_gate_max_abs=0.000000e+00 recv_gate_zero=0 recv_down_sum_abs=0.000000e+00 recv_down_max_abs=0.000000e+00 recv_down_zero=0 recv_other_sum_abs=0.000000e+00 recv_other_max_abs=0.000000e+00 recv_other_zero=0 recv_ffn_sum_abs=0.000000e+00 recv_ffn_max_abs=0.000000e+00 recv_ffn_zero=0
SUCCEED (one forward pass done)"
7c_extreme_1idle,1,major_only_no_svd,"p=6;major=67,60,61,62,63,64",ok,"60,61,62,63,64,65,66,67","80,90,90,100,100,100,100,0",26.3175,1215.92,,,,,,97.3766,2.574211597442627,,,"llama_context: graph splits = 1
attach_threadpool: call
threads: decode=6 batch=6
prompt tokens: 4
running one forward pass (llama_decode) ...
Top-5 next-token candidates:
  id=11 logit=21.0211 piece="",""
  id=3837 logit=19.3304 piece=""，""
  id=1052 logit=19.1368 piece="" there""
  id=304 logit=19.024 piece="" in""
  id=264 logit=18.1601 piece="" a""
Autoregressive generation:
Generated text: , there was a little girl named Lily. She lived in a small village with her family. One day, Lily's mom told her about a magical forest that
Decode-only throughput: 26.3175 tokens/s (32 tokens in 1.21592 s of llama_decode)
End-to-end throughput: 26.0581 tokens/s (32 tokens in 1.22802 s)
[decode-stage-profile] model_load=982.4 ms context_create=61.9464 ms tokenize=0.519323 ms prefill_decode=97.3766 ms generation_decode=1215.92 ms generation_total=1228.02 ms program_total=2386.16 ms
[svd-local-op-profile] up_ops=0 gate_ops=0 down_ops=0 up_total=0.000 ms gate_total=0.000 ms down_total=0.000 ms up_v=0.000 ms gate_v=0.000 ms down_v=0.000 ms up_u=0.000 ms gate_u=0.000 ms down_u=0.000 ms
[svd-local-stage-profile] attention_total=49.242 ms ffn_total=851.078 ms ffn_svd_total=0.000 ms ffn_svd_v=0.000 ms ffn_svd_u=0.000 ms
[svd-offload-zero-profile] up_finish=0 up_cache=0 up_no_request=0 gate_finish=0 gate_cache=0 gate_no_request=0 down_finish=0 down_cache=0 down_no_request=0 other_finish=0 other_cache=0 other_no_request=0
[svd-local-timeout-profile] up_keep=0 up_drop=0 up_wait=0.000 ms gate_keep=0 gate_drop=0 gate_wait=0.000 ms down_keep=0 down_drop=0 down_wait=0.000 ms other_keep=0 other_drop=0 other_wait=0.000 ms
[svd-offload-client] up_gate_req=0 down_req=0 other_mat_req=0 ffn_req=0 gate_cache_hits=0 gate_cache_checks=0 miss_invalid=0 miss_layer=0 miss_rank=0 miss_hash=0 miss_output=0 miss_data=0 send_up_gate=0.000 ms send_down=0.000 ms send_other=0.000 ms send_ffn=0.000 ms wait_up_gate=0.000 ms wait_down=0.000 ms wait_other=0.000 ms wait_ffn=0.000 ms
[svd-offload-client-stage-profile] rpc_send_total=0.000 ms rpc_wait_total=0.000 ms
[svd-offload-client-debug] finish_fail_up_gate=0 finish_fail_down=0 finish_fail_other=0 finish_fail_ffn=0 cache_take_fail_up=0 cache_take_fail_gate=0 recv_up_sum_abs=0.000000e+00 recv_up_max_abs=0.000000e+00 recv_up_zero=0 recv_gate_sum_abs=0.000000e+00 recv_gate_max_abs=0.000000e+00 recv_gate_zero=0 recv_down_sum_abs=0.000000e+00 recv_down_max_abs=0.000000e+00 recv_down_zero=0 recv_other_sum_abs=0.000000e+00 recv_other_max_abs=0.000000e+00 recv_other_zero=0 recv_ffn_sum_abs=0.000000e+00 recv_ffn_max_abs=0.000000e+00 recv_ffn_zero=0
SUCCEED (one forward pass done)"
7c_extreme_1idle,1,major_only_no_svd,"p=7;major=67,60,61,62,63,64,65",ok,"60,61,62,63,64,65,66,67","80,90,90,100,100,100,100,0",5.80489,5512.6,,,,,,3319.03,10.133069515228271,,,"llama_context: graph splits = 1
attach_threadpool: call
threads: decode=7 batch=7
prompt tokens: 4
running one forward pass (llama_decode) ...
Top-5 next-token candidates:
  id=11 logit=21.0211 piece="",""
  id=3837 logit=19.3304 piece=""，""
  id=1052 logit=19.1368 piece="" there""
  id=304 logit=19.024 piece="" in""
  id=264 logit=18.1601 piece="" a""
Autoregressive generation:
Generated text: , there was a little girl named Lily. She lived in a small village with her family. One day, Lily's mom told her about a magical forest that
Decode-only throughput: 5.80489 tokens/s (32 tokens in 5.5126 s of llama_decode)
End-to-end throughput: 5.79245 tokens/s (32 tokens in 5.52443 s)
[decode-stage-profile] model_load=990.47 ms context_create=63.3362 ms tokenize=0.542253 ms prefill_decode=3319.03 ms generation_decode=5512.6 ms generation_total=5524.43 ms program_total=9913.84 ms
[svd-local-op-profile] up_ops=0 gate_ops=0 down_ops=0 up_total=0.000 ms gate_total=0.000 ms down_total=0.000 ms up_v=0.000 ms gate_v=0.000 ms down_v=0.000 ms up_u=0.000 ms gate_u=0.000 ms down_u=0.000 ms
[svd-local-stage-profile] attention_total=1970.198 ms ffn_total=2001.175 ms ffn_svd_total=0.000 ms ffn_svd_v=0.000 ms ffn_svd_u=0.000 ms
[svd-offload-zero-profile] up_finish=0 up_cache=0 up_no_request=0 gate_finish=0 gate_cache=0 gate_no_request=0 down_finish=0 down_cache=0 down_no_request=0 other_finish=0 other_cache=0 other_no_request=0
[svd-local-timeout-profile] up_keep=0 up_drop=0 up_wait=0.000 ms gate_keep=0 gate_drop=0 gate_wait=0.000 ms down_keep=0 down_drop=0 down_wait=0.000 ms other_keep=0 other_drop=0 other_wait=0.000 ms
[svd-offload-client] up_gate_req=0 down_req=0 other_mat_req=0 ffn_req=0 gate_cache_hits=0 gate_cache_checks=0 miss_invalid=0 miss_layer=0 miss_rank=0 miss_hash=0 miss_output=0 miss_data=0 send_up_gate=0.000 ms send_down=0.000 ms send_other=0.000 ms send_ffn=0.000 ms wait_up_gate=0.000 ms wait_down=0.000 ms wait_other=0.000 ms wait_ffn=0.000 ms
[svd-offload-client-stage-profile] rpc_send_total=0.000 ms rpc_wait_total=0.000 ms
[svd-offload-client-debug] finish_fail_up_gate=0 finish_fail_down=0 finish_fail_other=0 finish_fail_ffn=0 cache_take_fail_up=0 cache_take_fail_gate=0 recv_up_sum_abs=0.000000e+00 recv_up_max_abs=0.000000e+00 recv_up_zero=0 recv_gate_sum_abs=0.000000e+00 recv_gate_max_abs=0.000000e+00 recv_gate_zero=0 recv_down_sum_abs=0.000000e+00 recv_down_max_abs=0.000000e+00 recv_down_zero=0 recv_other_sum_abs=0.000000e+00 recv_other_max_abs=0.000000e+00 recv_other_zero=0 recv_ffn_sum_abs=0.000000e+00 recv_ffn_max_abs=0.000000e+00 recv_ffn_zero=0
SUCCEED (one forward pass done)"
7c_extreme_1idle,2,baseline_no_svd,"60,61,62,63,64,65,66,67",ok,"60,61,62,63,64,65,66,67","80,90,90,100,100,100,100,0",28.6195,1118.12,,,,,,314.763,2.8348629474639893,,,"llama_context: graph splits = 1
attach_threadpool: call
threads: decode=8 batch=8
prompt tokens: 4
running one forward pass (llama_decode) ...
Top-5 next-token candidates:
  id=11 logit=21.0211 piece="",""
  id=3837 logit=19.3304 piece=""，""
  id=1052 logit=19.1368 piece="" there""
  id=304 logit=19.024 piece="" in""
  id=264 logit=18.1601 piece="" a""
Autoregressive generation:
Generated text: , there was a little girl named Lily. She lived in a small village with her family. One day, Lily's mom told her about a magical forest that
Decode-only throughput: 28.6195 tokens/s (32 tokens in 1.11812 s of llama_decode)
End-to-end throughput: 28.3292 tokens/s (32 tokens in 1.12957 s)
[decode-stage-profile] model_load=1016.15 ms context_create=63.7374 ms tokenize=0.533996 ms prefill_decode=314.763 ms generation_decode=1118.12 ms generation_total=1129.57 ms program_total=2542.26 ms
[svd-local-op-profile] up_ops=0 gate_ops=0 down_ops=0 up_total=0.000 ms gate_total=0.000 ms down_total=0.000 ms up_v=0.000 ms gate_v=0.000 ms down_v=0.000 ms up_u=0.000 ms gate_u=0.000 ms down_u=0.000 ms
[svd-local-stage-profile] attention_total=42.736 ms ffn_total=786.848 ms ffn_svd_total=0.000 ms ffn_svd_v=0.000 ms ffn_svd_u=0.000 ms
[svd-offload-zero-profile] up_finish=0 up_cache=0 up_no_request=0 gate_finish=0 gate_cache=0 gate_no_request=0 down_finish=0 down_cache=0 down_no_request=0 other_finish=0 other_cache=0 other_no_request=0
[svd-local-timeout-profile] up_keep=0 up_drop=0 up_wait=0.000 ms gate_keep=0 gate_drop=0 gate_wait=0.000 ms down_keep=0 down_drop=0 down_wait=0.000 ms other_keep=0 other_drop=0 other_wait=0.000 ms
[svd-offload-client] up_gate_req=0 down_req=0 other_mat_req=0 ffn_req=0 gate_cache_hits=0 gate_cache_checks=0 miss_invalid=0 miss_layer=0 miss_rank=0 miss_hash=0 miss_output=0 miss_data=0 send_up_gate=0.000 ms send_down=0.000 ms send_other=0.000 ms send_ffn=0.000 ms wait_up_gate=0.000 ms wait_down=0.000 ms wait_other=0.000 ms wait_ffn=0.000 ms
[svd-offload-client-stage-profile] rpc_send_total=0.000 ms rpc_wait_total=0.000 ms
[svd-offload-client-debug] finish_fail_up_gate=0 finish_fail_down=0 finish_fail_other=0 finish_fail_ffn=0 cache_take_fail_up=0 cache_take_fail_gate=0 recv_up_sum_abs=0.000000e+00 recv_up_max_abs=0.000000e+00 recv_up_zero=0 recv_gate_sum_abs=0.000000e+00 recv_gate_max_abs=0.000000e+00 recv_gate_zero=0 recv_down_sum_abs=0.000000e+00 recv_down_max_abs=0.000000e+00 recv_down_zero=0 recv_other_sum_abs=0.000000e+00 recv_other_max_abs=0.000000e+00 recv_other_zero=0 recv_ffn_sum_abs=0.000000e+00 recv_ffn_max_abs=0.000000e+00 recv_ffn_zero=0
SUCCEED (one forward pass done)"
7c_extreme_1idle,2,major_only_no_svd,p=1;major=67,ok,"60,61,62,63,64,65,66,67","80,90,90,100,100,100,100,0",6.11015,5237.19,,,,,,178.225,6.744124412536621,,,"llama_context: graph splits = 1
attach_threadpool: call
threads: decode=1 batch=1
prompt tokens: 4
running one forward pass (llama_decode) ...
Top-5 next-token candidates:
  id=11 logit=21.0211 piece="",""
  id=3837 logit=19.3304 piece=""，""
  id=1052 logit=19.1368 piece="" there""
  id=304 logit=19.024 piece="" in""
  id=264 logit=18.1601 piece="" a""
Autoregressive generation:
Generated text: , there was a little girl named Lily. She lived in a small village with her family. One day, Lily's mom told her about a magical forest that
Decode-only throughput: 6.11015 tokens/s (32 tokens in 5.23719 s of llama_decode)
End-to-end throughput: 6.09663 tokens/s (32 tokens in 5.2488 s)
[decode-stage-profile] model_load=1005.67 ms context_create=62.3826 ms tokenize=0.506293 ms prefill_decode=178.225 ms generation_decode=5237.19 ms generation_total=5248.8 ms program_total=6513.9 ms
[svd-local-op-profile] up_ops=0 gate_ops=0 down_ops=0 up_total=0.000 ms gate_total=0.000 ms down_total=0.000 ms up_v=0.000 ms gate_v=0.000 ms down_v=0.000 ms up_u=0.000 ms gate_u=0.000 ms down_u=0.000 ms
[svd-local-stage-profile] attention_total=48.589 ms ffn_total=3873.969 ms ffn_svd_total=0.000 ms ffn_svd_v=0.000 ms ffn_svd_u=0.000 ms
[svd-offload-zero-profile] up_finish=0 up_cache=0 up_no_request=0 gate_finish=0 gate_cache=0 gate_no_request=0 down_finish=0 down_cache=0 down_no_request=0 other_finish=0 other_cache=0 other_no_request=0
[svd-local-timeout-profile] up_keep=0 up_drop=0 up_wait=0.000 ms gate_keep=0 gate_drop=0 gate_wait=0.000 ms down_keep=0 down_drop=0 down_wait=0.000 ms other_keep=0 other_drop=0 other_wait=0.000 ms
[svd-offload-client] up_gate_req=0 down_req=0 other_mat_req=0 ffn_req=0 gate_cache_hits=0 gate_cache_checks=0 miss_invalid=0 miss_layer=0 miss_rank=0 miss_hash=0 miss_output=0 miss_data=0 send_up_gate=0.000 ms send_down=0.000 ms send_other=0.000 ms send_ffn=0.000 ms wait_up_gate=0.000 ms wait_down=0.000 ms wait_other=0.000 ms wait_ffn=0.000 ms
[svd-offload-client-stage-profile] rpc_send_total=0.000 ms rpc_wait_total=0.000 ms
[svd-offload-client-debug] finish_fail_up_gate=0 finish_fail_down=0 finish_fail_other=0 finish_fail_ffn=0 cache_take_fail_up=0 cache_take_fail_gate=0 recv_up_sum_abs=0.000000e+00 recv_up_max_abs=0.000000e+00 recv_up_zero=0 recv_gate_sum_abs=0.000000e+00 recv_gate_max_abs=0.000000e+00 recv_gate_zero=0 recv_down_sum_abs=0.000000e+00 recv_down_max_abs=0.000000e+00 recv_down_zero=0 recv_other_sum_abs=0.000000e+00 recv_other_max_abs=0.000000e+00 recv_other_zero=0 recv_ffn_sum_abs=0.000000e+00 recv_ffn_max_abs=0.000000e+00 recv_ffn_zero=0
SUCCEED (one forward pass done)"
7c_extreme_1idle,2,major_only_no_svd,"p=2;major=67,60",ok,"60,61,62,63,64,65,66,67","80,90,90,100,100,100,100,0",11.7067,2733.47,,,,,,102.9,4.1735310554504395,,,"llama_context: graph splits = 1
attach_threadpool: call
threads: decode=2 batch=2
prompt tokens: 4
running one forward pass (llama_decode) ...
Top-5 next-token candidates:
  id=11 logit=21.0211 piece="",""
  id=3837 logit=19.3304 piece=""，""
  id=1052 logit=19.1368 piece="" there""
  id=304 logit=19.024 piece="" in""
  id=264 logit=18.1601 piece="" a""
Autoregressive generation:
Generated text: , there was a little girl named Lily. She lived in a small village with her family. One day, Lily's mom told her about a magical forest that
Decode-only throughput: 11.7067 tokens/s (32 tokens in 2.73347 s of llama_decode)
End-to-end throughput: 11.657 tokens/s (32 tokens in 2.74513 s)
[decode-stage-profile] model_load=1028.55 ms context_create=62.7534 ms tokenize=0.533725 ms prefill_decode=102.9 ms generation_decode=2733.47 ms generation_total=2745.13 ms program_total=3956.72 ms
[svd-local-op-profile] up_ops=0 gate_ops=0 down_ops=0 up_total=0.000 ms gate_total=0.000 ms down_total=0.000 ms up_v=0.000 ms gate_v=0.000 ms down_v=0.000 ms up_u=0.000 ms gate_u=0.000 ms down_u=0.000 ms
[svd-local-stage-profile] attention_total=28.928 ms ffn_total=1992.391 ms ffn_svd_total=0.000 ms ffn_svd_v=0.000 ms ffn_svd_u=0.000 ms
[svd-offload-zero-profile] up_finish=0 up_cache=0 up_no_request=0 gate_finish=0 gate_cache=0 gate_no_request=0 down_finish=0 down_cache=0 down_no_request=0 other_finish=0 other_cache=0 other_no_request=0
[svd-local-timeout-profile] up_keep=0 up_drop=0 up_wait=0.000 ms gate_keep=0 gate_drop=0 gate_wait=0.000 ms down_keep=0 down_drop=0 down_wait=0.000 ms other_keep=0 other_drop=0 other_wait=0.000 ms
[svd-offload-client] up_gate_req=0 down_req=0 other_mat_req=0 ffn_req=0 gate_cache_hits=0 gate_cache_checks=0 miss_invalid=0 miss_layer=0 miss_rank=0 miss_hash=0 miss_output=0 miss_data=0 send_up_gate=0.000 ms send_down=0.000 ms send_other=0.000 ms send_ffn=0.000 ms wait_up_gate=0.000 ms wait_down=0.000 ms wait_other=0.000 ms wait_ffn=0.000 ms
[svd-offload-client-stage-profile] rpc_send_total=0.000 ms rpc_wait_total=0.000 ms
[svd-offload-client-debug] finish_fail_up_gate=0 finish_fail_down=0 finish_fail_other=0 finish_fail_ffn=0 cache_take_fail_up=0 cache_take_fail_gate=0 recv_up_sum_abs=0.000000e+00 recv_up_max_abs=0.000000e+00 recv_up_zero=0 recv_gate_sum_abs=0.000000e+00 recv_gate_max_abs=0.000000e+00 recv_gate_zero=0 recv_down_sum_abs=0.000000e+00 recv_down_max_abs=0.000000e+00 recv_down_zero=0 recv_other_sum_abs=0.000000e+00 recv_other_max_abs=0.000000e+00 recv_other_zero=0 recv_ffn_sum_abs=0.000000e+00 recv_ffn_max_abs=0.000000e+00 recv_ffn_zero=0
SUCCEED (one forward pass done)"
7c_extreme_1idle,2,major_only_no_svd,"p=3;major=67,60,61",ok,"60,61,62,63,64,65,66,67","80,90,90,100,100,100,100,0",16.2447,1969.88,,,,,,77.6219,3.4612162113189697,,,"llama_context: graph splits = 1
attach_threadpool: call
threads: decode=3 batch=3
prompt tokens: 4
running one forward pass (llama_decode) ...
Top-5 next-token candidates:
  id=11 logit=21.0211 piece="",""
  id=3837 logit=19.3304 piece=""，""
  id=1052 logit=19.1368 piece="" there""
  id=304 logit=19.024 piece="" in""
  id=264 logit=18.1601 piece="" a""
Autoregressive generation:
Generated text: , there was a little girl named Lily. She lived in a small village with her family. One day, Lily's mom told her about a magical forest that
Decode-only throughput: 16.2447 tokens/s (32 tokens in 1.96988 s of llama_decode)
End-to-end throughput: 16.1469 tokens/s (32 tokens in 1.9818 s)
[decode-stage-profile] model_load=1016.56 ms context_create=66.2969 ms tokenize=0.511673 ms prefill_decode=77.6219 ms generation_decode=1969.88 ms generation_total=1981.8 ms program_total=3160.66 ms
[svd-local-op-profile] up_ops=0 gate_ops=0 down_ops=0 up_total=0.000 ms gate_total=0.000 ms down_total=0.000 ms up_v=0.000 ms gate_v=0.000 ms down_v=0.000 ms up_u=0.000 ms gate_u=0.000 ms down_u=0.000 ms
[svd-local-stage-profile] attention_total=19.540 ms ffn_total=1409.008 ms ffn_svd_total=0.000 ms ffn_svd_v=0.000 ms ffn_svd_u=0.000 ms
[svd-offload-zero-profile] up_finish=0 up_cache=0 up_no_request=0 gate_finish=0 gate_cache=0 gate_no_request=0 down_finish=0 down_cache=0 down_no_request=0 other_finish=0 other_cache=0 other_no_request=0
[svd-local-timeout-profile] up_keep=0 up_drop=0 up_wait=0.000 ms gate_keep=0 gate_drop=0 gate_wait=0.000 ms down_keep=0 down_drop=0 down_wait=0.000 ms other_keep=0 other_drop=0 other_wait=0.000 ms
[svd-offload-client] up_gate_req=0 down_req=0 other_mat_req=0 ffn_req=0 gate_cache_hits=0 gate_cache_checks=0 miss_invalid=0 miss_layer=0 miss_rank=0 miss_hash=0 miss_output=0 miss_data=0 send_up_gate=0.000 ms send_down=0.000 ms send_other=0.000 ms send_ffn=0.000 ms wait_up_gate=0.000 ms wait_down=0.000 ms wait_other=0.000 ms wait_ffn=0.000 ms
[svd-offload-client-stage-profile] rpc_send_total=0.000 ms rpc_wait_total=0.000 ms
[svd-offload-client-debug] finish_fail_up_gate=0 finish_fail_down=0 finish_fail_other=0 finish_fail_ffn=0 cache_take_fail_up=0 cache_take_fail_gate=0 recv_up_sum_abs=0.000000e+00 recv_up_max_abs=0.000000e+00 recv_up_zero=0 recv_gate_sum_abs=0.000000e+00 recv_gate_max_abs=0.000000e+00 recv_gate_zero=0 recv_down_sum_abs=0.000000e+00 recv_down_max_abs=0.000000e+00 recv_down_zero=0 recv_other_sum_abs=0.000000e+00 recv_other_max_abs=0.000000e+00 recv_other_zero=0 recv_ffn_sum_abs=0.000000e+00 recv_ffn_max_abs=0.000000e+00 recv_ffn_zero=0
SUCCEED (one forward pass done)"
7c_extreme_1idle,2,major_only_no_svd,"p=4;major=67,60,61,62",ok,"60,61,62,63,64,65,66,67","80,90,90,100,100,100,100,0",20.9706,1525.95,,,,,,59.8107,2.903857946395874,,,"llama_context: graph splits = 1
attach_threadpool: call
threads: decode=4 batch=4
prompt tokens: 4
running one forward pass (llama_decode) ...
Top-5 next-token candidates:
  id=11 logit=21.0211 piece="",""
  id=3837 logit=19.3304 piece=""，""
  id=1052 logit=19.1368 piece="" there""
  id=304 logit=19.024 piece="" in""
  id=264 logit=18.1601 piece="" a""
Autoregressive generation:
Generated text: , there was a little girl named Lily. She lived in a small village with her family. One day, Lily's mom told her about a magical forest that
Decode-only throughput: 20.9706 tokens/s (32 tokens in 1.52595 s of llama_decode)
End-to-end throughput: 20.8041 tokens/s (32 tokens in 1.53816 s)
[decode-stage-profile] model_load=1013.14 ms context_create=64.5832 ms tokenize=0.54007 ms prefill_decode=59.8107 ms generation_decode=1525.95 ms generation_total=1538.16 ms program_total=2693.08 ms
[svd-local-op-profile] up_ops=0 gate_ops=0 down_ops=0 up_total=0.000 ms gate_total=0.000 ms down_total=0.000 ms up_v=0.000 ms gate_v=0.000 ms down_v=0.000 ms up_u=0.000 ms gate_u=0.000 ms down_u=0.000 ms
[svd-local-stage-profile] attention_total=18.814 ms ffn_total=1080.319 ms ffn_svd_total=0.000 ms ffn_svd_v=0.000 ms ffn_svd_u=0.000 ms
[svd-offload-zero-profile] up_finish=0 up_cache=0 up_no_request=0 gate_finish=0 gate_cache=0 gate_no_request=0 down_finish=0 down_cache=0 down_no_request=0 other_finish=0 other_cache=0 other_no_request=0
[svd-local-timeout-profile] up_keep=0 up_drop=0 up_wait=0.000 ms gate_keep=0 gate_drop=0 gate_wait=0.000 ms down_keep=0 down_drop=0 down_wait=0.000 ms other_keep=0 other_drop=0 other_wait=0.000 ms
[svd-offload-client] up_gate_req=0 down_req=0 other_mat_req=0 ffn_req=0 gate_cache_hits=0 gate_cache_checks=0 miss_invalid=0 miss_layer=0 miss_rank=0 miss_hash=0 miss_output=0 miss_data=0 send_up_gate=0.000 ms send_down=0.000 ms send_other=0.000 ms send_ffn=0.000 ms wait_up_gate=0.000 ms wait_down=0.000 ms wait_other=0.000 ms wait_ffn=0.000 ms
[svd-offload-client-stage-profile] rpc_send_total=0.000 ms rpc_wait_total=0.000 ms
[svd-offload-client-debug] finish_fail_up_gate=0 finish_fail_down=0 finish_fail_other=0 finish_fail_ffn=0 cache_take_fail_up=0 cache_take_fail_gate=0 recv_up_sum_abs=0.000000e+00 recv_up_max_abs=0.000000e+00 recv_up_zero=0 recv_gate_sum_abs=0.000000e+00 recv_gate_max_abs=0.000000e+00 recv_gate_zero=0 recv_down_sum_abs=0.000000e+00 recv_down_max_abs=0.000000e+00 recv_down_zero=0 recv_other_sum_abs=0.000000e+00 recv_other_max_abs=0.000000e+00 recv_other_zero=0 recv_ffn_sum_abs=0.000000e+00 recv_ffn_max_abs=0.000000e+00 recv_ffn_zero=0
SUCCEED (one forward pass done)"
7c_extreme_1idle,2,major_only_no_svd,"p=5;major=67,60,61,62,63",ok,"60,61,62,63,64,65,66,67","80,90,90,100,100,100,100,0",22.7226,1408.29,,,,,,505.183,3.2240660190582275,,,"llama_context: graph splits = 1
attach_threadpool: call
threads: decode=5 batch=5
prompt tokens: 4
running one forward pass (llama_decode) ...
Top-5 next-token candidates:
  id=11 logit=21.0211 piece="",""
  id=3837 logit=19.3304 piece=""，""
  id=1052 logit=19.1368 piece="" there""
  id=304 logit=19.024 piece="" in""
  id=264 logit=18.1601 piece="" a""
Autoregressive generation:
Generated text: , there was a little girl named Lily. She lived in a small village with her family. One day, Lily's mom told her about a magical forest that
Decode-only throughput: 22.7226 tokens/s (32 tokens in 1.40829 s of llama_decode)
End-to-end throughput: 22.5343 tokens/s (32 tokens in 1.42005 s)
[decode-stage-profile] model_load=991.309 ms context_create=71.3942 ms tokenize=0.831365 ms prefill_decode=505.183 ms generation_decode=1408.29 ms generation_total=1420.05 ms program_total=3006.57 ms
[svd-local-op-profile] up_ops=0 gate_ops=0 down_ops=0 up_total=0.000 ms gate_total=0.000 ms down_total=0.000 ms up_v=0.000 ms gate_v=0.000 ms down_v=0.000 ms up_u=0.000 ms gate_u=0.000 ms down_u=0.000 ms
[svd-local-stage-profile] attention_total=109.778 ms ffn_total=1043.619 ms ffn_svd_total=0.000 ms ffn_svd_v=0.000 ms ffn_svd_u=0.000 ms
[svd-offload-zero-profile] up_finish=0 up_cache=0 up_no_request=0 gate_finish=0 gate_cache=0 gate_no_request=0 down_finish=0 down_cache=0 down_no_request=0 other_finish=0 other_cache=0 other_no_request=0
[svd-local-timeout-profile] up_keep=0 up_drop=0 up_wait=0.000 ms gate_keep=0 gate_drop=0 gate_wait=0.000 ms down_keep=0 down_drop=0 down_wait=0.000 ms other_keep=0 other_drop=0 other_wait=0.000 ms
[svd-offload-client] up_gate_req=0 down_req=0 other_mat_req=0 ffn_req=0 gate_cache_hits=0 gate_cache_checks=0 miss_invalid=0 miss_layer=0 miss_rank=0 miss_hash=0 miss_output=0 miss_data=0 send_up_gate=0.000 ms send_down=0.000 ms send_other=0.000 ms send_ffn=0.000 ms wait_up_gate=0.000 ms wait_down=0.000 ms wait_other=0.000 ms wait_ffn=0.000 ms
[svd-offload-client-stage-profile] rpc_send_total=0.000 ms rpc_wait_total=0.000 ms
[svd-offload-client-debug] finish_fail_up_gate=0 finish_fail_down=0 finish_fail_other=0 finish_fail_ffn=0 cache_take_fail_up=0 cache_take_fail_gate=0 recv_up_sum_abs=0.000000e+00 recv_up_max_abs=0.000000e+00 recv_up_zero=0 recv_gate_sum_abs=0.000000e+00 recv_gate_max_abs=0.000000e+00 recv_gate_zero=0 recv_down_sum_abs=0.000000e+00 recv_down_max_abs=0.000000e+00 recv_down_zero=0 recv_other_sum_abs=0.000000e+00 recv_other_max_abs=0.000000e+00 recv_other_zero=0 recv_ffn_sum_abs=0.000000e+00 recv_ffn_max_abs=0.000000e+00 recv_ffn_zero=0
SUCCEED (one forward pass done)"
7c_extreme_1idle,2,major_only_no_svd,"p=6;major=67,60,61,62,63,64",ok,"60,61,62,63,64,65,66,67","80,90,90,100,100,100,100,0",24.8453,1287.97,,,,,,6556.93,9.154828786849976,,,"llama_context: graph splits = 1
attach_threadpool: call
threads: decode=6 batch=6
prompt tokens: 4
running one forward pass (llama_decode) ...
Top-5 next-token candidates:
  id=11 logit=21.0211 piece="",""
  id=3837 logit=19.3304 piece=""，""
  id=1052 logit=19.1368 piece="" there""
  id=304 logit=19.024 piece="" in""
  id=264 logit=18.1601 piece="" a""
Autoregressive generation:
Generated text: , there was a little girl named Lily. She lived in a small village with her family. One day, Lily's mom told her about a magical forest that
Decode-only throughput: 24.8453 tokens/s (32 tokens in 1.28797 s of llama_decode)
End-to-end throughput: 24.6119 tokens/s (32 tokens in 1.30018 s)
[decode-stage-profile] model_load=988.463 ms context_create=65.1291 ms tokenize=0.831402 ms prefill_decode=6556.93 ms generation_decode=1287.97 ms generation_total=1300.18 ms program_total=8929.41 ms
[svd-local-op-profile] up_ops=0 gate_ops=0 down_ops=0 up_total=0.000 ms gate_total=0.000 ms down_total=0.000 ms up_v=0.000 ms gate_v=0.000 ms down_v=0.000 ms up_u=0.000 ms gate_u=0.000 ms down_u=0.000 ms
[svd-local-stage-profile] attention_total=1256.701 ms ffn_total=1535.232 ms ffn_svd_total=0.000 ms ffn_svd_v=0.000 ms ffn_svd_u=0.000 ms
[svd-offload-zero-profile] up_finish=0 up_cache=0 up_no_request=0 gate_finish=0 gate_cache=0 gate_no_request=0 down_finish=0 down_cache=0 down_no_request=0 other_finish=0 other_cache=0 other_no_request=0
[svd-local-timeout-profile] up_keep=0 up_drop=0 up_wait=0.000 ms gate_keep=0 gate_drop=0 gate_wait=0.000 ms down_keep=0 down_drop=0 down_wait=0.000 ms other_keep=0 other_drop=0 other_wait=0.000 ms
[svd-offload-client] up_gate_req=0 down_req=0 other_mat_req=0 ffn_req=0 gate_cache_hits=0 gate_cache_checks=0 miss_invalid=0 miss_layer=0 miss_rank=0 miss_hash=0 miss_output=0 miss_data=0 send_up_gate=0.000 ms send_down=0.000 ms send_other=0.000 ms send_ffn=0.000 ms wait_up_gate=0.000 ms wait_down=0.000 ms wait_other=0.000 ms wait_ffn=0.000 ms
[svd-offload-client-stage-profile] rpc_send_total=0.000 ms rpc_wait_total=0.000 ms
[svd-offload-client-debug] finish_fail_up_gate=0 finish_fail_down=0 finish_fail_other=0 finish_fail_ffn=0 cache_take_fail_up=0 cache_take_fail_gate=0 recv_up_sum_abs=0.000000e+00 recv_up_max_abs=0.000000e+00 recv_up_zero=0 recv_gate_sum_abs=0.000000e+00 recv_gate_max_abs=0.000000e+00 recv_gate_zero=0 recv_down_sum_abs=0.000000e+00 recv_down_max_abs=0.000000e+00 recv_down_zero=0 recv_other_sum_abs=0.000000e+00 recv_other_max_abs=0.000000e+00 recv_other_zero=0 recv_ffn_sum_abs=0.000000e+00 recv_ffn_max_abs=0.000000e+00 recv_ffn_zero=0
SUCCEED (one forward pass done)"
7c_extreme_1idle,2,major_only_no_svd,"p=7;major=67,60,61,62,63,64,65",ok,"60,61,62,63,64,65,66,67","80,90,90,100,100,100,100,0",27.8045,1150.89,,,,,,48.8382,2.606496810913086,,,"llama_context: graph splits = 1
attach_threadpool: call
threads: decode=7 batch=7
prompt tokens: 4
running one forward pass (llama_decode) ...
Top-5 next-token candidates:
  id=11 logit=21.0211 piece="",""
  id=3837 logit=19.3304 piece=""，""
  id=1052 logit=19.1368 piece="" there""
  id=304 logit=19.024 piece="" in""
  id=264 logit=18.1601 piece="" a""
Autoregressive generation:
Generated text: , there was a little girl named Lily. She lived in a small village with her family. One day, Lily's mom told her about a magical forest that
Decode-only throughput: 27.8045 tokens/s (32 tokens in 1.15089 s of llama_decode)
End-to-end throughput: 27.5015 tokens/s (32 tokens in 1.16357 s)
[decode-stage-profile] model_load=1075.71 ms context_create=63.0324 ms tokenize=0.534346 ms prefill_decode=48.8382 ms generation_decode=1150.89 ms generation_total=1163.57 ms program_total=2367.81 ms
[svd-local-op-profile] up_ops=0 gate_ops=0 down_ops=0 up_total=0.000 ms gate_total=0.000 ms down_total=0.000 ms up_v=0.000 ms gate_v=0.000 ms down_v=0.000 ms up_u=0.000 ms gate_u=0.000 ms down_u=0.000 ms
[svd-local-stage-profile] attention_total=28.560 ms ffn_total=805.831 ms ffn_svd_total=0.000 ms ffn_svd_v=0.000 ms ffn_svd_u=0.000 ms
[svd-offload-zero-profile] up_finish=0 up_cache=0 up_no_request=0 gate_finish=0 gate_cache=0 gate_no_request=0 down_finish=0 down_cache=0 down_no_request=0 other_finish=0 other_cache=0 other_no_request=0
[svd-local-timeout-profile] up_keep=0 up_drop=0 up_wait=0.000 ms gate_keep=0 gate_drop=0 gate_wait=0.000 ms down_keep=0 down_drop=0 down_wait=0.000 ms other_keep=0 other_drop=0 other_wait=0.000 ms
[svd-offload-client] up_gate_req=0 down_req=0 other_mat_req=0 ffn_req=0 gate_cache_hits=0 gate_cache_checks=0 miss_invalid=0 miss_layer=0 miss_rank=0 miss_hash=0 miss_output=0 miss_data=0 send_up_gate=0.000 ms send_down=0.000 ms send_other=0.000 ms send_ffn=0.000 ms wait_up_gate=0.000 ms wait_down=0.000 ms wait_other=0.000 ms wait_ffn=0.000 ms
[svd-offload-client-stage-profile] rpc_send_total=0.000 ms rpc_wait_total=0.000 ms
[svd-offload-client-debug] finish_fail_up_gate=0 finish_fail_down=0 finish_fail_other=0 finish_fail_ffn=0 cache_take_fail_up=0 cache_take_fail_gate=0 recv_up_sum_abs=0.000000e+00 recv_up_max_abs=0.000000e+00 recv_up_zero=0 recv_gate_sum_abs=0.000000e+00 recv_gate_max_abs=0.000000e+00 recv_gate_zero=0 recv_down_sum_abs=0.000000e+00 recv_down_max_abs=0.000000e+00 recv_down_zero=0 recv_other_sum_abs=0.000000e+00 recv_other_max_abs=0.000000e+00 recv_other_zero=0 recv_ffn_sum_abs=0.000000e+00 recv_ffn_max_abs=0.000000e+00 recv_ffn_zero=0
SUCCEED (one forward pass done)"
8c_extreme_all_hot,0,baseline_no_svd,"60,61,62,63,64,65,66,67",ok,"60,61,62,63,64,65,66,67","80,90,90,90,100,100,100,100",29.5643,1082.38,,,,,,237.27,2.7213246822357178,,,"llama_context: graph splits = 1
attach_threadpool: call
threads: decode=8 batch=8
prompt tokens: 4
running one forward pass (llama_decode) ...
Top-5 next-token candidates:
  id=11 logit=21.0211 piece="",""
  id=3837 logit=19.3304 piece=""，""
  id=1052 logit=19.1368 piece="" there""
  id=304 logit=19.024 piece="" in""
  id=264 logit=18.1601 piece="" a""
Autoregressive generation:
Generated text: , there was a little girl named Lily. She lived in a small village with her family. One day, Lily's mom told her about a magical forest that
Decode-only throughput: 29.5643 tokens/s (32 tokens in 1.08238 s of llama_decode)
End-to-end throughput: 29.2335 tokens/s (32 tokens in 1.09463 s)
[decode-stage-profile] model_load=1066.08 ms context_create=63.1295 ms tokenize=0.564889 ms prefill_decode=237.27 ms generation_decode=1082.38 ms generation_total=1094.63 ms program_total=2478.54 ms
[svd-local-op-profile] up_ops=0 gate_ops=0 down_ops=0 up_total=0.000 ms gate_total=0.000 ms down_total=0.000 ms up_v=0.000 ms gate_v=0.000 ms down_v=0.000 ms up_u=0.000 ms gate_u=0.000 ms down_u=0.000 ms
[svd-local-stage-profile] attention_total=71.245 ms ffn_total=764.547 ms ffn_svd_total=0.000 ms ffn_svd_v=0.000 ms ffn_svd_u=0.000 ms
[svd-offload-zero-profile] up_finish=0 up_cache=0 up_no_request=0 gate_finish=0 gate_cache=0 gate_no_request=0 down_finish=0 down_cache=0 down_no_request=0 other_finish=0 other_cache=0 other_no_request=0
[svd-local-timeout-profile] up_keep=0 up_drop=0 up_wait=0.000 ms gate_keep=0 gate_drop=0 gate_wait=0.000 ms down_keep=0 down_drop=0 down_wait=0.000 ms other_keep=0 other_drop=0 other_wait=0.000 ms
[svd-offload-client] up_gate_req=0 down_req=0 other_mat_req=0 ffn_req=0 gate_cache_hits=0 gate_cache_checks=0 miss_invalid=0 miss_layer=0 miss_rank=0 miss_hash=0 miss_output=0 miss_data=0 send_up_gate=0.000 ms send_down=0.000 ms send_other=0.000 ms send_ffn=0.000 ms wait_up_gate=0.000 ms wait_down=0.000 ms wait_other=0.000 ms wait_ffn=0.000 ms
[svd-offload-client-stage-profile] rpc_send_total=0.000 ms rpc_wait_total=0.000 ms
[svd-offload-client-debug] finish_fail_up_gate=0 finish_fail_down=0 finish_fail_other=0 finish_fail_ffn=0 cache_take_fail_up=0 cache_take_fail_gate=0 recv_up_sum_abs=0.000000e+00 recv_up_max_abs=0.000000e+00 recv_up_zero=0 recv_gate_sum_abs=0.000000e+00 recv_gate_max_abs=0.000000e+00 recv_gate_zero=0 recv_down_sum_abs=0.000000e+00 recv_down_max_abs=0.000000e+00 recv_down_zero=0 recv_other_sum_abs=0.000000e+00 recv_other_max_abs=0.000000e+00 recv_other_zero=0 recv_ffn_sum_abs=0.000000e+00 recv_ffn_max_abs=0.000000e+00 recv_ffn_zero=0
SUCCEED (one forward pass done)"
8c_extreme_all_hot,0,major_only_no_svd,p=1;major=60,ok,"60,61,62,63,64,65,66,67","80,90,90,90,100,100,100,100",6.07931,5263.76,,,,,,198.926,6.819177150726318,,,"llama_context: graph splits = 1
attach_threadpool: call
threads: decode=1 batch=1
prompt tokens: 4
running one forward pass (llama_decode) ...
Top-5 next-token candidates:
  id=11 logit=21.0211 piece="",""
  id=3837 logit=19.3304 piece=""，""
  id=1052 logit=19.1368 piece="" there""
  id=304 logit=19.024 piece="" in""
  id=264 logit=18.1601 piece="" a""
Autoregressive generation:
Generated text: , there was a little girl named Lily. She lived in a small village with her family. One day, Lily's mom told her about a magical forest that
Decode-only throughput: 6.07931 tokens/s (32 tokens in 5.26376 s of llama_decode)
End-to-end throughput: 6.06529 tokens/s (32 tokens in 5.27592 s)
[decode-stage-profile] model_load=1050.64 ms context_create=62.4961 ms tokenize=0.541308 ms prefill_decode=198.926 ms generation_decode=5263.76 ms generation_total=5275.92 ms program_total=6604.97 ms
[svd-local-op-profile] up_ops=0 gate_ops=0 down_ops=0 up_total=0.000 ms gate_total=0.000 ms down_total=0.000 ms up_v=0.000 ms gate_v=0.000 ms down_v=0.000 ms up_u=0.000 ms gate_u=0.000 ms down_u=0.000 ms
[svd-local-stage-profile] attention_total=55.923 ms ffn_total=3903.805 ms ffn_svd_total=0.000 ms ffn_svd_v=0.000 ms ffn_svd_u=0.000 ms
[svd-offload-zero-profile] up_finish=0 up_cache=0 up_no_request=0 gate_finish=0 gate_cache=0 gate_no_request=0 down_finish=0 down_cache=0 down_no_request=0 other_finish=0 other_cache=0 other_no_request=0
[svd-local-timeout-profile] up_keep=0 up_drop=0 up_wait=0.000 ms gate_keep=0 gate_drop=0 gate_wait=0.000 ms down_keep=0 down_drop=0 down_wait=0.000 ms other_keep=0 other_drop=0 other_wait=0.000 ms
[svd-offload-client] up_gate_req=0 down_req=0 other_mat_req=0 ffn_req=0 gate_cache_hits=0 gate_cache_checks=0 miss_invalid=0 miss_layer=0 miss_rank=0 miss_hash=0 miss_output=0 miss_data=0 send_up_gate=0.000 ms send_down=0.000 ms send_other=0.000 ms send_ffn=0.000 ms wait_up_gate=0.000 ms wait_down=0.000 ms wait_other=0.000 ms wait_ffn=0.000 ms
[svd-offload-client-stage-profile] rpc_send_total=0.000 ms rpc_wait_total=0.000 ms
[svd-offload-client-debug] finish_fail_up_gate=0 finish_fail_down=0 finish_fail_other=0 finish_fail_ffn=0 cache_take_fail_up=0 cache_take_fail_gate=0 recv_up_sum_abs=0.000000e+00 recv_up_max_abs=0.000000e+00 recv_up_zero=0 recv_gate_sum_abs=0.000000e+00 recv_gate_max_abs=0.000000e+00 recv_gate_zero=0 recv_down_sum_abs=0.000000e+00 recv_down_max_abs=0.000000e+00 recv_down_zero=0 recv_other_sum_abs=0.000000e+00 recv_other_max_abs=0.000000e+00 recv_other_zero=0 recv_ffn_sum_abs=0.000000e+00 recv_ffn_max_abs=0.000000e+00 recv_ffn_zero=0
SUCCEED (one forward pass done)"
8c_extreme_all_hot,0,major_only_no_svd,"p=2;major=60,61",ok,"60,61,62,63,64,65,66,67","80,90,90,90,100,100,100,100",11.8289,2705.23,,,,,,108.983,4.162630796432495,,,"llama_context: graph splits = 1
attach_threadpool: call
threads: decode=2 batch=2
prompt tokens: 4
running one forward pass (llama_decode) ...
Top-5 next-token candidates:
  id=11 logit=21.0211 piece="",""
  id=3837 logit=19.3304 piece=""，""
  id=1052 logit=19.1368 piece="" there""
  id=304 logit=19.024 piece="" in""
  id=264 logit=18.1601 piece="" a""
Autoregressive generation:
Generated text: , there was a little girl named Lily. She lived in a small village with her family. One day, Lily's mom told her about a magical forest that
Decode-only throughput: 11.8289 tokens/s (32 tokens in 2.70523 s of llama_decode)
End-to-end throughput: 11.7754 tokens/s (32 tokens in 2.71753 s)
[decode-stage-profile] model_load=1033.92 ms context_create=64.8325 ms tokenize=0.539658 ms prefill_decode=108.983 ms generation_decode=2705.23 ms generation_total=2717.53 ms program_total=3942.5 ms
[svd-local-op-profile] up_ops=0 gate_ops=0 down_ops=0 up_total=0.000 ms gate_total=0.000 ms down_total=0.000 ms up_v=0.000 ms gate_v=0.000 ms down_v=0.000 ms up_u=0.000 ms gate_u=0.000 ms down_u=0.000 ms
[svd-local-stage-profile] attention_total=28.281 ms ffn_total=1960.882 ms ffn_svd_total=0.000 ms ffn_svd_v=0.000 ms ffn_svd_u=0.000 ms
[svd-offload-zero-profile] up_finish=0 up_cache=0 up_no_request=0 gate_finish=0 gate_cache=0 gate_no_request=0 down_finish=0 down_cache=0 down_no_request=0 other_finish=0 other_cache=0 other_no_request=0
[svd-local-timeout-profile] up_keep=0 up_drop=0 up_wait=0.000 ms gate_keep=0 gate_drop=0 gate_wait=0.000 ms down_keep=0 down_drop=0 down_wait=0.000 ms other_keep=0 other_drop=0 other_wait=0.000 ms
[svd-offload-client] up_gate_req=0 down_req=0 other_mat_req=0 ffn_req=0 gate_cache_hits=0 gate_cache_checks=0 miss_invalid=0 miss_layer=0 miss_rank=0 miss_hash=0 miss_output=0 miss_data=0 send_up_gate=0.000 ms send_down=0.000 ms send_other=0.000 ms send_ffn=0.000 ms wait_up_gate=0.000 ms wait_down=0.000 ms wait_other=0.000 ms wait_ffn=0.000 ms
[svd-offload-client-stage-profile] rpc_send_total=0.000 ms rpc_wait_total=0.000 ms
[svd-offload-client-debug] finish_fail_up_gate=0 finish_fail_down=0 finish_fail_other=0 finish_fail_ffn=0 cache_take_fail_up=0 cache_take_fail_gate=0 recv_up_sum_abs=0.000000e+00 recv_up_max_abs=0.000000e+00 recv_up_zero=0 recv_gate_sum_abs=0.000000e+00 recv_gate_max_abs=0.000000e+00 recv_gate_zero=0 recv_down_sum_abs=0.000000e+00 recv_down_max_abs=0.000000e+00 recv_down_zero=0 recv_other_sum_abs=0.000000e+00 recv_other_max_abs=0.000000e+00 recv_other_zero=0 recv_ffn_sum_abs=0.000000e+00 recv_ffn_max_abs=0.000000e+00 recv_ffn_zero=0
SUCCEED (one forward pass done)"
8c_extreme_all_hot,0,major_only_no_svd,"p=3;major=60,61,62",ok,"60,61,62,63,64,65,66,67","80,90,90,90,100,100,100,100",17.339,1845.55,,,,,,77.0012,3.2316508293151855,,,"llama_context: graph splits = 1
attach_threadpool: call
threads: decode=3 batch=3
prompt tokens: 4
running one forward pass (llama_decode) ...
Top-5 next-token candidates:
  id=11 logit=21.0211 piece="",""
  id=3837 logit=19.3304 piece=""，""
  id=1052 logit=19.1368 piece="" there""
  id=304 logit=19.024 piece="" in""
  id=264 logit=18.1601 piece="" a""
Autoregressive generation:
Generated text: , there was a little girl named Lily. She lived in a small village with her family. One day, Lily's mom told her about a magical forest that
Decode-only throughput: 17.339 tokens/s (32 tokens in 1.84555 s of llama_decode)
End-to-end throughput: 17.2283 tokens/s (32 tokens in 1.85741 s)
[decode-stage-profile] model_load=1002.28 ms context_create=66.726 ms tokenize=0.537429 ms prefill_decode=77.0012 ms generation_decode=1845.55 ms generation_total=1857.41 ms program_total=3021.09 ms
[svd-local-op-profile] up_ops=0 gate_ops=0 down_ops=0 up_total=0.000 ms gate_total=0.000 ms down_total=0.000 ms up_v=0.000 ms gate_v=0.000 ms down_v=0.000 ms up_u=0.000 ms gate_u=0.000 ms down_u=0.000 ms
[svd-local-stage-profile] attention_total=18.684 ms ffn_total=1307.977 ms ffn_svd_total=0.000 ms ffn_svd_v=0.000 ms ffn_svd_u=0.000 ms
[svd-offload-zero-profile] up_finish=0 up_cache=0 up_no_request=0 gate_finish=0 gate_cache=0 gate_no_request=0 down_finish=0 down_cache=0 down_no_request=0 other_finish=0 other_cache=0 other_no_request=0
[svd-local-timeout-profile] up_keep=0 up_drop=0 up_wait=0.000 ms gate_keep=0 gate_drop=0 gate_wait=0.000 ms down_keep=0 down_drop=0 down_wait=0.000 ms other_keep=0 other_drop=0 other_wait=0.000 ms
[svd-offload-client] up_gate_req=0 down_req=0 other_mat_req=0 ffn_req=0 gate_cache_hits=0 gate_cache_checks=0 miss_invalid=0 miss_layer=0 miss_rank=0 miss_hash=0 miss_output=0 miss_data=0 send_up_gate=0.000 ms send_down=0.000 ms send_other=0.000 ms send_ffn=0.000 ms wait_up_gate=0.000 ms wait_down=0.000 ms wait_other=0.000 ms wait_ffn=0.000 ms
[svd-offload-client-stage-profile] rpc_send_total=0.000 ms rpc_wait_total=0.000 ms
[svd-offload-client-debug] finish_fail_up_gate=0 finish_fail_down=0 finish_fail_other=0 finish_fail_ffn=0 cache_take_fail_up=0 cache_take_fail_gate=0 recv_up_sum_abs=0.000000e+00 recv_up_max_abs=0.000000e+00 recv_up_zero=0 recv_gate_sum_abs=0.000000e+00 recv_gate_max_abs=0.000000e+00 recv_gate_zero=0 recv_down_sum_abs=0.000000e+00 recv_down_max_abs=0.000000e+00 recv_down_zero=0 recv_other_sum_abs=0.000000e+00 recv_other_max_abs=0.000000e+00 recv_other_zero=0 recv_ffn_sum_abs=0.000000e+00 recv_ffn_max_abs=0.000000e+00 recv_ffn_zero=0
SUCCEED (one forward pass done)"
8c_extreme_all_hot,0,major_only_no_svd,"p=4;major=60,61,62,63",ok,"60,61,62,63,64,65,66,67","80,90,90,90,100,100,100,100",19.4736,1643.25,,,,,,65.9075,3.0633795261383057,,,"llama_context: graph splits = 1
attach_threadpool: call
threads: decode=4 batch=4
prompt tokens: 4
running one forward pass (llama_decode) ...
Top-5 next-token candidates:
  id=11 logit=21.0211 piece="",""
  id=3837 logit=19.3304 piece=""，""
  id=1052 logit=19.1368 piece="" there""
  id=304 logit=19.024 piece="" in""
  id=264 logit=18.1601 piece="" a""
Autoregressive generation:
Generated text: , there was a little girl named Lily. She lived in a small village with her family. One day, Lily's mom told her about a magical forest that
Decode-only throughput: 19.4736 tokens/s (32 tokens in 1.64325 s of llama_decode)
End-to-end throughput: 19.3312 tokens/s (32 tokens in 1.65535 s)
[decode-stage-profile] model_load=1047.76 ms context_create=65.7225 ms tokenize=0.538433 ms prefill_decode=65.9075 ms generation_decode=1643.25 ms generation_total=1655.35 ms program_total=2852.24 ms
[svd-local-op-profile] up_ops=0 gate_ops=0 down_ops=0 up_total=0.000 ms gate_total=0.000 ms down_total=0.000 ms up_v=0.000 ms gate_v=0.000 ms down_v=0.000 ms up_u=0.000 ms gate_u=0.000 ms down_u=0.000 ms
[svd-local-stage-profile] attention_total=24.641 ms ffn_total=1174.689 ms ffn_svd_total=0.000 ms ffn_svd_v=0.000 ms ffn_svd_u=0.000 ms
[svd-offload-zero-profile] up_finish=0 up_cache=0 up_no_request=0 gate_finish=0 gate_cache=0 gate_no_request=0 down_finish=0 down_cache=0 down_no_request=0 other_finish=0 other_cache=0 other_no_request=0
[svd-local-timeout-profile] up_keep=0 up_drop=0 up_wait=0.000 ms gate_keep=0 gate_drop=0 gate_wait=0.000 ms down_keep=0 down_drop=0 down_wait=0.000 ms other_keep=0 other_drop=0 other_wait=0.000 ms
[svd-offload-client] up_gate_req=0 down_req=0 other_mat_req=0 ffn_req=0 gate_cache_hits=0 gate_cache_checks=0 miss_invalid=0 miss_layer=0 miss_rank=0 miss_hash=0 miss_output=0 miss_data=0 send_up_gate=0.000 ms send_down=0.000 ms send_other=0.000 ms send_ffn=0.000 ms wait_up_gate=0.000 ms wait_down=0.000 ms wait_other=0.000 ms wait_ffn=0.000 ms
[svd-offload-client-stage-profile] rpc_send_total=0.000 ms rpc_wait_total=0.000 ms
[svd-offload-client-debug] finish_fail_up_gate=0 finish_fail_down=0 finish_fail_other=0 finish_fail_ffn=0 cache_take_fail_up=0 cache_take_fail_gate=0 recv_up_sum_abs=0.000000e+00 recv_up_max_abs=0.000000e+00 recv_up_zero=0 recv_gate_sum_abs=0.000000e+00 recv_gate_max_abs=0.000000e+00 recv_gate_zero=0 recv_down_sum_abs=0.000000e+00 recv_down_max_abs=0.000000e+00 recv_down_zero=0 recv_other_sum_abs=0.000000e+00 recv_other_max_abs=0.000000e+00 recv_other_zero=0 recv_ffn_sum_abs=0.000000e+00 recv_ffn_max_abs=0.000000e+00 recv_ffn_zero=0
SUCCEED (one forward pass done)"
8c_extreme_all_hot,0,major_only_no_svd,"p=5;major=60,61,62,63,64",ok,"60,61,62,63,64,65,66,67","80,90,90,90,100,100,100,100",22.2423,1438.7,,,,,,467.939,3.216770887374878,,,"llama_context: graph splits = 1
attach_threadpool: call
threads: decode=5 batch=5
prompt tokens: 4
running one forward pass (llama_decode) ...
Top-5 next-token candidates:
  id=11 logit=21.0211 piece="",""
  id=3837 logit=19.3304 piece=""，""
  id=1052 logit=19.1368 piece="" there""
  id=304 logit=19.024 piece="" in""
  id=264 logit=18.1601 piece="" a""
Autoregressive generation:
Generated text: , there was a little girl named Lily. She lived in a small village with her family. One day, Lily's mom told her about a magical forest that
Decode-only throughput: 22.2423 tokens/s (32 tokens in 1.4387 s of llama_decode)
End-to-end throughput: 22.0603 tokens/s (32 tokens in 1.45057 s)
[decode-stage-profile] model_load=1010.71 ms context_create=67.0755 ms tokenize=0.880681 ms prefill_decode=467.939 ms generation_decode=1438.7 ms generation_total=1450.57 ms program_total=3014.42 ms
[svd-local-op-profile] up_ops=0 gate_ops=0 down_ops=0 up_total=0.000 ms gate_total=0.000 ms down_total=0.000 ms up_v=0.000 ms gate_v=0.000 ms down_v=0.000 ms up_u=0.000 ms gate_u=0.000 ms down_u=0.000 ms
[svd-local-stage-profile] attention_total=110.794 ms ffn_total=1068.596 ms ffn_svd_total=0.000 ms ffn_svd_v=0.000 ms ffn_svd_u=0.000 ms
[svd-offload-zero-profile] up_finish=0 up_cache=0 up_no_request=0 gate_finish=0 gate_cache=0 gate_no_request=0 down_finish=0 down_cache=0 down_no_request=0 other_finish=0 other_cache=0 other_no_request=0
[svd-local-timeout-profile] up_keep=0 up_drop=0 up_wait=0.000 ms gate_keep=0 gate_drop=0 gate_wait=0.000 ms down_keep=0 down_drop=0 down_wait=0.000 ms other_keep=0 other_drop=0 other_wait=0.000 ms
[svd-offload-client] up_gate_req=0 down_req=0 other_mat_req=0 ffn_req=0 gate_cache_hits=0 gate_cache_checks=0 miss_invalid=0 miss_layer=0 miss_rank=0 miss_hash=0 miss_output=0 miss_data=0 send_up_gate=0.000 ms send_down=0.000 ms send_other=0.000 ms send_ffn=0.000 ms wait_up_gate=0.000 ms wait_down=0.000 ms wait_other=0.000 ms wait_ffn=0.000 ms
[svd-offload-client-stage-profile] rpc_send_total=0.000 ms rpc_wait_total=0.000 ms
[svd-offload-client-debug] finish_fail_up_gate=0 finish_fail_down=0 finish_fail_other=0 finish_fail_ffn=0 cache_take_fail_up=0 cache_take_fail_gate=0 recv_up_sum_abs=0.000000e+00 recv_up_max_abs=0.000000e+00 recv_up_zero=0 recv_gate_sum_abs=0.000000e+00 recv_gate_max_abs=0.000000e+00 recv_gate_zero=0 recv_down_sum_abs=0.000000e+00 recv_down_max_abs=0.000000e+00 recv_down_zero=0 recv_other_sum_abs=0.000000e+00 recv_other_max_abs=0.000000e+00 recv_other_zero=0 recv_ffn_sum_abs=0.000000e+00 recv_ffn_max_abs=0.000000e+00 recv_ffn_zero=0
SUCCEED (one forward pass done)"
8c_extreme_all_hot,0,major_only_no_svd,"p=6;major=60,61,62,63,64,65",ok,"60,61,62,63,64,65,66,67","80,90,90,90,100,100,100,100",25.2053,1269.57,,,,,,62.0683,2.6296401023864746,,,"llama_context: graph splits = 1
attach_threadpool: call
threads: decode=6 batch=6
prompt tokens: 4
running one forward pass (llama_decode) ...
Top-5 next-token candidates:
  id=11 logit=21.0211 piece="",""
  id=3837 logit=19.3304 piece=""，""
  id=1052 logit=19.1368 piece="" there""
  id=304 logit=19.024 piece="" in""
  id=264 logit=18.1601 piece="" a""
Autoregressive generation:
Generated text: , there was a little girl named Lily. She lived in a small village with her family. One day, Lily's mom told her about a magical forest that
Decode-only throughput: 25.2053 tokens/s (32 tokens in 1.26957 s of llama_decode)
End-to-end throughput: 24.9757 tokens/s (32 tokens in 1.28125 s)
[decode-stage-profile] model_load=997.255 ms context_create=62.9259 ms tokenize=0.556535 ms prefill_decode=62.0683 ms generation_decode=1269.57 ms generation_total=1281.25 ms program_total=2422.08 ms
[svd-local-op-profile] up_ops=0 gate_ops=0 down_ops=0 up_total=0.000 ms gate_total=0.000 ms down_total=0.000 ms up_v=0.000 ms gate_v=0.000 ms down_v=0.000 ms up_u=0.000 ms gate_u=0.000 ms down_u=0.000 ms
[svd-local-stage-profile] attention_total=17.702 ms ffn_total=901.915 ms ffn_svd_total=0.000 ms ffn_svd_v=0.000 ms ffn_svd_u=0.000 ms
[svd-offload-zero-profile] up_finish=0 up_cache=0 up_no_request=0 gate_finish=0 gate_cache=0 gate_no_request=0 down_finish=0 down_cache=0 down_no_request=0 other_finish=0 other_cache=0 other_no_request=0
[svd-local-timeout-profile] up_keep=0 up_drop=0 up_wait=0.000 ms gate_keep=0 gate_drop=0 gate_wait=0.000 ms down_keep=0 down_drop=0 down_wait=0.000 ms other_keep=0 other_drop=0 other_wait=0.000 ms
[svd-offload-client] up_gate_req=0 down_req=0 other_mat_req=0 ffn_req=0 gate_cache_hits=0 gate_cache_checks=0 miss_invalid=0 miss_layer=0 miss_rank=0 miss_hash=0 miss_output=0 miss_data=0 send_up_gate=0.000 ms send_down=0.000 ms send_other=0.000 ms send_ffn=0.000 ms wait_up_gate=0.000 ms wait_down=0.000 ms wait_other=0.000 ms wait_ffn=0.000 ms
[svd-offload-client-stage-profile] rpc_send_total=0.000 ms rpc_wait_total=0.000 ms
[svd-offload-client-debug] finish_fail_up_gate=0 finish_fail_down=0 finish_fail_other=0 finish_fail_ffn=0 cache_take_fail_up=0 cache_take_fail_gate=0 recv_up_sum_abs=0.000000e+00 recv_up_max_abs=0.000000e+00 recv_up_zero=0 recv_gate_sum_abs=0.000000e+00 recv_gate_max_abs=0.000000e+00 recv_gate_zero=0 recv_down_sum_abs=0.000000e+00 recv_down_max_abs=0.000000e+00 recv_down_zero=0 recv_other_sum_abs=0.000000e+00 recv_other_max_abs=0.000000e+00 recv_other_zero=0 recv_ffn_sum_abs=0.000000e+00 recv_ffn_max_abs=0.000000e+00 recv_ffn_zero=0
SUCCEED (one forward pass done)"
8c_extreme_all_hot,0,major_only_no_svd,"p=7;major=60,61,62,63,64,65,66",ok,"60,61,62,63,64,65,66,67","80,90,90,90,100,100,100,100",27.5647,1160.9,,,,,,47.9581,2.506505012512207,,,"llama_context: graph splits = 1
attach_threadpool: call
threads: decode=7 batch=7
prompt tokens: 4
running one forward pass (llama_decode) ...
Top-5 next-token candidates:
  id=11 logit=21.0211 piece="",""
  id=3837 logit=19.3304 piece=""，""
  id=1052 logit=19.1368 piece="" there""
  id=304 logit=19.024 piece="" in""
  id=264 logit=18.1601 piece="" a""
Autoregressive generation:
Generated text: , there was a little girl named Lily. She lived in a small village with her family. One day, Lily's mom told her about a magical forest that
Decode-only throughput: 27.5647 tokens/s (32 tokens in 1.1609 s of llama_decode)
End-to-end throughput: 27.2873 tokens/s (32 tokens in 1.17271 s)
[decode-stage-profile] model_load=1005.21 ms context_create=61.7502 ms tokenize=0.519511 ms prefill_decode=47.9581 ms generation_decode=1160.9 ms generation_total=1172.71 ms program_total=2304.21 ms
[svd-local-op-profile] up_ops=0 gate_ops=0 down_ops=0 up_total=0.000 ms gate_total=0.000 ms down_total=0.000 ms up_v=0.000 ms gate_v=0.000 ms down_v=0.000 ms up_u=0.000 ms gate_u=0.000 ms down_u=0.000 ms
[svd-local-stage-profile] attention_total=25.406 ms ffn_total=827.413 ms ffn_svd_total=0.000 ms ffn_svd_v=0.000 ms ffn_svd_u=0.000 ms
[svd-offload-zero-profile] up_finish=0 up_cache=0 up_no_request=0 gate_finish=0 gate_cache=0 gate_no_request=0 down_finish=0 down_cache=0 down_no_request=0 other_finish=0 other_cache=0 other_no_request=0
[svd-local-timeout-profile] up_keep=0 up_drop=0 up_wait=0.000 ms gate_keep=0 gate_drop=0 gate_wait=0.000 ms down_keep=0 down_drop=0 down_wait=0.000 ms other_keep=0 other_drop=0 other_wait=0.000 ms
[svd-offload-client] up_gate_req=0 down_req=0 other_mat_req=0 ffn_req=0 gate_cache_hits=0 gate_cache_checks=0 miss_invalid=0 miss_layer=0 miss_rank=0 miss_hash=0 miss_output=0 miss_data=0 send_up_gate=0.000 ms send_down=0.000 ms send_other=0.000 ms send_ffn=0.000 ms wait_up_gate=0.000 ms wait_down=0.000 ms wait_other=0.000 ms wait_ffn=0.000 ms
[svd-offload-client-stage-profile] rpc_send_total=0.000 ms rpc_wait_total=0.000 ms
[svd-offload-client-debug] finish_fail_up_gate=0 finish_fail_down=0 finish_fail_other=0 finish_fail_ffn=0 cache_take_fail_up=0 cache_take_fail_gate=0 recv_up_sum_abs=0.000000e+00 recv_up_max_abs=0.000000e+00 recv_up_zero=0 recv_gate_sum_abs=0.000000e+00 recv_gate_max_abs=0.000000e+00 recv_gate_zero=0 recv_down_sum_abs=0.000000e+00 recv_down_max_abs=0.000000e+00 recv_down_zero=0 recv_other_sum_abs=0.000000e+00 recv_other_max_abs=0.000000e+00 recv_other_zero=0 recv_ffn_sum_abs=0.000000e+00 recv_ffn_max_abs=0.000000e+00 recv_ffn_zero=0
SUCCEED (one forward pass done)"
8c_extreme_all_hot,1,baseline_no_svd,"60,61,62,63,64,65,66,67",ok,"60,61,62,63,64,65,66,67","80,90,90,90,100,100,100,100",28.2171,1134.06,,,,,,47.8863,2.7382068634033203,,,"llama_context: graph splits = 1
attach_threadpool: call
threads: decode=8 batch=8
prompt tokens: 4
running one forward pass (llama_decode) ...
Top-5 next-token candidates:
  id=11 logit=21.0211 piece="",""
  id=3837 logit=19.3304 piece=""，""
  id=1052 logit=19.1368 piece="" there""
  id=304 logit=19.024 piece="" in""
  id=264 logit=18.1601 piece="" a""
Autoregressive generation:
Generated text: , there was a little girl named Lily. She lived in a small village with her family. One day, Lily's mom told her about a magical forest that
Decode-only throughput: 28.2171 tokens/s (32 tokens in 1.13406 s of llama_decode)
End-to-end throughput: 27.9304 tokens/s (32 tokens in 1.1457 s)
[decode-stage-profile] model_load=1221.77 ms context_create=61.7079 ms tokenize=0.540875 ms prefill_decode=47.8863 ms generation_decode=1134.06 ms generation_total=1145.7 ms program_total=2495.31 ms
[svd-local-op-profile] up_ops=0 gate_ops=0 down_ops=0 up_total=0.000 ms gate_total=0.000 ms down_total=0.000 ms up_v=0.000 ms gate_v=0.000 ms down_v=0.000 ms up_u=0.000 ms gate_u=0.000 ms down_u=0.000 ms
[svd-local-stage-profile] attention_total=23.864 ms ffn_total=804.264 ms ffn_svd_total=0.000 ms ffn_svd_v=0.000 ms ffn_svd_u=0.000 ms
[svd-offload-zero-profile] up_finish=0 up_cache=0 up_no_request=0 gate_finish=0 gate_cache=0 gate_no_request=0 down_finish=0 down_cache=0 down_no_request=0 other_finish=0 other_cache=0 other_no_request=0
[svd-local-timeout-profile] up_keep=0 up_drop=0 up_wait=0.000 ms gate_keep=0 gate_drop=0 gate_wait=0.000 ms down_keep=0 down_drop=0 down_wait=0.000 ms other_keep=0 other_drop=0 other_wait=0.000 ms
[svd-offload-client] up_gate_req=0 down_req=0 other_mat_req=0 ffn_req=0 gate_cache_hits=0 gate_cache_checks=0 miss_invalid=0 miss_layer=0 miss_rank=0 miss_hash=0 miss_output=0 miss_data=0 send_up_gate=0.000 ms send_down=0.000 ms send_other=0.000 ms send_ffn=0.000 ms wait_up_gate=0.000 ms wait_down=0.000 ms wait_other=0.000 ms wait_ffn=0.000 ms
[svd-offload-client-stage-profile] rpc_send_total=0.000 ms rpc_wait_total=0.000 ms
[svd-offload-client-debug] finish_fail_up_gate=0 finish_fail_down=0 finish_fail_other=0 finish_fail_ffn=0 cache_take_fail_up=0 cache_take_fail_gate=0 recv_up_sum_abs=0.000000e+00 recv_up_max_abs=0.000000e+00 recv_up_zero=0 recv_gate_sum_abs=0.000000e+00 recv_gate_max_abs=0.000000e+00 recv_gate_zero=0 recv_down_sum_abs=0.000000e+00 recv_down_max_abs=0.000000e+00 recv_down_zero=0 recv_other_sum_abs=0.000000e+00 recv_other_max_abs=0.000000e+00 recv_other_zero=0 recv_ffn_sum_abs=0.000000e+00 recv_ffn_max_abs=0.000000e+00 recv_ffn_zero=0
SUCCEED (one forward pass done)"
8c_extreme_all_hot,1,major_only_no_svd,p=1;major=60,ok,"60,61,62,63,64,65,66,67","80,90,90,90,100,100,100,100",6.02068,5315.02,,,,,,186.943,6.832758903503418,,,"llama_context: graph splits = 1
attach_threadpool: call
threads: decode=1 batch=1
prompt tokens: 4
running one forward pass (llama_decode) ...
Top-5 next-token candidates:
  id=11 logit=21.0211 piece="",""
  id=3837 logit=19.3304 piece=""，""
  id=1052 logit=19.1368 piece="" there""
  id=304 logit=19.024 piece="" in""
  id=264 logit=18.1601 piece="" a""
Autoregressive generation:
Generated text: , there was a little girl named Lily. She lived in a small village with her family. One day, Lily's mom told her about a magical forest that
Decode-only throughput: 6.02068 tokens/s (32 tokens in 5.31502 s of llama_decode)
End-to-end throughput: 6.00703 tokens/s (32 tokens in 5.32709 s)
[decode-stage-profile] model_load=1011.55 ms context_create=61.8418 ms tokenize=0.539528 ms prefill_decode=186.943 ms generation_decode=5315.02 ms generation_total=5327.09 ms program_total=6605.11 ms
[svd-local-op-profile] up_ops=0 gate_ops=0 down_ops=0 up_total=0.000 ms gate_total=0.000 ms down_total=0.000 ms up_v=0.000 ms gate_v=0.000 ms down_v=0.000 ms up_u=0.000 ms gate_u=0.000 ms down_u=0.000 ms
[svd-local-stage-profile] attention_total=50.982 ms ffn_total=3945.617 ms ffn_svd_total=0.000 ms ffn_svd_v=0.000 ms ffn_svd_u=0.000 ms
[svd-offload-zero-profile] up_finish=0 up_cache=0 up_no_request=0 gate_finish=0 gate_cache=0 gate_no_request=0 down_finish=0 down_cache=0 down_no_request=0 other_finish=0 other_cache=0 other_no_request=0
[svd-local-timeout-profile] up_keep=0 up_drop=0 up_wait=0.000 ms gate_keep=0 gate_drop=0 gate_wait=0.000 ms down_keep=0 down_drop=0 down_wait=0.000 ms other_keep=0 other_drop=0 other_wait=0.000 ms
[svd-offload-client] up_gate_req=0 down_req=0 other_mat_req=0 ffn_req=0 gate_cache_hits=0 gate_cache_checks=0 miss_invalid=0 miss_layer=0 miss_rank=0 miss_hash=0 miss_output=0 miss_data=0 send_up_gate=0.000 ms send_down=0.000 ms send_other=0.000 ms send_ffn=0.000 ms wait_up_gate=0.000 ms wait_down=0.000 ms wait_other=0.000 ms wait_ffn=0.000 ms
[svd-offload-client-stage-profile] rpc_send_total=0.000 ms rpc_wait_total=0.000 ms
[svd-offload-client-debug] finish_fail_up_gate=0 finish_fail_down=0 finish_fail_other=0 finish_fail_ffn=0 cache_take_fail_up=0 cache_take_fail_gate=0 recv_up_sum_abs=0.000000e+00 recv_up_max_abs=0.000000e+00 recv_up_zero=0 recv_gate_sum_abs=0.000000e+00 recv_gate_max_abs=0.000000e+00 recv_gate_zero=0 recv_down_sum_abs=0.000000e+00 recv_down_max_abs=0.000000e+00 recv_down_zero=0 recv_other_sum_abs=0.000000e+00 recv_other_max_abs=0.000000e+00 recv_other_zero=0 recv_ffn_sum_abs=0.000000e+00 recv_ffn_max_abs=0.000000e+00 recv_ffn_zero=0
SUCCEED (one forward pass done)"
8c_extreme_all_hot,1,major_only_no_svd,"p=2;major=60,61",ok,"60,61,62,63,64,65,66,67","80,90,90,90,100,100,100,100",11.9114,2686.5,,,,,,107.918,4.180741548538208,,,"llama_context: graph splits = 1
attach_threadpool: call
threads: decode=2 batch=2
prompt tokens: 4
running one forward pass (llama_decode) ...
Top-5 next-token candidates:
  id=11 logit=21.0211 piece="",""
  id=3837 logit=19.3304 piece=""，""
  id=1052 logit=19.1368 piece="" there""
  id=304 logit=19.024 piece="" in""
  id=264 logit=18.1601 piece="" a""
Autoregressive generation:
Generated text: , there was a little girl named Lily. She lived in a small village with her family. One day, Lily's mom told her about a magical forest that
Decode-only throughput: 11.9114 tokens/s (32 tokens in 2.6865 s of llama_decode)
End-to-end throughput: 11.8579 tokens/s (32 tokens in 2.69862 s)
[decode-stage-profile] model_load=1024.05 ms context_create=62.7209 ms tokenize=0.533327 ms prefill_decode=107.918 ms generation_decode=2686.5 ms generation_total=2698.62 ms program_total=3910.6 ms
[svd-local-op-profile] up_ops=0 gate_ops=0 down_ops=0 up_total=0.000 ms gate_total=0.000 ms down_total=0.000 ms up_v=0.000 ms gate_v=0.000 ms down_v=0.000 ms up_u=0.000 ms gate_u=0.000 ms down_u=0.000 ms
[svd-local-stage-profile] attention_total=32.681 ms ffn_total=1937.435 ms ffn_svd_total=0.000 ms ffn_svd_v=0.000 ms ffn_svd_u=0.000 ms
[svd-offload-zero-profile] up_finish=0 up_cache=0 up_no_request=0 gate_finish=0 gate_cache=0 gate_no_request=0 down_finish=0 down_cache=0 down_no_request=0 other_finish=0 other_cache=0 other_no_request=0
[svd-local-timeout-profile] up_keep=0 up_drop=0 up_wait=0.000 ms gate_keep=0 gate_drop=0 gate_wait=0.000 ms down_keep=0 down_drop=0 down_wait=0.000 ms other_keep=0 other_drop=0 other_wait=0.000 ms
[svd-offload-client] up_gate_req=0 down_req=0 other_mat_req=0 ffn_req=0 gate_cache_hits=0 gate_cache_checks=0 miss_invalid=0 miss_layer=0 miss_rank=0 miss_hash=0 miss_output=0 miss_data=0 send_up_gate=0.000 ms send_down=0.000 ms send_other=0.000 ms send_ffn=0.000 ms wait_up_gate=0.000 ms wait_down=0.000 ms wait_other=0.000 ms wait_ffn=0.000 ms
[svd-offload-client-stage-profile] rpc_send_total=0.000 ms rpc_wait_total=0.000 ms
[svd-offload-client-debug] finish_fail_up_gate=0 finish_fail_down=0 finish_fail_other=0 finish_fail_ffn=0 cache_take_fail_up=0 cache_take_fail_gate=0 recv_up_sum_abs=0.000000e+00 recv_up_max_abs=0.000000e+00 recv_up_zero=0 recv_gate_sum_abs=0.000000e+00 recv_gate_max_abs=0.000000e+00 recv_gate_zero=0 recv_down_sum_abs=0.000000e+00 recv_down_max_abs=0.000000e+00 recv_down_zero=0 recv_other_sum_abs=0.000000e+00 recv_other_max_abs=0.000000e+00 recv_other_zero=0 recv_ffn_sum_abs=0.000000e+00 recv_ffn_max_abs=0.000000e+00 recv_ffn_zero=0
SUCCEED (one forward pass done)"
8c_extreme_all_hot,1,major_only_no_svd,"p=3;major=60,61,62",ok,"60,61,62,63,64,65,66,67","80,90,90,90,100,100,100,100",17.1271,1868.38,,,,,,74.7774,3.322603940963745,,,"llama_context: graph splits = 1
attach_threadpool: call
threads: decode=3 batch=3
prompt tokens: 4
running one forward pass (llama_decode) ...
Top-5 next-token candidates:
  id=11 logit=21.0211 piece="",""
  id=3837 logit=19.3304 piece=""，""
  id=1052 logit=19.1368 piece="" there""
  id=304 logit=19.024 piece="" in""
  id=264 logit=18.1601 piece="" a""
Autoregressive generation:
Generated text: , there was a little girl named Lily. She lived in a small village with her family. One day, Lily's mom told her about a magical forest that
Decode-only throughput: 17.1271 tokens/s (32 tokens in 1.86838 s of llama_decode)
End-to-end throughput: 17.0177 tokens/s (32 tokens in 1.88039 s)
[decode-stage-profile] model_load=1062.44 ms context_create=62.5172 ms tokenize=0.550358 ms prefill_decode=74.7774 ms generation_decode=1868.38 ms generation_total=1880.39 ms program_total=3097.87 ms
[svd-local-op-profile] up_ops=0 gate_ops=0 down_ops=0 up_total=0.000 ms gate_total=0.000 ms down_total=0.000 ms up_v=0.000 ms gate_v=0.000 ms down_v=0.000 ms up_u=0.000 ms gate_u=0.000 ms down_u=0.000 ms
[svd-local-stage-profile] attention_total=18.929 ms ffn_total=1327.372 ms ffn_svd_total=0.000 ms ffn_svd_v=0.000 ms ffn_svd_u=0.000 ms
[svd-offload-zero-profile] up_finish=0 up_cache=0 up_no_request=0 gate_finish=0 gate_cache=0 gate_no_request=0 down_finish=0 down_cache=0 down_no_request=0 other_finish=0 other_cache=0 other_no_request=0
[svd-local-timeout-profile] up_keep=0 up_drop=0 up_wait=0.000 ms gate_keep=0 gate_drop=0 gate_wait=0.000 ms down_keep=0 down_drop=0 down_wait=0.000 ms other_keep=0 other_drop=0 other_wait=0.000 ms
[svd-offload-client] up_gate_req=0 down_req=0 other_mat_req=0 ffn_req=0 gate_cache_hits=0 gate_cache_checks=0 miss_invalid=0 miss_layer=0 miss_rank=0 miss_hash=0 miss_output=0 miss_data=0 send_up_gate=0.000 ms send_down=0.000 ms send_other=0.000 ms send_ffn=0.000 ms wait_up_gate=0.000 ms wait_down=0.000 ms wait_other=0.000 ms wait_ffn=0.000 ms
[svd-offload-client-stage-profile] rpc_send_total=0.000 ms rpc_wait_total=0.000 ms
[svd-offload-client-debug] finish_fail_up_gate=0 finish_fail_down=0 finish_fail_other=0 finish_fail_ffn=0 cache_take_fail_up=0 cache_take_fail_gate=0 recv_up_sum_abs=0.000000e+00 recv_up_max_abs=0.000000e+00 recv_up_zero=0 recv_gate_sum_abs=0.000000e+00 recv_gate_max_abs=0.000000e+00 recv_gate_zero=0 recv_down_sum_abs=0.000000e+00 recv_down_max_abs=0.000000e+00 recv_down_zero=0 recv_other_sum_abs=0.000000e+00 recv_other_max_abs=0.000000e+00 recv_other_zero=0 recv_ffn_sum_abs=0.000000e+00 recv_ffn_max_abs=0.000000e+00 recv_ffn_zero=0
SUCCEED (one forward pass done)"
8c_extreme_all_hot,1,major_only_no_svd,"p=4;major=60,61,62,63",ok,"60,61,62,63,64,65,66,67","80,90,90,90,100,100,100,100",19.4248,1647.38,,,,,,68.0165,3.0799286365509033,,,"llama_context: graph splits = 1
attach_threadpool: call
threads: decode=4 batch=4
prompt tokens: 4
running one forward pass (llama_decode) ...
Top-5 next-token candidates:
  id=11 logit=21.0211 piece="",""
  id=3837 logit=19.3304 piece=""，""
  id=1052 logit=19.1368 piece="" there""
  id=304 logit=19.024 piece="" in""
  id=264 logit=18.1601 piece="" a""
Autoregressive generation:
Generated text: , there was a little girl named Lily. She lived in a small village with her family. One day, Lily's mom told her about a magical forest that
Decode-only throughput: 19.4248 tokens/s (32 tokens in 1.64738 s of llama_decode)
End-to-end throughput: 19.2856 tokens/s (32 tokens in 1.65927 s)
[decode-stage-profile] model_load=1037.56 ms context_create=62.3973 ms tokenize=0.544152 ms prefill_decode=68.0165 ms generation_decode=1647.38 ms generation_total=1659.27 ms program_total=2843.76 ms
[svd-local-op-profile] up_ops=0 gate_ops=0 down_ops=0 up_total=0.000 ms gate_total=0.000 ms down_total=0.000 ms up_v=0.000 ms gate_v=0.000 ms down_v=0.000 ms up_u=0.000 ms gate_u=0.000 ms down_u=0.000 ms
[svd-local-stage-profile] attention_total=21.251 ms ffn_total=1170.174 ms ffn_svd_total=0.000 ms ffn_svd_v=0.000 ms ffn_svd_u=0.000 ms
[svd-offload-zero-profile] up_finish=0 up_cache=0 up_no_request=0 gate_finish=0 gate_cache=0 gate_no_request=0 down_finish=0 down_cache=0 down_no_request=0 other_finish=0 other_cache=0 other_no_request=0
[svd-local-timeout-profile] up_keep=0 up_drop=0 up_wait=0.000 ms gate_keep=0 gate_drop=0 gate_wait=0.000 ms down_keep=0 down_drop=0 down_wait=0.000 ms other_keep=0 other_drop=0 other_wait=0.000 ms
[svd-offload-client] up_gate_req=0 down_req=0 other_mat_req=0 ffn_req=0 gate_cache_hits=0 gate_cache_checks=0 miss_invalid=0 miss_layer=0 miss_rank=0 miss_hash=0 miss_output=0 miss_data=0 send_up_gate=0.000 ms send_down=0.000 ms send_other=0.000 ms send_ffn=0.000 ms wait_up_gate=0.000 ms wait_down=0.000 ms wait_other=0.000 ms wait_ffn=0.000 ms
[svd-offload-client-stage-profile] rpc_send_total=0.000 ms rpc_wait_total=0.000 ms
[svd-offload-client-debug] finish_fail_up_gate=0 finish_fail_down=0 finish_fail_other=0 finish_fail_ffn=0 cache_take_fail_up=0 cache_take_fail_gate=0 recv_up_sum_abs=0.000000e+00 recv_up_max_abs=0.000000e+00 recv_up_zero=0 recv_gate_sum_abs=0.000000e+00 recv_gate_max_abs=0.000000e+00 recv_gate_zero=0 recv_down_sum_abs=0.000000e+00 recv_down_max_abs=0.000000e+00 recv_down_zero=0 recv_other_sum_abs=0.000000e+00 recv_other_max_abs=0.000000e+00 recv_other_zero=0 recv_ffn_sum_abs=0.000000e+00 recv_ffn_max_abs=0.000000e+00 recv_ffn_zero=0
SUCCEED (one forward pass done)"
8c_extreme_all_hot,1,major_only_no_svd,"p=5;major=60,61,62,63,64",ok,"60,61,62,63,64,65,66,67","80,90,90,90,100,100,100,100",22.5044,1421.94,,,,,,57.1703,2.8536136150360107,,,"llama_context: graph splits = 1
attach_threadpool: call
threads: decode=5 batch=5
prompt tokens: 4
running one forward pass (llama_decode) ...
Top-5 next-token candidates:
  id=11 logit=21.0211 piece="",""
  id=3837 logit=19.3304 piece=""，""
  id=1052 logit=19.1368 piece="" there""
  id=304 logit=19.024 piece="" in""
  id=264 logit=18.1601 piece="" a""
Autoregressive generation:
Generated text: , there was a little girl named Lily. She lived in a small village with her family. One day, Lily's mom told her about a magical forest that
Decode-only throughput: 22.5044 tokens/s (32 tokens in 1.42194 s of llama_decode)
End-to-end throughput: 22.3147 tokens/s (32 tokens in 1.43403 s)
[decode-stage-profile] model_load=1060.35 ms context_create=62.3945 ms tokenize=0.547577 ms prefill_decode=57.1703 ms generation_decode=1421.94 ms generation_total=1434.03 ms program_total=2631.06 ms
[svd-local-op-profile] up_ops=0 gate_ops=0 down_ops=0 up_total=0.000 ms gate_total=0.000 ms down_total=0.000 ms up_v=0.000 ms gate_v=0.000 ms down_v=0.000 ms up_u=0.000 ms gate_u=0.000 ms down_u=0.000 ms
[svd-local-stage-profile] attention_total=23.668 ms ffn_total=1003.342 ms ffn_svd_total=0.000 ms ffn_svd_v=0.000 ms ffn_svd_u=0.000 ms
[svd-offload-zero-profile] up_finish=0 up_cache=0 up_no_request=0 gate_finish=0 gate_cache=0 gate_no_request=0 down_finish=0 down_cache=0 down_no_request=0 other_finish=0 other_cache=0 other_no_request=0
[svd-local-timeout-profile] up_keep=0 up_drop=0 up_wait=0.000 ms gate_keep=0 gate_drop=0 gate_wait=0.000 ms down_keep=0 down_drop=0 down_wait=0.000 ms other_keep=0 other_drop=0 other_wait=0.000 ms
[svd-offload-client] up_gate_req=0 down_req=0 other_mat_req=0 ffn_req=0 gate_cache_hits=0 gate_cache_checks=0 miss_invalid=0 miss_layer=0 miss_rank=0 miss_hash=0 miss_output=0 miss_data=0 send_up_gate=0.000 ms send_down=0.000 ms send_other=0.000 ms send_ffn=0.000 ms wait_up_gate=0.000 ms wait_down=0.000 ms wait_other=0.000 ms wait_ffn=0.000 ms
[svd-offload-client-stage-profile] rpc_send_total=0.000 ms rpc_wait_total=0.000 ms
[svd-offload-client-debug] finish_fail_up_gate=0 finish_fail_down=0 finish_fail_other=0 finish_fail_ffn=0 cache_take_fail_up=0 cache_take_fail_gate=0 recv_up_sum_abs=0.000000e+00 recv_up_max_abs=0.000000e+00 recv_up_zero=0 recv_gate_sum_abs=0.000000e+00 recv_gate_max_abs=0.000000e+00 recv_gate_zero=0 recv_down_sum_abs=0.000000e+00 recv_down_max_abs=0.000000e+00 recv_down_zero=0 recv_other_sum_abs=0.000000e+00 recv_other_max_abs=0.000000e+00 recv_other_zero=0 recv_ffn_sum_abs=0.000000e+00 recv_ffn_max_abs=0.000000e+00 recv_ffn_zero=0
SUCCEED (one forward pass done)"
8c_extreme_all_hot,1,major_only_no_svd,"p=6;major=60,61,62,63,64,65",ok,"60,61,62,63,64,65,66,67","80,90,90,90,100,100,100,100",24.4288,1309.93,,,,,,52.3978,2.713449716567993,,,"llama_context: graph splits = 1
attach_threadpool: call
threads: decode=6 batch=6
prompt tokens: 4
running one forward pass (llama_decode) ...
Top-5 next-token candidates:
  id=11 logit=21.0211 piece="",""
  id=3837 logit=19.3304 piece=""，""
  id=1052 logit=19.1368 piece="" there""
  id=304 logit=19.024 piece="" in""
  id=264 logit=18.1601 piece="" a""
Autoregressive generation:
Generated text: , there was a little girl named Lily. She lived in a small village with her family. One day, Lily's mom told her about a magical forest that
Decode-only throughput: 24.4288 tokens/s (32 tokens in 1.30993 s of llama_decode)
End-to-end throughput: 24.1906 tokens/s (32 tokens in 1.32283 s)
[decode-stage-profile] model_load=1012.66 ms context_create=62.6471 ms tokenize=0.545367 ms prefill_decode=52.3978 ms generation_decode=1309.93 ms generation_total=1322.83 ms program_total=2471.67 ms
[svd-local-op-profile] up_ops=0 gate_ops=0 down_ops=0 up_total=0.000 ms gate_total=0.000 ms down_total=0.000 ms up_v=0.000 ms gate_v=0.000 ms down_v=0.000 ms up_u=0.000 ms gate_u=0.000 ms down_u=0.000 ms
[svd-local-stage-profile] attention_total=21.163 ms ffn_total=918.424 ms ffn_svd_total=0.000 ms ffn_svd_v=0.000 ms ffn_svd_u=0.000 ms
[svd-offload-zero-profile] up_finish=0 up_cache=0 up_no_request=0 gate_finish=0 gate_cache=0 gate_no_request=0 down_finish=0 down_cache=0 down_no_request=0 other_finish=0 other_cache=0 other_no_request=0
[svd-local-timeout-profile] up_keep=0 up_drop=0 up_wait=0.000 ms gate_keep=0 gate_drop=0 gate_wait=0.000 ms down_keep=0 down_drop=0 down_wait=0.000 ms other_keep=0 other_drop=0 other_wait=0.000 ms
[svd-offload-client] up_gate_req=0 down_req=0 other_mat_req=0 ffn_req=0 gate_cache_hits=0 gate_cache_checks=0 miss_invalid=0 miss_layer=0 miss_rank=0 miss_hash=0 miss_output=0 miss_data=0 send_up_gate=0.000 ms send_down=0.000 ms send_other=0.000 ms send_ffn=0.000 ms wait_up_gate=0.000 ms wait_down=0.000 ms wait_other=0.000 ms wait_ffn=0.000 ms
[svd-offload-client-stage-profile] rpc_send_total=0.000 ms rpc_wait_total=0.000 ms
[svd-offload-client-debug] finish_fail_up_gate=0 finish_fail_down=0 finish_fail_other=0 finish_fail_ffn=0 cache_take_fail_up=0 cache_take_fail_gate=0 recv_up_sum_abs=0.000000e+00 recv_up_max_abs=0.000000e+00 recv_up_zero=0 recv_gate_sum_abs=0.000000e+00 recv_gate_max_abs=0.000000e+00 recv_gate_zero=0 recv_down_sum_abs=0.000000e+00 recv_down_max_abs=0.000000e+00 recv_down_zero=0 recv_other_sum_abs=0.000000e+00 recv_other_max_abs=0.000000e+00 recv_other_zero=0 recv_ffn_sum_abs=0.000000e+00 recv_ffn_max_abs=0.000000e+00 recv_ffn_zero=0
SUCCEED (one forward pass done)"
8c_extreme_all_hot,1,major_only_no_svd,"p=7;major=60,61,62,63,64,65,66",ok,"60,61,62,63,64,65,66,67","80,90,90,90,100,100,100,100",26.4094,1211.69,,,,,,49.082,2.701695442199707,,,"llama_context: graph splits = 1
attach_threadpool: call
threads: decode=7 batch=7
prompt tokens: 4
running one forward pass (llama_decode) ...
Top-5 next-token candidates:
  id=11 logit=21.0211 piece="",""
  id=3837 logit=19.3304 piece=""，""
  id=1052 logit=19.1368 piece="" there""
  id=304 logit=19.024 piece="" in""
  id=264 logit=18.1601 piece="" a""
Autoregressive generation:
Generated text: , there was a little girl named Lily. She lived in a small village with her family. One day, Lily's mom told her about a magical forest that
Decode-only throughput: 26.4094 tokens/s (32 tokens in 1.21169 s of llama_decode)
End-to-end throughput: 26.1619 tokens/s (32 tokens in 1.22315 s)
[decode-stage-profile] model_load=1032.37 ms context_create=63.1087 ms tokenize=0.55652 ms prefill_decode=49.082 ms generation_decode=1211.69 ms generation_total=1223.15 ms program_total=2385.59 ms
[svd-local-op-profile] up_ops=0 gate_ops=0 down_ops=0 up_total=0.000 ms gate_total=0.000 ms down_total=0.000 ms up_v=0.000 ms gate_v=0.000 ms down_v=0.000 ms up_u=0.000 ms gate_u=0.000 ms down_u=0.000 ms
[svd-local-stage-profile] attention_total=24.717 ms ffn_total=853.111 ms ffn_svd_total=0.000 ms ffn_svd_v=0.000 ms ffn_svd_u=0.000 ms
[svd-offload-zero-profile] up_finish=0 up_cache=0 up_no_request=0 gate_finish=0 gate_cache=0 gate_no_request=0 down_finish=0 down_cache=0 down_no_request=0 other_finish=0 other_cache=0 other_no_request=0
[svd-local-timeout-profile] up_keep=0 up_drop=0 up_wait=0.000 ms gate_keep=0 gate_drop=0 gate_wait=0.000 ms down_keep=0 down_drop=0 down_wait=0.000 ms other_keep=0 other_drop=0 other_wait=0.000 ms
[svd-offload-client] up_gate_req=0 down_req=0 other_mat_req=0 ffn_req=0 gate_cache_hits=0 gate_cache_checks=0 miss_invalid=0 miss_layer=0 miss_rank=0 miss_hash=0 miss_output=0 miss_data=0 send_up_gate=0.000 ms send_down=0.000 ms send_other=0.000 ms send_ffn=0.000 ms wait_up_gate=0.000 ms wait_down=0.000 ms wait_other=0.000 ms wait_ffn=0.000 ms
[svd-offload-client-stage-profile] rpc_send_total=0.000 ms rpc_wait_total=0.000 ms
[svd-offload-client-debug] finish_fail_up_gate=0 finish_fail_down=0 finish_fail_other=0 finish_fail_ffn=0 cache_take_fail_up=0 cache_take_fail_gate=0 recv_up_sum_abs=0.000000e+00 recv_up_max_abs=0.000000e+00 recv_up_zero=0 recv_gate_sum_abs=0.000000e+00 recv_gate_max_abs=0.000000e+00 recv_gate_zero=0 recv_down_sum_abs=0.000000e+00 recv_down_max_abs=0.000000e+00 recv_down_zero=0 recv_other_sum_abs=0.000000e+00 recv_other_max_abs=0.000000e+00 recv_other_zero=0 recv_ffn_sum_abs=0.000000e+00 recv_ffn_max_abs=0.000000e+00 recv_ffn_zero=0
SUCCEED (one forward pass done)"
8c_extreme_all_hot,2,baseline_no_svd,"60,61,62,63,64,65,66,67",ok,"60,61,62,63,64,65,66,67","80,90,90,90,100,100,100,100",27.5102,1163.2,,,,,,56.8101,2.6427180767059326,,,"llama_context: graph splits = 1
attach_threadpool: call
threads: decode=8 batch=8
prompt tokens: 4
running one forward pass (llama_decode) ...
Top-5 next-token candidates:
  id=11 logit=21.0211 piece="",""
  id=3837 logit=19.3304 piece=""，""
  id=1052 logit=19.1368 piece="" there""
  id=304 logit=19.024 piece="" in""
  id=264 logit=18.1601 piece="" a""
Autoregressive generation:
Generated text: , there was a little girl named Lily. She lived in a small village with her family. One day, Lily's mom told her about a magical forest that
Decode-only throughput: 27.5102 tokens/s (32 tokens in 1.1632 s of llama_decode)
End-to-end throughput: 27.2309 tokens/s (32 tokens in 1.17514 s)
[decode-stage-profile] model_load=1122.82 ms context_create=62.0235 ms tokenize=0.570486 ms prefill_decode=56.8101 ms generation_decode=1163.2 ms generation_total=1175.14 ms program_total=2434.33 ms
[svd-local-op-profile] up_ops=0 gate_ops=0 down_ops=0 up_total=0.000 ms gate_total=0.000 ms down_total=0.000 ms up_v=0.000 ms gate_v=0.000 ms down_v=0.000 ms up_u=0.000 ms gate_u=0.000 ms down_u=0.000 ms
[svd-local-stage-profile] attention_total=21.731 ms ffn_total=831.661 ms ffn_svd_total=0.000 ms ffn_svd_v=0.000 ms ffn_svd_u=0.000 ms
[svd-offload-zero-profile] up_finish=0 up_cache=0 up_no_request=0 gate_finish=0 gate_cache=0 gate_no_request=0 down_finish=0 down_cache=0 down_no_request=0 other_finish=0 other_cache=0 other_no_request=0
[svd-local-timeout-profile] up_keep=0 up_drop=0 up_wait=0.000 ms gate_keep=0 gate_drop=0 gate_wait=0.000 ms down_keep=0 down_drop=0 down_wait=0.000 ms other_keep=0 other_drop=0 other_wait=0.000 ms
[svd-offload-client] up_gate_req=0 down_req=0 other_mat_req=0 ffn_req=0 gate_cache_hits=0 gate_cache_checks=0 miss_invalid=0 miss_layer=0 miss_rank=0 miss_hash=0 miss_output=0 miss_data=0 send_up_gate=0.000 ms send_down=0.000 ms send_other=0.000 ms send_ffn=0.000 ms wait_up_gate=0.000 ms wait_down=0.000 ms wait_other=0.000 ms wait_ffn=0.000 ms
[svd-offload-client-stage-profile] rpc_send_total=0.000 ms rpc_wait_total=0.000 ms
[svd-offload-client-debug] finish_fail_up_gate=0 finish_fail_down=0 finish_fail_other=0 finish_fail_ffn=0 cache_take_fail_up=0 cache_take_fail_gate=0 recv_up_sum_abs=0.000000e+00 recv_up_max_abs=0.000000e+00 recv_up_zero=0 recv_gate_sum_abs=0.000000e+00 recv_gate_max_abs=0.000000e+00 recv_gate_zero=0 recv_down_sum_abs=0.000000e+00 recv_down_max_abs=0.000000e+00 recv_down_zero=0 recv_other_sum_abs=0.000000e+00 recv_other_max_abs=0.000000e+00 recv_other_zero=0 recv_ffn_sum_abs=0.000000e+00 recv_ffn_max_abs=0.000000e+00 recv_ffn_zero=0
SUCCEED (one forward pass done)"
8c_extreme_all_hot,2,major_only_no_svd,p=1;major=60,ok,"60,61,62,63,64,65,66,67","80,90,90,90,100,100,100,100",6.1351,5215.89,,,,,,171.186,6.750362157821655,,,"llama_context: graph splits = 1
attach_threadpool: call
threads: decode=1 batch=1
prompt tokens: 4
running one forward pass (llama_decode) ...
Top-5 next-token candidates:
  id=11 logit=21.0211 piece="",""
  id=3837 logit=19.3304 piece=""，""
  id=1052 logit=19.1368 piece="" there""
  id=304 logit=19.024 piece="" in""
  id=264 logit=18.1601 piece="" a""
Autoregressive generation:
Generated text: , there was a little girl named Lily. She lived in a small village with her family. One day, Lily's mom told her about a magical forest that
Decode-only throughput: 6.1351 tokens/s (32 tokens in 5.21589 s of llama_decode)
End-to-end throughput: 6.12132 tokens/s (32 tokens in 5.22763 s)
[decode-stage-profile] model_load=1078.18 ms context_create=62.3736 ms tokenize=0.51249 ms prefill_decode=171.186 ms generation_decode=5215.89 ms generation_total=5227.63 ms program_total=6556.79 ms
[svd-local-op-profile] up_ops=0 gate_ops=0 down_ops=0 up_total=0.000 ms gate_total=0.000 ms down_total=0.000 ms up_v=0.000 ms gate_v=0.000 ms down_v=0.000 ms up_u=0.000 ms gate_u=0.000 ms down_u=0.000 ms
[svd-local-stage-profile] attention_total=58.805 ms ffn_total=3858.437 ms ffn_svd_total=0.000 ms ffn_svd_v=0.000 ms ffn_svd_u=0.000 ms
[svd-offload-zero-profile] up_finish=0 up_cache=0 up_no_request=0 gate_finish=0 gate_cache=0 gate_no_request=0 down_finish=0 down_cache=0 down_no_request=0 other_finish=0 other_cache=0 other_no_request=0
[svd-local-timeout-profile] up_keep=0 up_drop=0 up_wait=0.000 ms gate_keep=0 gate_drop=0 gate_wait=0.000 ms down_keep=0 down_drop=0 down_wait=0.000 ms other_keep=0 other_drop=0 other_wait=0.000 ms
[svd-offload-client] up_gate_req=0 down_req=0 other_mat_req=0 ffn_req=0 gate_cache_hits=0 gate_cache_checks=0 miss_invalid=0 miss_layer=0 miss_rank=0 miss_hash=0 miss_output=0 miss_data=0 send_up_gate=0.000 ms send_down=0.000 ms send_other=0.000 ms send_ffn=0.000 ms wait_up_gate=0.000 ms wait_down=0.000 ms wait_other=0.000 ms wait_ffn=0.000 ms
[svd-offload-client-stage-profile] rpc_send_total=0.000 ms rpc_wait_total=0.000 ms
[svd-offload-client-debug] finish_fail_up_gate=0 finish_fail_down=0 finish_fail_other=0 finish_fail_ffn=0 cache_take_fail_up=0 cache_take_fail_gate=0 recv_up_sum_abs=0.000000e+00 recv_up_max_abs=0.000000e+00 recv_up_zero=0 recv_gate_sum_abs=0.000000e+00 recv_gate_max_abs=0.000000e+00 recv_gate_zero=0 recv_down_sum_abs=0.000000e+00 recv_down_max_abs=0.000000e+00 recv_down_zero=0 recv_other_sum_abs=0.000000e+00 recv_other_max_abs=0.000000e+00 recv_other_zero=0 recv_ffn_sum_abs=0.000000e+00 recv_ffn_max_abs=0.000000e+00 recv_ffn_zero=0
SUCCEED (one forward pass done)"
8c_extreme_all_hot,2,major_only_no_svd,"p=2;major=60,61",ok,"60,61,62,63,64,65,66,67","80,90,90,90,100,100,100,100",12.3743,2586.01,,,,,,113.929,4.023645639419556,,,"llama_context: graph splits = 1
attach_threadpool: call
threads: decode=2 batch=2
prompt tokens: 4
running one forward pass (llama_decode) ...
Top-5 next-token candidates:
  id=11 logit=21.0211 piece="",""
  id=3837 logit=19.3304 piece=""，""
  id=1052 logit=19.1368 piece="" there""
  id=304 logit=19.024 piece="" in""
  id=264 logit=18.1601 piece="" a""
Autoregressive generation:
Generated text: , there was a little girl named Lily. She lived in a small village with her family. One day, Lily's mom told her about a magical forest that
Decode-only throughput: 12.3743 tokens/s (32 tokens in 2.58601 s of llama_decode)
End-to-end throughput: 12.3162 tokens/s (32 tokens in 2.5982 s)
[decode-stage-profile] model_load=1006.1 ms context_create=72.1733 ms tokenize=0.548862 ms prefill_decode=113.929 ms generation_decode=2586.01 ms generation_total=2598.2 ms program_total=3808.62 ms
[svd-local-op-profile] up_ops=0 gate_ops=0 down_ops=0 up_total=0.000 ms gate_total=0.000 ms down_total=0.000 ms up_v=0.000 ms gate_v=0.000 ms down_v=0.000 ms up_u=0.000 ms gate_u=0.000 ms down_u=0.000 ms
[svd-local-stage-profile] attention_total=21.749 ms ffn_total=1870.433 ms ffn_svd_total=0.000 ms ffn_svd_v=0.000 ms ffn_svd_u=0.000 ms
[svd-offload-zero-profile] up_finish=0 up_cache=0 up_no_request=0 gate_finish=0 gate_cache=0 gate_no_request=0 down_finish=0 down_cache=0 down_no_request=0 other_finish=0 other_cache=0 other_no_request=0
[svd-local-timeout-profile] up_keep=0 up_drop=0 up_wait=0.000 ms gate_keep=0 gate_drop=0 gate_wait=0.000 ms down_keep=0 down_drop=0 down_wait=0.000 ms other_keep=0 other_drop=0 other_wait=0.000 ms
[svd-offload-client] up_gate_req=0 down_req=0 other_mat_req=0 ffn_req=0 gate_cache_hits=0 gate_cache_checks=0 miss_invalid=0 miss_layer=0 miss_rank=0 miss_hash=0 miss_output=0 miss_data=0 send_up_gate=0.000 ms send_down=0.000 ms send_other=0.000 ms send_ffn=0.000 ms wait_up_gate=0.000 ms wait_down=0.000 ms wait_other=0.000 ms wait_ffn=0.000 ms
[svd-offload-client-stage-profile] rpc_send_total=0.000 ms rpc_wait_total=0.000 ms
[svd-offload-client-debug] finish_fail_up_gate=0 finish_fail_down=0 finish_fail_other=0 finish_fail_ffn=0 cache_take_fail_up=0 cache_take_fail_gate=0 recv_up_sum_abs=0.000000e+00 recv_up_max_abs=0.000000e+00 recv_up_zero=0 recv_gate_sum_abs=0.000000e+00 recv_gate_max_abs=0.000000e+00 recv_gate_zero=0 recv_down_sum_abs=0.000000e+00 recv_down_max_abs=0.000000e+00 recv_down_zero=0 recv_other_sum_abs=0.000000e+00 recv_other_max_abs=0.000000e+00 recv_other_zero=0 recv_ffn_sum_abs=0.000000e+00 recv_ffn_max_abs=0.000000e+00 recv_ffn_zero=0
SUCCEED (one forward pass done)"
8c_extreme_all_hot,2,major_only_no_svd,"p=3;major=60,61,62",ok,"60,61,62,63,64,65,66,67","80,90,90,90,100,100,100,100",17.1522,1865.65,,,,,,74.9118,3.2793760299682617,,,"llama_context: graph splits = 1
attach_threadpool: call
threads: decode=3 batch=3
prompt tokens: 4
running one forward pass (llama_decode) ...
Top-5 next-token candidates:
  id=11 logit=21.0211 piece="",""
  id=3837 logit=19.3304 piece=""，""
  id=1052 logit=19.1368 piece="" there""
  id=304 logit=19.024 piece="" in""
  id=264 logit=18.1601 piece="" a""
Autoregressive generation:
Generated text: , there was a little girl named Lily. She lived in a small village with her family. One day, Lily's mom told her about a magical forest that
Decode-only throughput: 17.1522 tokens/s (32 tokens in 1.86565 s of llama_decode)
End-to-end throughput: 17.0423 tokens/s (32 tokens in 1.87768 s)
[decode-stage-profile] model_load=1019.9 ms context_create=61.3428 ms tokenize=0.546961 ms prefill_decode=74.9118 ms generation_decode=1865.65 ms generation_total=1877.68 ms program_total=3051.03 ms
[svd-local-op-profile] up_ops=0 gate_ops=0 down_ops=0 up_total=0.000 ms gate_total=0.000 ms down_total=0.000 ms up_v=0.000 ms gate_v=0.000 ms down_v=0.000 ms up_u=0.000 ms gate_u=0.000 ms down_u=0.000 ms
[svd-local-stage-profile] attention_total=18.409 ms ffn_total=1332.374 ms ffn_svd_total=0.000 ms ffn_svd_v=0.000 ms ffn_svd_u=0.000 ms
[svd-offload-zero-profile] up_finish=0 up_cache=0 up_no_request=0 gate_finish=0 gate_cache=0 gate_no_request=0 down_finish=0 down_cache=0 down_no_request=0 other_finish=0 other_cache=0 other_no_request=0
[svd-local-timeout-profile] up_keep=0 up_drop=0 up_wait=0.000 ms gate_keep=0 gate_drop=0 gate_wait=0.000 ms down_keep=0 down_drop=0 down_wait=0.000 ms other_keep=0 other_drop=0 other_wait=0.000 ms
[svd-offload-client] up_gate_req=0 down_req=0 other_mat_req=0 ffn_req=0 gate_cache_hits=0 gate_cache_checks=0 miss_invalid=0 miss_layer=0 miss_rank=0 miss_hash=0 miss_output=0 miss_data=0 send_up_gate=0.000 ms send_down=0.000 ms send_other=0.000 ms send_ffn=0.000 ms wait_up_gate=0.000 ms wait_down=0.000 ms wait_other=0.000 ms wait_ffn=0.000 ms
[svd-offload-client-stage-profile] rpc_send_total=0.000 ms rpc_wait_total=0.000 ms
[svd-offload-client-debug] finish_fail_up_gate=0 finish_fail_down=0 finish_fail_other=0 finish_fail_ffn=0 cache_take_fail_up=0 cache_take_fail_gate=0 recv_up_sum_abs=0.000000e+00 recv_up_max_abs=0.000000e+00 recv_up_zero=0 recv_gate_sum_abs=0.000000e+00 recv_gate_max_abs=0.000000e+00 recv_gate_zero=0 recv_down_sum_abs=0.000000e+00 recv_down_max_abs=0.000000e+00 recv_down_zero=0 recv_other_sum_abs=0.000000e+00 recv_other_max_abs=0.000000e+00 recv_other_zero=0 recv_ffn_sum_abs=0.000000e+00 recv_ffn_max_abs=0.000000e+00 recv_ffn_zero=0
SUCCEED (one forward pass done)"
8c_extreme_all_hot,2,major_only_no_svd,"p=4;major=60,61,62,63",ok,"60,61,62,63,64,65,66,67","80,90,90,90,100,100,100,100",21.2725,1504.29,,,,,,58.8397,2.901599168777466,,,"llama_context: graph splits = 1
attach_threadpool: call
threads: decode=4 batch=4
prompt tokens: 4
running one forward pass (llama_decode) ...
Top-5 next-token candidates:
  id=11 logit=21.0211 piece="",""
  id=3837 logit=19.3304 piece=""，""
  id=1052 logit=19.1368 piece="" there""
  id=304 logit=19.024 piece="" in""
  id=264 logit=18.1601 piece="" a""
Autoregressive generation:
Generated text: , there was a little girl named Lily. She lived in a small village with her family. One day, Lily's mom told her about a magical forest that
Decode-only throughput: 21.2725 tokens/s (32 tokens in 1.50429 s of llama_decode)
End-to-end throughput: 21.096 tokens/s (32 tokens in 1.51687 s)
[decode-stage-profile] model_load=1020.4 ms context_create=63.0229 ms tokenize=0.538191 ms prefill_decode=58.8397 ms generation_decode=1504.29 ms generation_total=1516.87 ms program_total=2680.49 ms
[svd-local-op-profile] up_ops=0 gate_ops=0 down_ops=0 up_total=0.000 ms gate_total=0.000 ms down_total=0.000 ms up_v=0.000 ms gate_v=0.000 ms down_v=0.000 ms up_u=0.000 ms gate_u=0.000 ms down_u=0.000 ms
[svd-local-stage-profile] attention_total=21.008 ms ffn_total=1064.789 ms ffn_svd_total=0.000 ms ffn_svd_v=0.000 ms ffn_svd_u=0.000 ms
[svd-offload-zero-profile] up_finish=0 up_cache=0 up_no_request=0 gate_finish=0 gate_cache=0 gate_no_request=0 down_finish=0 down_cache=0 down_no_request=0 other_finish=0 other_cache=0 other_no_request=0
[svd-local-timeout-profile] up_keep=0 up_drop=0 up_wait=0.000 ms gate_keep=0 gate_drop=0 gate_wait=0.000 ms down_keep=0 down_drop=0 down_wait=0.000 ms other_keep=0 other_drop=0 other_wait=0.000 ms
[svd-offload-client] up_gate_req=0 down_req=0 other_mat_req=0 ffn_req=0 gate_cache_hits=0 gate_cache_checks=0 miss_invalid=0 miss_layer=0 miss_rank=0 miss_hash=0 miss_output=0 miss_data=0 send_up_gate=0.000 ms send_down=0.000 ms send_other=0.000 ms send_ffn=0.000 ms wait_up_gate=0.000 ms wait_down=0.000 ms wait_other=0.000 ms wait_ffn=0.000 ms
[svd-offload-client-stage-profile] rpc_send_total=0.000 ms rpc_wait_total=0.000 ms
[svd-offload-client-debug] finish_fail_up_gate=0 finish_fail_down=0 finish_fail_other=0 finish_fail_ffn=0 cache_take_fail_up=0 cache_take_fail_gate=0 recv_up_sum_abs=0.000000e+00 recv_up_max_abs=0.000000e+00 recv_up_zero=0 recv_gate_sum_abs=0.000000e+00 recv_gate_max_abs=0.000000e+00 recv_gate_zero=0 recv_down_sum_abs=0.000000e+00 recv_down_max_abs=0.000000e+00 recv_down_zero=0 recv_other_sum_abs=0.000000e+00 recv_other_max_abs=0.000000e+00 recv_other_zero=0 recv_ffn_sum_abs=0.000000e+00 recv_ffn_max_abs=0.000000e+00 recv_ffn_zero=0
SUCCEED (one forward pass done)"
8c_extreme_all_hot,2,major_only_no_svd,"p=5;major=60,61,62,63,64",ok,"60,61,62,63,64,65,66,67","80,90,90,90,100,100,100,100",23.7371,1348.1,,,,,,55.1397,2.796994924545288,,,"llama_context: graph splits = 1
attach_threadpool: call
threads: decode=5 batch=5
prompt tokens: 4
running one forward pass (llama_decode) ...
Top-5 next-token candidates:
  id=11 logit=21.0211 piece="",""
  id=3837 logit=19.3304 piece=""，""
  id=1052 logit=19.1368 piece="" there""
  id=304 logit=19.024 piece="" in""
  id=264 logit=18.1601 piece="" a""
Autoregressive generation:
Generated text: , there was a little girl named Lily. She lived in a small village with her family. One day, Lily's mom told her about a magical forest that
Decode-only throughput: 23.7371 tokens/s (32 tokens in 1.3481 s of llama_decode)
End-to-end throughput: 23.5179 tokens/s (32 tokens in 1.36067 s)
[decode-stage-profile] model_load=1082.15 ms context_create=61.5331 ms tokenize=0.528058 ms prefill_decode=55.1397 ms generation_decode=1348.1 ms generation_total=1360.67 ms program_total=2576.78 ms
[svd-local-op-profile] up_ops=0 gate_ops=0 down_ops=0 up_total=0.000 ms gate_total=0.000 ms down_total=0.000 ms up_v=0.000 ms gate_v=0.000 ms down_v=0.000 ms up_u=0.000 ms gate_u=0.000 ms down_u=0.000 ms
[svd-local-stage-profile] attention_total=23.818 ms ffn_total=963.611 ms ffn_svd_total=0.000 ms ffn_svd_v=0.000 ms ffn_svd_u=0.000 ms
[svd-offload-zero-profile] up_finish=0 up_cache=0 up_no_request=0 gate_finish=0 gate_cache=0 gate_no_request=0 down_finish=0 down_cache=0 down_no_request=0 other_finish=0 other_cache=0 other_no_request=0
[svd-local-timeout-profile] up_keep=0 up_drop=0 up_wait=0.000 ms gate_keep=0 gate_drop=0 gate_wait=0.000 ms down_keep=0 down_drop=0 down_wait=0.000 ms other_keep=0 other_drop=0 other_wait=0.000 ms
[svd-offload-client] up_gate_req=0 down_req=0 other_mat_req=0 ffn_req=0 gate_cache_hits=0 gate_cache_checks=0 miss_invalid=0 miss_layer=0 miss_rank=0 miss_hash=0 miss_output=0 miss_data=0 send_up_gate=0.000 ms send_down=0.000 ms send_other=0.000 ms send_ffn=0.000 ms wait_up_gate=0.000 ms wait_down=0.000 ms wait_other=0.000 ms wait_ffn=0.000 ms
[svd-offload-client-stage-profile] rpc_send_total=0.000 ms rpc_wait_total=0.000 ms
[svd-offload-client-debug] finish_fail_up_gate=0 finish_fail_down=0 finish_fail_other=0 finish_fail_ffn=0 cache_take_fail_up=0 cache_take_fail_gate=0 recv_up_sum_abs=0.000000e+00 recv_up_max_abs=0.000000e+00 recv_up_zero=0 recv_gate_sum_abs=0.000000e+00 recv_gate_max_abs=0.000000e+00 recv_gate_zero=0 recv_down_sum_abs=0.000000e+00 recv_down_max_abs=0.000000e+00 recv_down_zero=0 recv_other_sum_abs=0.000000e+00 recv_other_max_abs=0.000000e+00 recv_other_zero=0 recv_ffn_sum_abs=0.000000e+00 recv_ffn_max_abs=0.000000e+00 recv_ffn_zero=0
SUCCEED (one forward pass done)"
8c_extreme_all_hot,2,major_only_no_svd,"p=6;major=60,61,62,63,64,65",ok,"60,61,62,63,64,65,66,67","80,90,90,90,100,100,100,100",26.1823,1222.2,,,,,,49.8833,2.6353538036346436,,,"llama_context: graph splits = 1
attach_threadpool: call
threads: decode=6 batch=6
prompt tokens: 4
running one forward pass (llama_decode) ...
Top-5 next-token candidates:
  id=11 logit=21.0211 piece="",""
  id=3837 logit=19.3304 piece=""，""
  id=1052 logit=19.1368 piece="" there""
  id=304 logit=19.024 piece="" in""
  id=264 logit=18.1601 piece="" a""
Autoregressive generation:
Generated text: , there was a little girl named Lily. She lived in a small village with her family. One day, Lily's mom told her about a magical forest that
Decode-only throughput: 26.1823 tokens/s (32 tokens in 1.2222 s of llama_decode)
End-to-end throughput: 25.9255 tokens/s (32 tokens in 1.2343 s)
[decode-stage-profile] model_load=1020.3 ms context_create=61.3725 ms tokenize=0.532972 ms prefill_decode=49.8833 ms generation_decode=1222.2 ms generation_total=1234.3 ms program_total=2383.01 ms
[svd-local-op-profile] up_ops=0 gate_ops=0 down_ops=0 up_total=0.000 ms gate_total=0.000 ms down_total=0.000 ms up_v=0.000 ms gate_v=0.000 ms down_v=0.000 ms up_u=0.000 ms gate_u=0.000 ms down_u=0.000 ms
[svd-local-stage-profile] attention_total=21.363 ms ffn_total=866.916 ms ffn_svd_total=0.000 ms ffn_svd_v=0.000 ms ffn_svd_u=0.000 ms
[svd-offload-zero-profile] up_finish=0 up_cache=0 up_no_request=0 gate_finish=0 gate_cache=0 gate_no_request=0 down_finish=0 down_cache=0 down_no_request=0 other_finish=0 other_cache=0 other_no_request=0
[svd-local-timeout-profile] up_keep=0 up_drop=0 up_wait=0.000 ms gate_keep=0 gate_drop=0 gate_wait=0.000 ms down_keep=0 down_drop=0 down_wait=0.000 ms other_keep=0 other_drop=0 other_wait=0.000 ms
[svd-offload-client] up_gate_req=0 down_req=0 other_mat_req=0 ffn_req=0 gate_cache_hits=0 gate_cache_checks=0 miss_invalid=0 miss_layer=0 miss_rank=0 miss_hash=0 miss_output=0 miss_data=0 send_up_gate=0.000 ms send_down=0.000 ms send_other=0.000 ms send_ffn=0.000 ms wait_up_gate=0.000 ms wait_down=0.000 ms wait_other=0.000 ms wait_ffn=0.000 ms
[svd-offload-client-stage-profile] rpc_send_total=0.000 ms rpc_wait_total=0.000 ms
[svd-offload-client-debug] finish_fail_up_gate=0 finish_fail_down=0 finish_fail_other=0 finish_fail_ffn=0 cache_take_fail_up=0 cache_take_fail_gate=0 recv_up_sum_abs=0.000000e+00 recv_up_max_abs=0.000000e+00 recv_up_zero=0 recv_gate_sum_abs=0.000000e+00 recv_gate_max_abs=0.000000e+00 recv_gate_zero=0 recv_down_sum_abs=0.000000e+00 recv_down_max_abs=0.000000e+00 recv_down_zero=0 recv_other_sum_abs=0.000000e+00 recv_other_max_abs=0.000000e+00 recv_other_zero=0 recv_ffn_sum_abs=0.000000e+00 recv_ffn_max_abs=0.000000e+00 recv_ffn_zero=0
SUCCEED (one forward pass done)"
8c_extreme_all_hot,2,major_only_no_svd,"p=7;major=60,61,62,63,64,65,66",ok,"60,61,62,63,64,65,66,67","80,90,90,90,100,100,100,100",28.1545,1136.59,,,,,,49.2742,2.5816524028778076,,,"llama_context: graph splits = 1
attach_threadpool: call
threads: decode=7 batch=7
prompt tokens: 4
running one forward pass (llama_decode) ...
Top-5 next-token candidates:
  id=11 logit=21.0211 piece="",""
  id=3837 logit=19.3304 piece=""，""
  id=1052 logit=19.1368 piece="" there""
  id=304 logit=19.024 piece="" in""
  id=264 logit=18.1601 piece="" a""
Autoregressive generation:
Generated text: , there was a little girl named Lily. She lived in a small village with her family. One day, Lily's mom told her about a magical forest that
Decode-only throughput: 28.1545 tokens/s (32 tokens in 1.13659 s of llama_decode)
End-to-end throughput: 27.8568 tokens/s (32 tokens in 1.14873 s)
[decode-stage-profile] model_load=1079.2 ms context_create=62.5111 ms tokenize=0.542028 ms prefill_decode=49.2742 ms generation_decode=1136.59 ms generation_total=1148.73 ms program_total=2356.76 ms
[svd-local-op-profile] up_ops=0 gate_ops=0 down_ops=0 up_total=0.000 ms gate_total=0.000 ms down_total=0.000 ms up_v=0.000 ms gate_v=0.000 ms down_v=0.000 ms up_u=0.000 ms gate_u=0.000 ms down_u=0.000 ms
[svd-local-stage-profile] attention_total=21.233 ms ffn_total=805.521 ms ffn_svd_total=0.000 ms ffn_svd_v=0.000 ms ffn_svd_u=0.000 ms
[svd-offload-zero-profile] up_finish=0 up_cache=0 up_no_request=0 gate_finish=0 gate_cache=0 gate_no_request=0 down_finish=0 down_cache=0 down_no_request=0 other_finish=0 other_cache=0 other_no_request=0
[svd-local-timeout-profile] up_keep=0 up_drop=0 up_wait=0.000 ms gate_keep=0 gate_drop=0 gate_wait=0.000 ms down_keep=0 down_drop=0 down_wait=0.000 ms other_keep=0 other_drop=0 other_wait=0.000 ms
[svd-offload-client] up_gate_req=0 down_req=0 other_mat_req=0 ffn_req=0 gate_cache_hits=0 gate_cache_checks=0 miss_invalid=0 miss_layer=0 miss_rank=0 miss_hash=0 miss_output=0 miss_data=0 send_up_gate=0.000 ms send_down=0.000 ms send_other=0.000 ms send_ffn=0.000 ms wait_up_gate=0.000 ms wait_down=0.000 ms wait_other=0.000 ms wait_ffn=0.000 ms
[svd-offload-client-stage-profile] rpc_send_total=0.000 ms rpc_wait_total=0.000 ms
[svd-offload-client-debug] finish_fail_up_gate=0 finish_fail_down=0 finish_fail_other=0 finish_fail_ffn=0 cache_take_fail_up=0 cache_take_fail_gate=0 recv_up_sum_abs=0.000000e+00 recv_up_max_abs=0.000000e+00 recv_up_zero=0 recv_gate_sum_abs=0.000000e+00 recv_gate_max_abs=0.000000e+00 recv_gate_zero=0 recv_down_sum_abs=0.000000e+00 recv_down_max_abs=0.000000e+00 recv_down_zero=0 recv_other_sum_abs=0.000000e+00 recv_other_max_abs=0.000000e+00 recv_other_zero=0 recv_ffn_sum_abs=0.000000e+00 recv_ffn_max_abs=0.000000e+00 recv_ffn_zero=0
SUCCEED (one forward pass done)"
8c_all_100,0,baseline_no_svd,"60,61,62,63,64,65,66,67",ok,"60,61,62,63,64,65,66,67","100,100,100,100,100,100,100,100",30.3629,1053.92,,,,,,47.2767,2.504176616668701,,,"llama_context: graph splits = 1
attach_threadpool: call
threads: decode=8 batch=8
prompt tokens: 4
running one forward pass (llama_decode) ...
Top-5 next-token candidates:
  id=11 logit=21.0211 piece="",""
  id=3837 logit=19.3304 piece=""，""
  id=1052 logit=19.1368 piece="" there""
  id=304 logit=19.024 piece="" in""
  id=264 logit=18.1601 piece="" a""
Autoregressive generation:
Generated text: , there was a little girl named Lily. She lived in a small village with her family. One day, Lily's mom told her about a magical forest that
Decode-only throughput: 30.3629 tokens/s (32 tokens in 1.05392 s of llama_decode)
End-to-end throughput: 30.0218 tokens/s (32 tokens in 1.06589 s)
[decode-stage-profile] model_load=1086.74 ms context_create=68.5628 ms tokenize=0.542461 ms prefill_decode=47.2767 ms generation_decode=1053.92 ms generation_total=1065.89 ms program_total=2285.72 ms
[svd-local-op-profile] up_ops=0 gate_ops=0 down_ops=0 up_total=0.000 ms gate_total=0.000 ms down_total=0.000 ms up_v=0.000 ms gate_v=0.000 ms down_v=0.000 ms up_u=0.000 ms gate_u=0.000 ms down_u=0.000 ms
[svd-local-stage-profile] attention_total=21.784 ms ffn_total=734.787 ms ffn_svd_total=0.000 ms ffn_svd_v=0.000 ms ffn_svd_u=0.000 ms
[svd-offload-zero-profile] up_finish=0 up_cache=0 up_no_request=0 gate_finish=0 gate_cache=0 gate_no_request=0 down_finish=0 down_cache=0 down_no_request=0 other_finish=0 other_cache=0 other_no_request=0
[svd-local-timeout-profile] up_keep=0 up_drop=0 up_wait=0.000 ms gate_keep=0 gate_drop=0 gate_wait=0.000 ms down_keep=0 down_drop=0 down_wait=0.000 ms other_keep=0 other_drop=0 other_wait=0.000 ms
[svd-offload-client] up_gate_req=0 down_req=0 other_mat_req=0 ffn_req=0 gate_cache_hits=0 gate_cache_checks=0 miss_invalid=0 miss_layer=0 miss_rank=0 miss_hash=0 miss_output=0 miss_data=0 send_up_gate=0.000 ms send_down=0.000 ms send_other=0.000 ms send_ffn=0.000 ms wait_up_gate=0.000 ms wait_down=0.000 ms wait_other=0.000 ms wait_ffn=0.000 ms
[svd-offload-client-stage-profile] rpc_send_total=0.000 ms rpc_wait_total=0.000 ms
[svd-offload-client-debug] finish_fail_up_gate=0 finish_fail_down=0 finish_fail_other=0 finish_fail_ffn=0 cache_take_fail_up=0 cache_take_fail_gate=0 recv_up_sum_abs=0.000000e+00 recv_up_max_abs=0.000000e+00 recv_up_zero=0 recv_gate_sum_abs=0.000000e+00 recv_gate_max_abs=0.000000e+00 recv_gate_zero=0 recv_down_sum_abs=0.000000e+00 recv_down_max_abs=0.000000e+00 recv_down_zero=0 recv_other_sum_abs=0.000000e+00 recv_other_max_abs=0.000000e+00 recv_other_zero=0 recv_ffn_sum_abs=0.000000e+00 recv_ffn_max_abs=0.000000e+00 recv_ffn_zero=0
SUCCEED (one forward pass done)"
8c_all_100,0,major_only_no_svd,p=1;major=60,ok,"60,61,62,63,64,65,66,67","100,100,100,100,100,100,100,100",5.7415,5573.46,,,,,,213.515,7.191287994384766,,,"llama_context: graph splits = 1
attach_threadpool: call
threads: decode=1 batch=1
prompt tokens: 4
running one forward pass (llama_decode) ...
Top-5 next-token candidates:
  id=11 logit=21.0211 piece="",""
  id=3837 logit=19.3304 piece=""，""
  id=1052 logit=19.1368 piece="" there""
  id=304 logit=19.024 piece="" in""
  id=264 logit=18.1601 piece="" a""
Autoregressive generation:
Generated text: , there was a little girl named Lily. She lived in a small village with her family. One day, Lily's mom told her about a magical forest that
Decode-only throughput: 5.7415 tokens/s (32 tokens in 5.57346 s of llama_decode)
End-to-end throughput: 5.7289 tokens/s (32 tokens in 5.58572 s)
[decode-stage-profile] model_load=1092.83 ms context_create=65.3155 ms tokenize=0.543911 ms prefill_decode=213.515 ms generation_decode=5573.46 ms generation_total=5585.72 ms program_total=6974.7 ms
[svd-local-op-profile] up_ops=0 gate_ops=0 down_ops=0 up_total=0.000 ms gate_total=0.000 ms down_total=0.000 ms up_v=0.000 ms gate_v=0.000 ms down_v=0.000 ms up_u=0.000 ms gate_u=0.000 ms down_u=0.000 ms
[svd-local-stage-profile] attention_total=51.279 ms ffn_total=4105.793 ms ffn_svd_total=0.000 ms ffn_svd_v=0.000 ms ffn_svd_u=0.000 ms
[svd-offload-zero-profile] up_finish=0 up_cache=0 up_no_request=0 gate_finish=0 gate_cache=0 gate_no_request=0 down_finish=0 down_cache=0 down_no_request=0 other_finish=0 other_cache=0 other_no_request=0
[svd-local-timeout-profile] up_keep=0 up_drop=0 up_wait=0.000 ms gate_keep=0 gate_drop=0 gate_wait=0.000 ms down_keep=0 down_drop=0 down_wait=0.000 ms other_keep=0 other_drop=0 other_wait=0.000 ms
[svd-offload-client] up_gate_req=0 down_req=0 other_mat_req=0 ffn_req=0 gate_cache_hits=0 gate_cache_checks=0 miss_invalid=0 miss_layer=0 miss_rank=0 miss_hash=0 miss_output=0 miss_data=0 send_up_gate=0.000 ms send_down=0.000 ms send_other=0.000 ms send_ffn=0.000 ms wait_up_gate=0.000 ms wait_down=0.000 ms wait_other=0.000 ms wait_ffn=0.000 ms
[svd-offload-client-stage-profile] rpc_send_total=0.000 ms rpc_wait_total=0.000 ms
[svd-offload-client-debug] finish_fail_up_gate=0 finish_fail_down=0 finish_fail_other=0 finish_fail_ffn=0 cache_take_fail_up=0 cache_take_fail_gate=0 recv_up_sum_abs=0.000000e+00 recv_up_max_abs=0.000000e+00 recv_up_zero=0 recv_gate_sum_abs=0.000000e+00 recv_gate_max_abs=0.000000e+00 recv_gate_zero=0 recv_down_sum_abs=0.000000e+00 recv_down_max_abs=0.000000e+00 recv_down_zero=0 recv_other_sum_abs=0.000000e+00 recv_other_max_abs=0.000000e+00 recv_other_zero=0 recv_ffn_sum_abs=0.000000e+00 recv_ffn_max_abs=0.000000e+00 recv_ffn_zero=0
SUCCEED (one forward pass done)"
8c_all_100,0,major_only_no_svd,"p=2;major=60,61",ok,"60,61,62,63,64,65,66,67","100,100,100,100,100,100,100,100",11.9051,2687.93,,,,,,113.932,4.15449857711792,,,"llama_context: graph splits = 1
attach_threadpool: call
threads: decode=2 batch=2
prompt tokens: 4
running one forward pass (llama_decode) ...
Top-5 next-token candidates:
  id=11 logit=21.0211 piece="",""
  id=3837 logit=19.3304 piece=""，""
  id=1052 logit=19.1368 piece="" there""
  id=304 logit=19.024 piece="" in""
  id=264 logit=18.1601 piece="" a""
Autoregressive generation:
Generated text: , there was a little girl named Lily. She lived in a small village with her family. One day, Lily's mom told her about a magical forest that
Decode-only throughput: 11.9051 tokens/s (32 tokens in 2.68793 s of llama_decode)
End-to-end throughput: 11.8532 tokens/s (32 tokens in 2.6997 s)
[decode-stage-profile] model_load=1017.87 ms context_create=63.8805 ms tokenize=0.532612 ms prefill_decode=113.932 ms generation_decode=2687.93 ms generation_total=2699.7 ms program_total=3912.35 ms
[svd-local-op-profile] up_ops=0 gate_ops=0 down_ops=0 up_total=0.000 ms gate_total=0.000 ms down_total=0.000 ms up_v=0.000 ms gate_v=0.000 ms down_v=0.000 ms up_u=0.000 ms gate_u=0.000 ms down_u=0.000 ms
[svd-local-stage-profile] attention_total=22.025 ms ffn_total=1953.620 ms ffn_svd_total=0.000 ms ffn_svd_v=0.000 ms ffn_svd_u=0.000 ms
[svd-offload-zero-profile] up_finish=0 up_cache=0 up_no_request=0 gate_finish=0 gate_cache=0 gate_no_request=0 down_finish=0 down_cache=0 down_no_request=0 other_finish=0 other_cache=0 other_no_request=0
[svd-local-timeout-profile] up_keep=0 up_drop=0 up_wait=0.000 ms gate_keep=0 gate_drop=0 gate_wait=0.000 ms down_keep=0 down_drop=0 down_wait=0.000 ms other_keep=0 other_drop=0 other_wait=0.000 ms
[svd-offload-client] up_gate_req=0 down_req=0 other_mat_req=0 ffn_req=0 gate_cache_hits=0 gate_cache_checks=0 miss_invalid=0 miss_layer=0 miss_rank=0 miss_hash=0 miss_output=0 miss_data=0 send_up_gate=0.000 ms send_down=0.000 ms send_other=0.000 ms send_ffn=0.000 ms wait_up_gate=0.000 ms wait_down=0.000 ms wait_other=0.000 ms wait_ffn=0.000 ms
[svd-offload-client-stage-profile] rpc_send_total=0.000 ms rpc_wait_total=0.000 ms
[svd-offload-client-debug] finish_fail_up_gate=0 finish_fail_down=0 finish_fail_other=0 finish_fail_ffn=0 cache_take_fail_up=0 cache_take_fail_gate=0 recv_up_sum_abs=0.000000e+00 recv_up_max_abs=0.000000e+00 recv_up_zero=0 recv_gate_sum_abs=0.000000e+00 recv_gate_max_abs=0.000000e+00 recv_gate_zero=0 recv_down_sum_abs=0.000000e+00 recv_down_max_abs=0.000000e+00 recv_down_zero=0 recv_other_sum_abs=0.000000e+00 recv_other_max_abs=0.000000e+00 recv_other_zero=0 recv_ffn_sum_abs=0.000000e+00 recv_ffn_max_abs=0.000000e+00 recv_ffn_zero=0
SUCCEED (one forward pass done)"
8c_all_100,0,major_only_no_svd,"p=3;major=60,61,62",ok,"60,61,62,63,64,65,66,67","100,100,100,100,100,100,100,100",16.678,1918.69,,,,,,81.7121,3.371431589126587,,,"llama_context: graph splits = 1
attach_threadpool: call
threads: decode=3 batch=3
prompt tokens: 4
running one forward pass (llama_decode) ...
Top-5 next-token candidates:
  id=11 logit=21.0211 piece="",""
  id=3837 logit=19.3304 piece=""，""
  id=1052 logit=19.1368 piece="" there""
  id=304 logit=19.024 piece="" in""
  id=264 logit=18.1601 piece="" a""
Autoregressive generation:
Generated text: , there was a little girl named Lily. She lived in a small village with her family. One day, Lily's mom told her about a magical forest that
Decode-only throughput: 16.678 tokens/s (32 tokens in 1.91869 s of llama_decode)
End-to-end throughput: 16.5729 tokens/s (32 tokens in 1.93086 s)
[decode-stage-profile] model_load=1031.68 ms context_create=67.8524 ms tokenize=0.538402 ms prefill_decode=81.7121 ms generation_decode=1918.69 ms generation_total=1930.86 ms program_total=3129.2 ms
[svd-local-op-profile] up_ops=0 gate_ops=0 down_ops=0 up_total=0.000 ms gate_total=0.000 ms down_total=0.000 ms up_v=0.000 ms gate_v=0.000 ms down_v=0.000 ms up_u=0.000 ms gate_u=0.000 ms down_u=0.000 ms
[svd-local-stage-profile] attention_total=22.167 ms ffn_total=1361.355 ms ffn_svd_total=0.000 ms ffn_svd_v=0.000 ms ffn_svd_u=0.000 ms
[svd-offload-zero-profile] up_finish=0 up_cache=0 up_no_request=0 gate_finish=0 gate_cache=0 gate_no_request=0 down_finish=0 down_cache=0 down_no_request=0 other_finish=0 other_cache=0 other_no_request=0
[svd-local-timeout-profile] up_keep=0 up_drop=0 up_wait=0.000 ms gate_keep=0 gate_drop=0 gate_wait=0.000 ms down_keep=0 down_drop=0 down_wait=0.000 ms other_keep=0 other_drop=0 other_wait=0.000 ms
[svd-offload-client] up_gate_req=0 down_req=0 other_mat_req=0 ffn_req=0 gate_cache_hits=0 gate_cache_checks=0 miss_invalid=0 miss_layer=0 miss_rank=0 miss_hash=0 miss_output=0 miss_data=0 send_up_gate=0.000 ms send_down=0.000 ms send_other=0.000 ms send_ffn=0.000 ms wait_up_gate=0.000 ms wait_down=0.000 ms wait_other=0.000 ms wait_ffn=0.000 ms
[svd-offload-client-stage-profile] rpc_send_total=0.000 ms rpc_wait_total=0.000 ms
[svd-offload-client-debug] finish_fail_up_gate=0 finish_fail_down=0 finish_fail_other=0 finish_fail_ffn=0 cache_take_fail_up=0 cache_take_fail_gate=0 recv_up_sum_abs=0.000000e+00 recv_up_max_abs=0.000000e+00 recv_up_zero=0 recv_gate_sum_abs=0.000000e+00 recv_gate_max_abs=0.000000e+00 recv_gate_zero=0 recv_down_sum_abs=0.000000e+00 recv_down_max_abs=0.000000e+00 recv_down_zero=0 recv_other_sum_abs=0.000000e+00 recv_other_max_abs=0.000000e+00 recv_other_zero=0 recv_ffn_sum_abs=0.000000e+00 recv_ffn_max_abs=0.000000e+00 recv_ffn_zero=0
SUCCEED (one forward pass done)"
8c_all_100,0,major_only_no_svd,"p=4;major=60,61,62,63",ok,"60,61,62,63,64,65,66,67","100,100,100,100,100,100,100,100",19.7959,1616.5,,,,,,63.6931,3.0169591903686523,,,"llama_context: graph splits = 1
attach_threadpool: call
threads: decode=4 batch=4
prompt tokens: 4
running one forward pass (llama_decode) ...
Top-5 next-token candidates:
  id=11 logit=21.0211 piece="",""
  id=3837 logit=19.3304 piece=""，""
  id=1052 logit=19.1368 piece="" there""
  id=304 logit=19.024 piece="" in""
  id=264 logit=18.1601 piece="" a""
Autoregressive generation:
Generated text: , there was a little girl named Lily. She lived in a small village with her family. One day, Lily's mom told her about a magical forest that
Decode-only throughput: 19.7959 tokens/s (32 tokens in 1.6165 s of llama_decode)
End-to-end throughput: 19.6031 tokens/s (32 tokens in 1.63239 s)
[decode-stage-profile] model_load=1021.32 ms context_create=62.7494 ms tokenize=0.519953 ms prefill_decode=63.6931 ms generation_decode=1616.5 ms generation_total=1632.39 ms program_total=2796.66 ms
[svd-local-op-profile] up_ops=0 gate_ops=0 down_ops=0 up_total=0.000 ms gate_total=0.000 ms down_total=0.000 ms up_v=0.000 ms gate_v=0.000 ms down_v=0.000 ms up_u=0.000 ms gate_u=0.000 ms down_u=0.000 ms
[svd-local-stage-profile] attention_total=21.594 ms ffn_total=1145.004 ms ffn_svd_total=0.000 ms ffn_svd_v=0.000 ms ffn_svd_u=0.000 ms
[svd-offload-zero-profile] up_finish=0 up_cache=0 up_no_request=0 gate_finish=0 gate_cache=0 gate_no_request=0 down_finish=0 down_cache=0 down_no_request=0 other_finish=0 other_cache=0 other_no_request=0
[svd-local-timeout-profile] up_keep=0 up_drop=0 up_wait=0.000 ms gate_keep=0 gate_drop=0 gate_wait=0.000 ms down_keep=0 down_drop=0 down_wait=0.000 ms other_keep=0 other_drop=0 other_wait=0.000 ms
[svd-offload-client] up_gate_req=0 down_req=0 other_mat_req=0 ffn_req=0 gate_cache_hits=0 gate_cache_checks=0 miss_invalid=0 miss_layer=0 miss_rank=0 miss_hash=0 miss_output=0 miss_data=0 send_up_gate=0.000 ms send_down=0.000 ms send_other=0.000 ms send_ffn=0.000 ms wait_up_gate=0.000 ms wait_down=0.000 ms wait_other=0.000 ms wait_ffn=0.000 ms
[svd-offload-client-stage-profile] rpc_send_total=0.000 ms rpc_wait_total=0.000 ms
[svd-offload-client-debug] finish_fail_up_gate=0 finish_fail_down=0 finish_fail_other=0 finish_fail_ffn=0 cache_take_fail_up=0 cache_take_fail_gate=0 recv_up_sum_abs=0.000000e+00 recv_up_max_abs=0.000000e+00 recv_up_zero=0 recv_gate_sum_abs=0.000000e+00 recv_gate_max_abs=0.000000e+00 recv_gate_zero=0 recv_down_sum_abs=0.000000e+00 recv_down_max_abs=0.000000e+00 recv_down_zero=0 recv_other_sum_abs=0.000000e+00 recv_other_max_abs=0.000000e+00 recv_other_zero=0 recv_ffn_sum_abs=0.000000e+00 recv_ffn_max_abs=0.000000e+00 recv_ffn_zero=0
SUCCEED (one forward pass done)"
8c_all_100,0,major_only_no_svd,"p=5;major=60,61,62,63,64",ok,"60,61,62,63,64,65,66,67","100,100,100,100,100,100,100,100",22.0181,1453.35,,,,,,61.1047,3.057603359222412,,,"llama_context: graph splits = 1
attach_threadpool: call
threads: decode=5 batch=5
prompt tokens: 4
running one forward pass (llama_decode) ...
Top-5 next-token candidates:
  id=11 logit=21.0211 piece="",""
  id=3837 logit=19.3304 piece=""，""
  id=1052 logit=19.1368 piece="" there""
  id=304 logit=19.024 piece="" in""
  id=264 logit=18.1601 piece="" a""
Autoregressive generation:
Generated text: , there was a little girl named Lily. She lived in a small village with her family. One day, Lily's mom told her about a magical forest that
Decode-only throughput: 22.0181 tokens/s (32 tokens in 1.45335 s of llama_decode)
End-to-end throughput: 21.8371 tokens/s (32 tokens in 1.4654 s)
[decode-stage-profile] model_load=1243.11 ms context_create=62.1466 ms tokenize=0.525917 ms prefill_decode=61.1047 ms generation_decode=1453.35 ms generation_total=1465.4 ms program_total=2850.72 ms
[svd-local-op-profile] up_ops=0 gate_ops=0 down_ops=0 up_total=0.000 ms gate_total=0.000 ms down_total=0.000 ms up_v=0.000 ms gate_v=0.000 ms down_v=0.000 ms up_u=0.000 ms gate_u=0.000 ms down_u=0.000 ms
[svd-local-stage-profile] attention_total=27.867 ms ffn_total=1023.225 ms ffn_svd_total=0.000 ms ffn_svd_v=0.000 ms ffn_svd_u=0.000 ms
[svd-offload-zero-profile] up_finish=0 up_cache=0 up_no_request=0 gate_finish=0 gate_cache=0 gate_no_request=0 down_finish=0 down_cache=0 down_no_request=0 other_finish=0 other_cache=0 other_no_request=0
[svd-local-timeout-profile] up_keep=0 up_drop=0 up_wait=0.000 ms gate_keep=0 gate_drop=0 gate_wait=0.000 ms down_keep=0 down_drop=0 down_wait=0.000 ms other_keep=0 other_drop=0 other_wait=0.000 ms
[svd-offload-client] up_gate_req=0 down_req=0 other_mat_req=0 ffn_req=0 gate_cache_hits=0 gate_cache_checks=0 miss_invalid=0 miss_layer=0 miss_rank=0 miss_hash=0 miss_output=0 miss_data=0 send_up_gate=0.000 ms send_down=0.000 ms send_other=0.000 ms send_ffn=0.000 ms wait_up_gate=0.000 ms wait_down=0.000 ms wait_other=0.000 ms wait_ffn=0.000 ms
[svd-offload-client-stage-profile] rpc_send_total=0.000 ms rpc_wait_total=0.000 ms
[svd-offload-client-debug] finish_fail_up_gate=0 finish_fail_down=0 finish_fail_other=0 finish_fail_ffn=0 cache_take_fail_up=0 cache_take_fail_gate=0 recv_up_sum_abs=0.000000e+00 recv_up_max_abs=0.000000e+00 recv_up_zero=0 recv_gate_sum_abs=0.000000e+00 recv_gate_max_abs=0.000000e+00 recv_gate_zero=0 recv_down_sum_abs=0.000000e+00 recv_down_max_abs=0.000000e+00 recv_down_zero=0 recv_other_sum_abs=0.000000e+00 recv_other_max_abs=0.000000e+00 recv_other_zero=0 recv_ffn_sum_abs=0.000000e+00 recv_ffn_max_abs=0.000000e+00 recv_ffn_zero=0
SUCCEED (one forward pass done)"
8c_all_100,0,major_only_no_svd,"p=6;major=60,61,62,63,64,65",ok,"60,61,62,63,64,65,66,67","100,100,100,100,100,100,100,100",24.284,1317.74,,,,,,53.9834,2.751091480255127,,,"llama_context: graph splits = 1
attach_threadpool: call
threads: decode=6 batch=6
prompt tokens: 4
running one forward pass (llama_decode) ...
Top-5 next-token candidates:
  id=11 logit=21.0211 piece="",""
  id=3837 logit=19.3304 piece=""，""
  id=1052 logit=19.1368 piece="" there""
  id=304 logit=19.024 piece="" in""
  id=264 logit=18.1601 piece="" a""
Autoregressive generation:
Generated text: , there was a little girl named Lily. She lived in a small village with her family. One day, Lily's mom told her about a magical forest that
Decode-only throughput: 24.284 tokens/s (32 tokens in 1.31774 s of llama_decode)
End-to-end throughput: 24.0699 tokens/s (32 tokens in 1.32946 s)
[decode-stage-profile] model_load=1091.15 ms context_create=64.3491 ms tokenize=0.510538 ms prefill_decode=53.9834 ms generation_decode=1317.74 ms generation_total=1329.46 ms program_total=2556.08 ms
[svd-local-op-profile] up_ops=0 gate_ops=0 down_ops=0 up_total=0.000 ms gate_total=0.000 ms down_total=0.000 ms up_v=0.000 ms gate_v=0.000 ms down_v=0.000 ms up_u=0.000 ms gate_u=0.000 ms down_u=0.000 ms
[svd-local-stage-profile] attention_total=24.018 ms ffn_total=919.047 ms ffn_svd_total=0.000 ms ffn_svd_v=0.000 ms ffn_svd_u=0.000 ms
[svd-offload-zero-profile] up_finish=0 up_cache=0 up_no_request=0 gate_finish=0 gate_cache=0 gate_no_request=0 down_finish=0 down_cache=0 down_no_request=0 other_finish=0 other_cache=0 other_no_request=0
[svd-local-timeout-profile] up_keep=0 up_drop=0 up_wait=0.000 ms gate_keep=0 gate_drop=0 gate_wait=0.000 ms down_keep=0 down_drop=0 down_wait=0.000 ms other_keep=0 other_drop=0 other_wait=0.000 ms
[svd-offload-client] up_gate_req=0 down_req=0 other_mat_req=0 ffn_req=0 gate_cache_hits=0 gate_cache_checks=0 miss_invalid=0 miss_layer=0 miss_rank=0 miss_hash=0 miss_output=0 miss_data=0 send_up_gate=0.000 ms send_down=0.000 ms send_other=0.000 ms send_ffn=0.000 ms wait_up_gate=0.000 ms wait_down=0.000 ms wait_other=0.000 ms wait_ffn=0.000 ms
[svd-offload-client-stage-profile] rpc_send_total=0.000 ms rpc_wait_total=0.000 ms
[svd-offload-client-debug] finish_fail_up_gate=0 finish_fail_down=0 finish_fail_other=0 finish_fail_ffn=0 cache_take_fail_up=0 cache_take_fail_gate=0 recv_up_sum_abs=0.000000e+00 recv_up_max_abs=0.000000e+00 recv_up_zero=0 recv_gate_sum_abs=0.000000e+00 recv_gate_max_abs=0.000000e+00 recv_gate_zero=0 recv_down_sum_abs=0.000000e+00 recv_down_max_abs=0.000000e+00 recv_down_zero=0 recv_other_sum_abs=0.000000e+00 recv_other_max_abs=0.000000e+00 recv_other_zero=0 recv_ffn_sum_abs=0.000000e+00 recv_ffn_max_abs=0.000000e+00 recv_ffn_zero=0
SUCCEED (one forward pass done)"
8c_all_100,0,major_only_no_svd,"p=7;major=60,61,62,63,64,65,66",ok,"60,61,62,63,64,65,66,67","100,100,100,100,100,100,100,100",26.4415,1210.22,,,,,,50.8095,2.6284639835357666,,,"llama_context: graph splits = 1
attach_threadpool: call
threads: decode=7 batch=7
prompt tokens: 4
running one forward pass (llama_decode) ...
Top-5 next-token candidates:
  id=11 logit=21.0211 piece="",""
  id=3837 logit=19.3304 piece=""，""
  id=1052 logit=19.1368 piece="" there""
  id=304 logit=19.024 piece="" in""
  id=264 logit=18.1601 piece="" a""
Autoregressive generation:
Generated text: , there was a little girl named Lily. She lived in a small village with her family. One day, Lily's mom told her about a magical forest that
Decode-only throughput: 26.4415 tokens/s (32 tokens in 1.21022 s of llama_decode)
End-to-end throughput: 26.1902 tokens/s (32 tokens in 1.22183 s)
[decode-stage-profile] model_load=1053.22 ms context_create=62.4678 ms tokenize=0.518179 ms prefill_decode=50.8095 ms generation_decode=1210.22 ms generation_total=1221.83 ms program_total=2405.68 ms
[svd-local-op-profile] up_ops=0 gate_ops=0 down_ops=0 up_total=0.000 ms gate_total=0.000 ms down_total=0.000 ms up_v=0.000 ms gate_v=0.000 ms down_v=0.000 ms up_u=0.000 ms gate_u=0.000 ms down_u=0.000 ms
[svd-local-stage-profile] attention_total=19.879 ms ffn_total=851.120 ms ffn_svd_total=0.000 ms ffn_svd_v=0.000 ms ffn_svd_u=0.000 ms
[svd-offload-zero-profile] up_finish=0 up_cache=0 up_no_request=0 gate_finish=0 gate_cache=0 gate_no_request=0 down_finish=0 down_cache=0 down_no_request=0 other_finish=0 other_cache=0 other_no_request=0
[svd-local-timeout-profile] up_keep=0 up_drop=0 up_wait=0.000 ms gate_keep=0 gate_drop=0 gate_wait=0.000 ms down_keep=0 down_drop=0 down_wait=0.000 ms other_keep=0 other_drop=0 other_wait=0.000 ms
[svd-offload-client] up_gate_req=0 down_req=0 other_mat_req=0 ffn_req=0 gate_cache_hits=0 gate_cache_checks=0 miss_invalid=0 miss_layer=0 miss_rank=0 miss_hash=0 miss_output=0 miss_data=0 send_up_gate=0.000 ms send_down=0.000 ms send_other=0.000 ms send_ffn=0.000 ms wait_up_gate=0.000 ms wait_down=0.000 ms wait_other=0.000 ms wait_ffn=0.000 ms
[svd-offload-client-stage-profile] rpc_send_total=0.000 ms rpc_wait_total=0.000 ms
[svd-offload-client-debug] finish_fail_up_gate=0 finish_fail_down=0 finish_fail_other=0 finish_fail_ffn=0 cache_take_fail_up=0 cache_take_fail_gate=0 recv_up_sum_abs=0.000000e+00 recv_up_max_abs=0.000000e+00 recv_up_zero=0 recv_gate_sum_abs=0.000000e+00 recv_gate_max_abs=0.000000e+00 recv_gate_zero=0 recv_down_sum_abs=0.000000e+00 recv_down_max_abs=0.000000e+00 recv_down_zero=0 recv_other_sum_abs=0.000000e+00 recv_other_max_abs=0.000000e+00 recv_other_zero=0 recv_ffn_sum_abs=0.000000e+00 recv_ffn_max_abs=0.000000e+00 recv_ffn_zero=0
SUCCEED (one forward pass done)"
8c_all_100,1,baseline_no_svd,"60,61,62,63,64,65,66,67",ok,"60,61,62,63,64,65,66,67","100,100,100,100,100,100,100,100",27.0095,1184.77,,,,,,51.4647,2.7683780193328857,,,"llama_context: graph splits = 1
attach_threadpool: call
threads: decode=8 batch=8
prompt tokens: 4
running one forward pass (llama_decode) ...
Top-5 next-token candidates:
  id=11 logit=21.0211 piece="",""
  id=3837 logit=19.3304 piece=""，""
  id=1052 logit=19.1368 piece="" there""
  id=304 logit=19.024 piece="" in""
  id=264 logit=18.1601 piece="" a""
Autoregressive generation:
Generated text: , there was a little girl named Lily. She lived in a small village with her family. One day, Lily's mom told her about a magical forest that
Decode-only throughput: 27.0095 tokens/s (32 tokens in 1.18477 s of llama_decode)
End-to-end throughput: 26.7562 tokens/s (32 tokens in 1.19598 s)
[decode-stage-profile] model_load=1224.17 ms context_create=60.2712 ms tokenize=0.53118 ms prefill_decode=51.4647 ms generation_decode=1184.77 ms generation_total=1195.98 ms program_total=2549.79 ms
[svd-local-op-profile] up_ops=0 gate_ops=0 down_ops=0 up_total=0.000 ms gate_total=0.000 ms down_total=0.000 ms up_v=0.000 ms gate_v=0.000 ms down_v=0.000 ms up_u=0.000 ms gate_u=0.000 ms down_u=0.000 ms
[svd-local-stage-profile] attention_total=22.376 ms ffn_total=843.917 ms ffn_svd_total=0.000 ms ffn_svd_v=0.000 ms ffn_svd_u=0.000 ms
[svd-offload-zero-profile] up_finish=0 up_cache=0 up_no_request=0 gate_finish=0 gate_cache=0 gate_no_request=0 down_finish=0 down_cache=0 down_no_request=0 other_finish=0 other_cache=0 other_no_request=0
[svd-local-timeout-profile] up_keep=0 up_drop=0 up_wait=0.000 ms gate_keep=0 gate_drop=0 gate_wait=0.000 ms down_keep=0 down_drop=0 down_wait=0.000 ms other_keep=0 other_drop=0 other_wait=0.000 ms
[svd-offload-client] up_gate_req=0 down_req=0 other_mat_req=0 ffn_req=0 gate_cache_hits=0 gate_cache_checks=0 miss_invalid=0 miss_layer=0 miss_rank=0 miss_hash=0 miss_output=0 miss_data=0 send_up_gate=0.000 ms send_down=0.000 ms send_other=0.000 ms send_ffn=0.000 ms wait_up_gate=0.000 ms wait_down=0.000 ms wait_other=0.000 ms wait_ffn=0.000 ms
[svd-offload-client-stage-profile] rpc_send_total=0.000 ms rpc_wait_total=0.000 ms
[svd-offload-client-debug] finish_fail_up_gate=0 finish_fail_down=0 finish_fail_other=0 finish_fail_ffn=0 cache_take_fail_up=0 cache_take_fail_gate=0 recv_up_sum_abs=0.000000e+00 recv_up_max_abs=0.000000e+00 recv_up_zero=0 recv_gate_sum_abs=0.000000e+00 recv_gate_max_abs=0.000000e+00 recv_gate_zero=0 recv_down_sum_abs=0.000000e+00 recv_down_max_abs=0.000000e+00 recv_down_zero=0 recv_other_sum_abs=0.000000e+00 recv_other_max_abs=0.000000e+00 recv_other_zero=0 recv_ffn_sum_abs=0.000000e+00 recv_ffn_max_abs=0.000000e+00 recv_ffn_zero=0
SUCCEED (one forward pass done)"
8c_all_100,1,major_only_no_svd,p=1;major=60,ok,"60,61,62,63,64,65,66,67","100,100,100,100,100,100,100,100",5.8488,5471.21,,,,,,221.755,7.05722188949585,,,"llama_context: graph splits = 1
attach_threadpool: call
threads: decode=1 batch=1
prompt tokens: 4
running one forward pass (llama_decode) ...
Top-5 next-token candidates:
  id=11 logit=21.0211 piece="",""
  id=3837 logit=19.3304 piece=""，""
  id=1052 logit=19.1368 piece="" there""
  id=304 logit=19.024 piece="" in""
  id=264 logit=18.1601 piece="" a""
Autoregressive generation:
Generated text: , there was a little girl named Lily. She lived in a small village with her family. One day, Lily's mom told her about a magical forest that
Decode-only throughput: 5.8488 tokens/s (32 tokens in 5.47121 s of llama_decode)
End-to-end throughput: 5.83581 tokens/s (32 tokens in 5.48339 s)
[decode-stage-profile] model_load=1040.88 ms context_create=62.5203 ms tokenize=0.558228 ms prefill_decode=221.755 ms generation_decode=5471.21 ms generation_total=5483.39 ms program_total=6827.01 ms
[svd-local-op-profile] up_ops=0 gate_ops=0 down_ops=0 up_total=0.000 ms gate_total=0.000 ms down_total=0.000 ms up_v=0.000 ms gate_v=0.000 ms down_v=0.000 ms up_u=0.000 ms gate_u=0.000 ms down_u=0.000 ms
[svd-local-stage-profile] attention_total=52.844 ms ffn_total=4060.058 ms ffn_svd_total=0.000 ms ffn_svd_v=0.000 ms ffn_svd_u=0.000 ms
[svd-offload-zero-profile] up_finish=0 up_cache=0 up_no_request=0 gate_finish=0 gate_cache=0 gate_no_request=0 down_finish=0 down_cache=0 down_no_request=0 other_finish=0 other_cache=0 other_no_request=0
[svd-local-timeout-profile] up_keep=0 up_drop=0 up_wait=0.000 ms gate_keep=0 gate_drop=0 gate_wait=0.000 ms down_keep=0 down_drop=0 down_wait=0.000 ms other_keep=0 other_drop=0 other_wait=0.000 ms
[svd-offload-client] up_gate_req=0 down_req=0 other_mat_req=0 ffn_req=0 gate_cache_hits=0 gate_cache_checks=0 miss_invalid=0 miss_layer=0 miss_rank=0 miss_hash=0 miss_output=0 miss_data=0 send_up_gate=0.000 ms send_down=0.000 ms send_other=0.000 ms send_ffn=0.000 ms wait_up_gate=0.000 ms wait_down=0.000 ms wait_other=0.000 ms wait_ffn=0.000 ms
[svd-offload-client-stage-profile] rpc_send_total=0.000 ms rpc_wait_total=0.000 ms
[svd-offload-client-debug] finish_fail_up_gate=0 finish_fail_down=0 finish_fail_other=0 finish_fail_ffn=0 cache_take_fail_up=0 cache_take_fail_gate=0 recv_up_sum_abs=0.000000e+00 recv_up_max_abs=0.000000e+00 recv_up_zero=0 recv_gate_sum_abs=0.000000e+00 recv_gate_max_abs=0.000000e+00 recv_gate_zero=0 recv_down_sum_abs=0.000000e+00 recv_down_max_abs=0.000000e+00 recv_down_zero=0 recv_other_sum_abs=0.000000e+00 recv_other_max_abs=0.000000e+00 recv_other_zero=0 recv_ffn_sum_abs=0.000000e+00 recv_ffn_max_abs=0.000000e+00 recv_ffn_zero=0
SUCCEED (one forward pass done)"
8c_all_100,1,major_only_no_svd,"p=2;major=60,61",ok,"60,61,62,63,64,65,66,67","100,100,100,100,100,100,100,100",10.4475,3062.93,,,,,,118.82,4.56809663772583,,,"llama_context: graph splits = 1
attach_threadpool: call
threads: decode=2 batch=2
prompt tokens: 4
running one forward pass (llama_decode) ...
Top-5 next-token candidates:
  id=11 logit=21.0211 piece="",""
  id=3837 logit=19.3304 piece=""，""
  id=1052 logit=19.1368 piece="" there""
  id=304 logit=19.024 piece="" in""
  id=264 logit=18.1601 piece="" a""
Autoregressive generation:
Generated text: , there was a little girl named Lily. She lived in a small village with her family. One day, Lily's mom told her about a magical forest that
Decode-only throughput: 10.4475 tokens/s (32 tokens in 3.06293 s of llama_decode)
End-to-end throughput: 10.4057 tokens/s (32 tokens in 3.07525 s)
[decode-stage-profile] model_load=1059.91 ms context_create=63.1783 ms tokenize=0.523354 ms prefill_decode=118.82 ms generation_decode=3062.93 ms generation_total=3075.25 ms program_total=4334.88 ms
[svd-local-op-profile] up_ops=0 gate_ops=0 down_ops=0 up_total=0.000 ms gate_total=0.000 ms down_total=0.000 ms up_v=0.000 ms gate_v=0.000 ms down_v=0.000 ms up_u=0.000 ms gate_u=0.000 ms down_u=0.000 ms
[svd-local-stage-profile] attention_total=34.241 ms ffn_total=2218.461 ms ffn_svd_total=0.000 ms ffn_svd_v=0.000 ms ffn_svd_u=0.000 ms
[svd-offload-zero-profile] up_finish=0 up_cache=0 up_no_request=0 gate_finish=0 gate_cache=0 gate_no_request=0 down_finish=0 down_cache=0 down_no_request=0 other_finish=0 other_cache=0 other_no_request=0
[svd-local-timeout-profile] up_keep=0 up_drop=0 up_wait=0.000 ms gate_keep=0 gate_drop=0 gate_wait=0.000 ms down_keep=0 down_drop=0 down_wait=0.000 ms other_keep=0 other_drop=0 other_wait=0.000 ms
[svd-offload-client] up_gate_req=0 down_req=0 other_mat_req=0 ffn_req=0 gate_cache_hits=0 gate_cache_checks=0 miss_invalid=0 miss_layer=0 miss_rank=0 miss_hash=0 miss_output=0 miss_data=0 send_up_gate=0.000 ms send_down=0.000 ms send_other=0.000 ms send_ffn=0.000 ms wait_up_gate=0.000 ms wait_down=0.000 ms wait_other=0.000 ms wait_ffn=0.000 ms
[svd-offload-client-stage-profile] rpc_send_total=0.000 ms rpc_wait_total=0.000 ms
[svd-offload-client-debug] finish_fail_up_gate=0 finish_fail_down=0 finish_fail_other=0 finish_fail_ffn=0 cache_take_fail_up=0 cache_take_fail_gate=0 recv_up_sum_abs=0.000000e+00 recv_up_max_abs=0.000000e+00 recv_up_zero=0 recv_gate_sum_abs=0.000000e+00 recv_gate_max_abs=0.000000e+00 recv_gate_zero=0 recv_down_sum_abs=0.000000e+00 recv_down_max_abs=0.000000e+00 recv_down_zero=0 recv_other_sum_abs=0.000000e+00 recv_other_max_abs=0.000000e+00 recv_other_zero=0 recv_ffn_sum_abs=0.000000e+00 recv_ffn_max_abs=0.000000e+00 recv_ffn_zero=0
SUCCEED (one forward pass done)"
8c_all_100,1,major_only_no_svd,"p=3;major=60,61,62",ok,"60,61,62,63,64,65,66,67","100,100,100,100,100,100,100,100",15.6839,2040.3,,,,,,96.5082,3.4943504333496094,,,"llama_context: graph splits = 1
attach_threadpool: call
threads: decode=3 batch=3
prompt tokens: 4
running one forward pass (llama_decode) ...
Top-5 next-token candidates:
  id=11 logit=21.0211 piece="",""
  id=3837 logit=19.3304 piece=""，""
  id=1052 logit=19.1368 piece="" there""
  id=304 logit=19.024 piece="" in""
  id=264 logit=18.1601 piece="" a""
Autoregressive generation:
Generated text: , there was a little girl named Lily. She lived in a small village with her family. One day, Lily's mom told her about a magical forest that
Decode-only throughput: 15.6839 tokens/s (32 tokens in 2.0403 s of llama_decode)
End-to-end throughput: 15.5912 tokens/s (32 tokens in 2.05245 s)
[decode-stage-profile] model_load=1042.7 ms context_create=63.5401 ms tokenize=0.534176 ms prefill_decode=96.5082 ms generation_decode=2040.3 ms generation_total=2052.45 ms program_total=3275.69 ms
[svd-local-op-profile] up_ops=0 gate_ops=0 down_ops=0 up_total=0.000 ms gate_total=0.000 ms down_total=0.000 ms up_v=0.000 ms gate_v=0.000 ms down_v=0.000 ms up_u=0.000 ms gate_u=0.000 ms down_u=0.000 ms
[svd-local-stage-profile] attention_total=21.761 ms ffn_total=1474.897 ms ffn_svd_total=0.000 ms ffn_svd_v=0.000 ms ffn_svd_u=0.000 ms
[svd-offload-zero-profile] up_finish=0 up_cache=0 up_no_request=0 gate_finish=0 gate_cache=0 gate_no_request=0 down_finish=0 down_cache=0 down_no_request=0 other_finish=0 other_cache=0 other_no_request=0
[svd-local-timeout-profile] up_keep=0 up_drop=0 up_wait=0.000 ms gate_keep=0 gate_drop=0 gate_wait=0.000 ms down_keep=0 down_drop=0 down_wait=0.000 ms other_keep=0 other_drop=0 other_wait=0.000 ms
[svd-offload-client] up_gate_req=0 down_req=0 other_mat_req=0 ffn_req=0 gate_cache_hits=0 gate_cache_checks=0 miss_invalid=0 miss_layer=0 miss_rank=0 miss_hash=0 miss_output=0 miss_data=0 send_up_gate=0.000 ms send_down=0.000 ms send_other=0.000 ms send_ffn=0.000 ms wait_up_gate=0.000 ms wait_down=0.000 ms wait_other=0.000 ms wait_ffn=0.000 ms
[svd-offload-client-stage-profile] rpc_send_total=0.000 ms rpc_wait_total=0.000 ms
[svd-offload-client-debug] finish_fail_up_gate=0 finish_fail_down=0 finish_fail_other=0 finish_fail_ffn=0 cache_take_fail_up=0 cache_take_fail_gate=0 recv_up_sum_abs=0.000000e+00 recv_up_max_abs=0.000000e+00 recv_up_zero=0 recv_gate_sum_abs=0.000000e+00 recv_gate_max_abs=0.000000e+00 recv_gate_zero=0 recv_down_sum_abs=0.000000e+00 recv_down_max_abs=0.000000e+00 recv_down_zero=0 recv_other_sum_abs=0.000000e+00 recv_other_max_abs=0.000000e+00 recv_other_zero=0 recv_ffn_sum_abs=0.000000e+00 recv_ffn_max_abs=0.000000e+00 recv_ffn_zero=0
SUCCEED (one forward pass done)"
8c_all_100,1,major_only_no_svd,"p=4;major=60,61,62,63",ok,"60,61,62,63,64,65,66,67","100,100,100,100,100,100,100,100",19.7237,1622.41,,,,,,73.905,3.0756032466888428,,,"llama_context: graph splits = 1
attach_threadpool: call
threads: decode=4 batch=4
prompt tokens: 4
running one forward pass (llama_decode) ...
Top-5 next-token candidates:
  id=11 logit=21.0211 piece="",""
  id=3837 logit=19.3304 piece=""，""
  id=1052 logit=19.1368 piece="" there""
  id=304 logit=19.024 piece="" in""
  id=264 logit=18.1601 piece="" a""
Autoregressive generation:
Generated text: , there was a little girl named Lily. She lived in a small village with her family. One day, Lily's mom told her about a magical forest that
Decode-only throughput: 19.7237 tokens/s (32 tokens in 1.62241 s of llama_decode)
End-to-end throughput: 19.5683 tokens/s (32 tokens in 1.6353 s)
[decode-stage-profile] model_load=1043.5 ms context_create=62.4996 ms tokenize=0.543745 ms prefill_decode=73.905 ms generation_decode=1622.41 ms generation_total=1635.3 ms program_total=2832.71 ms
[svd-local-op-profile] up_ops=0 gate_ops=0 down_ops=0 up_total=0.000 ms gate_total=0.000 ms down_total=0.000 ms up_v=0.000 ms gate_v=0.000 ms down_v=0.000 ms up_u=0.000 ms gate_u=0.000 ms down_u=0.000 ms
[svd-local-stage-profile] attention_total=21.200 ms ffn_total=1165.622 ms ffn_svd_total=0.000 ms ffn_svd_v=0.000 ms ffn_svd_u=0.000 ms
[svd-offload-zero-profile] up_finish=0 up_cache=0 up_no_request=0 gate_finish=0 gate_cache=0 gate_no_request=0 down_finish=0 down_cache=0 down_no_request=0 other_finish=0 other_cache=0 other_no_request=0
[svd-local-timeout-profile] up_keep=0 up_drop=0 up_wait=0.000 ms gate_keep=0 gate_drop=0 gate_wait=0.000 ms down_keep=0 down_drop=0 down_wait=0.000 ms other_keep=0 other_drop=0 other_wait=0.000 ms
[svd-offload-client] up_gate_req=0 down_req=0 other_mat_req=0 ffn_req=0 gate_cache_hits=0 gate_cache_checks=0 miss_invalid=0 miss_layer=0 miss_rank=0 miss_hash=0 miss_output=0 miss_data=0 send_up_gate=0.000 ms send_down=0.000 ms send_other=0.000 ms send_ffn=0.000 ms wait_up_gate=0.000 ms wait_down=0.000 ms wait_other=0.000 ms wait_ffn=0.000 ms
[svd-offload-client-stage-profile] rpc_send_total=0.000 ms rpc_wait_total=0.000 ms
[svd-offload-client-debug] finish_fail_up_gate=0 finish_fail_down=0 finish_fail_other=0 finish_fail_ffn=0 cache_take_fail_up=0 cache_take_fail_gate=0 recv_up_sum_abs=0.000000e+00 recv_up_max_abs=0.000000e+00 recv_up_zero=0 recv_gate_sum_abs=0.000000e+00 recv_gate_max_abs=0.000000e+00 recv_gate_zero=0 recv_down_sum_abs=0.000000e+00 recv_down_max_abs=0.000000e+00 recv_down_zero=0 recv_other_sum_abs=0.000000e+00 recv_other_max_abs=0.000000e+00 recv_other_zero=0 recv_ffn_sum_abs=0.000000e+00 recv_ffn_max_abs=0.000000e+00 recv_ffn_zero=0
SUCCEED (one forward pass done)"
8c_all_100,1,major_only_no_svd,"p=5;major=60,61,62,63,64",ok,"60,61,62,63,64,65,66,67","100,100,100,100,100,100,100,100",22.2302,1439.48,,,,,,59.0118,2.8624401092529297,,,"llama_context: graph splits = 1
attach_threadpool: call
threads: decode=5 batch=5
prompt tokens: 4
running one forward pass (llama_decode) ...
Top-5 next-token candidates:
  id=11 logit=21.0211 piece="",""
  id=3837 logit=19.3304 piece=""，""
  id=1052 logit=19.1368 piece="" there""
  id=304 logit=19.024 piece="" in""
  id=264 logit=18.1601 piece="" a""
Autoregressive generation:
Generated text: , there was a little girl named Lily. She lived in a small village with her family. One day, Lily's mom told her about a magical forest that
Decode-only throughput: 22.2302 tokens/s (32 tokens in 1.43948 s of llama_decode)
End-to-end throughput: 22.0437 tokens/s (32 tokens in 1.45166 s)
[decode-stage-profile] model_load=1045.72 ms context_create=68.904 ms tokenize=0.519646 ms prefill_decode=59.0118 ms generation_decode=1439.48 ms generation_total=1451.66 ms program_total=2642.57 ms
[svd-local-op-profile] up_ops=0 gate_ops=0 down_ops=0 up_total=0.000 ms gate_total=0.000 ms down_total=0.000 ms up_v=0.000 ms gate_v=0.000 ms down_v=0.000 ms up_u=0.000 ms gate_u=0.000 ms down_u=0.000 ms
[svd-local-stage-profile] attention_total=23.789 ms ffn_total=1027.218 ms ffn_svd_total=0.000 ms ffn_svd_v=0.000 ms ffn_svd_u=0.000 ms
[svd-offload-zero-profile] up_finish=0 up_cache=0 up_no_request=0 gate_finish=0 gate_cache=0 gate_no_request=0 down_finish=0 down_cache=0 down_no_request=0 other_finish=0 other_cache=0 other_no_request=0
[svd-local-timeout-profile] up_keep=0 up_drop=0 up_wait=0.000 ms gate_keep=0 gate_drop=0 gate_wait=0.000 ms down_keep=0 down_drop=0 down_wait=0.000 ms other_keep=0 other_drop=0 other_wait=0.000 ms
[svd-offload-client] up_gate_req=0 down_req=0 other_mat_req=0 ffn_req=0 gate_cache_hits=0 gate_cache_checks=0 miss_invalid=0 miss_layer=0 miss_rank=0 miss_hash=0 miss_output=0 miss_data=0 send_up_gate=0.000 ms send_down=0.000 ms send_other=0.000 ms send_ffn=0.000 ms wait_up_gate=0.000 ms wait_down=0.000 ms wait_other=0.000 ms wait_ffn=0.000 ms
[svd-offload-client-stage-profile] rpc_send_total=0.000 ms rpc_wait_total=0.000 ms
[svd-offload-client-debug] finish_fail_up_gate=0 finish_fail_down=0 finish_fail_other=0 finish_fail_ffn=0 cache_take_fail_up=0 cache_take_fail_gate=0 recv_up_sum_abs=0.000000e+00 recv_up_max_abs=0.000000e+00 recv_up_zero=0 recv_gate_sum_abs=0.000000e+00 recv_gate_max_abs=0.000000e+00 recv_gate_zero=0 recv_down_sum_abs=0.000000e+00 recv_down_max_abs=0.000000e+00 recv_down_zero=0 recv_other_sum_abs=0.000000e+00 recv_other_max_abs=0.000000e+00 recv_other_zero=0 recv_ffn_sum_abs=0.000000e+00 recv_ffn_max_abs=0.000000e+00 recv_ffn_zero=0
SUCCEED (one forward pass done)"
8c_all_100,1,major_only_no_svd,"p=6;major=60,61,62,63,64,65",ok,"60,61,62,63,64,65,66,67","100,100,100,100,100,100,100,100",24.7623,1292.29,,,,,,54.4939,2.7205591201782227,,,"llama_context: graph splits = 1
attach_threadpool: call
threads: decode=6 batch=6
prompt tokens: 4
running one forward pass (llama_decode) ...
Top-5 next-token candidates:
  id=11 logit=21.0211 piece="",""
  id=3837 logit=19.3304 piece=""，""
  id=1052 logit=19.1368 piece="" there""
  id=304 logit=19.024 piece="" in""
  id=264 logit=18.1601 piece="" a""
Autoregressive generation:
Generated text: , there was a little girl named Lily. She lived in a small village with her family. One day, Lily's mom told her about a magical forest that
Decode-only throughput: 24.7623 tokens/s (32 tokens in 1.29229 s of llama_decode)
End-to-end throughput: 24.5417 tokens/s (32 tokens in 1.3039 s)
[decode-stage-profile] model_load=1029.93 ms context_create=67.3875 ms tokenize=0.526451 ms prefill_decode=54.4939 ms generation_decode=1292.29 ms generation_total=1303.9 ms program_total=2472.84 ms
[svd-local-op-profile] up_ops=0 gate_ops=0 down_ops=0 up_total=0.000 ms gate_total=0.000 ms down_total=0.000 ms up_v=0.000 ms gate_v=0.000 ms down_v=0.000 ms up_u=0.000 ms gate_u=0.000 ms down_u=0.000 ms
[svd-local-stage-profile] attention_total=20.136 ms ffn_total=915.165 ms ffn_svd_total=0.000 ms ffn_svd_v=0.000 ms ffn_svd_u=0.000 ms
[svd-offload-zero-profile] up_finish=0 up_cache=0 up_no_request=0 gate_finish=0 gate_cache=0 gate_no_request=0 down_finish=0 down_cache=0 down_no_request=0 other_finish=0 other_cache=0 other_no_request=0
[svd-local-timeout-profile] up_keep=0 up_drop=0 up_wait=0.000 ms gate_keep=0 gate_drop=0 gate_wait=0.000 ms down_keep=0 down_drop=0 down_wait=0.000 ms other_keep=0 other_drop=0 other_wait=0.000 ms
[svd-offload-client] up_gate_req=0 down_req=0 other_mat_req=0 ffn_req=0 gate_cache_hits=0 gate_cache_checks=0 miss_invalid=0 miss_layer=0 miss_rank=0 miss_hash=0 miss_output=0 miss_data=0 send_up_gate=0.000 ms send_down=0.000 ms send_other=0.000 ms send_ffn=0.000 ms wait_up_gate=0.000 ms wait_down=0.000 ms wait_other=0.000 ms wait_ffn=0.000 ms
[svd-offload-client-stage-profile] rpc_send_total=0.000 ms rpc_wait_total=0.000 ms
[svd-offload-client-debug] finish_fail_up_gate=0 finish_fail_down=0 finish_fail_other=0 finish_fail_ffn=0 cache_take_fail_up=0 cache_take_fail_gate=0 recv_up_sum_abs=0.000000e+00 recv_up_max_abs=0.000000e+00 recv_up_zero=0 recv_gate_sum_abs=0.000000e+00 recv_gate_max_abs=0.000000e+00 recv_gate_zero=0 recv_down_sum_abs=0.000000e+00 recv_down_max_abs=0.000000e+00 recv_down_zero=0 recv_other_sum_abs=0.000000e+00 recv_other_max_abs=0.000000e+00 recv_other_zero=0 recv_ffn_sum_abs=0.000000e+00 recv_ffn_max_abs=0.000000e+00 recv_ffn_zero=0
SUCCEED (one forward pass done)"
8c_all_100,1,major_only_no_svd,"p=7;major=60,61,62,63,64,65,66",ok,"60,61,62,63,64,65,66,67","100,100,100,100,100,100,100,100",26.4192,1211.24,,,,,,49.6834,2.602081060409546,,,"llama_context: graph splits = 1
attach_threadpool: call
threads: decode=7 batch=7
prompt tokens: 4
running one forward pass (llama_decode) ...
Top-5 next-token candidates:
  id=11 logit=21.0211 piece="",""
  id=3837 logit=19.3304 piece=""，""
  id=1052 logit=19.1368 piece="" there""
  id=304 logit=19.024 piece="" in""
  id=264 logit=18.1601 piece="" a""
Autoregressive generation:
Generated text: , there was a little girl named Lily. She lived in a small village with her family. One day, Lily's mom told her about a magical forest that
Decode-only throughput: 26.4192 tokens/s (32 tokens in 1.21124 s of llama_decode)
End-to-end throughput: 26.173 tokens/s (32 tokens in 1.22263 s)
[decode-stage-profile] model_load=1025.43 ms context_create=61.3445 ms tokenize=0.554994 ms prefill_decode=49.6834 ms generation_decode=1211.24 ms generation_total=1222.63 ms program_total=2375.88 ms
[svd-local-op-profile] up_ops=0 gate_ops=0 down_ops=0 up_total=0.000 ms gate_total=0.000 ms down_total=0.000 ms up_v=0.000 ms gate_v=0.000 ms down_v=0.000 ms up_u=0.000 ms gate_u=0.000 ms down_u=0.000 ms
[svd-local-stage-profile] attention_total=23.096 ms ffn_total=848.146 ms ffn_svd_total=0.000 ms ffn_svd_v=0.000 ms ffn_svd_u=0.000 ms
[svd-offload-zero-profile] up_finish=0 up_cache=0 up_no_request=0 gate_finish=0 gate_cache=0 gate_no_request=0 down_finish=0 down_cache=0 down_no_request=0 other_finish=0 other_cache=0 other_no_request=0
[svd-local-timeout-profile] up_keep=0 up_drop=0 up_wait=0.000 ms gate_keep=0 gate_drop=0 gate_wait=0.000 ms down_keep=0 down_drop=0 down_wait=0.000 ms other_keep=0 other_drop=0 other_wait=0.000 ms
[svd-offload-client] up_gate_req=0 down_req=0 other_mat_req=0 ffn_req=0 gate_cache_hits=0 gate_cache_checks=0 miss_invalid=0 miss_layer=0 miss_rank=0 miss_hash=0 miss_output=0 miss_data=0 send_up_gate=0.000 ms send_down=0.000 ms send_other=0.000 ms send_ffn=0.000 ms wait_up_gate=0.000 ms wait_down=0.000 ms wait_other=0.000 ms wait_ffn=0.000 ms
[svd-offload-client-stage-profile] rpc_send_total=0.000 ms rpc_wait_total=0.000 ms
[svd-offload-client-debug] finish_fail_up_gate=0 finish_fail_down=0 finish_fail_other=0 finish_fail_ffn=0 cache_take_fail_up=0 cache_take_fail_gate=0 recv_up_sum_abs=0.000000e+00 recv_up_max_abs=0.000000e+00 recv_up_zero=0 recv_gate_sum_abs=0.000000e+00 recv_gate_max_abs=0.000000e+00 recv_gate_zero=0 recv_down_sum_abs=0.000000e+00 recv_down_max_abs=0.000000e+00 recv_down_zero=0 recv_other_sum_abs=0.000000e+00 recv_other_max_abs=0.000000e+00 recv_other_zero=0 recv_ffn_sum_abs=0.000000e+00 recv_ffn_max_abs=0.000000e+00 recv_ffn_zero=0
SUCCEED (one forward pass done)"
8c_all_100,2,baseline_no_svd,"60,61,62,63,64,65,66,67",ok,"60,61,62,63,64,65,66,67","100,100,100,100,100,100,100,100",28.6006,1118.86,,,,,,57.8429,2.590019464492798,,,"llama_context: graph splits = 1
attach_threadpool: call
threads: decode=8 batch=8
prompt tokens: 4
running one forward pass (llama_decode) ...
Top-5 next-token candidates:
  id=11 logit=21.0211 piece="",""
  id=3837 logit=19.3304 piece=""，""
  id=1052 logit=19.1368 piece="" there""
  id=304 logit=19.024 piece="" in""
  id=264 logit=18.1601 piece="" a""
Autoregressive generation:
Generated text: , there was a little girl named Lily. She lived in a small village with her family. One day, Lily's mom told her about a magical forest that
Decode-only throughput: 28.6006 tokens/s (32 tokens in 1.11886 s of llama_decode)
End-to-end throughput: 28.3111 tokens/s (32 tokens in 1.1303 s)
[decode-stage-profile] model_load=1092.83 ms context_create=65.0764 ms tokenize=0.547347 ms prefill_decode=57.8429 ms generation_decode=1118.86 ms generation_total=1130.3 ms program_total=2363.72 ms
[svd-local-op-profile] up_ops=0 gate_ops=0 down_ops=0 up_total=0.000 ms gate_total=0.000 ms down_total=0.000 ms up_v=0.000 ms gate_v=0.000 ms down_v=0.000 ms up_u=0.000 ms gate_u=0.000 ms down_u=0.000 ms
[svd-local-stage-profile] attention_total=28.290 ms ffn_total=784.124 ms ffn_svd_total=0.000 ms ffn_svd_v=0.000 ms ffn_svd_u=0.000 ms
[svd-offload-zero-profile] up_finish=0 up_cache=0 up_no_request=0 gate_finish=0 gate_cache=0 gate_no_request=0 down_finish=0 down_cache=0 down_no_request=0 other_finish=0 other_cache=0 other_no_request=0
[svd-local-timeout-profile] up_keep=0 up_drop=0 up_wait=0.000 ms gate_keep=0 gate_drop=0 gate_wait=0.000 ms down_keep=0 down_drop=0 down_wait=0.000 ms other_keep=0 other_drop=0 other_wait=0.000 ms
[svd-offload-client] up_gate_req=0 down_req=0 other_mat_req=0 ffn_req=0 gate_cache_hits=0 gate_cache_checks=0 miss_invalid=0 miss_layer=0 miss_rank=0 miss_hash=0 miss_output=0 miss_data=0 send_up_gate=0.000 ms send_down=0.000 ms send_other=0.000 ms send_ffn=0.000 ms wait_up_gate=0.000 ms wait_down=0.000 ms wait_other=0.000 ms wait_ffn=0.000 ms
[svd-offload-client-stage-profile] rpc_send_total=0.000 ms rpc_wait_total=0.000 ms
[svd-offload-client-debug] finish_fail_up_gate=0 finish_fail_down=0 finish_fail_other=0 finish_fail_ffn=0 cache_take_fail_up=0 cache_take_fail_gate=0 recv_up_sum_abs=0.000000e+00 recv_up_max_abs=0.000000e+00 recv_up_zero=0 recv_gate_sum_abs=0.000000e+00 recv_gate_max_abs=0.000000e+00 recv_gate_zero=0 recv_down_sum_abs=0.000000e+00 recv_down_max_abs=0.000000e+00 recv_down_zero=0 recv_other_sum_abs=0.000000e+00 recv_other_max_abs=0.000000e+00 recv_other_zero=0 recv_ffn_sum_abs=0.000000e+00 recv_ffn_max_abs=0.000000e+00 recv_ffn_zero=0
SUCCEED (one forward pass done)"
8c_all_100,2,major_only_no_svd,p=1;major=60,ok,"60,61,62,63,64,65,66,67","100,100,100,100,100,100,100,100",5.92051,5404.94,,,,,,188.524,6.9778172969818115,,,"llama_context: graph splits = 1
attach_threadpool: call
threads: decode=1 batch=1
prompt tokens: 4
running one forward pass (llama_decode) ...
Top-5 next-token candidates:
  id=11 logit=21.0211 piece="",""
  id=3837 logit=19.3304 piece=""，""
  id=1052 logit=19.1368 piece="" there""
  id=304 logit=19.024 piece="" in""
  id=264 logit=18.1601 piece="" a""
Autoregressive generation:
Generated text: , there was a little girl named Lily. She lived in a small village with her family. One day, Lily's mom told her about a magical forest that
Decode-only throughput: 5.92051 tokens/s (32 tokens in 5.40494 s of llama_decode)
End-to-end throughput: 5.90743 tokens/s (32 tokens in 5.41691 s)
[decode-stage-profile] model_load=1008.98 ms context_create=67.2743 ms tokenize=0.83884 ms prefill_decode=188.524 ms generation_decode=5404.94 ms generation_total=5416.91 ms program_total=6699.79 ms
[svd-local-op-profile] up_ops=0 gate_ops=0 down_ops=0 up_total=0.000 ms gate_total=0.000 ms down_total=0.000 ms up_v=0.000 ms gate_v=0.000 ms down_v=0.000 ms up_u=0.000 ms gate_u=0.000 ms down_u=0.000 ms
[svd-local-stage-profile] attention_total=47.017 ms ffn_total=4014.373 ms ffn_svd_total=0.000 ms ffn_svd_v=0.000 ms ffn_svd_u=0.000 ms
[svd-offload-zero-profile] up_finish=0 up_cache=0 up_no_request=0 gate_finish=0 gate_cache=0 gate_no_request=0 down_finish=0 down_cache=0 down_no_request=0 other_finish=0 other_cache=0 other_no_request=0
[svd-local-timeout-profile] up_keep=0 up_drop=0 up_wait=0.000 ms gate_keep=0 gate_drop=0 gate_wait=0.000 ms down_keep=0 down_drop=0 down_wait=0.000 ms other_keep=0 other_drop=0 other_wait=0.000 ms
[svd-offload-client] up_gate_req=0 down_req=0 other_mat_req=0 ffn_req=0 gate_cache_hits=0 gate_cache_checks=0 miss_invalid=0 miss_layer=0 miss_rank=0 miss_hash=0 miss_output=0 miss_data=0 send_up_gate=0.000 ms send_down=0.000 ms send_other=0.000 ms send_ffn=0.000 ms wait_up_gate=0.000 ms wait_down=0.000 ms wait_other=0.000 ms wait_ffn=0.000 ms
[svd-offload-client-stage-profile] rpc_send_total=0.000 ms rpc_wait_total=0.000 ms
[svd-offload-client-debug] finish_fail_up_gate=0 finish_fail_down=0 finish_fail_other=0 finish_fail_ffn=0 cache_take_fail_up=0 cache_take_fail_gate=0 recv_up_sum_abs=0.000000e+00 recv_up_max_abs=0.000000e+00 recv_up_zero=0 recv_gate_sum_abs=0.000000e+00 recv_gate_max_abs=0.000000e+00 recv_gate_zero=0 recv_down_sum_abs=0.000000e+00 recv_down_max_abs=0.000000e+00 recv_down_zero=0 recv_other_sum_abs=0.000000e+00 recv_other_max_abs=0.000000e+00 recv_other_zero=0 recv_ffn_sum_abs=0.000000e+00 recv_ffn_max_abs=0.000000e+00 recv_ffn_zero=0
SUCCEED (one forward pass done)"
8c_all_100,2,major_only_no_svd,"p=2;major=60,61",ok,"60,61,62,63,64,65,66,67","100,100,100,100,100,100,100,100",11.7445,2724.68,,,,,,110.673,4.229501247406006,,,"llama_context: graph splits = 1
attach_threadpool: call
threads: decode=2 batch=2
prompt tokens: 4
running one forward pass (llama_decode) ...
Top-5 next-token candidates:
  id=11 logit=21.0211 piece="",""
  id=3837 logit=19.3304 piece=""，""
  id=1052 logit=19.1368 piece="" there""
  id=304 logit=19.024 piece="" in""
  id=264 logit=18.1601 piece="" a""
Autoregressive generation:
Generated text: , there was a little girl named Lily. She lived in a small village with her family. One day, Lily's mom told her about a magical forest that
Decode-only throughput: 11.7445 tokens/s (32 tokens in 2.72468 s of llama_decode)
End-to-end throughput: 11.6912 tokens/s (32 tokens in 2.73709 s)
[decode-stage-profile] model_load=1082.23 ms context_create=61.6797 ms tokenize=0.549453 ms prefill_decode=110.673 ms generation_decode=2724.68 ms generation_total=2737.09 ms program_total=4009.61 ms
[svd-local-op-profile] up_ops=0 gate_ops=0 down_ops=0 up_total=0.000 ms gate_total=0.000 ms down_total=0.000 ms up_v=0.000 ms gate_v=0.000 ms down_v=0.000 ms up_u=0.000 ms gate_u=0.000 ms down_u=0.000 ms
[svd-local-stage-profile] attention_total=21.533 ms ffn_total=1957.264 ms ffn_svd_total=0.000 ms ffn_svd_v=0.000 ms ffn_svd_u=0.000 ms
[svd-offload-zero-profile] up_finish=0 up_cache=0 up_no_request=0 gate_finish=0 gate_cache=0 gate_no_request=0 down_finish=0 down_cache=0 down_no_request=0 other_finish=0 other_cache=0 other_no_request=0
[svd-local-timeout-profile] up_keep=0 up_drop=0 up_wait=0.000 ms gate_keep=0 gate_drop=0 gate_wait=0.000 ms down_keep=0 down_drop=0 down_wait=0.000 ms other_keep=0 other_drop=0 other_wait=0.000 ms
[svd-offload-client] up_gate_req=0 down_req=0 other_mat_req=0 ffn_req=0 gate_cache_hits=0 gate_cache_checks=0 miss_invalid=0 miss_layer=0 miss_rank=0 miss_hash=0 miss_output=0 miss_data=0 send_up_gate=0.000 ms send_down=0.000 ms send_other=0.000 ms send_ffn=0.000 ms wait_up_gate=0.000 ms wait_down=0.000 ms wait_other=0.000 ms wait_ffn=0.000 ms
[svd-offload-client-stage-profile] rpc_send_total=0.000 ms rpc_wait_total=0.000 ms
[svd-offload-client-debug] finish_fail_up_gate=0 finish_fail_down=0 finish_fail_other=0 finish_fail_ffn=0 cache_take_fail_up=0 cache_take_fail_gate=0 recv_up_sum_abs=0.000000e+00 recv_up_max_abs=0.000000e+00 recv_up_zero=0 recv_gate_sum_abs=0.000000e+00 recv_gate_max_abs=0.000000e+00 recv_gate_zero=0 recv_down_sum_abs=0.000000e+00 recv_down_max_abs=0.000000e+00 recv_down_zero=0 recv_other_sum_abs=0.000000e+00 recv_other_max_abs=0.000000e+00 recv_other_zero=0 recv_ffn_sum_abs=0.000000e+00 recv_ffn_max_abs=0.000000e+00 recv_ffn_zero=0
SUCCEED (one forward pass done)"
8c_all_100,2,major_only_no_svd,"p=3;major=60,61,62",ok,"60,61,62,63,64,65,66,67","100,100,100,100,100,100,100,100",15.4427,2072.17,,,,,,76.1951,3.588193655014038,,,"llama_context: graph splits = 1
attach_threadpool: call
threads: decode=3 batch=3
prompt tokens: 4
running one forward pass (llama_decode) ...
Top-5 next-token candidates:
  id=11 logit=21.0211 piece="",""
  id=3837 logit=19.3304 piece=""，""
  id=1052 logit=19.1368 piece="" there""
  id=304 logit=19.024 piece="" in""
  id=264 logit=18.1601 piece="" a""
Autoregressive generation:
Generated text: , there was a little girl named Lily. She lived in a small village with her family. One day, Lily's mom told her about a magical forest that
Decode-only throughput: 15.4427 tokens/s (32 tokens in 2.07217 s of llama_decode)
End-to-end throughput: 15.3525 tokens/s (32 tokens in 2.08435 s)
[decode-stage-profile] model_load=1076.32 ms context_create=67.0886 ms tokenize=0.845764 ms prefill_decode=76.1951 ms generation_decode=2072.17 ms generation_total=2084.35 ms program_total=3322.23 ms
[svd-local-op-profile] up_ops=0 gate_ops=0 down_ops=0 up_total=0.000 ms gate_total=0.000 ms down_total=0.000 ms up_v=0.000 ms gate_v=0.000 ms down_v=0.000 ms up_u=0.000 ms gate_u=0.000 ms down_u=0.000 ms
[svd-local-stage-profile] attention_total=25.692 ms ffn_total=1479.801 ms ffn_svd_total=0.000 ms ffn_svd_v=0.000 ms ffn_svd_u=0.000 ms
[svd-offload-zero-profile] up_finish=0 up_cache=0 up_no_request=0 gate_finish=0 gate_cache=0 gate_no_request=0 down_finish=0 down_cache=0 down_no_request=0 other_finish=0 other_cache=0 other_no_request=0
[svd-local-timeout-profile] up_keep=0 up_drop=0 up_wait=0.000 ms gate_keep=0 gate_drop=0 gate_wait=0.000 ms down_keep=0 down_drop=0 down_wait=0.000 ms other_keep=0 other_drop=0 other_wait=0.000 ms
[svd-offload-client] up_gate_req=0 down_req=0 other_mat_req=0 ffn_req=0 gate_cache_hits=0 gate_cache_checks=0 miss_invalid=0 miss_layer=0 miss_rank=0 miss_hash=0 miss_output=0 miss_data=0 send_up_gate=0.000 ms send_down=0.000 ms send_other=0.000 ms send_ffn=0.000 ms wait_up_gate=0.000 ms wait_down=0.000 ms wait_other=0.000 ms wait_ffn=0.000 ms
[svd-offload-client-stage-profile] rpc_send_total=0.000 ms rpc_wait_total=0.000 ms
[svd-offload-client-debug] finish_fail_up_gate=0 finish_fail_down=0 finish_fail_other=0 finish_fail_ffn=0 cache_take_fail_up=0 cache_take_fail_gate=0 recv_up_sum_abs=0.000000e+00 recv_up_max_abs=0.000000e+00 recv_up_zero=0 recv_gate_sum_abs=0.000000e+00 recv_gate_max_abs=0.000000e+00 recv_gate_zero=0 recv_down_sum_abs=0.000000e+00 recv_down_max_abs=0.000000e+00 recv_down_zero=0 recv_other_sum_abs=0.000000e+00 recv_other_max_abs=0.000000e+00 recv_other_zero=0 recv_ffn_sum_abs=0.000000e+00 recv_ffn_max_abs=0.000000e+00 recv_ffn_zero=0
SUCCEED (one forward pass done)"
8c_all_100,2,major_only_no_svd,"p=4;major=60,61,62,63",ok,"60,61,62,63,64,65,66,67","100,100,100,100,100,100,100,100",19.6664,1627.14,,,,,,66.9169,3.3496861457824707,,,"llama_context: graph splits = 1
attach_threadpool: call
threads: decode=4 batch=4
prompt tokens: 4
running one forward pass (llama_decode) ...
Top-5 next-token candidates:
  id=11 logit=21.0211 piece="",""
  id=3837 logit=19.3304 piece=""，""
  id=1052 logit=19.1368 piece="" there""
  id=304 logit=19.024 piece="" in""
  id=264 logit=18.1601 piece="" a""
Autoregressive generation:
Generated text: , there was a little girl named Lily. She lived in a small village with her family. One day, Lily's mom told her about a magical forest that
Decode-only throughput: 19.6664 tokens/s (32 tokens in 1.62714 s of llama_decode)
End-to-end throughput: 19.5201 tokens/s (32 tokens in 1.63933 s)
[decode-stage-profile] model_load=1340.26 ms context_create=80.3597 ms tokenize=1.10101 ms prefill_decode=66.9169 ms generation_decode=1627.14 ms generation_total=1639.33 ms program_total=3148.53 ms
[svd-local-op-profile] up_ops=0 gate_ops=0 down_ops=0 up_total=0.000 ms gate_total=0.000 ms down_total=0.000 ms up_v=0.000 ms gate_v=0.000 ms down_v=0.000 ms up_u=0.000 ms gate_u=0.000 ms down_u=0.000 ms
[svd-local-stage-profile] attention_total=28.042 ms ffn_total=1141.451 ms ffn_svd_total=0.000 ms ffn_svd_v=0.000 ms ffn_svd_u=0.000 ms
[svd-offload-zero-profile] up_finish=0 up_cache=0 up_no_request=0 gate_finish=0 gate_cache=0 gate_no_request=0 down_finish=0 down_cache=0 down_no_request=0 other_finish=0 other_cache=0 other_no_request=0
[svd-local-timeout-profile] up_keep=0 up_drop=0 up_wait=0.000 ms gate_keep=0 gate_drop=0 gate_wait=0.000 ms down_keep=0 down_drop=0 down_wait=0.000 ms other_keep=0 other_drop=0 other_wait=0.000 ms
[svd-offload-client] up_gate_req=0 down_req=0 other_mat_req=0 ffn_req=0 gate_cache_hits=0 gate_cache_checks=0 miss_invalid=0 miss_layer=0 miss_rank=0 miss_hash=0 miss_output=0 miss_data=0 send_up_gate=0.000 ms send_down=0.000 ms send_other=0.000 ms send_ffn=0.000 ms wait_up_gate=0.000 ms wait_down=0.000 ms wait_other=0.000 ms wait_ffn=0.000 ms
[svd-offload-client-stage-profile] rpc_send_total=0.000 ms rpc_wait_total=0.000 ms
[svd-offload-client-debug] finish_fail_up_gate=0 finish_fail_down=0 finish_fail_other=0 finish_fail_ffn=0 cache_take_fail_up=0 cache_take_fail_gate=0 recv_up_sum_abs=0.000000e+00 recv_up_max_abs=0.000000e+00 recv_up_zero=0 recv_gate_sum_abs=0.000000e+00 recv_gate_max_abs=0.000000e+00 recv_gate_zero=0 recv_down_sum_abs=0.000000e+00 recv_down_max_abs=0.000000e+00 recv_down_zero=0 recv_other_sum_abs=0.000000e+00 recv_other_max_abs=0.000000e+00 recv_other_zero=0 recv_ffn_sum_abs=0.000000e+00 recv_ffn_max_abs=0.000000e+00 recv_ffn_zero=0
SUCCEED (one forward pass done)"
8c_all_100,2,major_only_no_svd,"p=5;major=60,61,62,63,64",ok,"60,61,62,63,64,65,66,67","100,100,100,100,100,100,100,100",22.2893,1435.67,,,,,,59.4015,3.1867265701293945,,,"llama_context: graph splits = 1
attach_threadpool: call
threads: decode=5 batch=5
prompt tokens: 4
running one forward pass (llama_decode) ...
Top-5 next-token candidates:
  id=11 logit=21.0211 piece="",""
  id=3837 logit=19.3304 piece=""，""
  id=1052 logit=19.1368 piece="" there""
  id=304 logit=19.024 piece="" in""
  id=264 logit=18.1601 piece="" a""
Autoregressive generation:
Generated text: , there was a little girl named Lily. She lived in a small village with her family. One day, Lily's mom told her about a magical forest that
Decode-only throughput: 22.2893 tokens/s (32 tokens in 1.43567 s of llama_decode)
End-to-end throughput: 22.1013 tokens/s (32 tokens in 1.44788 s)
[decode-stage-profile] model_load=1319.18 ms context_create=65.7402 ms tokenize=0.548531 ms prefill_decode=59.4015 ms generation_decode=1435.67 ms generation_total=1447.88 ms program_total=2909.97 ms
[svd-local-op-profile] up_ops=0 gate_ops=0 down_ops=0 up_total=0.000 ms gate_total=0.000 ms down_total=0.000 ms up_v=0.000 ms gate_v=0.000 ms down_v=0.000 ms up_u=0.000 ms gate_u=0.000 ms down_u=0.000 ms
[svd-local-stage-profile] attention_total=20.302 ms ffn_total=1021.734 ms ffn_svd_total=0.000 ms ffn_svd_v=0.000 ms ffn_svd_u=0.000 ms
[svd-offload-zero-profile] up_finish=0 up_cache=0 up_no_request=0 gate_finish=0 gate_cache=0 gate_no_request=0 down_finish=0 down_cache=0 down_no_request=0 other_finish=0 other_cache=0 other_no_request=0
[svd-local-timeout-profile] up_keep=0 up_drop=0 up_wait=0.000 ms gate_keep=0 gate_drop=0 gate_wait=0.000 ms down_keep=0 down_drop=0 down_wait=0.000 ms other_keep=0 other_drop=0 other_wait=0.000 ms
[svd-offload-client] up_gate_req=0 down_req=0 other_mat_req=0 ffn_req=0 gate_cache_hits=0 gate_cache_checks=0 miss_invalid=0 miss_layer=0 miss_rank=0 miss_hash=0 miss_output=0 miss_data=0 send_up_gate=0.000 ms send_down=0.000 ms send_other=0.000 ms send_ffn=0.000 ms wait_up_gate=0.000 ms wait_down=0.000 ms wait_other=0.000 ms wait_ffn=0.000 ms
[svd-offload-client-stage-profile] rpc_send_total=0.000 ms rpc_wait_total=0.000 ms
[svd-offload-client-debug] finish_fail_up_gate=0 finish_fail_down=0 finish_fail_other=0 finish_fail_ffn=0 cache_take_fail_up=0 cache_take_fail_gate=0 recv_up_sum_abs=0.000000e+00 recv_up_max_abs=0.000000e+00 recv_up_zero=0 recv_gate_sum_abs=0.000000e+00 recv_gate_max_abs=0.000000e+00 recv_gate_zero=0 recv_down_sum_abs=0.000000e+00 recv_down_max_abs=0.000000e+00 recv_down_zero=0 recv_other_sum_abs=0.000000e+00 recv_other_max_abs=0.000000e+00 recv_other_zero=0 recv_ffn_sum_abs=0.000000e+00 recv_ffn_max_abs=0.000000e+00 recv_ffn_zero=0
SUCCEED (one forward pass done)"
8c_all_100,2,major_only_no_svd,"p=6;major=60,61,62,63,64,65",ok,"60,61,62,63,64,65,66,67","100,100,100,100,100,100,100,100",26.0699,1227.47,,,,,,49.8396,2.8730502128601074,,,"llama_context: graph splits = 1
attach_threadpool: call
threads: decode=6 batch=6
prompt tokens: 4
running one forward pass (llama_decode) ...
Top-5 next-token candidates:
  id=11 logit=21.0211 piece="",""
  id=3837 logit=19.3304 piece=""，""
  id=1052 logit=19.1368 piece="" there""
  id=304 logit=19.024 piece="" in""
  id=264 logit=18.1601 piece="" a""
Autoregressive generation:
Generated text: , there was a little girl named Lily. She lived in a small village with her family. One day, Lily's mom told her about a magical forest that
Decode-only throughput: 26.0699 tokens/s (32 tokens in 1.22747 s of llama_decode)
End-to-end throughput: 25.8121 tokens/s (32 tokens in 1.23973 s)
[decode-stage-profile] model_load=1276.13 ms context_create=70.2961 ms tokenize=0.537927 ms prefill_decode=49.8396 ms generation_decode=1227.47 ms generation_total=1239.73 ms program_total=2653.79 ms
[svd-local-op-profile] up_ops=0 gate_ops=0 down_ops=0 up_total=0.000 ms gate_total=0.000 ms down_total=0.000 ms up_v=0.000 ms gate_v=0.000 ms down_v=0.000 ms up_u=0.000 ms gate_u=0.000 ms down_u=0.000 ms
[svd-local-stage-profile] attention_total=20.855 ms ffn_total=856.018 ms ffn_svd_total=0.000 ms ffn_svd_v=0.000 ms ffn_svd_u=0.000 ms
[svd-offload-zero-profile] up_finish=0 up_cache=0 up_no_request=0 gate_finish=0 gate_cache=0 gate_no_request=0 down_finish=0 down_cache=0 down_no_request=0 other_finish=0 other_cache=0 other_no_request=0
[svd-local-timeout-profile] up_keep=0 up_drop=0 up_wait=0.000 ms gate_keep=0 gate_drop=0 gate_wait=0.000 ms down_keep=0 down_drop=0 down_wait=0.000 ms other_keep=0 other_drop=0 other_wait=0.000 ms
[svd-offload-client] up_gate_req=0 down_req=0 other_mat_req=0 ffn_req=0 gate_cache_hits=0 gate_cache_checks=0 miss_invalid=0 miss_layer=0 miss_rank=0 miss_hash=0 miss_output=0 miss_data=0 send_up_gate=0.000 ms send_down=0.000 ms send_other=0.000 ms send_ffn=0.000 ms wait_up_gate=0.000 ms wait_down=0.000 ms wait_other=0.000 ms wait_ffn=0.000 ms
[svd-offload-client-stage-profile] rpc_send_total=0.000 ms rpc_wait_total=0.000 ms
[svd-offload-client-debug] finish_fail_up_gate=0 finish_fail_down=0 finish_fail_other=0 finish_fail_ffn=0 cache_take_fail_up=0 cache_take_fail_gate=0 recv_up_sum_abs=0.000000e+00 recv_up_max_abs=0.000000e+00 recv_up_zero=0 recv_gate_sum_abs=0.000000e+00 recv_gate_max_abs=0.000000e+00 recv_gate_zero=0 recv_down_sum_abs=0.000000e+00 recv_down_max_abs=0.000000e+00 recv_down_zero=0 recv_other_sum_abs=0.000000e+00 recv_other_max_abs=0.000000e+00 recv_other_zero=0 recv_ffn_sum_abs=0.000000e+00 recv_ffn_max_abs=0.000000e+00 recv_ffn_zero=0
SUCCEED (one forward pass done)"
8c_all_100,2,major_only_no_svd,"p=7;major=60,61,62,63,64,65,66",ok,"60,61,62,63,64,65,66,67","100,100,100,100,100,100,100,100",26.6953,1198.71,,,,,,56.0485,2.710034132003784,,,"llama_context: graph splits = 1
attach_threadpool: call
threads: decode=7 batch=7
prompt tokens: 4
running one forward pass (llama_decode) ...
Top-5 next-token candidates:
  id=11 logit=21.0211 piece="",""
  id=3837 logit=19.3304 piece=""，""
  id=1052 logit=19.1368 piece="" there""
  id=304 logit=19.024 piece="" in""
  id=264 logit=18.1601 piece="" a""
Autoregressive generation:
Generated text: , there was a little girl named Lily. She lived in a small village with her family. One day, Lily's mom told her about a magical forest that
Decode-only throughput: 26.6953 tokens/s (32 tokens in 1.19871 s of llama_decode)
End-to-end throughput: 26.4337 tokens/s (32 tokens in 1.21057 s)
[decode-stage-profile] model_load=1083.55 ms context_create=78.9314 ms tokenize=1.0534 ms prefill_decode=56.0485 ms generation_decode=1198.71 ms generation_total=1210.57 ms program_total=2447.21 ms
[svd-local-op-profile] up_ops=0 gate_ops=0 down_ops=0 up_total=0.000 ms gate_total=0.000 ms down_total=0.000 ms up_v=0.000 ms gate_v=0.000 ms down_v=0.000 ms up_u=0.000 ms gate_u=0.000 ms down_u=0.000 ms
[svd-local-stage-profile] attention_total=26.559 ms ffn_total=839.170 ms ffn_svd_total=0.000 ms ffn_svd_v=0.000 ms ffn_svd_u=0.000 ms
[svd-offload-zero-profile] up_finish=0 up_cache=0 up_no_request=0 gate_finish=0 gate_cache=0 gate_no_request=0 down_finish=0 down_cache=0 down_no_request=0 other_finish=0 other_cache=0 other_no_request=0
[svd-local-timeout-profile] up_keep=0 up_drop=0 up_wait=0.000 ms gate_keep=0 gate_drop=0 gate_wait=0.000 ms down_keep=0 down_drop=0 down_wait=0.000 ms other_keep=0 other_drop=0 other_wait=0.000 ms
[svd-offload-client] up_gate_req=0 down_req=0 other_mat_req=0 ffn_req=0 gate_cache_hits=0 gate_cache_checks=0 miss_invalid=0 miss_layer=0 miss_rank=0 miss_hash=0 miss_output=0 miss_data=0 send_up_gate=0.000 ms send_down=0.000 ms send_other=0.000 ms send_ffn=0.000 ms wait_up_gate=0.000 ms wait_down=0.000 ms wait_other=0.000 ms wait_ffn=0.000 ms
[svd-offload-client-stage-profile] rpc_send_total=0.000 ms rpc_wait_total=0.000 ms
[svd-offload-client-debug] finish_fail_up_gate=0 finish_fail_down=0 finish_fail_other=0 finish_fail_ffn=0 cache_take_fail_up=0 cache_take_fail_gate=0 recv_up_sum_abs=0.000000e+00 recv_up_max_abs=0.000000e+00 recv_up_zero=0 recv_gate_sum_abs=0.000000e+00 recv_gate_max_abs=0.000000e+00 recv_gate_zero=0 recv_down_sum_abs=0.000000e+00 recv_down_max_abs=0.000000e+00 recv_down_zero=0 recv_other_sum_abs=0.000000e+00 recv_other_max_abs=0.000000e+00 recv_other_zero=0 recv_ffn_sum_abs=0.000000e+00 recv_ffn_max_abs=0.000000e+00 recv_ffn_zero=0
SUCCEED (one forward pass done)"
