scenario,repeat,n_cores,cpus,loads,policy,status,schedule_mode,clipped_layers,decode_tok_s,generation_decode_ms,prefill_decode_ms,elapsed_s,succeed,top1_id,top1_piece,output_tail
2c_balanced_mid,0,2,"60,61","50,50",baseline_no_svd,ok,,0,9.23952,108.231,154.043,0.8710434436798096,True,11,",","llama_context: graph splits = 1
attach_threadpool: call
threads: decode=2 batch=2
prompt tokens: 4
running one forward pass (llama_decode) ...
Top-5 next-token candidates:
  id=11 logit=20.2053 piece="",""
  id=304 logit=18.9277 piece="" in""
  id=3837 logit=18.7558 piece=""，""
  id=1052 logit=18.5616 piece="" there""
  id=358 logit=17.8374 piece="" I""
Autoregressive generation:
Generated text: ,
Decode-only throughput: 9.23952 tokens/s (1 tokens in 0.108231 s of llama_decode)
End-to-end throughput: 9.21217 tokens/s (1 tokens in 0.108552 s)
[decode-stage-profile] model_load=368.945 ms context_create=59.1862 ms tokenize=0.441022 ms prefill_decode=154.043 ms generation_decode=108.231 ms generation_total=108.552 ms program_total=707.334 ms
[svd-local-op-profile] up_ops=56 gate_ops=56 down_ops=56 up_total=76.333 ms gate_total=72.518 ms down_total=61.723 ms up_v=15.193 ms gate_v=11.016 ms down_v=51.048 ms up_u=61.132 ms gate_u=61.496 ms down_u=10.673 ms
[svd-local-stage-profile] attention_total=1.649 ms ffn_total=212.589 ms ffn_svd_total=210.574 ms ffn_svd_v=77.257 ms ffn_svd_u=133.301 ms
[svd-offload-zero-profile] up_finish=0 up_cache=0 up_no_request=27 gate_finish=0 gate_cache=0 gate_no_request=27 down_finish=0 down_cache=0 down_no_request=27 other_finish=0 other_cache=0 other_no_request=0
[svd-local-timeout-profile] up_keep=0 up_drop=0 up_wait=0.000 ms gate_keep=0 gate_drop=0 gate_wait=0.000 ms down_keep=0 down_drop=0 down_wait=0.000 ms other_keep=0 other_drop=0 other_wait=0.000 ms
[svd-offload-client] up_gate_req=0 down_req=0 other_mat_req=0 ffn_req=0 gate_cache_hits=0 gate_cache_checks=0 miss_invalid=0 miss_layer=0 miss_rank=0 miss_hash=0 miss_output=0 miss_data=0 send_up_gate=0.000 ms send_down=0.000 ms send_other=0.000 ms send_ffn=0.000 ms wait_up_gate=0.000 ms wait_down=0.000 ms wait_other=0.000 ms wait_ffn=0.000 ms
[svd-offload-client-stage-profile] rpc_send_total=0.000 ms rpc_wait_total=0.000 ms
[svd-offload-client-debug] finish_fail_up_gate=0 finish_fail_down=0 finish_fail_other=0 finish_fail_ffn=0 cache_take_fail_up=0 cache_take_fail_gate=0 recv_up_sum_abs=0.000000e+00 recv_up_max_abs=0.000000e+00 recv_up_zero=0 recv_gate_sum_abs=0.000000e+00 recv_gate_max_abs=0.000000e+00 recv_gate_zero=0 recv_down_sum_abs=0.000000e+00 recv_down_max_abs=0.000000e+00 recv_down_zero=0 recv_other_sum_abs=0.000000e+00 recv_other_max_abs=0.000000e+00 recv_other_zero=0 recv_ffn_sum_abs=0.000000e+00 recv_ffn_max_abs=0.000000e+00 recv_ffn_zero=0
SUCCEED (one forward pass done)"
2c_balanced_mid,0,2,"60,61","50,50",model_schedule,same_as_baseline_no_svd,baseline_no_svd,0,9.23952,108.231,154.043,0.8710434436798096,True,11,",","llama_context: graph splits = 1
attach_threadpool: call
threads: decode=2 batch=2
prompt tokens: 4
running one forward pass (llama_decode) ...
Top-5 next-token candidates:
  id=11 logit=20.2053 piece="",""
  id=304 logit=18.9277 piece="" in""
  id=3837 logit=18.7558 piece=""，""
  id=1052 logit=18.5616 piece="" there""
  id=358 logit=17.8374 piece="" I""
Autoregressive generation:
Generated text: ,
Decode-only throughput: 9.23952 tokens/s (1 tokens in 0.108231 s of llama_decode)
End-to-end throughput: 9.21217 tokens/s (1 tokens in 0.108552 s)
[decode-stage-profile] model_load=368.945 ms context_create=59.1862 ms tokenize=0.441022 ms prefill_decode=154.043 ms generation_decode=108.231 ms generation_total=108.552 ms program_total=707.334 ms
[svd-local-op-profile] up_ops=56 gate_ops=56 down_ops=56 up_total=76.333 ms gate_total=72.518 ms down_total=61.723 ms up_v=15.193 ms gate_v=11.016 ms down_v=51.048 ms up_u=61.132 ms gate_u=61.496 ms down_u=10.673 ms
[svd-local-stage-profile] attention_total=1.649 ms ffn_total=212.589 ms ffn_svd_total=210.574 ms ffn_svd_v=77.257 ms ffn_svd_u=133.301 ms
[svd-offload-zero-profile] up_finish=0 up_cache=0 up_no_request=27 gate_finish=0 gate_cache=0 gate_no_request=27 down_finish=0 down_cache=0 down_no_request=27 other_finish=0 other_cache=0 other_no_request=0
[svd-local-timeout-profile] up_keep=0 up_drop=0 up_wait=0.000 ms gate_keep=0 gate_drop=0 gate_wait=0.000 ms down_keep=0 down_drop=0 down_wait=0.000 ms other_keep=0 other_drop=0 other_wait=0.000 ms
[svd-offload-client] up_gate_req=0 down_req=0 other_mat_req=0 ffn_req=0 gate_cache_hits=0 gate_cache_checks=0 miss_invalid=0 miss_layer=0 miss_rank=0 miss_hash=0 miss_output=0 miss_data=0 send_up_gate=0.000 ms send_down=0.000 ms send_other=0.000 ms send_ffn=0.000 ms wait_up_gate=0.000 ms wait_down=0.000 ms wait_other=0.000 ms wait_ffn=0.000 ms
[svd-offload-client-stage-profile] rpc_send_total=0.000 ms rpc_wait_total=0.000 ms
[svd-offload-client-debug] finish_fail_up_gate=0 finish_fail_down=0 finish_fail_other=0 finish_fail_ffn=0 cache_take_fail_up=0 cache_take_fail_gate=0 recv_up_sum_abs=0.000000e+00 recv_up_max_abs=0.000000e+00 recv_up_zero=0 recv_gate_sum_abs=0.000000e+00 recv_gate_max_abs=0.000000e+00 recv_gate_zero=0 recv_down_sum_abs=0.000000e+00 recv_down_max_abs=0.000000e+00 recv_down_zero=0 recv_other_sum_abs=0.000000e+00 recv_other_max_abs=0.000000e+00 recv_other_zero=0 recv_ffn_sum_abs=0.000000e+00 recv_ffn_max_abs=0.000000e+00 recv_ffn_zero=0
SUCCEED (one forward pass done)"
2c_balanced_mid,1,2,"60,61","50,50",baseline_no_svd,ok,,0,9.50643,105.192,203.888,0.895693302154541,True,11,",","llama_context: graph splits = 1
attach_threadpool: call
threads: decode=2 batch=2
prompt tokens: 4
running one forward pass (llama_decode) ...
Top-5 next-token candidates:
  id=11 logit=20.2053 piece="",""
  id=304 logit=18.9277 piece="" in""
  id=3837 logit=18.7558 piece=""，""
  id=1052 logit=18.5616 piece="" there""
  id=358 logit=17.8374 piece="" I""
Autoregressive generation:
Generated text: ,
Decode-only throughput: 9.50643 tokens/s (1 tokens in 0.105192 s of llama_decode)
End-to-end throughput: 9.47698 tokens/s (1 tokens in 0.105519 s)
[decode-stage-profile] model_load=361.229 ms context_create=60.7411 ms tokenize=0.446338 ms prefill_decode=203.888 ms generation_decode=105.192 ms generation_total=105.519 ms program_total=748.027 ms
[svd-local-op-profile] up_ops=56 gate_ops=56 down_ops=56 up_total=87.964 ms gate_total=87.818 ms down_total=78.924 ms up_v=13.733 ms gate_v=13.362 ms down_v=61.847 ms up_u=74.224 ms gate_u=74.452 ms down_u=17.070 ms
[svd-local-stage-profile] attention_total=1.805 ms ffn_total=256.819 ms ffn_svd_total=254.706 ms ffn_svd_v=88.942 ms ffn_svd_u=165.746 ms
[svd-offload-zero-profile] up_finish=0 up_cache=0 up_no_request=27 gate_finish=0 gate_cache=0 gate_no_request=27 down_finish=0 down_cache=0 down_no_request=27 other_finish=0 other_cache=0 other_no_request=0
[svd-local-timeout-profile] up_keep=0 up_drop=0 up_wait=0.000 ms gate_keep=0 gate_drop=0 gate_wait=0.000 ms down_keep=0 down_drop=0 down_wait=0.000 ms other_keep=0 other_drop=0 other_wait=0.000 ms
[svd-offload-client] up_gate_req=0 down_req=0 other_mat_req=0 ffn_req=0 gate_cache_hits=0 gate_cache_checks=0 miss_invalid=0 miss_layer=0 miss_rank=0 miss_hash=0 miss_output=0 miss_data=0 send_up_gate=0.000 ms send_down=0.000 ms send_other=0.000 ms send_ffn=0.000 ms wait_up_gate=0.000 ms wait_down=0.000 ms wait_other=0.000 ms wait_ffn=0.000 ms
[svd-offload-client-stage-profile] rpc_send_total=0.000 ms rpc_wait_total=0.000 ms
[svd-offload-client-debug] finish_fail_up_gate=0 finish_fail_down=0 finish_fail_other=0 finish_fail_ffn=0 cache_take_fail_up=0 cache_take_fail_gate=0 recv_up_sum_abs=0.000000e+00 recv_up_max_abs=0.000000e+00 recv_up_zero=0 recv_gate_sum_abs=0.000000e+00 recv_gate_max_abs=0.000000e+00 recv_gate_zero=0 recv_down_sum_abs=0.000000e+00 recv_down_max_abs=0.000000e+00 recv_down_zero=0 recv_other_sum_abs=0.000000e+00 recv_other_max_abs=0.000000e+00 recv_other_zero=0 recv_ffn_sum_abs=0.000000e+00 recv_ffn_max_abs=0.000000e+00 recv_ffn_zero=0
SUCCEED (one forward pass done)"
2c_balanced_mid,1,2,"60,61","50,50",model_schedule,same_as_baseline_no_svd,baseline_no_svd,0,9.50643,105.192,203.888,0.895693302154541,True,11,",","llama_context: graph splits = 1
attach_threadpool: call
threads: decode=2 batch=2
prompt tokens: 4
running one forward pass (llama_decode) ...
Top-5 next-token candidates:
  id=11 logit=20.2053 piece="",""
  id=304 logit=18.9277 piece="" in""
  id=3837 logit=18.7558 piece=""，""
  id=1052 logit=18.5616 piece="" there""
  id=358 logit=17.8374 piece="" I""
Autoregressive generation:
Generated text: ,
Decode-only throughput: 9.50643 tokens/s (1 tokens in 0.105192 s of llama_decode)
End-to-end throughput: 9.47698 tokens/s (1 tokens in 0.105519 s)
[decode-stage-profile] model_load=361.229 ms context_create=60.7411 ms tokenize=0.446338 ms prefill_decode=203.888 ms generation_decode=105.192 ms generation_total=105.519 ms program_total=748.027 ms
[svd-local-op-profile] up_ops=56 gate_ops=56 down_ops=56 up_total=87.964 ms gate_total=87.818 ms down_total=78.924 ms up_v=13.733 ms gate_v=13.362 ms down_v=61.847 ms up_u=74.224 ms gate_u=74.452 ms down_u=17.070 ms
[svd-local-stage-profile] attention_total=1.805 ms ffn_total=256.819 ms ffn_svd_total=254.706 ms ffn_svd_v=88.942 ms ffn_svd_u=165.746 ms
[svd-offload-zero-profile] up_finish=0 up_cache=0 up_no_request=27 gate_finish=0 gate_cache=0 gate_no_request=27 down_finish=0 down_cache=0 down_no_request=27 other_finish=0 other_cache=0 other_no_request=0
[svd-local-timeout-profile] up_keep=0 up_drop=0 up_wait=0.000 ms gate_keep=0 gate_drop=0 gate_wait=0.000 ms down_keep=0 down_drop=0 down_wait=0.000 ms other_keep=0 other_drop=0 other_wait=0.000 ms
[svd-offload-client] up_gate_req=0 down_req=0 other_mat_req=0 ffn_req=0 gate_cache_hits=0 gate_cache_checks=0 miss_invalid=0 miss_layer=0 miss_rank=0 miss_hash=0 miss_output=0 miss_data=0 send_up_gate=0.000 ms send_down=0.000 ms send_other=0.000 ms send_ffn=0.000 ms wait_up_gate=0.000 ms wait_down=0.000 ms wait_other=0.000 ms wait_ffn=0.000 ms
[svd-offload-client-stage-profile] rpc_send_total=0.000 ms rpc_wait_total=0.000 ms
[svd-offload-client-debug] finish_fail_up_gate=0 finish_fail_down=0 finish_fail_other=0 finish_fail_ffn=0 cache_take_fail_up=0 cache_take_fail_gate=0 recv_up_sum_abs=0.000000e+00 recv_up_max_abs=0.000000e+00 recv_up_zero=0 recv_gate_sum_abs=0.000000e+00 recv_gate_max_abs=0.000000e+00 recv_gate_zero=0 recv_down_sum_abs=0.000000e+00 recv_down_max_abs=0.000000e+00 recv_down_zero=0 recv_other_sum_abs=0.000000e+00 recv_other_max_abs=0.000000e+00 recv_other_zero=0 recv_ffn_sum_abs=0.000000e+00 recv_ffn_max_abs=0.000000e+00 recv_ffn_zero=0
SUCCEED (one forward pass done)"
2c_balanced_mid,2,2,"60,61","50,50",baseline_no_svd,ok,,0,10.5054,95.1889,157.11,0.8677055835723877,True,11,",","llama_context: graph splits = 1
attach_threadpool: call
threads: decode=2 batch=2
prompt tokens: 4
running one forward pass (llama_decode) ...
Top-5 next-token candidates:
  id=11 logit=20.2053 piece="",""
  id=304 logit=18.9277 piece="" in""
  id=3837 logit=18.7558 piece=""，""
  id=1052 logit=18.5616 piece="" there""
  id=358 logit=17.8374 piece="" I""
Autoregressive generation:
Generated text: ,
Decode-only throughput: 10.5054 tokens/s (1 tokens in 0.0951889 s of llama_decode)
End-to-end throughput: 10.47 tokens/s (1 tokens in 0.0955109 s)
[decode-stage-profile] model_load=389.783 ms context_create=59.0206 ms tokenize=0.451744 ms prefill_decode=157.11 ms generation_decode=95.1889 ms generation_total=95.5109 ms program_total=721.909 ms
[svd-local-op-profile] up_ops=56 gate_ops=56 down_ops=56 up_total=69.245 ms gate_total=70.770 ms down_total=60.296 ms up_v=10.664 ms gate_v=10.761 ms down_v=45.889 ms up_u=58.577 ms gate_u=60.004 ms down_u=14.402 ms
[svd-local-stage-profile] attention_total=1.646 ms ffn_total=202.305 ms ffn_svd_total=200.311 ms ffn_svd_v=67.314 ms ffn_svd_u=132.983 ms
[svd-offload-zero-profile] up_finish=0 up_cache=0 up_no_request=27 gate_finish=0 gate_cache=0 gate_no_request=27 down_finish=0 down_cache=0 down_no_request=27 other_finish=0 other_cache=0 other_no_request=0
[svd-local-timeout-profile] up_keep=0 up_drop=0 up_wait=0.000 ms gate_keep=0 gate_drop=0 gate_wait=0.000 ms down_keep=0 down_drop=0 down_wait=0.000 ms other_keep=0 other_drop=0 other_wait=0.000 ms
[svd-offload-client] up_gate_req=0 down_req=0 other_mat_req=0 ffn_req=0 gate_cache_hits=0 gate_cache_checks=0 miss_invalid=0 miss_layer=0 miss_rank=0 miss_hash=0 miss_output=0 miss_data=0 send_up_gate=0.000 ms send_down=0.000 ms send_other=0.000 ms send_ffn=0.000 ms wait_up_gate=0.000 ms wait_down=0.000 ms wait_other=0.000 ms wait_ffn=0.000 ms
[svd-offload-client-stage-profile] rpc_send_total=0.000 ms rpc_wait_total=0.000 ms
[svd-offload-client-debug] finish_fail_up_gate=0 finish_fail_down=0 finish_fail_other=0 finish_fail_ffn=0 cache_take_fail_up=0 cache_take_fail_gate=0 recv_up_sum_abs=0.000000e+00 recv_up_max_abs=0.000000e+00 recv_up_zero=0 recv_gate_sum_abs=0.000000e+00 recv_gate_max_abs=0.000000e+00 recv_gate_zero=0 recv_down_sum_abs=0.000000e+00 recv_down_max_abs=0.000000e+00 recv_down_zero=0 recv_other_sum_abs=0.000000e+00 recv_other_max_abs=0.000000e+00 recv_other_zero=0 recv_ffn_sum_abs=0.000000e+00 recv_ffn_max_abs=0.000000e+00 recv_ffn_zero=0
SUCCEED (one forward pass done)"
2c_balanced_mid,2,2,"60,61","50,50",model_schedule,same_as_baseline_no_svd,baseline_no_svd,0,10.5054,95.1889,157.11,0.8677055835723877,True,11,",","llama_context: graph splits = 1
attach_threadpool: call
threads: decode=2 batch=2
prompt tokens: 4
running one forward pass (llama_decode) ...
Top-5 next-token candidates:
  id=11 logit=20.2053 piece="",""
  id=304 logit=18.9277 piece="" in""
  id=3837 logit=18.7558 piece=""，""
  id=1052 logit=18.5616 piece="" there""
  id=358 logit=17.8374 piece="" I""
Autoregressive generation:
Generated text: ,
Decode-only throughput: 10.5054 tokens/s (1 tokens in 0.0951889 s of llama_decode)
End-to-end throughput: 10.47 tokens/s (1 tokens in 0.0955109 s)
[decode-stage-profile] model_load=389.783 ms context_create=59.0206 ms tokenize=0.451744 ms prefill_decode=157.11 ms generation_decode=95.1889 ms generation_total=95.5109 ms program_total=721.909 ms
[svd-local-op-profile] up_ops=56 gate_ops=56 down_ops=56 up_total=69.245 ms gate_total=70.770 ms down_total=60.296 ms up_v=10.664 ms gate_v=10.761 ms down_v=45.889 ms up_u=58.577 ms gate_u=60.004 ms down_u=14.402 ms
[svd-local-stage-profile] attention_total=1.646 ms ffn_total=202.305 ms ffn_svd_total=200.311 ms ffn_svd_v=67.314 ms ffn_svd_u=132.983 ms
[svd-offload-zero-profile] up_finish=0 up_cache=0 up_no_request=27 gate_finish=0 gate_cache=0 gate_no_request=27 down_finish=0 down_cache=0 down_no_request=27 other_finish=0 other_cache=0 other_no_request=0
[svd-local-timeout-profile] up_keep=0 up_drop=0 up_wait=0.000 ms gate_keep=0 gate_drop=0 gate_wait=0.000 ms down_keep=0 down_drop=0 down_wait=0.000 ms other_keep=0 other_drop=0 other_wait=0.000 ms
[svd-offload-client] up_gate_req=0 down_req=0 other_mat_req=0 ffn_req=0 gate_cache_hits=0 gate_cache_checks=0 miss_invalid=0 miss_layer=0 miss_rank=0 miss_hash=0 miss_output=0 miss_data=0 send_up_gate=0.000 ms send_down=0.000 ms send_other=0.000 ms send_ffn=0.000 ms wait_up_gate=0.000 ms wait_down=0.000 ms wait_other=0.000 ms wait_ffn=0.000 ms
[svd-offload-client-stage-profile] rpc_send_total=0.000 ms rpc_wait_total=0.000 ms
[svd-offload-client-debug] finish_fail_up_gate=0 finish_fail_down=0 finish_fail_other=0 finish_fail_ffn=0 cache_take_fail_up=0 cache_take_fail_gate=0 recv_up_sum_abs=0.000000e+00 recv_up_max_abs=0.000000e+00 recv_up_zero=0 recv_gate_sum_abs=0.000000e+00 recv_gate_max_abs=0.000000e+00 recv_gate_zero=0 recv_down_sum_abs=0.000000e+00 recv_down_max_abs=0.000000e+00 recv_down_zero=0 recv_other_sum_abs=0.000000e+00 recv_other_max_abs=0.000000e+00 recv_other_zero=0 recv_ffn_sum_abs=0.000000e+00 recv_ffn_max_abs=0.000000e+00 recv_ffn_zero=0
SUCCEED (one forward pass done)"
2c_asym_low_high,0,2,"60,61","20,80",baseline_no_svd,ok,,0,11.8315,84.5203,321.89,0.9734148979187012,True,11,",","llama_context: graph splits = 1
attach_threadpool: call
threads: decode=2 batch=2
prompt tokens: 4
running one forward pass (llama_decode) ...
Top-5 next-token candidates:
  id=11 logit=20.2053 piece="",""
  id=304 logit=18.9277 piece="" in""
  id=3837 logit=18.7558 piece=""，""
  id=1052 logit=18.5616 piece="" there""
  id=358 logit=17.8374 piece="" I""
Autoregressive generation:
Generated text: ,
Decode-only throughput: 11.8315 tokens/s (1 tokens in 0.0845203 s of llama_decode)
End-to-end throughput: 11.7877 tokens/s (1 tokens in 0.0848341 s)
[decode-stage-profile] model_load=354.562 ms context_create=54.7696 ms tokenize=0.446532 ms prefill_decode=321.89 ms generation_decode=84.5203 ms generation_total=84.8341 ms program_total=831.556 ms
[svd-local-op-profile] up_ops=56 gate_ops=56 down_ops=56 up_total=67.981 ms gate_total=64.410 ms down_total=51.737 ms up_v=9.876 ms gate_v=9.823 ms down_v=42.077 ms up_u=58.093 ms gate_u=54.583 ms down_u=9.659 ms
[svd-local-stage-profile] attention_total=57.959 ms ffn_total=185.987 ms ffn_svd_total=184.128 ms ffn_svd_v=61.776 ms ffn_svd_u=122.335 ms
[svd-offload-zero-profile] up_finish=0 up_cache=0 up_no_request=27 gate_finish=0 gate_cache=0 gate_no_request=27 down_finish=0 down_cache=0 down_no_request=27 other_finish=0 other_cache=0 other_no_request=0
[svd-local-timeout-profile] up_keep=0 up_drop=0 up_wait=0.000 ms gate_keep=0 gate_drop=0 gate_wait=0.000 ms down_keep=0 down_drop=0 down_wait=0.000 ms other_keep=0 other_drop=0 other_wait=0.000 ms
[svd-offload-client] up_gate_req=0 down_req=0 other_mat_req=0 ffn_req=0 gate_cache_hits=0 gate_cache_checks=0 miss_invalid=0 miss_layer=0 miss_rank=0 miss_hash=0 miss_output=0 miss_data=0 send_up_gate=0.000 ms send_down=0.000 ms send_other=0.000 ms send_ffn=0.000 ms wait_up_gate=0.000 ms wait_down=0.000 ms wait_other=0.000 ms wait_ffn=0.000 ms
[svd-offload-client-stage-profile] rpc_send_total=0.000 ms rpc_wait_total=0.000 ms
[svd-offload-client-debug] finish_fail_up_gate=0 finish_fail_down=0 finish_fail_other=0 finish_fail_ffn=0 cache_take_fail_up=0 cache_take_fail_gate=0 recv_up_sum_abs=0.000000e+00 recv_up_max_abs=0.000000e+00 recv_up_zero=0 recv_gate_sum_abs=0.000000e+00 recv_gate_max_abs=0.000000e+00 recv_gate_zero=0 recv_down_sum_abs=0.000000e+00 recv_down_max_abs=0.000000e+00 recv_down_zero=0 recv_other_sum_abs=0.000000e+00 recv_other_max_abs=0.000000e+00 recv_other_zero=0 recv_ffn_sum_abs=0.000000e+00 recv_ffn_max_abs=0.000000e+00 recv_ffn_zero=0
SUCCEED (one forward pass done)"
2c_asym_low_high,0,2,"60,61","20,80",model_schedule,same_as_baseline_no_svd,baseline_no_svd,0,11.8315,84.5203,321.89,0.9734148979187012,True,11,",","llama_context: graph splits = 1
attach_threadpool: call
threads: decode=2 batch=2
prompt tokens: 4
running one forward pass (llama_decode) ...
Top-5 next-token candidates:
  id=11 logit=20.2053 piece="",""
  id=304 logit=18.9277 piece="" in""
  id=3837 logit=18.7558 piece=""，""
  id=1052 logit=18.5616 piece="" there""
  id=358 logit=17.8374 piece="" I""
Autoregressive generation:
Generated text: ,
Decode-only throughput: 11.8315 tokens/s (1 tokens in 0.0845203 s of llama_decode)
End-to-end throughput: 11.7877 tokens/s (1 tokens in 0.0848341 s)
[decode-stage-profile] model_load=354.562 ms context_create=54.7696 ms tokenize=0.446532 ms prefill_decode=321.89 ms generation_decode=84.5203 ms generation_total=84.8341 ms program_total=831.556 ms
[svd-local-op-profile] up_ops=56 gate_ops=56 down_ops=56 up_total=67.981 ms gate_total=64.410 ms down_total=51.737 ms up_v=9.876 ms gate_v=9.823 ms down_v=42.077 ms up_u=58.093 ms gate_u=54.583 ms down_u=9.659 ms
[svd-local-stage-profile] attention_total=57.959 ms ffn_total=185.987 ms ffn_svd_total=184.128 ms ffn_svd_v=61.776 ms ffn_svd_u=122.335 ms
[svd-offload-zero-profile] up_finish=0 up_cache=0 up_no_request=27 gate_finish=0 gate_cache=0 gate_no_request=27 down_finish=0 down_cache=0 down_no_request=27 other_finish=0 other_cache=0 other_no_request=0
[svd-local-timeout-profile] up_keep=0 up_drop=0 up_wait=0.000 ms gate_keep=0 gate_drop=0 gate_wait=0.000 ms down_keep=0 down_drop=0 down_wait=0.000 ms other_keep=0 other_drop=0 other_wait=0.000 ms
[svd-offload-client] up_gate_req=0 down_req=0 other_mat_req=0 ffn_req=0 gate_cache_hits=0 gate_cache_checks=0 miss_invalid=0 miss_layer=0 miss_rank=0 miss_hash=0 miss_output=0 miss_data=0 send_up_gate=0.000 ms send_down=0.000 ms send_other=0.000 ms send_ffn=0.000 ms wait_up_gate=0.000 ms wait_down=0.000 ms wait_other=0.000 ms wait_ffn=0.000 ms
[svd-offload-client-stage-profile] rpc_send_total=0.000 ms rpc_wait_total=0.000 ms
[svd-offload-client-debug] finish_fail_up_gate=0 finish_fail_down=0 finish_fail_other=0 finish_fail_ffn=0 cache_take_fail_up=0 cache_take_fail_gate=0 recv_up_sum_abs=0.000000e+00 recv_up_max_abs=0.000000e+00 recv_up_zero=0 recv_gate_sum_abs=0.000000e+00 recv_gate_max_abs=0.000000e+00 recv_gate_zero=0 recv_down_sum_abs=0.000000e+00 recv_down_max_abs=0.000000e+00 recv_down_zero=0 recv_other_sum_abs=0.000000e+00 recv_other_max_abs=0.000000e+00 recv_other_zero=0 recv_ffn_sum_abs=0.000000e+00 recv_ffn_max_abs=0.000000e+00 recv_ffn_zero=0
SUCCEED (one forward pass done)"
2c_asym_low_high,1,2,"60,61","20,80",baseline_no_svd,ok,,0,9.84292,101.596,202.125,0.8811924457550049,True,11,",","llama_context: graph splits = 1
attach_threadpool: call
threads: decode=2 batch=2
prompt tokens: 4
running one forward pass (llama_decode) ...
Top-5 next-token candidates:
  id=11 logit=20.2053 piece="",""
  id=304 logit=18.9277 piece="" in""
  id=3837 logit=18.7558 piece=""，""
  id=1052 logit=18.5616 piece="" there""
  id=358 logit=17.8374 piece="" I""
Autoregressive generation:
Generated text: ,
Decode-only throughput: 9.84292 tokens/s (1 tokens in 0.101596 s of llama_decode)
End-to-end throughput: 9.81265 tokens/s (1 tokens in 0.101909 s)
[decode-stage-profile] model_load=356.052 ms context_create=56.0783 ms tokenize=0.448202 ms prefill_decode=202.125 ms generation_decode=101.596 ms generation_total=101.909 ms program_total=735.862 ms
[svd-local-op-profile] up_ops=56 gate_ops=56 down_ops=56 up_total=90.733 ms gate_total=86.534 ms down_total=74.846 ms up_v=13.516 ms gate_v=13.081 ms down_v=62.033 ms up_u=77.211 ms gate_u=73.449 ms down_u=12.806 ms
[svd-local-stage-profile] attention_total=1.740 ms ffn_total=254.076 ms ffn_svd_total=252.113 ms ffn_svd_v=88.630 ms ffn_svd_u=163.466 ms
[svd-offload-zero-profile] up_finish=0 up_cache=0 up_no_request=27 gate_finish=0 gate_cache=0 gate_no_request=27 down_finish=0 down_cache=0 down_no_request=27 other_finish=0 other_cache=0 other_no_request=0
[svd-local-timeout-profile] up_keep=0 up_drop=0 up_wait=0.000 ms gate_keep=0 gate_drop=0 gate_wait=0.000 ms down_keep=0 down_drop=0 down_wait=0.000 ms other_keep=0 other_drop=0 other_wait=0.000 ms
[svd-offload-client] up_gate_req=0 down_req=0 other_mat_req=0 ffn_req=0 gate_cache_hits=0 gate_cache_checks=0 miss_invalid=0 miss_layer=0 miss_rank=0 miss_hash=0 miss_output=0 miss_data=0 send_up_gate=0.000 ms send_down=0.000 ms send_other=0.000 ms send_ffn=0.000 ms wait_up_gate=0.000 ms wait_down=0.000 ms wait_other=0.000 ms wait_ffn=0.000 ms
[svd-offload-client-stage-profile] rpc_send_total=0.000 ms rpc_wait_total=0.000 ms
[svd-offload-client-debug] finish_fail_up_gate=0 finish_fail_down=0 finish_fail_other=0 finish_fail_ffn=0 cache_take_fail_up=0 cache_take_fail_gate=0 recv_up_sum_abs=0.000000e+00 recv_up_max_abs=0.000000e+00 recv_up_zero=0 recv_gate_sum_abs=0.000000e+00 recv_gate_max_abs=0.000000e+00 recv_gate_zero=0 recv_down_sum_abs=0.000000e+00 recv_down_max_abs=0.000000e+00 recv_down_zero=0 recv_other_sum_abs=0.000000e+00 recv_other_max_abs=0.000000e+00 recv_other_zero=0 recv_ffn_sum_abs=0.000000e+00 recv_ffn_max_abs=0.000000e+00 recv_ffn_zero=0
SUCCEED (one forward pass done)"
2c_asym_low_high,1,2,"60,61","20,80",model_schedule,same_as_baseline_no_svd,baseline_no_svd,0,9.84292,101.596,202.125,0.8811924457550049,True,11,",","llama_context: graph splits = 1
attach_threadpool: call
threads: decode=2 batch=2
prompt tokens: 4
running one forward pass (llama_decode) ...
Top-5 next-token candidates:
  id=11 logit=20.2053 piece="",""
  id=304 logit=18.9277 piece="" in""
  id=3837 logit=18.7558 piece=""，""
  id=1052 logit=18.5616 piece="" there""
  id=358 logit=17.8374 piece="" I""
Autoregressive generation:
Generated text: ,
Decode-only throughput: 9.84292 tokens/s (1 tokens in 0.101596 s of llama_decode)
End-to-end throughput: 9.81265 tokens/s (1 tokens in 0.101909 s)
[decode-stage-profile] model_load=356.052 ms context_create=56.0783 ms tokenize=0.448202 ms prefill_decode=202.125 ms generation_decode=101.596 ms generation_total=101.909 ms program_total=735.862 ms
[svd-local-op-profile] up_ops=56 gate_ops=56 down_ops=56 up_total=90.733 ms gate_total=86.534 ms down_total=74.846 ms up_v=13.516 ms gate_v=13.081 ms down_v=62.033 ms up_u=77.211 ms gate_u=73.449 ms down_u=12.806 ms
[svd-local-stage-profile] attention_total=1.740 ms ffn_total=254.076 ms ffn_svd_total=252.113 ms ffn_svd_v=88.630 ms ffn_svd_u=163.466 ms
[svd-offload-zero-profile] up_finish=0 up_cache=0 up_no_request=27 gate_finish=0 gate_cache=0 gate_no_request=27 down_finish=0 down_cache=0 down_no_request=27 other_finish=0 other_cache=0 other_no_request=0
[svd-local-timeout-profile] up_keep=0 up_drop=0 up_wait=0.000 ms gate_keep=0 gate_drop=0 gate_wait=0.000 ms down_keep=0 down_drop=0 down_wait=0.000 ms other_keep=0 other_drop=0 other_wait=0.000 ms
[svd-offload-client] up_gate_req=0 down_req=0 other_mat_req=0 ffn_req=0 gate_cache_hits=0 gate_cache_checks=0 miss_invalid=0 miss_layer=0 miss_rank=0 miss_hash=0 miss_output=0 miss_data=0 send_up_gate=0.000 ms send_down=0.000 ms send_other=0.000 ms send_ffn=0.000 ms wait_up_gate=0.000 ms wait_down=0.000 ms wait_other=0.000 ms wait_ffn=0.000 ms
[svd-offload-client-stage-profile] rpc_send_total=0.000 ms rpc_wait_total=0.000 ms
[svd-offload-client-debug] finish_fail_up_gate=0 finish_fail_down=0 finish_fail_other=0 finish_fail_ffn=0 cache_take_fail_up=0 cache_take_fail_gate=0 recv_up_sum_abs=0.000000e+00 recv_up_max_abs=0.000000e+00 recv_up_zero=0 recv_gate_sum_abs=0.000000e+00 recv_gate_max_abs=0.000000e+00 recv_gate_zero=0 recv_down_sum_abs=0.000000e+00 recv_down_max_abs=0.000000e+00 recv_down_zero=0 recv_other_sum_abs=0.000000e+00 recv_other_max_abs=0.000000e+00 recv_other_zero=0 recv_ffn_sum_abs=0.000000e+00 recv_ffn_max_abs=0.000000e+00 recv_ffn_zero=0
SUCCEED (one forward pass done)"
2c_asym_low_high,2,2,"60,61","20,80",baseline_no_svd,ok,,0,10.68,93.6325,178.774,0.8712818622589111,True,11,",","llama_context: graph splits = 1
attach_threadpool: call
threads: decode=2 batch=2
prompt tokens: 4
running one forward pass (llama_decode) ...
Top-5 next-token candidates:
  id=11 logit=20.2053 piece="",""
  id=304 logit=18.9277 piece="" in""
  id=3837 logit=18.7558 piece=""，""
  id=1052 logit=18.5616 piece="" there""
  id=358 logit=17.8374 piece="" I""
Autoregressive generation:
Generated text: ,
Decode-only throughput: 10.68 tokens/s (1 tokens in 0.0936325 s of llama_decode)
End-to-end throughput: 10.6442 tokens/s (1 tokens in 0.0939477 s)
[decode-stage-profile] model_load=376.494 ms context_create=62.5499 ms tokenize=0.460523 ms prefill_decode=178.774 ms generation_decode=93.6325 ms generation_total=93.9477 ms program_total=728.152 ms
[svd-local-op-profile] up_ops=56 gate_ops=56 down_ops=56 up_total=78.503 ms gate_total=80.177 ms down_total=61.497 ms up_v=11.842 ms gate_v=11.618 ms down_v=50.176 ms up_u=66.655 ms gate_u=68.555 ms down_u=11.319 ms
[svd-local-stage-profile] attention_total=1.683 ms ffn_total=222.150 ms ffn_svd_total=220.177 ms ffn_svd_v=73.636 ms ffn_svd_u=146.529 ms
[svd-offload-zero-profile] up_finish=0 up_cache=0 up_no_request=27 gate_finish=0 gate_cache=0 gate_no_request=27 down_finish=0 down_cache=0 down_no_request=27 other_finish=0 other_cache=0 other_no_request=0
[svd-local-timeout-profile] up_keep=0 up_drop=0 up_wait=0.000 ms gate_keep=0 gate_drop=0 gate_wait=0.000 ms down_keep=0 down_drop=0 down_wait=0.000 ms other_keep=0 other_drop=0 other_wait=0.000 ms
[svd-offload-client] up_gate_req=0 down_req=0 other_mat_req=0 ffn_req=0 gate_cache_hits=0 gate_cache_checks=0 miss_invalid=0 miss_layer=0 miss_rank=0 miss_hash=0 miss_output=0 miss_data=0 send_up_gate=0.000 ms send_down=0.000 ms send_other=0.000 ms send_ffn=0.000 ms wait_up_gate=0.000 ms wait_down=0.000 ms wait_other=0.000 ms wait_ffn=0.000 ms
[svd-offload-client-stage-profile] rpc_send_total=0.000 ms rpc_wait_total=0.000 ms
[svd-offload-client-debug] finish_fail_up_gate=0 finish_fail_down=0 finish_fail_other=0 finish_fail_ffn=0 cache_take_fail_up=0 cache_take_fail_gate=0 recv_up_sum_abs=0.000000e+00 recv_up_max_abs=0.000000e+00 recv_up_zero=0 recv_gate_sum_abs=0.000000e+00 recv_gate_max_abs=0.000000e+00 recv_gate_zero=0 recv_down_sum_abs=0.000000e+00 recv_down_max_abs=0.000000e+00 recv_down_zero=0 recv_other_sum_abs=0.000000e+00 recv_other_max_abs=0.000000e+00 recv_other_zero=0 recv_ffn_sum_abs=0.000000e+00 recv_ffn_max_abs=0.000000e+00 recv_ffn_zero=0
SUCCEED (one forward pass done)"
2c_asym_low_high,2,2,"60,61","20,80",model_schedule,same_as_baseline_no_svd,baseline_no_svd,0,10.68,93.6325,178.774,0.8712818622589111,True,11,",","llama_context: graph splits = 1
attach_threadpool: call
threads: decode=2 batch=2
prompt tokens: 4
running one forward pass (llama_decode) ...
Top-5 next-token candidates:
  id=11 logit=20.2053 piece="",""
  id=304 logit=18.9277 piece="" in""
  id=3837 logit=18.7558 piece=""，""
  id=1052 logit=18.5616 piece="" there""
  id=358 logit=17.8374 piece="" I""
Autoregressive generation:
Generated text: ,
Decode-only throughput: 10.68 tokens/s (1 tokens in 0.0936325 s of llama_decode)
End-to-end throughput: 10.6442 tokens/s (1 tokens in 0.0939477 s)
[decode-stage-profile] model_load=376.494 ms context_create=62.5499 ms tokenize=0.460523 ms prefill_decode=178.774 ms generation_decode=93.6325 ms generation_total=93.9477 ms program_total=728.152 ms
[svd-local-op-profile] up_ops=56 gate_ops=56 down_ops=56 up_total=78.503 ms gate_total=80.177 ms down_total=61.497 ms up_v=11.842 ms gate_v=11.618 ms down_v=50.176 ms up_u=66.655 ms gate_u=68.555 ms down_u=11.319 ms
[svd-local-stage-profile] attention_total=1.683 ms ffn_total=222.150 ms ffn_svd_total=220.177 ms ffn_svd_v=73.636 ms ffn_svd_u=146.529 ms
[svd-offload-zero-profile] up_finish=0 up_cache=0 up_no_request=27 gate_finish=0 gate_cache=0 gate_no_request=27 down_finish=0 down_cache=0 down_no_request=27 other_finish=0 other_cache=0 other_no_request=0
[svd-local-timeout-profile] up_keep=0 up_drop=0 up_wait=0.000 ms gate_keep=0 gate_drop=0 gate_wait=0.000 ms down_keep=0 down_drop=0 down_wait=0.000 ms other_keep=0 other_drop=0 other_wait=0.000 ms
[svd-offload-client] up_gate_req=0 down_req=0 other_mat_req=0 ffn_req=0 gate_cache_hits=0 gate_cache_checks=0 miss_invalid=0 miss_layer=0 miss_rank=0 miss_hash=0 miss_output=0 miss_data=0 send_up_gate=0.000 ms send_down=0.000 ms send_other=0.000 ms send_ffn=0.000 ms wait_up_gate=0.000 ms wait_down=0.000 ms wait_other=0.000 ms wait_ffn=0.000 ms
[svd-offload-client-stage-profile] rpc_send_total=0.000 ms rpc_wait_total=0.000 ms
[svd-offload-client-debug] finish_fail_up_gate=0 finish_fail_down=0 finish_fail_other=0 finish_fail_ffn=0 cache_take_fail_up=0 cache_take_fail_gate=0 recv_up_sum_abs=0.000000e+00 recv_up_max_abs=0.000000e+00 recv_up_zero=0 recv_gate_sum_abs=0.000000e+00 recv_gate_max_abs=0.000000e+00 recv_gate_zero=0 recv_down_sum_abs=0.000000e+00 recv_down_max_abs=0.000000e+00 recv_down_zero=0 recv_other_sum_abs=0.000000e+00 recv_other_max_abs=0.000000e+00 recv_other_zero=0 recv_ffn_sum_abs=0.000000e+00 recv_ffn_max_abs=0.000000e+00 recv_ffn_zero=0
SUCCEED (one forward pass done)"
2c_idle_saturated,0,2,"60,61","0,100",baseline_no_svd,ok,,0,11.3811,87.865,143.809,0.8020248413085938,True,11,",","llama_context: graph splits = 1
attach_threadpool: call
threads: decode=2 batch=2
prompt tokens: 4
running one forward pass (llama_decode) ...
Top-5 next-token candidates:
  id=11 logit=20.2053 piece="",""
  id=304 logit=18.9277 piece="" in""
  id=3837 logit=18.7558 piece=""，""
  id=1052 logit=18.5616 piece="" there""
  id=358 logit=17.8374 piece="" I""
Autoregressive generation:
Generated text: ,
Decode-only throughput: 11.3811 tokens/s (1 tokens in 0.087865 s of llama_decode)
End-to-end throughput: 11.3403 tokens/s (1 tokens in 0.0881812 s)
[decode-stage-profile] model_load=358.502 ms context_create=53.3309 ms tokenize=0.440224 ms prefill_decode=143.809 ms generation_decode=87.865 ms generation_total=88.1812 ms program_total=658.595 ms
[svd-local-op-profile] up_ops=56 gate_ops=56 down_ops=56 up_total=65.431 ms gate_total=68.161 ms down_total=51.398 ms up_v=9.667 ms gate_v=9.583 ms down_v=41.666 ms up_u=55.760 ms gate_u=58.572 ms down_u=9.726 ms
[svd-local-stage-profile] attention_total=1.476 ms ffn_total=186.895 ms ffn_svd_total=184.990 ms ffn_svd_v=60.916 ms ffn_svd_u=124.058 ms
[svd-offload-zero-profile] up_finish=0 up_cache=0 up_no_request=27 gate_finish=0 gate_cache=0 gate_no_request=27 down_finish=0 down_cache=0 down_no_request=27 other_finish=0 other_cache=0 other_no_request=0
[svd-local-timeout-profile] up_keep=0 up_drop=0 up_wait=0.000 ms gate_keep=0 gate_drop=0 gate_wait=0.000 ms down_keep=0 down_drop=0 down_wait=0.000 ms other_keep=0 other_drop=0 other_wait=0.000 ms
[svd-offload-client] up_gate_req=0 down_req=0 other_mat_req=0 ffn_req=0 gate_cache_hits=0 gate_cache_checks=0 miss_invalid=0 miss_layer=0 miss_rank=0 miss_hash=0 miss_output=0 miss_data=0 send_up_gate=0.000 ms send_down=0.000 ms send_other=0.000 ms send_ffn=0.000 ms wait_up_gate=0.000 ms wait_down=0.000 ms wait_other=0.000 ms wait_ffn=0.000 ms
[svd-offload-client-stage-profile] rpc_send_total=0.000 ms rpc_wait_total=0.000 ms
[svd-offload-client-debug] finish_fail_up_gate=0 finish_fail_down=0 finish_fail_other=0 finish_fail_ffn=0 cache_take_fail_up=0 cache_take_fail_gate=0 recv_up_sum_abs=0.000000e+00 recv_up_max_abs=0.000000e+00 recv_up_zero=0 recv_gate_sum_abs=0.000000e+00 recv_gate_max_abs=0.000000e+00 recv_gate_zero=0 recv_down_sum_abs=0.000000e+00 recv_down_max_abs=0.000000e+00 recv_down_zero=0 recv_other_sum_abs=0.000000e+00 recv_other_max_abs=0.000000e+00 recv_other_zero=0 recv_ffn_sum_abs=0.000000e+00 recv_ffn_max_abs=0.000000e+00 recv_ffn_zero=0
SUCCEED (one forward pass done)"
2c_idle_saturated,0,2,"60,61","0,100",model_schedule,same_as_baseline_no_svd,baseline_no_svd,0,11.3811,87.865,143.809,0.8020248413085938,True,11,",","llama_context: graph splits = 1
attach_threadpool: call
threads: decode=2 batch=2
prompt tokens: 4
running one forward pass (llama_decode) ...
Top-5 next-token candidates:
  id=11 logit=20.2053 piece="",""
  id=304 logit=18.9277 piece="" in""
  id=3837 logit=18.7558 piece=""，""
  id=1052 logit=18.5616 piece="" there""
  id=358 logit=17.8374 piece="" I""
Autoregressive generation:
Generated text: ,
Decode-only throughput: 11.3811 tokens/s (1 tokens in 0.087865 s of llama_decode)
End-to-end throughput: 11.3403 tokens/s (1 tokens in 0.0881812 s)
[decode-stage-profile] model_load=358.502 ms context_create=53.3309 ms tokenize=0.440224 ms prefill_decode=143.809 ms generation_decode=87.865 ms generation_total=88.1812 ms program_total=658.595 ms
[svd-local-op-profile] up_ops=56 gate_ops=56 down_ops=56 up_total=65.431 ms gate_total=68.161 ms down_total=51.398 ms up_v=9.667 ms gate_v=9.583 ms down_v=41.666 ms up_u=55.760 ms gate_u=58.572 ms down_u=9.726 ms
[svd-local-stage-profile] attention_total=1.476 ms ffn_total=186.895 ms ffn_svd_total=184.990 ms ffn_svd_v=60.916 ms ffn_svd_u=124.058 ms
[svd-offload-zero-profile] up_finish=0 up_cache=0 up_no_request=27 gate_finish=0 gate_cache=0 gate_no_request=27 down_finish=0 down_cache=0 down_no_request=27 other_finish=0 other_cache=0 other_no_request=0
[svd-local-timeout-profile] up_keep=0 up_drop=0 up_wait=0.000 ms gate_keep=0 gate_drop=0 gate_wait=0.000 ms down_keep=0 down_drop=0 down_wait=0.000 ms other_keep=0 other_drop=0 other_wait=0.000 ms
[svd-offload-client] up_gate_req=0 down_req=0 other_mat_req=0 ffn_req=0 gate_cache_hits=0 gate_cache_checks=0 miss_invalid=0 miss_layer=0 miss_rank=0 miss_hash=0 miss_output=0 miss_data=0 send_up_gate=0.000 ms send_down=0.000 ms send_other=0.000 ms send_ffn=0.000 ms wait_up_gate=0.000 ms wait_down=0.000 ms wait_other=0.000 ms wait_ffn=0.000 ms
[svd-offload-client-stage-profile] rpc_send_total=0.000 ms rpc_wait_total=0.000 ms
[svd-offload-client-debug] finish_fail_up_gate=0 finish_fail_down=0 finish_fail_other=0 finish_fail_ffn=0 cache_take_fail_up=0 cache_take_fail_gate=0 recv_up_sum_abs=0.000000e+00 recv_up_max_abs=0.000000e+00 recv_up_zero=0 recv_gate_sum_abs=0.000000e+00 recv_gate_max_abs=0.000000e+00 recv_gate_zero=0 recv_down_sum_abs=0.000000e+00 recv_down_max_abs=0.000000e+00 recv_down_zero=0 recv_other_sum_abs=0.000000e+00 recv_other_max_abs=0.000000e+00 recv_other_zero=0 recv_ffn_sum_abs=0.000000e+00 recv_ffn_max_abs=0.000000e+00 recv_ffn_zero=0
SUCCEED (one forward pass done)"
2c_idle_saturated,1,2,"60,61","0,100",baseline_no_svd,ok,,0,11.4314,87.4787,144.847,0.807011604309082,True,11,",","llama_context: graph splits = 1
attach_threadpool: call
threads: decode=2 batch=2
prompt tokens: 4
running one forward pass (llama_decode) ...
Top-5 next-token candidates:
  id=11 logit=20.2053 piece="",""
  id=304 logit=18.9277 piece="" in""
  id=3837 logit=18.7558 piece=""，""
  id=1052 logit=18.5616 piece="" there""
  id=358 logit=17.8374 piece="" I""
Autoregressive generation:
Generated text: ,
Decode-only throughput: 11.4314 tokens/s (1 tokens in 0.0874787 s of llama_decode)
End-to-end throughput: 11.3902 tokens/s (1 tokens in 0.0877951 s)
[decode-stage-profile] model_load=363.423 ms context_create=55.7568 ms tokenize=0.448114 ms prefill_decode=144.847 ms generation_decode=87.4787 ms generation_total=87.7951 ms program_total=668.09 ms
[svd-local-op-profile] up_ops=56 gate_ops=56 down_ops=56 up_total=69.730 ms gate_total=64.381 ms down_total=51.504 ms up_v=9.733 ms gate_v=9.693 ms down_v=41.756 ms up_u=59.993 ms gate_u=54.679 ms down_u=9.747 ms
[svd-local-stage-profile] attention_total=1.561 ms ffn_total=187.512 ms ffn_svd_total=185.615 ms ffn_svd_v=61.182 ms ffn_svd_u=124.419 ms
[svd-offload-zero-profile] up_finish=0 up_cache=0 up_no_request=27 gate_finish=0 gate_cache=0 gate_no_request=27 down_finish=0 down_cache=0 down_no_request=27 other_finish=0 other_cache=0 other_no_request=0
[svd-local-timeout-profile] up_keep=0 up_drop=0 up_wait=0.000 ms gate_keep=0 gate_drop=0 gate_wait=0.000 ms down_keep=0 down_drop=0 down_wait=0.000 ms other_keep=0 other_drop=0 other_wait=0.000 ms
[svd-offload-client] up_gate_req=0 down_req=0 other_mat_req=0 ffn_req=0 gate_cache_hits=0 gate_cache_checks=0 miss_invalid=0 miss_layer=0 miss_rank=0 miss_hash=0 miss_output=0 miss_data=0 send_up_gate=0.000 ms send_down=0.000 ms send_other=0.000 ms send_ffn=0.000 ms wait_up_gate=0.000 ms wait_down=0.000 ms wait_other=0.000 ms wait_ffn=0.000 ms
[svd-offload-client-stage-profile] rpc_send_total=0.000 ms rpc_wait_total=0.000 ms
[svd-offload-client-debug] finish_fail_up_gate=0 finish_fail_down=0 finish_fail_other=0 finish_fail_ffn=0 cache_take_fail_up=0 cache_take_fail_gate=0 recv_up_sum_abs=0.000000e+00 recv_up_max_abs=0.000000e+00 recv_up_zero=0 recv_gate_sum_abs=0.000000e+00 recv_gate_max_abs=0.000000e+00 recv_gate_zero=0 recv_down_sum_abs=0.000000e+00 recv_down_max_abs=0.000000e+00 recv_down_zero=0 recv_other_sum_abs=0.000000e+00 recv_other_max_abs=0.000000e+00 recv_other_zero=0 recv_ffn_sum_abs=0.000000e+00 recv_ffn_max_abs=0.000000e+00 recv_ffn_zero=0
SUCCEED (one forward pass done)"
2c_idle_saturated,1,2,"60,61","0,100",model_schedule,same_as_baseline_no_svd,baseline_no_svd,0,11.4314,87.4787,144.847,0.807011604309082,True,11,",","llama_context: graph splits = 1
attach_threadpool: call
threads: decode=2 batch=2
prompt tokens: 4
running one forward pass (llama_decode) ...
Top-5 next-token candidates:
  id=11 logit=20.2053 piece="",""
  id=304 logit=18.9277 piece="" in""
  id=3837 logit=18.7558 piece=""，""
  id=1052 logit=18.5616 piece="" there""
  id=358 logit=17.8374 piece="" I""
Autoregressive generation:
Generated text: ,
Decode-only throughput: 11.4314 tokens/s (1 tokens in 0.0874787 s of llama_decode)
End-to-end throughput: 11.3902 tokens/s (1 tokens in 0.0877951 s)
[decode-stage-profile] model_load=363.423 ms context_create=55.7568 ms tokenize=0.448114 ms prefill_decode=144.847 ms generation_decode=87.4787 ms generation_total=87.7951 ms program_total=668.09 ms
[svd-local-op-profile] up_ops=56 gate_ops=56 down_ops=56 up_total=69.730 ms gate_total=64.381 ms down_total=51.504 ms up_v=9.733 ms gate_v=9.693 ms down_v=41.756 ms up_u=59.993 ms gate_u=54.679 ms down_u=9.747 ms
[svd-local-stage-profile] attention_total=1.561 ms ffn_total=187.512 ms ffn_svd_total=185.615 ms ffn_svd_v=61.182 ms ffn_svd_u=124.419 ms
[svd-offload-zero-profile] up_finish=0 up_cache=0 up_no_request=27 gate_finish=0 gate_cache=0 gate_no_request=27 down_finish=0 down_cache=0 down_no_request=27 other_finish=0 other_cache=0 other_no_request=0
[svd-local-timeout-profile] up_keep=0 up_drop=0 up_wait=0.000 ms gate_keep=0 gate_drop=0 gate_wait=0.000 ms down_keep=0 down_drop=0 down_wait=0.000 ms other_keep=0 other_drop=0 other_wait=0.000 ms
[svd-offload-client] up_gate_req=0 down_req=0 other_mat_req=0 ffn_req=0 gate_cache_hits=0 gate_cache_checks=0 miss_invalid=0 miss_layer=0 miss_rank=0 miss_hash=0 miss_output=0 miss_data=0 send_up_gate=0.000 ms send_down=0.000 ms send_other=0.000 ms send_ffn=0.000 ms wait_up_gate=0.000 ms wait_down=0.000 ms wait_other=0.000 ms wait_ffn=0.000 ms
[svd-offload-client-stage-profile] rpc_send_total=0.000 ms rpc_wait_total=0.000 ms
[svd-offload-client-debug] finish_fail_up_gate=0 finish_fail_down=0 finish_fail_other=0 finish_fail_ffn=0 cache_take_fail_up=0 cache_take_fail_gate=0 recv_up_sum_abs=0.000000e+00 recv_up_max_abs=0.000000e+00 recv_up_zero=0 recv_gate_sum_abs=0.000000e+00 recv_gate_max_abs=0.000000e+00 recv_gate_zero=0 recv_down_sum_abs=0.000000e+00 recv_down_max_abs=0.000000e+00 recv_down_zero=0 recv_other_sum_abs=0.000000e+00 recv_other_max_abs=0.000000e+00 recv_other_zero=0 recv_ffn_sum_abs=0.000000e+00 recv_ffn_max_abs=0.000000e+00 recv_ffn_zero=0
SUCCEED (one forward pass done)"
2c_idle_saturated,2,2,"60,61","0,100",baseline_no_svd,ok,,0,11.3022,88.4781,144.486,0.7898850440979004,True,11,",","llama_context: graph splits = 1
attach_threadpool: call
threads: decode=2 batch=2
prompt tokens: 4
running one forward pass (llama_decode) ...
Top-5 next-token candidates:
  id=11 logit=20.2053 piece="",""
  id=304 logit=18.9277 piece="" in""
  id=3837 logit=18.7558 piece=""，""
  id=1052 logit=18.5616 piece="" there""
  id=358 logit=17.8374 piece="" I""
Autoregressive generation:
Generated text: ,
Decode-only throughput: 11.3022 tokens/s (1 tokens in 0.0884781 s of llama_decode)
End-to-end throughput: 11.2623 tokens/s (1 tokens in 0.0887917 s)
[decode-stage-profile] model_load=362.886 ms context_create=51.8037 ms tokenize=0.447931 ms prefill_decode=144.486 ms generation_decode=88.4781 ms generation_total=88.7917 ms program_total=661.087 ms
[svd-local-op-profile] up_ops=56 gate_ops=56 down_ops=56 up_total=65.958 ms gate_total=68.622 ms down_total=51.685 ms up_v=9.892 ms gate_v=9.703 ms down_v=42.039 ms up_u=56.059 ms gate_u=58.908 ms down_u=9.639 ms
[svd-local-stage-profile] attention_total=1.396 ms ffn_total=188.199 ms ffn_svd_total=186.265 ms ffn_svd_v=61.634 ms ffn_svd_u=124.606 ms
[svd-offload-zero-profile] up_finish=0 up_cache=0 up_no_request=27 gate_finish=0 gate_cache=0 gate_no_request=27 down_finish=0 down_cache=0 down_no_request=27 other_finish=0 other_cache=0 other_no_request=0
[svd-local-timeout-profile] up_keep=0 up_drop=0 up_wait=0.000 ms gate_keep=0 gate_drop=0 gate_wait=0.000 ms down_keep=0 down_drop=0 down_wait=0.000 ms other_keep=0 other_drop=0 other_wait=0.000 ms
[svd-offload-client] up_gate_req=0 down_req=0 other_mat_req=0 ffn_req=0 gate_cache_hits=0 gate_cache_checks=0 miss_invalid=0 miss_layer=0 miss_rank=0 miss_hash=0 miss_output=0 miss_data=0 send_up_gate=0.000 ms send_down=0.000 ms send_other=0.000 ms send_ffn=0.000 ms wait_up_gate=0.000 ms wait_down=0.000 ms wait_other=0.000 ms wait_ffn=0.000 ms
[svd-offload-client-stage-profile] rpc_send_total=0.000 ms rpc_wait_total=0.000 ms
[svd-offload-client-debug] finish_fail_up_gate=0 finish_fail_down=0 finish_fail_other=0 finish_fail_ffn=0 cache_take_fail_up=0 cache_take_fail_gate=0 recv_up_sum_abs=0.000000e+00 recv_up_max_abs=0.000000e+00 recv_up_zero=0 recv_gate_sum_abs=0.000000e+00 recv_gate_max_abs=0.000000e+00 recv_gate_zero=0 recv_down_sum_abs=0.000000e+00 recv_down_max_abs=0.000000e+00 recv_down_zero=0 recv_other_sum_abs=0.000000e+00 recv_other_max_abs=0.000000e+00 recv_other_zero=0 recv_ffn_sum_abs=0.000000e+00 recv_ffn_max_abs=0.000000e+00 recv_ffn_zero=0
SUCCEED (one forward pass done)"
2c_idle_saturated,2,2,"60,61","0,100",model_schedule,same_as_baseline_no_svd,baseline_no_svd,0,11.3022,88.4781,144.486,0.7898850440979004,True,11,",","llama_context: graph splits = 1
attach_threadpool: call
threads: decode=2 batch=2
prompt tokens: 4
running one forward pass (llama_decode) ...
Top-5 next-token candidates:
  id=11 logit=20.2053 piece="",""
  id=304 logit=18.9277 piece="" in""
  id=3837 logit=18.7558 piece=""，""
  id=1052 logit=18.5616 piece="" there""
  id=358 logit=17.8374 piece="" I""
Autoregressive generation:
Generated text: ,
Decode-only throughput: 11.3022 tokens/s (1 tokens in 0.0884781 s of llama_decode)
End-to-end throughput: 11.2623 tokens/s (1 tokens in 0.0887917 s)
[decode-stage-profile] model_load=362.886 ms context_create=51.8037 ms tokenize=0.447931 ms prefill_decode=144.486 ms generation_decode=88.4781 ms generation_total=88.7917 ms program_total=661.087 ms
[svd-local-op-profile] up_ops=56 gate_ops=56 down_ops=56 up_total=65.958 ms gate_total=68.622 ms down_total=51.685 ms up_v=9.892 ms gate_v=9.703 ms down_v=42.039 ms up_u=56.059 ms gate_u=58.908 ms down_u=9.639 ms
[svd-local-stage-profile] attention_total=1.396 ms ffn_total=188.199 ms ffn_svd_total=186.265 ms ffn_svd_v=61.634 ms ffn_svd_u=124.606 ms
[svd-offload-zero-profile] up_finish=0 up_cache=0 up_no_request=27 gate_finish=0 gate_cache=0 gate_no_request=27 down_finish=0 down_cache=0 down_no_request=27 other_finish=0 other_cache=0 other_no_request=0
[svd-local-timeout-profile] up_keep=0 up_drop=0 up_wait=0.000 ms gate_keep=0 gate_drop=0 gate_wait=0.000 ms down_keep=0 down_drop=0 down_wait=0.000 ms other_keep=0 other_drop=0 other_wait=0.000 ms
[svd-offload-client] up_gate_req=0 down_req=0 other_mat_req=0 ffn_req=0 gate_cache_hits=0 gate_cache_checks=0 miss_invalid=0 miss_layer=0 miss_rank=0 miss_hash=0 miss_output=0 miss_data=0 send_up_gate=0.000 ms send_down=0.000 ms send_other=0.000 ms send_ffn=0.000 ms wait_up_gate=0.000 ms wait_down=0.000 ms wait_other=0.000 ms wait_ffn=0.000 ms
[svd-offload-client-stage-profile] rpc_send_total=0.000 ms rpc_wait_total=0.000 ms
[svd-offload-client-debug] finish_fail_up_gate=0 finish_fail_down=0 finish_fail_other=0 finish_fail_ffn=0 cache_take_fail_up=0 cache_take_fail_gate=0 recv_up_sum_abs=0.000000e+00 recv_up_max_abs=0.000000e+00 recv_up_zero=0 recv_gate_sum_abs=0.000000e+00 recv_gate_max_abs=0.000000e+00 recv_gate_zero=0 recv_down_sum_abs=0.000000e+00 recv_down_max_abs=0.000000e+00 recv_down_zero=0 recv_other_sum_abs=0.000000e+00 recv_other_max_abs=0.000000e+00 recv_other_zero=0 recv_ffn_sum_abs=0.000000e+00 recv_ffn_max_abs=0.000000e+00 recv_ffn_zero=0
SUCCEED (one forward pass done)"
2c_high,0,2,"60,61","80,100",baseline_no_svd,ok,,0,10.6464,93.9284,175.925,0.8552367687225342,True,11,",","llama_context: graph splits = 1
attach_threadpool: call
threads: decode=2 batch=2
prompt tokens: 4
running one forward pass (llama_decode) ...
Top-5 next-token candidates:
  id=11 logit=20.2053 piece="",""
  id=304 logit=18.9277 piece="" in""
  id=3837 logit=18.7558 piece=""，""
  id=1052 logit=18.5616 piece="" there""
  id=358 logit=17.8374 piece="" I""
Autoregressive generation:
Generated text: ,
Decode-only throughput: 10.6464 tokens/s (1 tokens in 0.0939284 s of llama_decode)
End-to-end throughput: 10.6107 tokens/s (1 tokens in 0.0942446 s)
[decode-stage-profile] model_load=362.214 ms context_create=60.2801 ms tokenize=0.450633 ms prefill_decode=175.925 ms generation_decode=93.9284 ms generation_total=94.2446 ms program_total=708.702 ms
[svd-local-op-profile] up_ops=56 gate_ops=56 down_ops=56 up_total=77.651 ms gate_total=76.673 ms down_total=61.510 ms up_v=11.698 ms gate_v=11.674 ms down_v=50.252 ms up_u=65.951 ms gate_u=64.990 ms down_u=11.255 ms
[svd-local-stage-profile] attention_total=1.691 ms ffn_total=220.794 ms ffn_svd_total=215.834 ms ffn_svd_v=73.624 ms ffn_svd_u=142.196 ms
[svd-offload-zero-profile] up_finish=0 up_cache=0 up_no_request=27 gate_finish=0 gate_cache=0 gate_no_request=27 down_finish=0 down_cache=0 down_no_request=27 other_finish=0 other_cache=0 other_no_request=0
[svd-local-timeout-profile] up_keep=0 up_drop=0 up_wait=0.000 ms gate_keep=0 gate_drop=0 gate_wait=0.000 ms down_keep=0 down_drop=0 down_wait=0.000 ms other_keep=0 other_drop=0 other_wait=0.000 ms
[svd-offload-client] up_gate_req=0 down_req=0 other_mat_req=0 ffn_req=0 gate_cache_hits=0 gate_cache_checks=0 miss_invalid=0 miss_layer=0 miss_rank=0 miss_hash=0 miss_output=0 miss_data=0 send_up_gate=0.000 ms send_down=0.000 ms send_other=0.000 ms send_ffn=0.000 ms wait_up_gate=0.000 ms wait_down=0.000 ms wait_other=0.000 ms wait_ffn=0.000 ms
[svd-offload-client-stage-profile] rpc_send_total=0.000 ms rpc_wait_total=0.000 ms
[svd-offload-client-debug] finish_fail_up_gate=0 finish_fail_down=0 finish_fail_other=0 finish_fail_ffn=0 cache_take_fail_up=0 cache_take_fail_gate=0 recv_up_sum_abs=0.000000e+00 recv_up_max_abs=0.000000e+00 recv_up_zero=0 recv_gate_sum_abs=0.000000e+00 recv_gate_max_abs=0.000000e+00 recv_gate_zero=0 recv_down_sum_abs=0.000000e+00 recv_down_max_abs=0.000000e+00 recv_down_zero=0 recv_other_sum_abs=0.000000e+00 recv_other_max_abs=0.000000e+00 recv_other_zero=0 recv_ffn_sum_abs=0.000000e+00 recv_ffn_max_abs=0.000000e+00 recv_ffn_zero=0
SUCCEED (one forward pass done)"
2c_high,0,2,"60,61","80,100",model_schedule,same_as_baseline_no_svd,baseline_no_svd,0,10.6464,93.9284,175.925,0.8552367687225342,True,11,",","llama_context: graph splits = 1
attach_threadpool: call
threads: decode=2 batch=2
prompt tokens: 4
running one forward pass (llama_decode) ...
Top-5 next-token candidates:
  id=11 logit=20.2053 piece="",""
  id=304 logit=18.9277 piece="" in""
  id=3837 logit=18.7558 piece=""，""
  id=1052 logit=18.5616 piece="" there""
  id=358 logit=17.8374 piece="" I""
Autoregressive generation:
Generated text: ,
Decode-only throughput: 10.6464 tokens/s (1 tokens in 0.0939284 s of llama_decode)
End-to-end throughput: 10.6107 tokens/s (1 tokens in 0.0942446 s)
[decode-stage-profile] model_load=362.214 ms context_create=60.2801 ms tokenize=0.450633 ms prefill_decode=175.925 ms generation_decode=93.9284 ms generation_total=94.2446 ms program_total=708.702 ms
[svd-local-op-profile] up_ops=56 gate_ops=56 down_ops=56 up_total=77.651 ms gate_total=76.673 ms down_total=61.510 ms up_v=11.698 ms gate_v=11.674 ms down_v=50.252 ms up_u=65.951 ms gate_u=64.990 ms down_u=11.255 ms
[svd-local-stage-profile] attention_total=1.691 ms ffn_total=220.794 ms ffn_svd_total=215.834 ms ffn_svd_v=73.624 ms ffn_svd_u=142.196 ms
[svd-offload-zero-profile] up_finish=0 up_cache=0 up_no_request=27 gate_finish=0 gate_cache=0 gate_no_request=27 down_finish=0 down_cache=0 down_no_request=27 other_finish=0 other_cache=0 other_no_request=0
[svd-local-timeout-profile] up_keep=0 up_drop=0 up_wait=0.000 ms gate_keep=0 gate_drop=0 gate_wait=0.000 ms down_keep=0 down_drop=0 down_wait=0.000 ms other_keep=0 other_drop=0 other_wait=0.000 ms
[svd-offload-client] up_gate_req=0 down_req=0 other_mat_req=0 ffn_req=0 gate_cache_hits=0 gate_cache_checks=0 miss_invalid=0 miss_layer=0 miss_rank=0 miss_hash=0 miss_output=0 miss_data=0 send_up_gate=0.000 ms send_down=0.000 ms send_other=0.000 ms send_ffn=0.000 ms wait_up_gate=0.000 ms wait_down=0.000 ms wait_other=0.000 ms wait_ffn=0.000 ms
[svd-offload-client-stage-profile] rpc_send_total=0.000 ms rpc_wait_total=0.000 ms
[svd-offload-client-debug] finish_fail_up_gate=0 finish_fail_down=0 finish_fail_other=0 finish_fail_ffn=0 cache_take_fail_up=0 cache_take_fail_gate=0 recv_up_sum_abs=0.000000e+00 recv_up_max_abs=0.000000e+00 recv_up_zero=0 recv_gate_sum_abs=0.000000e+00 recv_gate_max_abs=0.000000e+00 recv_gate_zero=0 recv_down_sum_abs=0.000000e+00 recv_down_max_abs=0.000000e+00 recv_down_zero=0 recv_other_sum_abs=0.000000e+00 recv_other_max_abs=0.000000e+00 recv_other_zero=0 recv_ffn_sum_abs=0.000000e+00 recv_ffn_max_abs=0.000000e+00 recv_ffn_zero=0
SUCCEED (one forward pass done)"
2c_high,1,2,"60,61","80,100",baseline_no_svd,ok,,0,11.9547,83.6494,152.057,0.8022968769073486,True,11,",","llama_context: graph splits = 1
attach_threadpool: call
threads: decode=2 batch=2
prompt tokens: 4
running one forward pass (llama_decode) ...
Top-5 next-token candidates:
  id=11 logit=20.2053 piece="",""
  id=304 logit=18.9277 piece="" in""
  id=3837 logit=18.7558 piece=""，""
  id=1052 logit=18.5616 piece="" there""
  id=358 logit=17.8374 piece="" I""
Autoregressive generation:
Generated text: ,
Decode-only throughput: 11.9547 tokens/s (1 tokens in 0.0836494 s of llama_decode)
End-to-end throughput: 11.91 tokens/s (1 tokens in 0.0839632 s)
[decode-stage-profile] model_load=353.203 ms context_create=58.5824 ms tokenize=0.480556 ms prefill_decode=152.057 ms generation_decode=83.6494 ms generation_total=83.9632 ms program_total=663.065 ms
[svd-local-op-profile] up_ops=56 gate_ops=56 down_ops=56 up_total=69.999 ms gate_total=65.912 ms down_total=52.364 ms up_v=10.130 ms gate_v=9.945 ms down_v=42.527 ms up_u=59.865 ms gate_u=55.963 ms down_u=9.834 ms
[svd-local-stage-profile] attention_total=1.548 ms ffn_total=190.364 ms ffn_svd_total=188.275 ms ffn_svd_v=62.602 ms ffn_svd_u=125.662 ms
[svd-offload-zero-profile] up_finish=0 up_cache=0 up_no_request=27 gate_finish=0 gate_cache=0 gate_no_request=27 down_finish=0 down_cache=0 down_no_request=27 other_finish=0 other_cache=0 other_no_request=0
[svd-local-timeout-profile] up_keep=0 up_drop=0 up_wait=0.000 ms gate_keep=0 gate_drop=0 gate_wait=0.000 ms down_keep=0 down_drop=0 down_wait=0.000 ms other_keep=0 other_drop=0 other_wait=0.000 ms
[svd-offload-client] up_gate_req=0 down_req=0 other_mat_req=0 ffn_req=0 gate_cache_hits=0 gate_cache_checks=0 miss_invalid=0 miss_layer=0 miss_rank=0 miss_hash=0 miss_output=0 miss_data=0 send_up_gate=0.000 ms send_down=0.000 ms send_other=0.000 ms send_ffn=0.000 ms wait_up_gate=0.000 ms wait_down=0.000 ms wait_other=0.000 ms wait_ffn=0.000 ms
[svd-offload-client-stage-profile] rpc_send_total=0.000 ms rpc_wait_total=0.000 ms
[svd-offload-client-debug] finish_fail_up_gate=0 finish_fail_down=0 finish_fail_other=0 finish_fail_ffn=0 cache_take_fail_up=0 cache_take_fail_gate=0 recv_up_sum_abs=0.000000e+00 recv_up_max_abs=0.000000e+00 recv_up_zero=0 recv_gate_sum_abs=0.000000e+00 recv_gate_max_abs=0.000000e+00 recv_gate_zero=0 recv_down_sum_abs=0.000000e+00 recv_down_max_abs=0.000000e+00 recv_down_zero=0 recv_other_sum_abs=0.000000e+00 recv_other_max_abs=0.000000e+00 recv_other_zero=0 recv_ffn_sum_abs=0.000000e+00 recv_ffn_max_abs=0.000000e+00 recv_ffn_zero=0
SUCCEED (one forward pass done)"
2c_high,1,2,"60,61","80,100",model_schedule,same_as_baseline_no_svd,baseline_no_svd,0,11.9547,83.6494,152.057,0.8022968769073486,True,11,",","llama_context: graph splits = 1
attach_threadpool: call
threads: decode=2 batch=2
prompt tokens: 4
running one forward pass (llama_decode) ...
Top-5 next-token candidates:
  id=11 logit=20.2053 piece="",""
  id=304 logit=18.9277 piece="" in""
  id=3837 logit=18.7558 piece=""，""
  id=1052 logit=18.5616 piece="" there""
  id=358 logit=17.8374 piece="" I""
Autoregressive generation:
Generated text: ,
Decode-only throughput: 11.9547 tokens/s (1 tokens in 0.0836494 s of llama_decode)
End-to-end throughput: 11.91 tokens/s (1 tokens in 0.0839632 s)
[decode-stage-profile] model_load=353.203 ms context_create=58.5824 ms tokenize=0.480556 ms prefill_decode=152.057 ms generation_decode=83.6494 ms generation_total=83.9632 ms program_total=663.065 ms
[svd-local-op-profile] up_ops=56 gate_ops=56 down_ops=56 up_total=69.999 ms gate_total=65.912 ms down_total=52.364 ms up_v=10.130 ms gate_v=9.945 ms down_v=42.527 ms up_u=59.865 ms gate_u=55.963 ms down_u=9.834 ms
[svd-local-stage-profile] attention_total=1.548 ms ffn_total=190.364 ms ffn_svd_total=188.275 ms ffn_svd_v=62.602 ms ffn_svd_u=125.662 ms
[svd-offload-zero-profile] up_finish=0 up_cache=0 up_no_request=27 gate_finish=0 gate_cache=0 gate_no_request=27 down_finish=0 down_cache=0 down_no_request=27 other_finish=0 other_cache=0 other_no_request=0
[svd-local-timeout-profile] up_keep=0 up_drop=0 up_wait=0.000 ms gate_keep=0 gate_drop=0 gate_wait=0.000 ms down_keep=0 down_drop=0 down_wait=0.000 ms other_keep=0 other_drop=0 other_wait=0.000 ms
[svd-offload-client] up_gate_req=0 down_req=0 other_mat_req=0 ffn_req=0 gate_cache_hits=0 gate_cache_checks=0 miss_invalid=0 miss_layer=0 miss_rank=0 miss_hash=0 miss_output=0 miss_data=0 send_up_gate=0.000 ms send_down=0.000 ms send_other=0.000 ms send_ffn=0.000 ms wait_up_gate=0.000 ms wait_down=0.000 ms wait_other=0.000 ms wait_ffn=0.000 ms
[svd-offload-client-stage-profile] rpc_send_total=0.000 ms rpc_wait_total=0.000 ms
[svd-offload-client-debug] finish_fail_up_gate=0 finish_fail_down=0 finish_fail_other=0 finish_fail_ffn=0 cache_take_fail_up=0 cache_take_fail_gate=0 recv_up_sum_abs=0.000000e+00 recv_up_max_abs=0.000000e+00 recv_up_zero=0 recv_gate_sum_abs=0.000000e+00 recv_gate_max_abs=0.000000e+00 recv_gate_zero=0 recv_down_sum_abs=0.000000e+00 recv_down_max_abs=0.000000e+00 recv_down_zero=0 recv_other_sum_abs=0.000000e+00 recv_other_max_abs=0.000000e+00 recv_other_zero=0 recv_ffn_sum_abs=0.000000e+00 recv_ffn_max_abs=0.000000e+00 recv_ffn_zero=0
SUCCEED (one forward pass done)"
2c_high,2,2,"60,61","80,100",baseline_no_svd,ok,,0,11.9742,83.5129,148.94,0.7939972877502441,True,11,",","llama_context: graph splits = 1
attach_threadpool: call
threads: decode=2 batch=2
prompt tokens: 4
running one forward pass (llama_decode) ...
Top-5 next-token candidates:
  id=11 logit=20.2053 piece="",""
  id=304 logit=18.9277 piece="" in""
  id=3837 logit=18.7558 piece=""，""
  id=1052 logit=18.5616 piece="" there""
  id=358 logit=17.8374 piece="" I""
Autoregressive generation:
Generated text: ,
Decode-only throughput: 11.9742 tokens/s (1 tokens in 0.0835129 s of llama_decode)
End-to-end throughput: 11.9285 tokens/s (1 tokens in 0.083833 s)
[decode-stage-profile] model_load=361.423 ms context_create=46.4088 ms tokenize=0.448054 ms prefill_decode=148.94 ms generation_decode=83.5129 ms generation_total=83.833 ms program_total=650.612 ms
[svd-local-op-profile] up_ops=56 gate_ops=56 down_ops=56 up_total=66.760 ms gate_total=68.231 ms down_total=51.567 ms up_v=9.783 ms gate_v=9.642 ms down_v=41.902 ms up_u=56.972 ms gate_u=58.584 ms down_u=9.660 ms
[svd-local-stage-profile] attention_total=1.222 ms ffn_total=188.493 ms ffn_svd_total=186.558 ms ffn_svd_v=61.327 ms ffn_svd_u=125.216 ms
[svd-offload-zero-profile] up_finish=0 up_cache=0 up_no_request=27 gate_finish=0 gate_cache=0 gate_no_request=27 down_finish=0 down_cache=0 down_no_request=27 other_finish=0 other_cache=0 other_no_request=0
[svd-local-timeout-profile] up_keep=0 up_drop=0 up_wait=0.000 ms gate_keep=0 gate_drop=0 gate_wait=0.000 ms down_keep=0 down_drop=0 down_wait=0.000 ms other_keep=0 other_drop=0 other_wait=0.000 ms
[svd-offload-client] up_gate_req=0 down_req=0 other_mat_req=0 ffn_req=0 gate_cache_hits=0 gate_cache_checks=0 miss_invalid=0 miss_layer=0 miss_rank=0 miss_hash=0 miss_output=0 miss_data=0 send_up_gate=0.000 ms send_down=0.000 ms send_other=0.000 ms send_ffn=0.000 ms wait_up_gate=0.000 ms wait_down=0.000 ms wait_other=0.000 ms wait_ffn=0.000 ms
[svd-offload-client-stage-profile] rpc_send_total=0.000 ms rpc_wait_total=0.000 ms
[svd-offload-client-debug] finish_fail_up_gate=0 finish_fail_down=0 finish_fail_other=0 finish_fail_ffn=0 cache_take_fail_up=0 cache_take_fail_gate=0 recv_up_sum_abs=0.000000e+00 recv_up_max_abs=0.000000e+00 recv_up_zero=0 recv_gate_sum_abs=0.000000e+00 recv_gate_max_abs=0.000000e+00 recv_gate_zero=0 recv_down_sum_abs=0.000000e+00 recv_down_max_abs=0.000000e+00 recv_down_zero=0 recv_other_sum_abs=0.000000e+00 recv_other_max_abs=0.000000e+00 recv_other_zero=0 recv_ffn_sum_abs=0.000000e+00 recv_ffn_max_abs=0.000000e+00 recv_ffn_zero=0
SUCCEED (one forward pass done)"
2c_high,2,2,"60,61","80,100",model_schedule,same_as_baseline_no_svd,baseline_no_svd,0,11.9742,83.5129,148.94,0.7939972877502441,True,11,",","llama_context: graph splits = 1
attach_threadpool: call
threads: decode=2 batch=2
prompt tokens: 4
running one forward pass (llama_decode) ...
Top-5 next-token candidates:
  id=11 logit=20.2053 piece="",""
  id=304 logit=18.9277 piece="" in""
  id=3837 logit=18.7558 piece=""，""
  id=1052 logit=18.5616 piece="" there""
  id=358 logit=17.8374 piece="" I""
Autoregressive generation:
Generated text: ,
Decode-only throughput: 11.9742 tokens/s (1 tokens in 0.0835129 s of llama_decode)
End-to-end throughput: 11.9285 tokens/s (1 tokens in 0.083833 s)
[decode-stage-profile] model_load=361.423 ms context_create=46.4088 ms tokenize=0.448054 ms prefill_decode=148.94 ms generation_decode=83.5129 ms generation_total=83.833 ms program_total=650.612 ms
[svd-local-op-profile] up_ops=56 gate_ops=56 down_ops=56 up_total=66.760 ms gate_total=68.231 ms down_total=51.567 ms up_v=9.783 ms gate_v=9.642 ms down_v=41.902 ms up_u=56.972 ms gate_u=58.584 ms down_u=9.660 ms
[svd-local-stage-profile] attention_total=1.222 ms ffn_total=188.493 ms ffn_svd_total=186.558 ms ffn_svd_v=61.327 ms ffn_svd_u=125.216 ms
[svd-offload-zero-profile] up_finish=0 up_cache=0 up_no_request=27 gate_finish=0 gate_cache=0 gate_no_request=27 down_finish=0 down_cache=0 down_no_request=27 other_finish=0 other_cache=0 other_no_request=0
[svd-local-timeout-profile] up_keep=0 up_drop=0 up_wait=0.000 ms gate_keep=0 gate_drop=0 gate_wait=0.000 ms down_keep=0 down_drop=0 down_wait=0.000 ms other_keep=0 other_drop=0 other_wait=0.000 ms
[svd-offload-client] up_gate_req=0 down_req=0 other_mat_req=0 ffn_req=0 gate_cache_hits=0 gate_cache_checks=0 miss_invalid=0 miss_layer=0 miss_rank=0 miss_hash=0 miss_output=0 miss_data=0 send_up_gate=0.000 ms send_down=0.000 ms send_other=0.000 ms send_ffn=0.000 ms wait_up_gate=0.000 ms wait_down=0.000 ms wait_other=0.000 ms wait_ffn=0.000 ms
[svd-offload-client-stage-profile] rpc_send_total=0.000 ms rpc_wait_total=0.000 ms
[svd-offload-client-debug] finish_fail_up_gate=0 finish_fail_down=0 finish_fail_other=0 finish_fail_ffn=0 cache_take_fail_up=0 cache_take_fail_gate=0 recv_up_sum_abs=0.000000e+00 recv_up_max_abs=0.000000e+00 recv_up_zero=0 recv_gate_sum_abs=0.000000e+00 recv_gate_max_abs=0.000000e+00 recv_gate_zero=0 recv_down_sum_abs=0.000000e+00 recv_down_max_abs=0.000000e+00 recv_down_zero=0 recv_other_sum_abs=0.000000e+00 recv_other_max_abs=0.000000e+00 recv_other_zero=0 recv_ffn_sum_abs=0.000000e+00 recv_ffn_max_abs=0.000000e+00 recv_ffn_zero=0
SUCCEED (one forward pass done)"
4c_balanced_high,0,4,"60,61,62,63","20,40,60,80",baseline_no_svd,ok,,0,18.0552,55.3859,112.6,0.7584049701690674,True,11,",","llama_context: graph splits = 1
attach_threadpool: call
threads: decode=4 batch=4
prompt tokens: 4
running one forward pass (llama_decode) ...
Top-5 next-token candidates:
  id=11 logit=20.2053 piece="",""
  id=304 logit=18.9277 piece="" in""
  id=3837 logit=18.7558 piece=""，""
  id=1052 logit=18.5616 piece="" there""
  id=358 logit=17.8374 piece="" I""
Autoregressive generation:
Generated text: ,
Decode-only throughput: 18.0552 tokens/s (1 tokens in 0.0553859 s of llama_decode)
End-to-end throughput: 17.9515 tokens/s (1 tokens in 0.0557055 s)
[decode-stage-profile] model_load=373.472 ms context_create=57.3653 ms tokenize=0.441605 ms prefill_decode=112.6 ms generation_decode=55.3859 ms generation_total=55.7055 ms program_total=614.302 ms
[svd-local-op-profile] up_ops=56 gate_ops=56 down_ops=56 up_total=46.284 ms gate_total=45.777 ms down_total=37.480 ms up_v=7.440 ms gate_v=7.123 ms down_v=30.364 ms up_u=38.842 ms gate_u=38.648 ms down_u=7.113 ms
[svd-local-stage-profile] attention_total=1.448 ms ffn_total=130.859 ms ffn_svd_total=129.541 ms ffn_svd_v=44.927 ms ffn_svd_u=84.603 ms
[svd-offload-zero-profile] up_finish=0 up_cache=0 up_no_request=27 gate_finish=0 gate_cache=0 gate_no_request=27 down_finish=0 down_cache=0 down_no_request=27 other_finish=0 other_cache=0 other_no_request=0
[svd-local-timeout-profile] up_keep=0 up_drop=0 up_wait=0.000 ms gate_keep=0 gate_drop=0 gate_wait=0.000 ms down_keep=0 down_drop=0 down_wait=0.000 ms other_keep=0 other_drop=0 other_wait=0.000 ms
[svd-offload-client] up_gate_req=0 down_req=0 other_mat_req=0 ffn_req=0 gate_cache_hits=0 gate_cache_checks=0 miss_invalid=0 miss_layer=0 miss_rank=0 miss_hash=0 miss_output=0 miss_data=0 send_up_gate=0.000 ms send_down=0.000 ms send_other=0.000 ms send_ffn=0.000 ms wait_up_gate=0.000 ms wait_down=0.000 ms wait_other=0.000 ms wait_ffn=0.000 ms
[svd-offload-client-stage-profile] rpc_send_total=0.000 ms rpc_wait_total=0.000 ms
[svd-offload-client-debug] finish_fail_up_gate=0 finish_fail_down=0 finish_fail_other=0 finish_fail_ffn=0 cache_take_fail_up=0 cache_take_fail_gate=0 recv_up_sum_abs=0.000000e+00 recv_up_max_abs=0.000000e+00 recv_up_zero=0 recv_gate_sum_abs=0.000000e+00 recv_gate_max_abs=0.000000e+00 recv_gate_zero=0 recv_down_sum_abs=0.000000e+00 recv_down_max_abs=0.000000e+00 recv_down_zero=0 recv_other_sum_abs=0.000000e+00 recv_other_max_abs=0.000000e+00 recv_other_zero=0 recv_ffn_sum_abs=0.000000e+00 recv_ffn_max_abs=0.000000e+00 recv_ffn_zero=0
SUCCEED (one forward pass done)"
4c_balanced_high,0,4,"60,61,62,63","20,40,60,80",model_schedule,same_as_baseline_no_svd,baseline_no_svd,0,18.0552,55.3859,112.6,0.7584049701690674,True,11,",","llama_context: graph splits = 1
attach_threadpool: call
threads: decode=4 batch=4
prompt tokens: 4
running one forward pass (llama_decode) ...
Top-5 next-token candidates:
  id=11 logit=20.2053 piece="",""
  id=304 logit=18.9277 piece="" in""
  id=3837 logit=18.7558 piece=""，""
  id=1052 logit=18.5616 piece="" there""
  id=358 logit=17.8374 piece="" I""
Autoregressive generation:
Generated text: ,
Decode-only throughput: 18.0552 tokens/s (1 tokens in 0.0553859 s of llama_decode)
End-to-end throughput: 17.9515 tokens/s (1 tokens in 0.0557055 s)
[decode-stage-profile] model_load=373.472 ms context_create=57.3653 ms tokenize=0.441605 ms prefill_decode=112.6 ms generation_decode=55.3859 ms generation_total=55.7055 ms program_total=614.302 ms
[svd-local-op-profile] up_ops=56 gate_ops=56 down_ops=56 up_total=46.284 ms gate_total=45.777 ms down_total=37.480 ms up_v=7.440 ms gate_v=7.123 ms down_v=30.364 ms up_u=38.842 ms gate_u=38.648 ms down_u=7.113 ms
[svd-local-stage-profile] attention_total=1.448 ms ffn_total=130.859 ms ffn_svd_total=129.541 ms ffn_svd_v=44.927 ms ffn_svd_u=84.603 ms
[svd-offload-zero-profile] up_finish=0 up_cache=0 up_no_request=27 gate_finish=0 gate_cache=0 gate_no_request=27 down_finish=0 down_cache=0 down_no_request=27 other_finish=0 other_cache=0 other_no_request=0
[svd-local-timeout-profile] up_keep=0 up_drop=0 up_wait=0.000 ms gate_keep=0 gate_drop=0 gate_wait=0.000 ms down_keep=0 down_drop=0 down_wait=0.000 ms other_keep=0 other_drop=0 other_wait=0.000 ms
[svd-offload-client] up_gate_req=0 down_req=0 other_mat_req=0 ffn_req=0 gate_cache_hits=0 gate_cache_checks=0 miss_invalid=0 miss_layer=0 miss_rank=0 miss_hash=0 miss_output=0 miss_data=0 send_up_gate=0.000 ms send_down=0.000 ms send_other=0.000 ms send_ffn=0.000 ms wait_up_gate=0.000 ms wait_down=0.000 ms wait_other=0.000 ms wait_ffn=0.000 ms
[svd-offload-client-stage-profile] rpc_send_total=0.000 ms rpc_wait_total=0.000 ms
[svd-offload-client-debug] finish_fail_up_gate=0 finish_fail_down=0 finish_fail_other=0 finish_fail_ffn=0 cache_take_fail_up=0 cache_take_fail_gate=0 recv_up_sum_abs=0.000000e+00 recv_up_max_abs=0.000000e+00 recv_up_zero=0 recv_gate_sum_abs=0.000000e+00 recv_gate_max_abs=0.000000e+00 recv_gate_zero=0 recv_down_sum_abs=0.000000e+00 recv_down_max_abs=0.000000e+00 recv_down_zero=0 recv_other_sum_abs=0.000000e+00 recv_other_max_abs=0.000000e+00 recv_other_zero=0 recv_ffn_sum_abs=0.000000e+00 recv_ffn_max_abs=0.000000e+00 recv_ffn_zero=0
SUCCEED (one forward pass done)"
4c_balanced_high,1,4,"60,61,62,63","20,40,60,80",baseline_no_svd,ok,,0,2.49071,401.491,307.207,1.3751485347747803,True,11,",","llama_context: graph splits = 1
attach_threadpool: call
threads: decode=4 batch=4
prompt tokens: 4
running one forward pass (llama_decode) ...
Top-5 next-token candidates:
  id=11 logit=20.2053 piece="",""
  id=304 logit=18.9277 piece="" in""
  id=3837 logit=18.7558 piece=""，""
  id=1052 logit=18.5616 piece="" there""
  id=358 logit=17.8374 piece="" I""
Autoregressive generation:
Generated text: ,
Decode-only throughput: 2.49071 tokens/s (1 tokens in 0.401491 s of llama_decode)
End-to-end throughput: 2.48862 tokens/s (1 tokens in 0.401829 s)
[decode-stage-profile] model_load=444.638 ms context_create=64.4632 ms tokenize=0.454193 ms prefill_decode=307.207 ms generation_decode=401.491 ms generation_total=401.829 ms program_total=1233.66 ms
[svd-local-op-profile] up_ops=56 gate_ops=56 down_ops=56 up_total=48.122 ms gate_total=49.079 ms down_total=52.291 ms up_v=10.003 ms gate_v=10.108 ms down_v=32.111 ms up_u=38.112 ms gate_u=38.966 ms down_u=20.176 ms
[svd-local-stage-profile] attention_total=168.669 ms ffn_total=200.014 ms ffn_svd_total=149.492 ms ffn_svd_v=52.222 ms ffn_svd_u=97.254 ms
[svd-offload-zero-profile] up_finish=0 up_cache=0 up_no_request=27 gate_finish=0 gate_cache=0 gate_no_request=27 down_finish=0 down_cache=0 down_no_request=27 other_finish=0 other_cache=0 other_no_request=0
[svd-local-timeout-profile] up_keep=0 up_drop=0 up_wait=0.000 ms gate_keep=0 gate_drop=0 gate_wait=0.000 ms down_keep=0 down_drop=0 down_wait=0.000 ms other_keep=0 other_drop=0 other_wait=0.000 ms
[svd-offload-client] up_gate_req=0 down_req=0 other_mat_req=0 ffn_req=0 gate_cache_hits=0 gate_cache_checks=0 miss_invalid=0 miss_layer=0 miss_rank=0 miss_hash=0 miss_output=0 miss_data=0 send_up_gate=0.000 ms send_down=0.000 ms send_other=0.000 ms send_ffn=0.000 ms wait_up_gate=0.000 ms wait_down=0.000 ms wait_other=0.000 ms wait_ffn=0.000 ms
[svd-offload-client-stage-profile] rpc_send_total=0.000 ms rpc_wait_total=0.000 ms
[svd-offload-client-debug] finish_fail_up_gate=0 finish_fail_down=0 finish_fail_other=0 finish_fail_ffn=0 cache_take_fail_up=0 cache_take_fail_gate=0 recv_up_sum_abs=0.000000e+00 recv_up_max_abs=0.000000e+00 recv_up_zero=0 recv_gate_sum_abs=0.000000e+00 recv_gate_max_abs=0.000000e+00 recv_gate_zero=0 recv_down_sum_abs=0.000000e+00 recv_down_max_abs=0.000000e+00 recv_down_zero=0 recv_other_sum_abs=0.000000e+00 recv_other_max_abs=0.000000e+00 recv_other_zero=0 recv_ffn_sum_abs=0.000000e+00 recv_ffn_max_abs=0.000000e+00 recv_ffn_zero=0
SUCCEED (one forward pass done)"
4c_balanced_high,1,4,"60,61,62,63","20,40,60,80",model_schedule,same_as_baseline_no_svd,baseline_no_svd,0,2.49071,401.491,307.207,1.3751485347747803,True,11,",","llama_context: graph splits = 1
attach_threadpool: call
threads: decode=4 batch=4
prompt tokens: 4
running one forward pass (llama_decode) ...
Top-5 next-token candidates:
  id=11 logit=20.2053 piece="",""
  id=304 logit=18.9277 piece="" in""
  id=3837 logit=18.7558 piece=""，""
  id=1052 logit=18.5616 piece="" there""
  id=358 logit=17.8374 piece="" I""
Autoregressive generation:
Generated text: ,
Decode-only throughput: 2.49071 tokens/s (1 tokens in 0.401491 s of llama_decode)
End-to-end throughput: 2.48862 tokens/s (1 tokens in 0.401829 s)
[decode-stage-profile] model_load=444.638 ms context_create=64.4632 ms tokenize=0.454193 ms prefill_decode=307.207 ms generation_decode=401.491 ms generation_total=401.829 ms program_total=1233.66 ms
[svd-local-op-profile] up_ops=56 gate_ops=56 down_ops=56 up_total=48.122 ms gate_total=49.079 ms down_total=52.291 ms up_v=10.003 ms gate_v=10.108 ms down_v=32.111 ms up_u=38.112 ms gate_u=38.966 ms down_u=20.176 ms
[svd-local-stage-profile] attention_total=168.669 ms ffn_total=200.014 ms ffn_svd_total=149.492 ms ffn_svd_v=52.222 ms ffn_svd_u=97.254 ms
[svd-offload-zero-profile] up_finish=0 up_cache=0 up_no_request=27 gate_finish=0 gate_cache=0 gate_no_request=27 down_finish=0 down_cache=0 down_no_request=27 other_finish=0 other_cache=0 other_no_request=0
[svd-local-timeout-profile] up_keep=0 up_drop=0 up_wait=0.000 ms gate_keep=0 gate_drop=0 gate_wait=0.000 ms down_keep=0 down_drop=0 down_wait=0.000 ms other_keep=0 other_drop=0 other_wait=0.000 ms
[svd-offload-client] up_gate_req=0 down_req=0 other_mat_req=0 ffn_req=0 gate_cache_hits=0 gate_cache_checks=0 miss_invalid=0 miss_layer=0 miss_rank=0 miss_hash=0 miss_output=0 miss_data=0 send_up_gate=0.000 ms send_down=0.000 ms send_other=0.000 ms send_ffn=0.000 ms wait_up_gate=0.000 ms wait_down=0.000 ms wait_other=0.000 ms wait_ffn=0.000 ms
[svd-offload-client-stage-profile] rpc_send_total=0.000 ms rpc_wait_total=0.000 ms
[svd-offload-client-debug] finish_fail_up_gate=0 finish_fail_down=0 finish_fail_other=0 finish_fail_ffn=0 cache_take_fail_up=0 cache_take_fail_gate=0 recv_up_sum_abs=0.000000e+00 recv_up_max_abs=0.000000e+00 recv_up_zero=0 recv_gate_sum_abs=0.000000e+00 recv_gate_max_abs=0.000000e+00 recv_gate_zero=0 recv_down_sum_abs=0.000000e+00 recv_down_max_abs=0.000000e+00 recv_down_zero=0 recv_other_sum_abs=0.000000e+00 recv_other_max_abs=0.000000e+00 recv_other_zero=0 recv_ffn_sum_abs=0.000000e+00 recv_ffn_max_abs=0.000000e+00 recv_ffn_zero=0
SUCCEED (one forward pass done)"
4c_balanced_high,2,4,"60,61,62,63","20,40,60,80",baseline_no_svd,ok,,0,20.6442,48.4397,595.018,1.2268078327178955,True,11,",","llama_context: graph splits = 1
attach_threadpool: call
threads: decode=4 batch=4
prompt tokens: 4
running one forward pass (llama_decode) ...
Top-5 next-token candidates:
  id=11 logit=20.2053 piece="",""
  id=304 logit=18.9277 piece="" in""
  id=3837 logit=18.7558 piece=""，""
  id=1052 logit=18.5616 piece="" there""
  id=358 logit=17.8374 piece="" I""
Autoregressive generation:
Generated text: ,
Decode-only throughput: 20.6442 tokens/s (1 tokens in 0.0484397 s of llama_decode)
End-to-end throughput: 20.5027 tokens/s (1 tokens in 0.048774 s)
[decode-stage-profile] model_load=370.005 ms context_create=58.4764 ms tokenize=0.459554 ms prefill_decode=595.018 ms generation_decode=48.4397 ms generation_total=48.774 ms program_total=1089.1 ms
[svd-local-op-profile] up_ops=56 gate_ops=56 down_ops=56 up_total=46.503 ms gate_total=35.973 ms down_total=50.615 ms up_v=5.585 ms gate_v=5.645 ms down_v=29.885 ms up_u=40.913 ms gate_u=30.322 ms down_u=20.721 ms
[svd-local-stage-profile] attention_total=124.778 ms ffn_total=148.376 ms ffn_svd_total=133.091 ms ffn_svd_v=41.115 ms ffn_svd_u=91.956 ms
[svd-offload-zero-profile] up_finish=0 up_cache=0 up_no_request=27 gate_finish=0 gate_cache=0 gate_no_request=27 down_finish=0 down_cache=0 down_no_request=27 other_finish=0 other_cache=0 other_no_request=0
[svd-local-timeout-profile] up_keep=0 up_drop=0 up_wait=0.000 ms gate_keep=0 gate_drop=0 gate_wait=0.000 ms down_keep=0 down_drop=0 down_wait=0.000 ms other_keep=0 other_drop=0 other_wait=0.000 ms
[svd-offload-client] up_gate_req=0 down_req=0 other_mat_req=0 ffn_req=0 gate_cache_hits=0 gate_cache_checks=0 miss_invalid=0 miss_layer=0 miss_rank=0 miss_hash=0 miss_output=0 miss_data=0 send_up_gate=0.000 ms send_down=0.000 ms send_other=0.000 ms send_ffn=0.000 ms wait_up_gate=0.000 ms wait_down=0.000 ms wait_other=0.000 ms wait_ffn=0.000 ms
[svd-offload-client-stage-profile] rpc_send_total=0.000 ms rpc_wait_total=0.000 ms
[svd-offload-client-debug] finish_fail_up_gate=0 finish_fail_down=0 finish_fail_other=0 finish_fail_ffn=0 cache_take_fail_up=0 cache_take_fail_gate=0 recv_up_sum_abs=0.000000e+00 recv_up_max_abs=0.000000e+00 recv_up_zero=0 recv_gate_sum_abs=0.000000e+00 recv_gate_max_abs=0.000000e+00 recv_gate_zero=0 recv_down_sum_abs=0.000000e+00 recv_down_max_abs=0.000000e+00 recv_down_zero=0 recv_other_sum_abs=0.000000e+00 recv_other_max_abs=0.000000e+00 recv_other_zero=0 recv_ffn_sum_abs=0.000000e+00 recv_ffn_max_abs=0.000000e+00 recv_ffn_zero=0
SUCCEED (one forward pass done)"
4c_balanced_high,2,4,"60,61,62,63","20,40,60,80",model_schedule,same_as_baseline_no_svd,baseline_no_svd,0,20.6442,48.4397,595.018,1.2268078327178955,True,11,",","llama_context: graph splits = 1
attach_threadpool: call
threads: decode=4 batch=4
prompt tokens: 4
running one forward pass (llama_decode) ...
Top-5 next-token candidates:
  id=11 logit=20.2053 piece="",""
  id=304 logit=18.9277 piece="" in""
  id=3837 logit=18.7558 piece=""，""
  id=1052 logit=18.5616 piece="" there""
  id=358 logit=17.8374 piece="" I""
Autoregressive generation:
Generated text: ,
Decode-only throughput: 20.6442 tokens/s (1 tokens in 0.0484397 s of llama_decode)
End-to-end throughput: 20.5027 tokens/s (1 tokens in 0.048774 s)
[decode-stage-profile] model_load=370.005 ms context_create=58.4764 ms tokenize=0.459554 ms prefill_decode=595.018 ms generation_decode=48.4397 ms generation_total=48.774 ms program_total=1089.1 ms
[svd-local-op-profile] up_ops=56 gate_ops=56 down_ops=56 up_total=46.503 ms gate_total=35.973 ms down_total=50.615 ms up_v=5.585 ms gate_v=5.645 ms down_v=29.885 ms up_u=40.913 ms gate_u=30.322 ms down_u=20.721 ms
[svd-local-stage-profile] attention_total=124.778 ms ffn_total=148.376 ms ffn_svd_total=133.091 ms ffn_svd_v=41.115 ms ffn_svd_u=91.956 ms
[svd-offload-zero-profile] up_finish=0 up_cache=0 up_no_request=27 gate_finish=0 gate_cache=0 gate_no_request=27 down_finish=0 down_cache=0 down_no_request=27 other_finish=0 other_cache=0 other_no_request=0
[svd-local-timeout-profile] up_keep=0 up_drop=0 up_wait=0.000 ms gate_keep=0 gate_drop=0 gate_wait=0.000 ms down_keep=0 down_drop=0 down_wait=0.000 ms other_keep=0 other_drop=0 other_wait=0.000 ms
[svd-offload-client] up_gate_req=0 down_req=0 other_mat_req=0 ffn_req=0 gate_cache_hits=0 gate_cache_checks=0 miss_invalid=0 miss_layer=0 miss_rank=0 miss_hash=0 miss_output=0 miss_data=0 send_up_gate=0.000 ms send_down=0.000 ms send_other=0.000 ms send_ffn=0.000 ms wait_up_gate=0.000 ms wait_down=0.000 ms wait_other=0.000 ms wait_ffn=0.000 ms
[svd-offload-client-stage-profile] rpc_send_total=0.000 ms rpc_wait_total=0.000 ms
[svd-offload-client-debug] finish_fail_up_gate=0 finish_fail_down=0 finish_fail_other=0 finish_fail_ffn=0 cache_take_fail_up=0 cache_take_fail_gate=0 recv_up_sum_abs=0.000000e+00 recv_up_max_abs=0.000000e+00 recv_up_zero=0 recv_gate_sum_abs=0.000000e+00 recv_gate_max_abs=0.000000e+00 recv_gate_zero=0 recv_down_sum_abs=0.000000e+00 recv_down_max_abs=0.000000e+00 recv_down_zero=0 recv_other_sum_abs=0.000000e+00 recv_other_max_abs=0.000000e+00 recv_other_zero=0 recv_ffn_sum_abs=0.000000e+00 recv_ffn_max_abs=0.000000e+00 recv_ffn_zero=0
SUCCEED (one forward pass done)"
4c_front_hot,0,4,"60,61,62,63","90,70,20,0",baseline_no_svd,ok,,0,17.5836,56.8712,739.861,1.4050993919372559,True,11,",","llama_context: graph splits = 1
attach_threadpool: call
threads: decode=4 batch=4
prompt tokens: 4
running one forward pass (llama_decode) ...
Top-5 next-token candidates:
  id=11 logit=20.2053 piece="",""
  id=304 logit=18.9277 piece="" in""
  id=3837 logit=18.7558 piece=""，""
  id=1052 logit=18.5616 piece="" there""
  id=358 logit=17.8374 piece="" I""
Autoregressive generation:
Generated text: ,
Decode-only throughput: 17.5836 tokens/s (1 tokens in 0.0568712 s of llama_decode)
End-to-end throughput: 17.4754 tokens/s (1 tokens in 0.0572234 s)
[decode-stage-profile] model_load=375.149 ms context_create=53.9597 ms tokenize=0.444493 ms prefill_decode=739.861 ms generation_decode=56.8712 ms generation_total=57.2234 ms program_total=1239.08 ms
[svd-local-op-profile] up_ops=56 gate_ops=56 down_ops=56 up_total=37.468 ms gate_total=37.450 ms down_total=65.092 ms up_v=5.758 ms gate_v=5.928 ms down_v=30.619 ms up_u=31.706 ms gate_u=31.521 ms down_u=34.463 ms
[svd-local-stage-profile] attention_total=144.399 ms ffn_total=151.405 ms ffn_svd_total=140.010 ms ffn_svd_v=42.305 ms ffn_svd_u=97.690 ms
[svd-offload-zero-profile] up_finish=0 up_cache=0 up_no_request=27 gate_finish=0 gate_cache=0 gate_no_request=27 down_finish=0 down_cache=0 down_no_request=27 other_finish=0 other_cache=0 other_no_request=0
[svd-local-timeout-profile] up_keep=0 up_drop=0 up_wait=0.000 ms gate_keep=0 gate_drop=0 gate_wait=0.000 ms down_keep=0 down_drop=0 down_wait=0.000 ms other_keep=0 other_drop=0 other_wait=0.000 ms
[svd-offload-client] up_gate_req=0 down_req=0 other_mat_req=0 ffn_req=0 gate_cache_hits=0 gate_cache_checks=0 miss_invalid=0 miss_layer=0 miss_rank=0 miss_hash=0 miss_output=0 miss_data=0 send_up_gate=0.000 ms send_down=0.000 ms send_other=0.000 ms send_ffn=0.000 ms wait_up_gate=0.000 ms wait_down=0.000 ms wait_other=0.000 ms wait_ffn=0.000 ms
[svd-offload-client-stage-profile] rpc_send_total=0.000 ms rpc_wait_total=0.000 ms
[svd-offload-client-debug] finish_fail_up_gate=0 finish_fail_down=0 finish_fail_other=0 finish_fail_ffn=0 cache_take_fail_up=0 cache_take_fail_gate=0 recv_up_sum_abs=0.000000e+00 recv_up_max_abs=0.000000e+00 recv_up_zero=0 recv_gate_sum_abs=0.000000e+00 recv_gate_max_abs=0.000000e+00 recv_gate_zero=0 recv_down_sum_abs=0.000000e+00 recv_down_max_abs=0.000000e+00 recv_down_zero=0 recv_other_sum_abs=0.000000e+00 recv_other_max_abs=0.000000e+00 recv_other_zero=0 recv_ffn_sum_abs=0.000000e+00 recv_ffn_max_abs=0.000000e+00 recv_ffn_zero=0
SUCCEED (one forward pass done)"
4c_front_hot,0,4,"60,61,62,63","90,70,20,0",model_schedule,ok,major_only_no_svd,0,3.4575,289.226,108.676,0.9685566425323486,True,11,",","llama_context: graph splits = 1
attach_threadpool: call
threads: decode=3 batch=3
prompt tokens: 4
running one forward pass (llama_decode) ...
Top-5 next-token candidates:
  id=11 logit=20.2053 piece="",""
  id=304 logit=18.9277 piece="" in""
  id=3837 logit=18.7558 piece=""，""
  id=1052 logit=18.5616 piece="" there""
  id=358 logit=17.8374 piece="" I""
Autoregressive generation:
Generated text: ,
Decode-only throughput: 3.4575 tokens/s (1 tokens in 0.289226 s of llama_decode)
End-to-end throughput: 3.45357 tokens/s (1 tokens in 0.289555 s)
[decode-stage-profile] model_load=378.949 ms context_create=48.8183 ms tokenize=0.466368 ms prefill_decode=108.676 ms generation_decode=289.226 ms generation_total=289.555 ms program_total=836.52 ms
[svd-local-op-profile] up_ops=56 gate_ops=56 down_ops=56 up_total=69.946 ms gate_total=52.062 ms down_total=48.956 ms up_v=14.436 ms gate_v=6.962 ms down_v=29.374 ms up_u=55.504 ms gate_u=45.093 ms down_u=19.579 ms
[svd-local-stage-profile] attention_total=45.069 ms ffn_total=240.999 ms ffn_svd_total=170.964 ms ffn_svd_v=50.772 ms ffn_svd_u=120.176 ms
[svd-offload-zero-profile] up_finish=0 up_cache=0 up_no_request=27 gate_finish=0 gate_cache=0 gate_no_request=27 down_finish=0 down_cache=0 down_no_request=27 other_finish=0 other_cache=0 other_no_request=0
[svd-local-timeout-profile] up_keep=0 up_drop=0 up_wait=0.000 ms gate_keep=0 gate_drop=0 gate_wait=0.000 ms down_keep=0 down_drop=0 down_wait=0.000 ms other_keep=0 other_drop=0 other_wait=0.000 ms
[svd-offload-client] up_gate_req=0 down_req=0 other_mat_req=0 ffn_req=0 gate_cache_hits=0 gate_cache_checks=0 miss_invalid=0 miss_layer=0 miss_rank=0 miss_hash=0 miss_output=0 miss_data=0 send_up_gate=0.000 ms send_down=0.000 ms send_other=0.000 ms send_ffn=0.000 ms wait_up_gate=0.000 ms wait_down=0.000 ms wait_other=0.000 ms wait_ffn=0.000 ms
[svd-offload-client-stage-profile] rpc_send_total=0.000 ms rpc_wait_total=0.000 ms
[svd-offload-client-debug] finish_fail_up_gate=0 finish_fail_down=0 finish_fail_other=0 finish_fail_ffn=0 cache_take_fail_up=0 cache_take_fail_gate=0 recv_up_sum_abs=0.000000e+00 recv_up_max_abs=0.000000e+00 recv_up_zero=0 recv_gate_sum_abs=0.000000e+00 recv_gate_max_abs=0.000000e+00 recv_gate_zero=0 recv_down_sum_abs=0.000000e+00 recv_down_max_abs=0.000000e+00 recv_down_zero=0 recv_other_sum_abs=0.000000e+00 recv_other_max_abs=0.000000e+00 recv_other_zero=0 recv_ffn_sum_abs=0.000000e+00 recv_ffn_max_abs=0.000000e+00 recv_ffn_zero=0
SUCCEED (one forward pass done)"
4c_front_hot,1,4,"60,61,62,63","90,70,20,0",baseline_no_svd,ok,,0,21.0661,47.4696,548.112,1.1887362003326416,True,11,",","llama_context: graph splits = 1
attach_threadpool: call
threads: decode=4 batch=4
prompt tokens: 4
running one forward pass (llama_decode) ...
Top-5 next-token candidates:
  id=11 logit=20.2053 piece="",""
  id=304 logit=18.9277 piece="" in""
  id=3837 logit=18.7558 piece=""，""
  id=1052 logit=18.5616 piece="" there""
  id=358 logit=17.8374 piece="" I""
Autoregressive generation:
Generated text: ,
Decode-only throughput: 21.0661 tokens/s (1 tokens in 0.0474696 s of llama_decode)
End-to-end throughput: 20.9199 tokens/s (1 tokens in 0.0478015 s)
[decode-stage-profile] model_load=372.126 ms context_create=59.4732 ms tokenize=0.440501 ms prefill_decode=548.112 ms generation_decode=47.4696 ms generation_total=47.8015 ms program_total=1044.71 ms
[svd-local-op-profile] up_ops=56 gate_ops=56 down_ops=56 up_total=58.874 ms gate_total=59.036 ms down_total=51.508 ms up_v=12.595 ms gate_v=11.917 ms down_v=30.516 ms up_u=46.270 ms gate_u=47.115 ms down_u=20.989 ms
[svd-local-stage-profile] attention_total=83.861 ms ffn_total=200.771 ms ffn_svd_total=169.418 ms ffn_svd_v=55.028 ms ffn_svd_u=114.374 ms
[svd-offload-zero-profile] up_finish=0 up_cache=0 up_no_request=27 gate_finish=0 gate_cache=0 gate_no_request=27 down_finish=0 down_cache=0 down_no_request=27 other_finish=0 other_cache=0 other_no_request=0
[svd-local-timeout-profile] up_keep=0 up_drop=0 up_wait=0.000 ms gate_keep=0 gate_drop=0 gate_wait=0.000 ms down_keep=0 down_drop=0 down_wait=0.000 ms other_keep=0 other_drop=0 other_wait=0.000 ms
[svd-offload-client] up_gate_req=0 down_req=0 other_mat_req=0 ffn_req=0 gate_cache_hits=0 gate_cache_checks=0 miss_invalid=0 miss_layer=0 miss_rank=0 miss_hash=0 miss_output=0 miss_data=0 send_up_gate=0.000 ms send_down=0.000 ms send_other=0.000 ms send_ffn=0.000 ms wait_up_gate=0.000 ms wait_down=0.000 ms wait_other=0.000 ms wait_ffn=0.000 ms
[svd-offload-client-stage-profile] rpc_send_total=0.000 ms rpc_wait_total=0.000 ms
[svd-offload-client-debug] finish_fail_up_gate=0 finish_fail_down=0 finish_fail_other=0 finish_fail_ffn=0 cache_take_fail_up=0 cache_take_fail_gate=0 recv_up_sum_abs=0.000000e+00 recv_up_max_abs=0.000000e+00 recv_up_zero=0 recv_gate_sum_abs=0.000000e+00 recv_gate_max_abs=0.000000e+00 recv_gate_zero=0 recv_down_sum_abs=0.000000e+00 recv_down_max_abs=0.000000e+00 recv_down_zero=0 recv_other_sum_abs=0.000000e+00 recv_other_max_abs=0.000000e+00 recv_other_zero=0 recv_ffn_sum_abs=0.000000e+00 recv_ffn_max_abs=0.000000e+00 recv_ffn_zero=0
SUCCEED (one forward pass done)"
4c_front_hot,1,4,"60,61,62,63","90,70,20,0",model_schedule,ok,major_only_no_svd,0,16.2295,61.6162,120.326,0.7756857872009277,True,11,",","llama_context: graph splits = 1
attach_threadpool: call
threads: decode=3 batch=3
prompt tokens: 4
running one forward pass (llama_decode) ...
Top-5 next-token candidates:
  id=11 logit=20.2053 piece="",""
  id=304 logit=18.9277 piece="" in""
  id=3837 logit=18.7558 piece=""，""
  id=1052 logit=18.5616 piece="" there""
  id=358 logit=17.8374 piece="" I""
Autoregressive generation:
Generated text: ,
Decode-only throughput: 16.2295 tokens/s (1 tokens in 0.0616162 s of llama_decode)
End-to-end throughput: 16.14 tokens/s (1 tokens in 0.0619579 s)
[decode-stage-profile] model_load=370.548 ms context_create=58.662 ms tokenize=0.442045 ms prefill_decode=120.326 ms generation_decode=61.6162 ms generation_total=61.9579 ms program_total=627.201 ms
[svd-local-op-profile] up_ops=56 gate_ops=56 down_ops=56 up_total=56.957 ms gate_total=48.073 ms down_total=39.667 ms up_v=7.785 ms gate_v=7.414 ms down_v=32.275 ms up_u=49.169 ms gate_u=40.653 ms down_u=7.390 ms
[svd-local-stage-profile] attention_total=1.516 ms ffn_total=146.494 ms ffn_svd_total=144.697 ms ffn_svd_v=47.474 ms ffn_svd_u=97.212 ms
[svd-offload-zero-profile] up_finish=0 up_cache=0 up_no_request=27 gate_finish=0 gate_cache=0 gate_no_request=27 down_finish=0 down_cache=0 down_no_request=27 other_finish=0 other_cache=0 other_no_request=0
[svd-local-timeout-profile] up_keep=0 up_drop=0 up_wait=0.000 ms gate_keep=0 gate_drop=0 gate_wait=0.000 ms down_keep=0 down_drop=0 down_wait=0.000 ms other_keep=0 other_drop=0 other_wait=0.000 ms
[svd-offload-client] up_gate_req=0 down_req=0 other_mat_req=0 ffn_req=0 gate_cache_hits=0 gate_cache_checks=0 miss_invalid=0 miss_layer=0 miss_rank=0 miss_hash=0 miss_output=0 miss_data=0 send_up_gate=0.000 ms send_down=0.000 ms send_other=0.000 ms send_ffn=0.000 ms wait_up_gate=0.000 ms wait_down=0.000 ms wait_other=0.000 ms wait_ffn=0.000 ms
[svd-offload-client-stage-profile] rpc_send_total=0.000 ms rpc_wait_total=0.000 ms
[svd-offload-client-debug] finish_fail_up_gate=0 finish_fail_down=0 finish_fail_other=0 finish_fail_ffn=0 cache_take_fail_up=0 cache_take_fail_gate=0 recv_up_sum_abs=0.000000e+00 recv_up_max_abs=0.000000e+00 recv_up_zero=0 recv_gate_sum_abs=0.000000e+00 recv_gate_max_abs=0.000000e+00 recv_gate_zero=0 recv_down_sum_abs=0.000000e+00 recv_down_max_abs=0.000000e+00 recv_down_zero=0 recv_other_sum_abs=0.000000e+00 recv_other_max_abs=0.000000e+00 recv_other_zero=0 recv_ffn_sum_abs=0.000000e+00 recv_ffn_max_abs=0.000000e+00 recv_ffn_zero=0
SUCCEED (one forward pass done)"
4c_front_hot,2,4,"60,61,62,63","90,70,20,0",baseline_no_svd,ok,,0,21.4139,46.6986,660.961,1.296924352645874,True,11,",","llama_context: graph splits = 1
attach_threadpool: call
threads: decode=4 batch=4
prompt tokens: 4
running one forward pass (llama_decode) ...
Top-5 next-token candidates:
  id=11 logit=20.2053 piece="",""
  id=304 logit=18.9277 piece="" in""
  id=3837 logit=18.7558 piece=""，""
  id=1052 logit=18.5616 piece="" there""
  id=358 logit=17.8374 piece="" I""
Autoregressive generation:
Generated text: ,
Decode-only throughput: 21.4139 tokens/s (1 tokens in 0.0466986 s of llama_decode)
End-to-end throughput: 21.2659 tokens/s (1 tokens in 0.0470237 s)
[decode-stage-profile] model_load=371.139 ms context_create=56.9338 ms tokenize=0.446673 ms prefill_decode=660.961 ms generation_decode=46.6986 ms generation_total=47.0237 ms program_total=1151.45 ms
[svd-local-op-profile] up_ops=56 gate_ops=56 down_ops=56 up_total=55.392 ms gate_total=54.034 ms down_total=47.757 ms up_v=12.713 ms gate_v=12.409 ms down_v=28.375 ms up_u=42.674 ms gate_u=41.620 ms down_u=19.379 ms
[svd-local-stage-profile] attention_total=94.460 ms ffn_total=194.528 ms ffn_svd_total=157.183 ms ffn_svd_v=53.497 ms ffn_svd_u=103.673 ms
[svd-offload-zero-profile] up_finish=0 up_cache=0 up_no_request=27 gate_finish=0 gate_cache=0 gate_no_request=27 down_finish=0 down_cache=0 down_no_request=27 other_finish=0 other_cache=0 other_no_request=0
[svd-local-timeout-profile] up_keep=0 up_drop=0 up_wait=0.000 ms gate_keep=0 gate_drop=0 gate_wait=0.000 ms down_keep=0 down_drop=0 down_wait=0.000 ms other_keep=0 other_drop=0 other_wait=0.000 ms
[svd-offload-client] up_gate_req=0 down_req=0 other_mat_req=0 ffn_req=0 gate_cache_hits=0 gate_cache_checks=0 miss_invalid=0 miss_layer=0 miss_rank=0 miss_hash=0 miss_output=0 miss_data=0 send_up_gate=0.000 ms send_down=0.000 ms send_other=0.000 ms send_ffn=0.000 ms wait_up_gate=0.000 ms wait_down=0.000 ms wait_other=0.000 ms wait_ffn=0.000 ms
[svd-offload-client-stage-profile] rpc_send_total=0.000 ms rpc_wait_total=0.000 ms
[svd-offload-client-debug] finish_fail_up_gate=0 finish_fail_down=0 finish_fail_other=0 finish_fail_ffn=0 cache_take_fail_up=0 cache_take_fail_gate=0 recv_up_sum_abs=0.000000e+00 recv_up_max_abs=0.000000e+00 recv_up_zero=0 recv_gate_sum_abs=0.000000e+00 recv_gate_max_abs=0.000000e+00 recv_gate_zero=0 recv_down_sum_abs=0.000000e+00 recv_down_max_abs=0.000000e+00 recv_down_zero=0 recv_other_sum_abs=0.000000e+00 recv_other_max_abs=0.000000e+00 recv_other_zero=0 recv_ffn_sum_abs=0.000000e+00 recv_ffn_max_abs=0.000000e+00 recv_ffn_zero=0
SUCCEED (one forward pass done)"
4c_front_hot,2,4,"60,61,62,63","90,70,20,0",model_schedule,ok,major_only_no_svd,0,16.6704,59.9865,167.682,0.801215648651123,True,11,",","llama_context: graph splits = 1
attach_threadpool: call
threads: decode=3 batch=3
prompt tokens: 4
running one forward pass (llama_decode) ...
Top-5 next-token candidates:
  id=11 logit=20.2053 piece="",""
  id=304 logit=18.9277 piece="" in""
  id=3837 logit=18.7558 piece=""，""
  id=1052 logit=18.5616 piece="" there""
  id=358 logit=17.8374 piece="" I""
Autoregressive generation:
Generated text: ,
Decode-only throughput: 16.6704 tokens/s (1 tokens in 0.0599865 s of llama_decode)
End-to-end throughput: 16.568 tokens/s (1 tokens in 0.0603572 s)
[decode-stage-profile] model_load=364.568 ms context_create=59.0765 ms tokenize=0.690676 ms prefill_decode=167.682 ms generation_decode=59.9865 ms generation_total=60.3572 ms program_total=668.077 ms
[svd-local-op-profile] up_ops=56 gate_ops=56 down_ops=56 up_total=49.057 ms gate_total=48.339 ms down_total=65.223 ms up_v=7.985 ms gate_v=7.476 ms down_v=43.028 ms up_u=41.069 ms gate_u=40.857 ms down_u=22.191 ms
[svd-local-stage-profile] attention_total=11.793 ms ffn_total=164.540 ms ffn_svd_total=162.619 ms ffn_svd_v=58.489 ms ffn_svd_u=104.117 ms
[svd-offload-zero-profile] up_finish=0 up_cache=0 up_no_request=27 gate_finish=0 gate_cache=0 gate_no_request=27 down_finish=0 down_cache=0 down_no_request=27 other_finish=0 other_cache=0 other_no_request=0
[svd-local-timeout-profile] up_keep=0 up_drop=0 up_wait=0.000 ms gate_keep=0 gate_drop=0 gate_wait=0.000 ms down_keep=0 down_drop=0 down_wait=0.000 ms other_keep=0 other_drop=0 other_wait=0.000 ms
[svd-offload-client] up_gate_req=0 down_req=0 other_mat_req=0 ffn_req=0 gate_cache_hits=0 gate_cache_checks=0 miss_invalid=0 miss_layer=0 miss_rank=0 miss_hash=0 miss_output=0 miss_data=0 send_up_gate=0.000 ms send_down=0.000 ms send_other=0.000 ms send_ffn=0.000 ms wait_up_gate=0.000 ms wait_down=0.000 ms wait_other=0.000 ms wait_ffn=0.000 ms
[svd-offload-client-stage-profile] rpc_send_total=0.000 ms rpc_wait_total=0.000 ms
[svd-offload-client-debug] finish_fail_up_gate=0 finish_fail_down=0 finish_fail_other=0 finish_fail_ffn=0 cache_take_fail_up=0 cache_take_fail_gate=0 recv_up_sum_abs=0.000000e+00 recv_up_max_abs=0.000000e+00 recv_up_zero=0 recv_gate_sum_abs=0.000000e+00 recv_gate_max_abs=0.000000e+00 recv_gate_zero=0 recv_down_sum_abs=0.000000e+00 recv_down_max_abs=0.000000e+00 recv_down_zero=0 recv_other_sum_abs=0.000000e+00 recv_other_max_abs=0.000000e+00 recv_other_zero=0 recv_ffn_sum_abs=0.000000e+00 recv_ffn_max_abs=0.000000e+00 recv_ffn_zero=0
SUCCEED (one forward pass done)"
4c_gradient,0,4,"60,61,62,63","0,20,60,100",baseline_no_svd,ok,,0,0.398118,2511.82,5708.15,8.809266090393066,True,11,",","llama_context: graph splits = 1
attach_threadpool: call
threads: decode=4 batch=4
prompt tokens: 4
running one forward pass (llama_decode) ...
Top-5 next-token candidates:
  id=11 logit=20.2053 piece="",""
  id=304 logit=18.9277 piece="" in""
  id=3837 logit=18.7558 piece=""，""
  id=1052 logit=18.5616 piece="" there""
  id=358 logit=17.8374 piece="" I""
Autoregressive generation:
Generated text: ,
Decode-only throughput: 0.398118 tokens/s (1 tokens in 2.51182 s of llama_decode)
End-to-end throughput: 0.398062 tokens/s (1 tokens in 2.51217 s)
[decode-stage-profile] model_load=363.042 ms context_create=57.3177 ms tokenize=0.444121 ms prefill_decode=5708.15 ms generation_decode=2511.82 ms generation_total=2512.17 ms program_total=8656.64 ms
[svd-local-op-profile] up_ops=56 gate_ops=56 down_ops=56 up_total=461.644 ms gate_total=452.799 ms down_total=450.473 ms up_v=147.829 ms gate_v=144.402 ms down_v=168.534 ms up_u=313.810 ms gate_u=308.391 ms down_u=281.935 ms
[svd-local-stage-profile] attention_total=1412.368 ms ffn_total=2411.642 ms ffn_svd_total=1364.916 ms ffn_svd_v=460.765 ms ffn_svd_u=904.136 ms
[svd-offload-zero-profile] up_finish=0 up_cache=0 up_no_request=27 gate_finish=0 gate_cache=0 gate_no_request=27 down_finish=0 down_cache=0 down_no_request=27 other_finish=0 other_cache=0 other_no_request=0
[svd-local-timeout-profile] up_keep=0 up_drop=0 up_wait=0.000 ms gate_keep=0 gate_drop=0 gate_wait=0.000 ms down_keep=0 down_drop=0 down_wait=0.000 ms other_keep=0 other_drop=0 other_wait=0.000 ms
[svd-offload-client] up_gate_req=0 down_req=0 other_mat_req=0 ffn_req=0 gate_cache_hits=0 gate_cache_checks=0 miss_invalid=0 miss_layer=0 miss_rank=0 miss_hash=0 miss_output=0 miss_data=0 send_up_gate=0.000 ms send_down=0.000 ms send_other=0.000 ms send_ffn=0.000 ms wait_up_gate=0.000 ms wait_down=0.000 ms wait_other=0.000 ms wait_ffn=0.000 ms
[svd-offload-client-stage-profile] rpc_send_total=0.000 ms rpc_wait_total=0.000 ms
[svd-offload-client-debug] finish_fail_up_gate=0 finish_fail_down=0 finish_fail_other=0 finish_fail_ffn=0 cache_take_fail_up=0 cache_take_fail_gate=0 recv_up_sum_abs=0.000000e+00 recv_up_max_abs=0.000000e+00 recv_up_zero=0 recv_gate_sum_abs=0.000000e+00 recv_gate_max_abs=0.000000e+00 recv_gate_zero=0 recv_down_sum_abs=0.000000e+00 recv_down_max_abs=0.000000e+00 recv_down_zero=0 recv_other_sum_abs=0.000000e+00 recv_other_max_abs=0.000000e+00 recv_other_zero=0 recv_ffn_sum_abs=0.000000e+00 recv_ffn_max_abs=0.000000e+00 recv_ffn_zero=0
SUCCEED (one forward pass done)"
4c_gradient,0,4,"60,61,62,63","0,20,60,100",model_schedule,same_as_baseline_no_svd,baseline_no_svd,0,0.398118,2511.82,5708.15,8.809266090393066,True,11,",","llama_context: graph splits = 1
attach_threadpool: call
threads: decode=4 batch=4
prompt tokens: 4
running one forward pass (llama_decode) ...
Top-5 next-token candidates:
  id=11 logit=20.2053 piece="",""
  id=304 logit=18.9277 piece="" in""
  id=3837 logit=18.7558 piece=""，""
  id=1052 logit=18.5616 piece="" there""
  id=358 logit=17.8374 piece="" I""
Autoregressive generation:
Generated text: ,
Decode-only throughput: 0.398118 tokens/s (1 tokens in 2.51182 s of llama_decode)
End-to-end throughput: 0.398062 tokens/s (1 tokens in 2.51217 s)
[decode-stage-profile] model_load=363.042 ms context_create=57.3177 ms tokenize=0.444121 ms prefill_decode=5708.15 ms generation_decode=2511.82 ms generation_total=2512.17 ms program_total=8656.64 ms
[svd-local-op-profile] up_ops=56 gate_ops=56 down_ops=56 up_total=461.644 ms gate_total=452.799 ms down_total=450.473 ms up_v=147.829 ms gate_v=144.402 ms down_v=168.534 ms up_u=313.810 ms gate_u=308.391 ms down_u=281.935 ms
[svd-local-stage-profile] attention_total=1412.368 ms ffn_total=2411.642 ms ffn_svd_total=1364.916 ms ffn_svd_v=460.765 ms ffn_svd_u=904.136 ms
[svd-offload-zero-profile] up_finish=0 up_cache=0 up_no_request=27 gate_finish=0 gate_cache=0 gate_no_request=27 down_finish=0 down_cache=0 down_no_request=27 other_finish=0 other_cache=0 other_no_request=0
[svd-local-timeout-profile] up_keep=0 up_drop=0 up_wait=0.000 ms gate_keep=0 gate_drop=0 gate_wait=0.000 ms down_keep=0 down_drop=0 down_wait=0.000 ms other_keep=0 other_drop=0 other_wait=0.000 ms
[svd-offload-client] up_gate_req=0 down_req=0 other_mat_req=0 ffn_req=0 gate_cache_hits=0 gate_cache_checks=0 miss_invalid=0 miss_layer=0 miss_rank=0 miss_hash=0 miss_output=0 miss_data=0 send_up_gate=0.000 ms send_down=0.000 ms send_other=0.000 ms send_ffn=0.000 ms wait_up_gate=0.000 ms wait_down=0.000 ms wait_other=0.000 ms wait_ffn=0.000 ms
[svd-offload-client-stage-profile] rpc_send_total=0.000 ms rpc_wait_total=0.000 ms
[svd-offload-client-debug] finish_fail_up_gate=0 finish_fail_down=0 finish_fail_other=0 finish_fail_ffn=0 cache_take_fail_up=0 cache_take_fail_gate=0 recv_up_sum_abs=0.000000e+00 recv_up_max_abs=0.000000e+00 recv_up_zero=0 recv_gate_sum_abs=0.000000e+00 recv_gate_max_abs=0.000000e+00 recv_gate_zero=0 recv_down_sum_abs=0.000000e+00 recv_down_max_abs=0.000000e+00 recv_down_zero=0 recv_other_sum_abs=0.000000e+00 recv_other_max_abs=0.000000e+00 recv_other_zero=0 recv_ffn_sum_abs=0.000000e+00 recv_ffn_max_abs=0.000000e+00 recv_ffn_zero=0
SUCCEED (one forward pass done)"
4c_gradient,1,4,"60,61,62,63","0,20,60,100",baseline_no_svd,ok,,0,15.8776,62.9817,5748.59,6.384899377822876,True,11,",","llama_context: graph splits = 1
attach_threadpool: call
threads: decode=4 batch=4
prompt tokens: 4
running one forward pass (llama_decode) ...
Top-5 next-token candidates:
  id=11 logit=20.2053 piece="",""
  id=304 logit=18.9277 piece="" in""
  id=3837 logit=18.7558 piece=""，""
  id=1052 logit=18.5616 piece="" there""
  id=358 logit=17.8374 piece="" I""
Autoregressive generation:
Generated text: ,
Decode-only throughput: 15.8776 tokens/s (1 tokens in 0.0629817 s of llama_decode)
End-to-end throughput: 15.792 tokens/s (1 tokens in 0.0633231 s)
[decode-stage-profile] model_load=362.531 ms context_create=54.4775 ms tokenize=0.443888 ms prefill_decode=5748.59 ms generation_decode=62.9817 ms generation_total=63.3231 ms program_total=6242.83 ms
[svd-local-op-profile] up_ops=56 gate_ops=56 down_ops=56 up_total=345.929 ms gate_total=335.227 ms down_total=332.834 ms up_v=107.707 ms gate_v=108.166 ms down_v=132.160 ms up_u=238.214 ms gate_u=227.055 ms down_u=200.668 ms
[svd-local-stage-profile] attention_total=823.430 ms ffn_total=1481.708 ms ffn_svd_total=1013.990 ms ffn_svd_v=348.033 ms ffn_svd_u=665.937 ms
[svd-offload-zero-profile] up_finish=0 up_cache=0 up_no_request=27 gate_finish=0 gate_cache=0 gate_no_request=27 down_finish=0 down_cache=0 down_no_request=27 other_finish=0 other_cache=0 other_no_request=0
[svd-local-timeout-profile] up_keep=0 up_drop=0 up_wait=0.000 ms gate_keep=0 gate_drop=0 gate_wait=0.000 ms down_keep=0 down_drop=0 down_wait=0.000 ms other_keep=0 other_drop=0 other_wait=0.000 ms
[svd-offload-client] up_gate_req=0 down_req=0 other_mat_req=0 ffn_req=0 gate_cache_hits=0 gate_cache_checks=0 miss_invalid=0 miss_layer=0 miss_rank=0 miss_hash=0 miss_output=0 miss_data=0 send_up_gate=0.000 ms send_down=0.000 ms send_other=0.000 ms send_ffn=0.000 ms wait_up_gate=0.000 ms wait_down=0.000 ms wait_other=0.000 ms wait_ffn=0.000 ms
[svd-offload-client-stage-profile] rpc_send_total=0.000 ms rpc_wait_total=0.000 ms
[svd-offload-client-debug] finish_fail_up_gate=0 finish_fail_down=0 finish_fail_other=0 finish_fail_ffn=0 cache_take_fail_up=0 cache_take_fail_gate=0 recv_up_sum_abs=0.000000e+00 recv_up_max_abs=0.000000e+00 recv_up_zero=0 recv_gate_sum_abs=0.000000e+00 recv_gate_max_abs=0.000000e+00 recv_gate_zero=0 recv_down_sum_abs=0.000000e+00 recv_down_max_abs=0.000000e+00 recv_down_zero=0 recv_other_sum_abs=0.000000e+00 recv_other_max_abs=0.000000e+00 recv_other_zero=0 recv_ffn_sum_abs=0.000000e+00 recv_ffn_max_abs=0.000000e+00 recv_ffn_zero=0
SUCCEED (one forward pass done)"
4c_gradient,1,4,"60,61,62,63","0,20,60,100",model_schedule,same_as_baseline_no_svd,baseline_no_svd,0,15.8776,62.9817,5748.59,6.384899377822876,True,11,",","llama_context: graph splits = 1
attach_threadpool: call
threads: decode=4 batch=4
prompt tokens: 4
running one forward pass (llama_decode) ...
Top-5 next-token candidates:
  id=11 logit=20.2053 piece="",""
  id=304 logit=18.9277 piece="" in""
  id=3837 logit=18.7558 piece=""，""
  id=1052 logit=18.5616 piece="" there""
  id=358 logit=17.8374 piece="" I""
Autoregressive generation:
Generated text: ,
Decode-only throughput: 15.8776 tokens/s (1 tokens in 0.0629817 s of llama_decode)
End-to-end throughput: 15.792 tokens/s (1 tokens in 0.0633231 s)
[decode-stage-profile] model_load=362.531 ms context_create=54.4775 ms tokenize=0.443888 ms prefill_decode=5748.59 ms generation_decode=62.9817 ms generation_total=63.3231 ms program_total=6242.83 ms
[svd-local-op-profile] up_ops=56 gate_ops=56 down_ops=56 up_total=345.929 ms gate_total=335.227 ms down_total=332.834 ms up_v=107.707 ms gate_v=108.166 ms down_v=132.160 ms up_u=238.214 ms gate_u=227.055 ms down_u=200.668 ms
[svd-local-stage-profile] attention_total=823.430 ms ffn_total=1481.708 ms ffn_svd_total=1013.990 ms ffn_svd_v=348.033 ms ffn_svd_u=665.937 ms
[svd-offload-zero-profile] up_finish=0 up_cache=0 up_no_request=27 gate_finish=0 gate_cache=0 gate_no_request=27 down_finish=0 down_cache=0 down_no_request=27 other_finish=0 other_cache=0 other_no_request=0
[svd-local-timeout-profile] up_keep=0 up_drop=0 up_wait=0.000 ms gate_keep=0 gate_drop=0 gate_wait=0.000 ms down_keep=0 down_drop=0 down_wait=0.000 ms other_keep=0 other_drop=0 other_wait=0.000 ms
[svd-offload-client] up_gate_req=0 down_req=0 other_mat_req=0 ffn_req=0 gate_cache_hits=0 gate_cache_checks=0 miss_invalid=0 miss_layer=0 miss_rank=0 miss_hash=0 miss_output=0 miss_data=0 send_up_gate=0.000 ms send_down=0.000 ms send_other=0.000 ms send_ffn=0.000 ms wait_up_gate=0.000 ms wait_down=0.000 ms wait_other=0.000 ms wait_ffn=0.000 ms
[svd-offload-client-stage-profile] rpc_send_total=0.000 ms rpc_wait_total=0.000 ms
[svd-offload-client-debug] finish_fail_up_gate=0 finish_fail_down=0 finish_fail_other=0 finish_fail_ffn=0 cache_take_fail_up=0 cache_take_fail_gate=0 recv_up_sum_abs=0.000000e+00 recv_up_max_abs=0.000000e+00 recv_up_zero=0 recv_gate_sum_abs=0.000000e+00 recv_gate_max_abs=0.000000e+00 recv_gate_zero=0 recv_down_sum_abs=0.000000e+00 recv_down_max_abs=0.000000e+00 recv_down_zero=0 recv_other_sum_abs=0.000000e+00 recv_other_max_abs=0.000000e+00 recv_other_zero=0 recv_ffn_sum_abs=0.000000e+00 recv_ffn_max_abs=0.000000e+00 recv_ffn_zero=0
SUCCEED (one forward pass done)"
4c_gradient,2,4,"60,61,62,63","0,20,60,100",baseline_no_svd,ok,,0,17.5456,56.9945,3232.89,3.859210968017578,True,11,",","llama_context: graph splits = 1
attach_threadpool: call
threads: decode=4 batch=4
prompt tokens: 4
running one forward pass (llama_decode) ...
Top-5 next-token candidates:
  id=11 logit=20.2053 piece="",""
  id=304 logit=18.9277 piece="" in""
  id=3837 logit=18.7558 piece=""，""
  id=1052 logit=18.5616 piece="" there""
  id=358 logit=17.8374 piece="" I""
Autoregressive generation:
Generated text: ,
Decode-only throughput: 17.5456 tokens/s (1 tokens in 0.0569945 s of llama_decode)
End-to-end throughput: 17.4412 tokens/s (1 tokens in 0.0573354 s)
[decode-stage-profile] model_load=361.992 ms context_create=48.909 ms tokenize=0.443319 ms prefill_decode=3232.89 ms generation_decode=56.9945 ms generation_total=57.3354 ms program_total=3712.36 ms
[svd-local-op-profile] up_ops=56 gate_ops=56 down_ops=56 up_total=192.895 ms gate_total=194.067 ms down_total=181.157 ms up_v=52.432 ms gate_v=58.527 ms down_v=75.259 ms up_u=140.459 ms gate_u=135.536 ms down_u=105.894 ms
[svd-local-stage-profile] attention_total=451.873 ms ffn_total=821.357 ms ffn_svd_total=568.119 ms ffn_svd_v=186.218 ms ffn_svd_u=381.889 ms
[svd-offload-zero-profile] up_finish=0 up_cache=0 up_no_request=27 gate_finish=0 gate_cache=0 gate_no_request=27 down_finish=0 down_cache=0 down_no_request=27 other_finish=0 other_cache=0 other_no_request=0
[svd-local-timeout-profile] up_keep=0 up_drop=0 up_wait=0.000 ms gate_keep=0 gate_drop=0 gate_wait=0.000 ms down_keep=0 down_drop=0 down_wait=0.000 ms other_keep=0 other_drop=0 other_wait=0.000 ms
[svd-offload-client] up_gate_req=0 down_req=0 other_mat_req=0 ffn_req=0 gate_cache_hits=0 gate_cache_checks=0 miss_invalid=0 miss_layer=0 miss_rank=0 miss_hash=0 miss_output=0 miss_data=0 send_up_gate=0.000 ms send_down=0.000 ms send_other=0.000 ms send_ffn=0.000 ms wait_up_gate=0.000 ms wait_down=0.000 ms wait_other=0.000 ms wait_ffn=0.000 ms
[svd-offload-client-stage-profile] rpc_send_total=0.000 ms rpc_wait_total=0.000 ms
[svd-offload-client-debug] finish_fail_up_gate=0 finish_fail_down=0 finish_fail_other=0 finish_fail_ffn=0 cache_take_fail_up=0 cache_take_fail_gate=0 recv_up_sum_abs=0.000000e+00 recv_up_max_abs=0.000000e+00 recv_up_zero=0 recv_gate_sum_abs=0.000000e+00 recv_gate_max_abs=0.000000e+00 recv_gate_zero=0 recv_down_sum_abs=0.000000e+00 recv_down_max_abs=0.000000e+00 recv_down_zero=0 recv_other_sum_abs=0.000000e+00 recv_other_max_abs=0.000000e+00 recv_other_zero=0 recv_ffn_sum_abs=0.000000e+00 recv_ffn_max_abs=0.000000e+00 recv_ffn_zero=0
SUCCEED (one forward pass done)"
4c_gradient,2,4,"60,61,62,63","0,20,60,100",model_schedule,same_as_baseline_no_svd,baseline_no_svd,0,17.5456,56.9945,3232.89,3.859210968017578,True,11,",","llama_context: graph splits = 1
attach_threadpool: call
threads: decode=4 batch=4
prompt tokens: 4
running one forward pass (llama_decode) ...
Top-5 next-token candidates:
  id=11 logit=20.2053 piece="",""
  id=304 logit=18.9277 piece="" in""
  id=3837 logit=18.7558 piece=""，""
  id=1052 logit=18.5616 piece="" there""
  id=358 logit=17.8374 piece="" I""
Autoregressive generation:
Generated text: ,
Decode-only throughput: 17.5456 tokens/s (1 tokens in 0.0569945 s of llama_decode)
End-to-end throughput: 17.4412 tokens/s (1 tokens in 0.0573354 s)
[decode-stage-profile] model_load=361.992 ms context_create=48.909 ms tokenize=0.443319 ms prefill_decode=3232.89 ms generation_decode=56.9945 ms generation_total=57.3354 ms program_total=3712.36 ms
[svd-local-op-profile] up_ops=56 gate_ops=56 down_ops=56 up_total=192.895 ms gate_total=194.067 ms down_total=181.157 ms up_v=52.432 ms gate_v=58.527 ms down_v=75.259 ms up_u=140.459 ms gate_u=135.536 ms down_u=105.894 ms
[svd-local-stage-profile] attention_total=451.873 ms ffn_total=821.357 ms ffn_svd_total=568.119 ms ffn_svd_v=186.218 ms ffn_svd_u=381.889 ms
[svd-offload-zero-profile] up_finish=0 up_cache=0 up_no_request=27 gate_finish=0 gate_cache=0 gate_no_request=27 down_finish=0 down_cache=0 down_no_request=27 other_finish=0 other_cache=0 other_no_request=0
[svd-local-timeout-profile] up_keep=0 up_drop=0 up_wait=0.000 ms gate_keep=0 gate_drop=0 gate_wait=0.000 ms down_keep=0 down_drop=0 down_wait=0.000 ms other_keep=0 other_drop=0 other_wait=0.000 ms
[svd-offload-client] up_gate_req=0 down_req=0 other_mat_req=0 ffn_req=0 gate_cache_hits=0 gate_cache_checks=0 miss_invalid=0 miss_layer=0 miss_rank=0 miss_hash=0 miss_output=0 miss_data=0 send_up_gate=0.000 ms send_down=0.000 ms send_other=0.000 ms send_ffn=0.000 ms wait_up_gate=0.000 ms wait_down=0.000 ms wait_other=0.000 ms wait_ffn=0.000 ms
[svd-offload-client-stage-profile] rpc_send_total=0.000 ms rpc_wait_total=0.000 ms
[svd-offload-client-debug] finish_fail_up_gate=0 finish_fail_down=0 finish_fail_other=0 finish_fail_ffn=0 cache_take_fail_up=0 cache_take_fail_gate=0 recv_up_sum_abs=0.000000e+00 recv_up_max_abs=0.000000e+00 recv_up_zero=0 recv_gate_sum_abs=0.000000e+00 recv_gate_max_abs=0.000000e+00 recv_gate_zero=0 recv_down_sum_abs=0.000000e+00 recv_down_max_abs=0.000000e+00 recv_down_zero=0 recv_other_sum_abs=0.000000e+00 recv_other_max_abs=0.000000e+00 recv_other_zero=0 recv_ffn_sum_abs=0.000000e+00 recv_ffn_max_abs=0.000000e+00 recv_ffn_zero=0
SUCCEED (one forward pass done)"
4c_high,0,4,"60,61,62,63","70,80,90,100",baseline_no_svd,ok,,0,17.3214,57.7319,116.092,0.8095793724060059,True,11,",","llama_context: graph splits = 1
attach_threadpool: call
threads: decode=4 batch=4
prompt tokens: 4
running one forward pass (llama_decode) ...
Top-5 next-token candidates:
  id=11 logit=20.2053 piece="",""
  id=304 logit=18.9277 piece="" in""
  id=3837 logit=18.7558 piece=""，""
  id=1052 logit=18.5616 piece="" there""
  id=358 logit=17.8374 piece="" I""
Autoregressive generation:
Generated text: ,
Decode-only throughput: 17.3214 tokens/s (1 tokens in 0.0577319 s of llama_decode)
End-to-end throughput: 17.2267 tokens/s (1 tokens in 0.0580494 s)
[decode-stage-profile] model_load=398.338 ms context_create=66.7783 ms tokenize=0.476646 ms prefill_decode=116.092 ms generation_decode=57.7319 ms generation_total=58.0494 ms program_total=656.39 ms
[svd-local-op-profile] up_ops=56 gate_ops=56 down_ops=56 up_total=46.594 ms gate_total=49.835 ms down_total=37.518 ms up_v=7.587 ms gate_v=7.297 ms down_v=30.158 ms up_u=39.000 ms gate_u=42.533 ms down_u=7.355 ms
[svd-local-stage-profile] attention_total=2.193 ms ffn_total=135.270 ms ffn_svd_total=133.947 ms ffn_svd_v=45.042 ms ffn_svd_u=88.888 ms
[svd-offload-zero-profile] up_finish=0 up_cache=0 up_no_request=27 gate_finish=0 gate_cache=0 gate_no_request=27 down_finish=0 down_cache=0 down_no_request=27 other_finish=0 other_cache=0 other_no_request=0
[svd-local-timeout-profile] up_keep=0 up_drop=0 up_wait=0.000 ms gate_keep=0 gate_drop=0 gate_wait=0.000 ms down_keep=0 down_drop=0 down_wait=0.000 ms other_keep=0 other_drop=0 other_wait=0.000 ms
[svd-offload-client] up_gate_req=0 down_req=0 other_mat_req=0 ffn_req=0 gate_cache_hits=0 gate_cache_checks=0 miss_invalid=0 miss_layer=0 miss_rank=0 miss_hash=0 miss_output=0 miss_data=0 send_up_gate=0.000 ms send_down=0.000 ms send_other=0.000 ms send_ffn=0.000 ms wait_up_gate=0.000 ms wait_down=0.000 ms wait_other=0.000 ms wait_ffn=0.000 ms
[svd-offload-client-stage-profile] rpc_send_total=0.000 ms rpc_wait_total=0.000 ms
[svd-offload-client-debug] finish_fail_up_gate=0 finish_fail_down=0 finish_fail_other=0 finish_fail_ffn=0 cache_take_fail_up=0 cache_take_fail_gate=0 recv_up_sum_abs=0.000000e+00 recv_up_max_abs=0.000000e+00 recv_up_zero=0 recv_gate_sum_abs=0.000000e+00 recv_gate_max_abs=0.000000e+00 recv_gate_zero=0 recv_down_sum_abs=0.000000e+00 recv_down_max_abs=0.000000e+00 recv_down_zero=0 recv_other_sum_abs=0.000000e+00 recv_other_max_abs=0.000000e+00 recv_other_zero=0 recv_ffn_sum_abs=0.000000e+00 recv_ffn_max_abs=0.000000e+00 recv_ffn_zero=0
SUCCEED (one forward pass done)"
4c_high,0,4,"60,61,62,63","70,80,90,100",model_schedule,same_as_baseline_no_svd,baseline_no_svd,0,17.3214,57.7319,116.092,0.8095793724060059,True,11,",","llama_context: graph splits = 1
attach_threadpool: call
threads: decode=4 batch=4
prompt tokens: 4
running one forward pass (llama_decode) ...
Top-5 next-token candidates:
  id=11 logit=20.2053 piece="",""
  id=304 logit=18.9277 piece="" in""
  id=3837 logit=18.7558 piece=""，""
  id=1052 logit=18.5616 piece="" there""
  id=358 logit=17.8374 piece="" I""
Autoregressive generation:
Generated text: ,
Decode-only throughput: 17.3214 tokens/s (1 tokens in 0.0577319 s of llama_decode)
End-to-end throughput: 17.2267 tokens/s (1 tokens in 0.0580494 s)
[decode-stage-profile] model_load=398.338 ms context_create=66.7783 ms tokenize=0.476646 ms prefill_decode=116.092 ms generation_decode=57.7319 ms generation_total=58.0494 ms program_total=656.39 ms
[svd-local-op-profile] up_ops=56 gate_ops=56 down_ops=56 up_total=46.594 ms gate_total=49.835 ms down_total=37.518 ms up_v=7.587 ms gate_v=7.297 ms down_v=30.158 ms up_u=39.000 ms gate_u=42.533 ms down_u=7.355 ms
[svd-local-stage-profile] attention_total=2.193 ms ffn_total=135.270 ms ffn_svd_total=133.947 ms ffn_svd_v=45.042 ms ffn_svd_u=88.888 ms
[svd-offload-zero-profile] up_finish=0 up_cache=0 up_no_request=27 gate_finish=0 gate_cache=0 gate_no_request=27 down_finish=0 down_cache=0 down_no_request=27 other_finish=0 other_cache=0 other_no_request=0
[svd-local-timeout-profile] up_keep=0 up_drop=0 up_wait=0.000 ms gate_keep=0 gate_drop=0 gate_wait=0.000 ms down_keep=0 down_drop=0 down_wait=0.000 ms other_keep=0 other_drop=0 other_wait=0.000 ms
[svd-offload-client] up_gate_req=0 down_req=0 other_mat_req=0 ffn_req=0 gate_cache_hits=0 gate_cache_checks=0 miss_invalid=0 miss_layer=0 miss_rank=0 miss_hash=0 miss_output=0 miss_data=0 send_up_gate=0.000 ms send_down=0.000 ms send_other=0.000 ms send_ffn=0.000 ms wait_up_gate=0.000 ms wait_down=0.000 ms wait_other=0.000 ms wait_ffn=0.000 ms
[svd-offload-client-stage-profile] rpc_send_total=0.000 ms rpc_wait_total=0.000 ms
[svd-offload-client-debug] finish_fail_up_gate=0 finish_fail_down=0 finish_fail_other=0 finish_fail_ffn=0 cache_take_fail_up=0 cache_take_fail_gate=0 recv_up_sum_abs=0.000000e+00 recv_up_max_abs=0.000000e+00 recv_up_zero=0 recv_gate_sum_abs=0.000000e+00 recv_gate_max_abs=0.000000e+00 recv_gate_zero=0 recv_down_sum_abs=0.000000e+00 recv_down_max_abs=0.000000e+00 recv_down_zero=0 recv_other_sum_abs=0.000000e+00 recv_other_max_abs=0.000000e+00 recv_other_zero=0 recv_ffn_sum_abs=0.000000e+00 recv_ffn_max_abs=0.000000e+00 recv_ffn_zero=0
SUCCEED (one forward pass done)"
4c_high,1,4,"60,61,62,63","70,80,90,100",baseline_no_svd,ok,,0,16.2581,61.508,117.4,1.0174715518951416,True,11,",","llama_context: graph splits = 1
attach_threadpool: call
threads: decode=4 batch=4
prompt tokens: 4
running one forward pass (llama_decode) ...
Top-5 next-token candidates:
  id=11 logit=20.2053 piece="",""
  id=304 logit=18.9277 piece="" in""
  id=3837 logit=18.7558 piece=""，""
  id=1052 logit=18.5616 piece="" there""
  id=358 logit=17.8374 piece="" I""
Autoregressive generation:
Generated text: ,
Decode-only throughput: 16.2581 tokens/s (1 tokens in 0.061508 s of llama_decode)
End-to-end throughput: 16.1677 tokens/s (1 tokens in 0.0618518 s)
[decode-stage-profile] model_load=577.299 ms context_create=57.4147 ms tokenize=0.948609 ms prefill_decode=117.4 ms generation_decode=61.508 ms generation_total=61.8518 ms program_total=831.821 ms
[svd-local-op-profile] up_ops=56 gate_ops=56 down_ops=56 up_total=46.957 ms gate_total=46.722 ms down_total=40.958 ms up_v=7.460 ms gate_v=7.169 ms down_v=30.752 ms up_u=39.490 ms gate_u=39.547 ms down_u=10.202 ms
[svd-local-stage-profile] attention_total=1.699 ms ffn_total=136.090 ms ffn_svd_total=134.637 ms ffn_svd_v=45.381 ms ffn_svd_u=89.239 ms
[svd-offload-zero-profile] up_finish=0 up_cache=0 up_no_request=27 gate_finish=0 gate_cache=0 gate_no_request=27 down_finish=0 down_cache=0 down_no_request=27 other_finish=0 other_cache=0 other_no_request=0
[svd-local-timeout-profile] up_keep=0 up_drop=0 up_wait=0.000 ms gate_keep=0 gate_drop=0 gate_wait=0.000 ms down_keep=0 down_drop=0 down_wait=0.000 ms other_keep=0 other_drop=0 other_wait=0.000 ms
[svd-offload-client] up_gate_req=0 down_req=0 other_mat_req=0 ffn_req=0 gate_cache_hits=0 gate_cache_checks=0 miss_invalid=0 miss_layer=0 miss_rank=0 miss_hash=0 miss_output=0 miss_data=0 send_up_gate=0.000 ms send_down=0.000 ms send_other=0.000 ms send_ffn=0.000 ms wait_up_gate=0.000 ms wait_down=0.000 ms wait_other=0.000 ms wait_ffn=0.000 ms
[svd-offload-client-stage-profile] rpc_send_total=0.000 ms rpc_wait_total=0.000 ms
[svd-offload-client-debug] finish_fail_up_gate=0 finish_fail_down=0 finish_fail_other=0 finish_fail_ffn=0 cache_take_fail_up=0 cache_take_fail_gate=0 recv_up_sum_abs=0.000000e+00 recv_up_max_abs=0.000000e+00 recv_up_zero=0 recv_gate_sum_abs=0.000000e+00 recv_gate_max_abs=0.000000e+00 recv_gate_zero=0 recv_down_sum_abs=0.000000e+00 recv_down_max_abs=0.000000e+00 recv_down_zero=0 recv_other_sum_abs=0.000000e+00 recv_other_max_abs=0.000000e+00 recv_other_zero=0 recv_ffn_sum_abs=0.000000e+00 recv_ffn_max_abs=0.000000e+00 recv_ffn_zero=0
SUCCEED (one forward pass done)"
4c_high,1,4,"60,61,62,63","70,80,90,100",model_schedule,same_as_baseline_no_svd,baseline_no_svd,0,16.2581,61.508,117.4,1.0174715518951416,True,11,",","llama_context: graph splits = 1
attach_threadpool: call
threads: decode=4 batch=4
prompt tokens: 4
running one forward pass (llama_decode) ...
Top-5 next-token candidates:
  id=11 logit=20.2053 piece="",""
  id=304 logit=18.9277 piece="" in""
  id=3837 logit=18.7558 piece=""，""
  id=1052 logit=18.5616 piece="" there""
  id=358 logit=17.8374 piece="" I""
Autoregressive generation:
Generated text: ,
Decode-only throughput: 16.2581 tokens/s (1 tokens in 0.061508 s of llama_decode)
End-to-end throughput: 16.1677 tokens/s (1 tokens in 0.0618518 s)
[decode-stage-profile] model_load=577.299 ms context_create=57.4147 ms tokenize=0.948609 ms prefill_decode=117.4 ms generation_decode=61.508 ms generation_total=61.8518 ms program_total=831.821 ms
[svd-local-op-profile] up_ops=56 gate_ops=56 down_ops=56 up_total=46.957 ms gate_total=46.722 ms down_total=40.958 ms up_v=7.460 ms gate_v=7.169 ms down_v=30.752 ms up_u=39.490 ms gate_u=39.547 ms down_u=10.202 ms
[svd-local-stage-profile] attention_total=1.699 ms ffn_total=136.090 ms ffn_svd_total=134.637 ms ffn_svd_v=45.381 ms ffn_svd_u=89.239 ms
[svd-offload-zero-profile] up_finish=0 up_cache=0 up_no_request=27 gate_finish=0 gate_cache=0 gate_no_request=27 down_finish=0 down_cache=0 down_no_request=27 other_finish=0 other_cache=0 other_no_request=0
[svd-local-timeout-profile] up_keep=0 up_drop=0 up_wait=0.000 ms gate_keep=0 gate_drop=0 gate_wait=0.000 ms down_keep=0 down_drop=0 down_wait=0.000 ms other_keep=0 other_drop=0 other_wait=0.000 ms
[svd-offload-client] up_gate_req=0 down_req=0 other_mat_req=0 ffn_req=0 gate_cache_hits=0 gate_cache_checks=0 miss_invalid=0 miss_layer=0 miss_rank=0 miss_hash=0 miss_output=0 miss_data=0 send_up_gate=0.000 ms send_down=0.000 ms send_other=0.000 ms send_ffn=0.000 ms wait_up_gate=0.000 ms wait_down=0.000 ms wait_other=0.000 ms wait_ffn=0.000 ms
[svd-offload-client-stage-profile] rpc_send_total=0.000 ms rpc_wait_total=0.000 ms
[svd-offload-client-debug] finish_fail_up_gate=0 finish_fail_down=0 finish_fail_other=0 finish_fail_ffn=0 cache_take_fail_up=0 cache_take_fail_gate=0 recv_up_sum_abs=0.000000e+00 recv_up_max_abs=0.000000e+00 recv_up_zero=0 recv_gate_sum_abs=0.000000e+00 recv_gate_max_abs=0.000000e+00 recv_gate_zero=0 recv_down_sum_abs=0.000000e+00 recv_down_max_abs=0.000000e+00 recv_down_zero=0 recv_other_sum_abs=0.000000e+00 recv_other_max_abs=0.000000e+00 recv_other_zero=0 recv_ffn_sum_abs=0.000000e+00 recv_ffn_max_abs=0.000000e+00 recv_ffn_zero=0
SUCCEED (one forward pass done)"
4c_high,2,4,"60,61,62,63","70,80,90,100",baseline_no_svd,ok,,0,15.4441,64.7496,121.744,0.8949346542358398,True,11,",","llama_context: graph splits = 1
attach_threadpool: call
threads: decode=4 batch=4
prompt tokens: 4
running one forward pass (llama_decode) ...
Top-5 next-token candidates:
  id=11 logit=20.2053 piece="",""
  id=304 logit=18.9277 piece="" in""
  id=3837 logit=18.7558 piece=""，""
  id=1052 logit=18.5616 piece="" there""
  id=358 logit=17.8374 piece="" I""
Autoregressive generation:
Generated text: ,
Decode-only throughput: 15.4441 tokens/s (1 tokens in 0.0647496 s of llama_decode)
End-to-end throughput: 15.3678 tokens/s (1 tokens in 0.065071 s)
[decode-stage-profile] model_load=457.625 ms context_create=59.6419 ms tokenize=0.460456 ms prefill_decode=121.744 ms generation_decode=64.7496 ms generation_total=65.071 ms program_total=721.052 ms
[svd-local-op-profile] up_ops=56 gate_ops=56 down_ops=56 up_total=52.024 ms gate_total=53.017 ms down_total=39.092 ms up_v=7.782 ms gate_v=7.499 ms down_v=31.648 ms up_u=44.232 ms gate_u=45.507 ms down_u=7.435 ms
[svd-local-stage-profile] attention_total=1.549 ms ffn_total=145.811 ms ffn_svd_total=144.133 ms ffn_svd_v=46.929 ms ffn_svd_u=97.174 ms
[svd-offload-zero-profile] up_finish=0 up_cache=0 up_no_request=27 gate_finish=0 gate_cache=0 gate_no_request=27 down_finish=0 down_cache=0 down_no_request=27 other_finish=0 other_cache=0 other_no_request=0
[svd-local-timeout-profile] up_keep=0 up_drop=0 up_wait=0.000 ms gate_keep=0 gate_drop=0 gate_wait=0.000 ms down_keep=0 down_drop=0 down_wait=0.000 ms other_keep=0 other_drop=0 other_wait=0.000 ms
[svd-offload-client] up_gate_req=0 down_req=0 other_mat_req=0 ffn_req=0 gate_cache_hits=0 gate_cache_checks=0 miss_invalid=0 miss_layer=0 miss_rank=0 miss_hash=0 miss_output=0 miss_data=0 send_up_gate=0.000 ms send_down=0.000 ms send_other=0.000 ms send_ffn=0.000 ms wait_up_gate=0.000 ms wait_down=0.000 ms wait_other=0.000 ms wait_ffn=0.000 ms
[svd-offload-client-stage-profile] rpc_send_total=0.000 ms rpc_wait_total=0.000 ms
[svd-offload-client-debug] finish_fail_up_gate=0 finish_fail_down=0 finish_fail_other=0 finish_fail_ffn=0 cache_take_fail_up=0 cache_take_fail_gate=0 recv_up_sum_abs=0.000000e+00 recv_up_max_abs=0.000000e+00 recv_up_zero=0 recv_gate_sum_abs=0.000000e+00 recv_gate_max_abs=0.000000e+00 recv_gate_zero=0 recv_down_sum_abs=0.000000e+00 recv_down_max_abs=0.000000e+00 recv_down_zero=0 recv_other_sum_abs=0.000000e+00 recv_other_max_abs=0.000000e+00 recv_other_zero=0 recv_ffn_sum_abs=0.000000e+00 recv_ffn_max_abs=0.000000e+00 recv_ffn_zero=0
SUCCEED (one forward pass done)"
4c_high,2,4,"60,61,62,63","70,80,90,100",model_schedule,same_as_baseline_no_svd,baseline_no_svd,0,15.4441,64.7496,121.744,0.8949346542358398,True,11,",","llama_context: graph splits = 1
attach_threadpool: call
threads: decode=4 batch=4
prompt tokens: 4
running one forward pass (llama_decode) ...
Top-5 next-token candidates:
  id=11 logit=20.2053 piece="",""
  id=304 logit=18.9277 piece="" in""
  id=3837 logit=18.7558 piece=""，""
  id=1052 logit=18.5616 piece="" there""
  id=358 logit=17.8374 piece="" I""
Autoregressive generation:
Generated text: ,
Decode-only throughput: 15.4441 tokens/s (1 tokens in 0.0647496 s of llama_decode)
End-to-end throughput: 15.3678 tokens/s (1 tokens in 0.065071 s)
[decode-stage-profile] model_load=457.625 ms context_create=59.6419 ms tokenize=0.460456 ms prefill_decode=121.744 ms generation_decode=64.7496 ms generation_total=65.071 ms program_total=721.052 ms
[svd-local-op-profile] up_ops=56 gate_ops=56 down_ops=56 up_total=52.024 ms gate_total=53.017 ms down_total=39.092 ms up_v=7.782 ms gate_v=7.499 ms down_v=31.648 ms up_u=44.232 ms gate_u=45.507 ms down_u=7.435 ms
[svd-local-stage-profile] attention_total=1.549 ms ffn_total=145.811 ms ffn_svd_total=144.133 ms ffn_svd_v=46.929 ms ffn_svd_u=97.174 ms
[svd-offload-zero-profile] up_finish=0 up_cache=0 up_no_request=27 gate_finish=0 gate_cache=0 gate_no_request=27 down_finish=0 down_cache=0 down_no_request=27 other_finish=0 other_cache=0 other_no_request=0
[svd-local-timeout-profile] up_keep=0 up_drop=0 up_wait=0.000 ms gate_keep=0 gate_drop=0 gate_wait=0.000 ms down_keep=0 down_drop=0 down_wait=0.000 ms other_keep=0 other_drop=0 other_wait=0.000 ms
[svd-offload-client] up_gate_req=0 down_req=0 other_mat_req=0 ffn_req=0 gate_cache_hits=0 gate_cache_checks=0 miss_invalid=0 miss_layer=0 miss_rank=0 miss_hash=0 miss_output=0 miss_data=0 send_up_gate=0.000 ms send_down=0.000 ms send_other=0.000 ms send_ffn=0.000 ms wait_up_gate=0.000 ms wait_down=0.000 ms wait_other=0.000 ms wait_ffn=0.000 ms
[svd-offload-client-stage-profile] rpc_send_total=0.000 ms rpc_wait_total=0.000 ms
[svd-offload-client-debug] finish_fail_up_gate=0 finish_fail_down=0 finish_fail_other=0 finish_fail_ffn=0 cache_take_fail_up=0 cache_take_fail_gate=0 recv_up_sum_abs=0.000000e+00 recv_up_max_abs=0.000000e+00 recv_up_zero=0 recv_gate_sum_abs=0.000000e+00 recv_gate_max_abs=0.000000e+00 recv_gate_zero=0 recv_down_sum_abs=0.000000e+00 recv_down_max_abs=0.000000e+00 recv_down_zero=0 recv_other_sum_abs=0.000000e+00 recv_other_max_abs=0.000000e+00 recv_other_zero=0 recv_ffn_sum_abs=0.000000e+00 recv_ffn_max_abs=0.000000e+00 recv_ffn_zero=0
SUCCEED (one forward pass done)"
8c_high,0,8,"60,61,62,63,64,65,66,67","30,40,50,60,70,80,90,100",baseline_no_svd,ok,,0,19.7449,50.646,2567.06,3.2584784030914307,True,11,",","llama_context: graph splits = 1
attach_threadpool: call
threads: decode=8 batch=8
prompt tokens: 4
running one forward pass (llama_decode) ...
Top-5 next-token candidates:
  id=11 logit=20.2053 piece="",""
  id=304 logit=18.9277 piece="" in""
  id=3837 logit=18.7558 piece=""，""
  id=1052 logit=18.5616 piece="" there""
  id=358 logit=17.8374 piece="" I""
Autoregressive generation:
Generated text: ,
Decode-only throughput: 19.7449 tokens/s (1 tokens in 0.050646 s of llama_decode)
End-to-end throughput: 19.6022 tokens/s (1 tokens in 0.0510146 s)
[decode-stage-profile] model_load=388.263 ms context_create=63.0164 ms tokenize=1.0134 ms prefill_decode=2567.06 ms generation_decode=50.646 ms generation_total=51.0146 ms program_total=3089.59 ms
[svd-local-op-profile] up_ops=56 gate_ops=56 down_ops=56 up_total=139.139 ms gate_total=156.622 ms down_total=146.912 ms up_v=42.770 ms gate_v=49.060 ms down_v=67.545 ms up_u=96.363 ms gate_u=107.552 ms down_u=79.361 ms
[svd-local-stage-profile] attention_total=355.318 ms ffn_total=663.383 ms ffn_svd_total=442.673 ms ffn_svd_v=159.375 ms ffn_svd_u=283.276 ms
[svd-offload-zero-profile] up_finish=0 up_cache=0 up_no_request=27 gate_finish=0 gate_cache=0 gate_no_request=27 down_finish=0 down_cache=0 down_no_request=27 other_finish=0 other_cache=0 other_no_request=0
[svd-local-timeout-profile] up_keep=0 up_drop=0 up_wait=0.000 ms gate_keep=0 gate_drop=0 gate_wait=0.000 ms down_keep=0 down_drop=0 down_wait=0.000 ms other_keep=0 other_drop=0 other_wait=0.000 ms
[svd-offload-client] up_gate_req=0 down_req=0 other_mat_req=0 ffn_req=0 gate_cache_hits=0 gate_cache_checks=0 miss_invalid=0 miss_layer=0 miss_rank=0 miss_hash=0 miss_output=0 miss_data=0 send_up_gate=0.000 ms send_down=0.000 ms send_other=0.000 ms send_ffn=0.000 ms wait_up_gate=0.000 ms wait_down=0.000 ms wait_other=0.000 ms wait_ffn=0.000 ms
[svd-offload-client-stage-profile] rpc_send_total=0.000 ms rpc_wait_total=0.000 ms
[svd-offload-client-debug] finish_fail_up_gate=0 finish_fail_down=0 finish_fail_other=0 finish_fail_ffn=0 cache_take_fail_up=0 cache_take_fail_gate=0 recv_up_sum_abs=0.000000e+00 recv_up_max_abs=0.000000e+00 recv_up_zero=0 recv_gate_sum_abs=0.000000e+00 recv_gate_max_abs=0.000000e+00 recv_gate_zero=0 recv_down_sum_abs=0.000000e+00 recv_down_max_abs=0.000000e+00 recv_down_zero=0 recv_other_sum_abs=0.000000e+00 recv_other_max_abs=0.000000e+00 recv_other_zero=0 recv_ffn_sum_abs=0.000000e+00 recv_ffn_max_abs=0.000000e+00 recv_ffn_zero=0
SUCCEED (one forward pass done)"
8c_high,0,8,"60,61,62,63,64,65,66,67","30,40,50,60,70,80,90,100",model_schedule,ok,major_only_no_svd,0,23.9704,41.7181,537.342,1.3889350891113281,True,11,",","llama_context: graph splits = 1
attach_threadpool: call
threads: decode=7 batch=7
prompt tokens: 4
running one forward pass (llama_decode) ...
Top-5 next-token candidates:
  id=11 logit=20.2053 piece="",""
  id=304 logit=18.9277 piece="" in""
  id=3837 logit=18.7558 piece=""，""
  id=1052 logit=18.5616 piece="" there""
  id=358 logit=17.8374 piece="" I""
Autoregressive generation:
Generated text: ,
Decode-only throughput: 23.9704 tokens/s (1 tokens in 0.0417181 s of llama_decode)
End-to-end throughput: 23.7654 tokens/s (1 tokens in 0.0420779 s)
[decode-stage-profile] model_load=518.394 ms context_create=80.3205 ms tokenize=1.15357 ms prefill_decode=537.342 ms generation_decode=41.7181 ms generation_total=42.0779 ms program_total=1197.87 ms
[svd-local-op-profile] up_ops=56 gate_ops=56 down_ops=56 up_total=57.206 ms gate_total=57.123 ms down_total=48.555 ms up_v=14.546 ms gate_v=12.713 ms down_v=25.767 ms up_u=42.652 ms gate_u=44.406 ms down_u=22.779 ms
[svd-local-stage-profile] attention_total=62.856 ms ffn_total=207.126 ms ffn_svd_total=162.884 ms ffn_svd_v=53.026 ms ffn_svd_u=109.837 ms
[svd-offload-zero-profile] up_finish=0 up_cache=0 up_no_request=27 gate_finish=0 gate_cache=0 gate_no_request=27 down_finish=0 down_cache=0 down_no_request=27 other_finish=0 other_cache=0 other_no_request=0
[svd-local-timeout-profile] up_keep=0 up_drop=0 up_wait=0.000 ms gate_keep=0 gate_drop=0 gate_wait=0.000 ms down_keep=0 down_drop=0 down_wait=0.000 ms other_keep=0 other_drop=0 other_wait=0.000 ms
[svd-offload-client] up_gate_req=0 down_req=0 other_mat_req=0 ffn_req=0 gate_cache_hits=0 gate_cache_checks=0 miss_invalid=0 miss_layer=0 miss_rank=0 miss_hash=0 miss_output=0 miss_data=0 send_up_gate=0.000 ms send_down=0.000 ms send_other=0.000 ms send_ffn=0.000 ms wait_up_gate=0.000 ms wait_down=0.000 ms wait_other=0.000 ms wait_ffn=0.000 ms
[svd-offload-client-stage-profile] rpc_send_total=0.000 ms rpc_wait_total=0.000 ms
[svd-offload-client-debug] finish_fail_up_gate=0 finish_fail_down=0 finish_fail_other=0 finish_fail_ffn=0 cache_take_fail_up=0 cache_take_fail_gate=0 recv_up_sum_abs=0.000000e+00 recv_up_max_abs=0.000000e+00 recv_up_zero=0 recv_gate_sum_abs=0.000000e+00 recv_gate_max_abs=0.000000e+00 recv_gate_zero=0 recv_down_sum_abs=0.000000e+00 recv_down_max_abs=0.000000e+00 recv_down_zero=0 recv_other_sum_abs=0.000000e+00 recv_other_max_abs=0.000000e+00 recv_other_zero=0 recv_ffn_sum_abs=0.000000e+00 recv_ffn_max_abs=0.000000e+00 recv_ffn_zero=0
SUCCEED (one forward pass done)"
8c_high,1,8,"60,61,62,63,64,65,66,67","30,40,50,60,70,80,90,100",baseline_no_svd,ok,,0,24.8232,40.2848,2251.05,3.0422072410583496,True,11,",","llama_context: graph splits = 1
attach_threadpool: call
threads: decode=8 batch=8
prompt tokens: 4
running one forward pass (llama_decode) ...
Top-5 next-token candidates:
  id=11 logit=20.2053 piece="",""
  id=304 logit=18.9277 piece="" in""
  id=3837 logit=18.7558 piece=""，""
  id=1052 logit=18.5616 piece="" there""
  id=358 logit=17.8374 piece="" I""
Autoregressive generation:
Generated text: ,
Decode-only throughput: 24.8232 tokens/s (1 tokens in 0.0402848 s of llama_decode)
End-to-end throughput: 24.6156 tokens/s (1 tokens in 0.0406247 s)
[decode-stage-profile] model_load=506.761 ms context_create=74.2007 ms tokenize=0.687692 ms prefill_decode=2251.05 ms generation_decode=40.2848 ms generation_total=40.6247 ms program_total=2892.5 ms
[svd-local-op-profile] up_ops=56 gate_ops=56 down_ops=56 up_total=143.498 ms gate_total=142.414 ms down_total=148.317 ms up_v=40.646 ms gate_v=42.977 ms down_v=64.263 ms up_u=102.846 ms gate_u=99.431 ms down_u=84.047 ms
[svd-local-stage-profile] attention_total=306.455 ms ffn_total=621.232 ms ffn_svd_total=434.229 ms ffn_svd_v=147.886 ms ffn_svd_u=286.324 ms
[svd-offload-zero-profile] up_finish=0 up_cache=0 up_no_request=27 gate_finish=0 gate_cache=0 gate_no_request=27 down_finish=0 down_cache=0 down_no_request=27 other_finish=0 other_cache=0 other_no_request=0
[svd-local-timeout-profile] up_keep=0 up_drop=0 up_wait=0.000 ms gate_keep=0 gate_drop=0 gate_wait=0.000 ms down_keep=0 down_drop=0 down_wait=0.000 ms other_keep=0 other_drop=0 other_wait=0.000 ms
[svd-offload-client] up_gate_req=0 down_req=0 other_mat_req=0 ffn_req=0 gate_cache_hits=0 gate_cache_checks=0 miss_invalid=0 miss_layer=0 miss_rank=0 miss_hash=0 miss_output=0 miss_data=0 send_up_gate=0.000 ms send_down=0.000 ms send_other=0.000 ms send_ffn=0.000 ms wait_up_gate=0.000 ms wait_down=0.000 ms wait_other=0.000 ms wait_ffn=0.000 ms
[svd-offload-client-stage-profile] rpc_send_total=0.000 ms rpc_wait_total=0.000 ms
[svd-offload-client-debug] finish_fail_up_gate=0 finish_fail_down=0 finish_fail_other=0 finish_fail_ffn=0 cache_take_fail_up=0 cache_take_fail_gate=0 recv_up_sum_abs=0.000000e+00 recv_up_max_abs=0.000000e+00 recv_up_zero=0 recv_gate_sum_abs=0.000000e+00 recv_gate_max_abs=0.000000e+00 recv_gate_zero=0 recv_down_sum_abs=0.000000e+00 recv_down_max_abs=0.000000e+00 recv_down_zero=0 recv_other_sum_abs=0.000000e+00 recv_other_max_abs=0.000000e+00 recv_other_zero=0 recv_ffn_sum_abs=0.000000e+00 recv_ffn_max_abs=0.000000e+00 recv_ffn_zero=0
SUCCEED (one forward pass done)"
8c_high,1,8,"60,61,62,63,64,65,66,67","30,40,50,60,70,80,90,100",model_schedule,ok,major_only_no_svd,0,2.18731,457.182,475.776,1.5446405410766602,True,11,",","llama_context: graph splits = 1
attach_threadpool: call
threads: decode=7 batch=7
prompt tokens: 4
running one forward pass (llama_decode) ...
Top-5 next-token candidates:
  id=11 logit=20.2053 piece="",""
  id=304 logit=18.9277 piece="" in""
  id=3837 logit=18.7558 piece=""，""
  id=1052 logit=18.5616 piece="" there""
  id=358 logit=17.8374 piece="" I""
Autoregressive generation:
Generated text: ,
Decode-only throughput: 2.18731 tokens/s (1 tokens in 0.457182 s of llama_decode)
End-to-end throughput: 2.18571 tokens/s (1 tokens in 0.457516 s)
[decode-stage-profile] model_load=379.735 ms context_create=62.6173 ms tokenize=0.465434 ms prefill_decode=475.776 ms generation_decode=457.182 ms generation_total=457.516 ms program_total=1392.17 ms
[svd-local-op-profile] up_ops=56 gate_ops=56 down_ops=56 up_total=68.691 ms gate_total=78.007 ms down_total=51.192 ms up_v=16.556 ms gate_v=20.823 ms down_v=30.621 ms up_u=52.130 ms gate_u=57.179 ms down_u=20.567 ms
[svd-local-stage-profile] attention_total=173.286 ms ffn_total=299.630 ms ffn_svd_total=197.890 ms ffn_svd_v=68.000 ms ffn_svd_u=129.876 ms
[svd-offload-zero-profile] up_finish=0 up_cache=0 up_no_request=27 gate_finish=0 gate_cache=0 gate_no_request=27 down_finish=0 down_cache=0 down_no_request=27 other_finish=0 other_cache=0 other_no_request=0
[svd-local-timeout-profile] up_keep=0 up_drop=0 up_wait=0.000 ms gate_keep=0 gate_drop=0 gate_wait=0.000 ms down_keep=0 down_drop=0 down_wait=0.000 ms other_keep=0 other_drop=0 other_wait=0.000 ms
[svd-offload-client] up_gate_req=0 down_req=0 other_mat_req=0 ffn_req=0 gate_cache_hits=0 gate_cache_checks=0 miss_invalid=0 miss_layer=0 miss_rank=0 miss_hash=0 miss_output=0 miss_data=0 send_up_gate=0.000 ms send_down=0.000 ms send_other=0.000 ms send_ffn=0.000 ms wait_up_gate=0.000 ms wait_down=0.000 ms wait_other=0.000 ms wait_ffn=0.000 ms
[svd-offload-client-stage-profile] rpc_send_total=0.000 ms rpc_wait_total=0.000 ms
[svd-offload-client-debug] finish_fail_up_gate=0 finish_fail_down=0 finish_fail_other=0 finish_fail_ffn=0 cache_take_fail_up=0 cache_take_fail_gate=0 recv_up_sum_abs=0.000000e+00 recv_up_max_abs=0.000000e+00 recv_up_zero=0 recv_gate_sum_abs=0.000000e+00 recv_gate_max_abs=0.000000e+00 recv_gate_zero=0 recv_down_sum_abs=0.000000e+00 recv_down_max_abs=0.000000e+00 recv_down_zero=0 recv_other_sum_abs=0.000000e+00 recv_other_max_abs=0.000000e+00 recv_other_zero=0 recv_ffn_sum_abs=0.000000e+00 recv_ffn_max_abs=0.000000e+00 recv_ffn_zero=0
SUCCEED (one forward pass done)"
8c_high,2,8,"60,61,62,63,64,65,66,67","30,40,50,60,70,80,90,100",baseline_no_svd,ok,,0,22.7634,43.9301,1668.63,2.39208722114563,True,11,",","llama_context: graph splits = 1
attach_threadpool: call
threads: decode=8 batch=8
prompt tokens: 4
running one forward pass (llama_decode) ...
Top-5 next-token candidates:
  id=11 logit=20.2053 piece="",""
  id=304 logit=18.9277 piece="" in""
  id=3837 logit=18.7558 piece=""，""
  id=1052 logit=18.5616 piece="" there""
  id=358 logit=17.8374 piece="" I""
Autoregressive generation:
Generated text: ,
Decode-only throughput: 22.7634 tokens/s (1 tokens in 0.0439301 s of llama_decode)
End-to-end throughput: 22.5666 tokens/s (1 tokens in 0.0443132 s)
[decode-stage-profile] model_load=419.448 ms context_create=68.4968 ms tokenize=0.850181 ms prefill_decode=1668.63 ms generation_decode=43.9301 ms generation_total=44.3132 ms program_total=2219.22 ms
[svd-local-op-profile] up_ops=56 gate_ops=56 down_ops=56 up_total=101.176 ms gate_total=100.095 ms down_total=94.630 ms up_v=28.519 ms gate_v=29.234 ms down_v=40.192 ms up_u=72.652 ms gate_u=70.857 ms down_u=54.432 ms
[svd-local-stage-profile] attention_total=262.874 ms ffn_total=404.225 ms ffn_svd_total=295.901 ms ffn_svd_v=97.945 ms ffn_svd_u=197.941 ms
[svd-offload-zero-profile] up_finish=0 up_cache=0 up_no_request=27 gate_finish=0 gate_cache=0 gate_no_request=27 down_finish=0 down_cache=0 down_no_request=27 other_finish=0 other_cache=0 other_no_request=0
[svd-local-timeout-profile] up_keep=0 up_drop=0 up_wait=0.000 ms gate_keep=0 gate_drop=0 gate_wait=0.000 ms down_keep=0 down_drop=0 down_wait=0.000 ms other_keep=0 other_drop=0 other_wait=0.000 ms
[svd-offload-client] up_gate_req=0 down_req=0 other_mat_req=0 ffn_req=0 gate_cache_hits=0 gate_cache_checks=0 miss_invalid=0 miss_layer=0 miss_rank=0 miss_hash=0 miss_output=0 miss_data=0 send_up_gate=0.000 ms send_down=0.000 ms send_other=0.000 ms send_ffn=0.000 ms wait_up_gate=0.000 ms wait_down=0.000 ms wait_other=0.000 ms wait_ffn=0.000 ms
[svd-offload-client-stage-profile] rpc_send_total=0.000 ms rpc_wait_total=0.000 ms
[svd-offload-client-debug] finish_fail_up_gate=0 finish_fail_down=0 finish_fail_other=0 finish_fail_ffn=0 cache_take_fail_up=0 cache_take_fail_gate=0 recv_up_sum_abs=0.000000e+00 recv_up_max_abs=0.000000e+00 recv_up_zero=0 recv_gate_sum_abs=0.000000e+00 recv_gate_max_abs=0.000000e+00 recv_gate_zero=0 recv_down_sum_abs=0.000000e+00 recv_down_max_abs=0.000000e+00 recv_down_zero=0 recv_other_sum_abs=0.000000e+00 recv_other_max_abs=0.000000e+00 recv_other_zero=0 recv_ffn_sum_abs=0.000000e+00 recv_ffn_max_abs=0.000000e+00 recv_ffn_zero=0
SUCCEED (one forward pass done)"
8c_high,2,8,"60,61,62,63,64,65,66,67","30,40,50,60,70,80,90,100",model_schedule,ok,major_only_no_svd,0,25.636,39.0077,731.757,1.3788864612579346,True,11,",","llama_context: graph splits = 1
attach_threadpool: call
threads: decode=7 batch=7
prompt tokens: 4
running one forward pass (llama_decode) ...
Top-5 next-token candidates:
  id=11 logit=20.2053 piece="",""
  id=304 logit=18.9277 piece="" in""
  id=3837 logit=18.7558 piece=""，""
  id=1052 logit=18.5616 piece="" there""
  id=358 logit=17.8374 piece="" I""
Autoregressive generation:
Generated text: ,
Decode-only throughput: 25.636 tokens/s (1 tokens in 0.0390077 s of llama_decode)
End-to-end throughput: 25.4187 tokens/s (1 tokens in 0.0393412 s)
[decode-stage-profile] model_load=384.511 ms context_create=59.586 ms tokenize=0.445354 ms prefill_decode=731.757 ms generation_decode=39.0077 ms generation_total=39.3412 ms program_total=1231.49 ms
[svd-local-op-profile] up_ops=56 gate_ops=56 down_ops=56 up_total=53.707 ms gate_total=58.200 ms down_total=50.739 ms up_v=13.339 ms gate_v=11.444 ms down_v=30.537 ms up_u=40.364 ms gate_u=46.753 ms down_u=20.190 ms
[svd-local-stage-profile] attention_total=120.684 ms ffn_total=201.747 ms ffn_svd_total=162.646 ms ffn_svd_v=55.320 ms ffn_svd_u=107.307 ms
[svd-offload-zero-profile] up_finish=0 up_cache=0 up_no_request=27 gate_finish=0 gate_cache=0 gate_no_request=27 down_finish=0 down_cache=0 down_no_request=27 other_finish=0 other_cache=0 other_no_request=0
[svd-local-timeout-profile] up_keep=0 up_drop=0 up_wait=0.000 ms gate_keep=0 gate_drop=0 gate_wait=0.000 ms down_keep=0 down_drop=0 down_wait=0.000 ms other_keep=0 other_drop=0 other_wait=0.000 ms
[svd-offload-client] up_gate_req=0 down_req=0 other_mat_req=0 ffn_req=0 gate_cache_hits=0 gate_cache_checks=0 miss_invalid=0 miss_layer=0 miss_rank=0 miss_hash=0 miss_output=0 miss_data=0 send_up_gate=0.000 ms send_down=0.000 ms send_other=0.000 ms send_ffn=0.000 ms wait_up_gate=0.000 ms wait_down=0.000 ms wait_other=0.000 ms wait_ffn=0.000 ms
[svd-offload-client-stage-profile] rpc_send_total=0.000 ms rpc_wait_total=0.000 ms
[svd-offload-client-debug] finish_fail_up_gate=0 finish_fail_down=0 finish_fail_other=0 finish_fail_ffn=0 cache_take_fail_up=0 cache_take_fail_gate=0 recv_up_sum_abs=0.000000e+00 recv_up_max_abs=0.000000e+00 recv_up_zero=0 recv_gate_sum_abs=0.000000e+00 recv_gate_max_abs=0.000000e+00 recv_gate_zero=0 recv_down_sum_abs=0.000000e+00 recv_down_max_abs=0.000000e+00 recv_down_zero=0 recv_other_sum_abs=0.000000e+00 recv_other_max_abs=0.000000e+00 recv_other_zero=0 recv_ffn_sum_abs=0.000000e+00 recv_ffn_max_abs=0.000000e+00 recv_ffn_zero=0
SUCCEED (one forward pass done)"
