scenario,repeat,n_cores,cpus,loads,policy,status,schedule_mode,clipped_layers,decode_tok_s,generation_decode_ms,prefill_decode_ms,elapsed_s,succeed,top1_id,top1_piece,output_tail
2c_balanced_mid,0,2,"60,61","50,50",baseline_no_svd,ok,,0,11.9852,83.4366,146.335,0.9213600158691406,True,11,",","llama_context: graph splits = 1
attach_threadpool: call
threads: decode=2 batch=2
prompt tokens: 4
running one forward pass (llama_decode) ...
Top-5 next-token candidates:
  id=11 logit=20.2053 piece="",""
  id=304 logit=18.9277 piece="" in""
  id=3837 logit=18.7558 piece=""，""
  id=1052 logit=18.5616 piece="" there""
  id=358 logit=17.8374 piece="" I""
Autoregressive generation:
Generated text: ,
Decode-only throughput: 11.9852 tokens/s (1 tokens in 0.0834366 s of llama_decode)
End-to-end throughput: 11.9404 tokens/s (1 tokens in 0.0837495 s)
[decode-stage-profile] model_load=491.504 ms context_create=54.8502 ms tokenize=0.823984 ms prefill_decode=146.335 ms generation_decode=83.4366 ms generation_total=83.7495 ms program_total=787.483 ms
[svd-local-op-profile] up_ops=56 gate_ops=56 down_ops=56 up_total=66.880 ms gate_total=64.566 ms down_total=51.997 ms up_v=9.833 ms gate_v=9.724 ms down_v=42.221 ms up_u=57.045 ms gate_u=54.837 ms down_u=9.771 ms
[svd-local-stage-profile] attention_total=1.369 ms ffn_total=185.235 ms ffn_svd_total=183.443 ms ffn_svd_v=61.778 ms ffn_svd_u=121.653 ms
[svd-offload-zero-profile] up_finish=0 up_cache=0 up_no_request=27 gate_finish=0 gate_cache=0 gate_no_request=27 down_finish=0 down_cache=0 down_no_request=27 other_finish=0 other_cache=0 other_no_request=0
[svd-local-timeout-profile] up_keep=0 up_drop=0 up_wait=0.000 ms gate_keep=0 gate_drop=0 gate_wait=0.000 ms down_keep=0 down_drop=0 down_wait=0.000 ms other_keep=0 other_drop=0 other_wait=0.000 ms
[svd-offload-client] up_gate_req=0 down_req=0 other_mat_req=0 ffn_req=0 gate_cache_hits=0 gate_cache_checks=0 miss_invalid=0 miss_layer=0 miss_rank=0 miss_hash=0 miss_output=0 miss_data=0 send_up_gate=0.000 ms send_down=0.000 ms send_other=0.000 ms send_ffn=0.000 ms wait_up_gate=0.000 ms wait_down=0.000 ms wait_other=0.000 ms wait_ffn=0.000 ms
[svd-offload-client-stage-profile] rpc_send_total=0.000 ms rpc_wait_total=0.000 ms
[svd-offload-client-debug] finish_fail_up_gate=0 finish_fail_down=0 finish_fail_other=0 finish_fail_ffn=0 cache_take_fail_up=0 cache_take_fail_gate=0 recv_up_sum_abs=0.000000e+00 recv_up_max_abs=0.000000e+00 recv_up_zero=0 recv_gate_sum_abs=0.000000e+00 recv_gate_max_abs=0.000000e+00 recv_gate_zero=0 recv_down_sum_abs=0.000000e+00 recv_down_max_abs=0.000000e+00 recv_down_zero=0 recv_other_sum_abs=0.000000e+00 recv_other_max_abs=0.000000e+00 recv_other_zero=0 recv_ffn_sum_abs=0.000000e+00 recv_ffn_max_abs=0.000000e+00 recv_ffn_zero=0
SUCCEED (one forward pass done)"
2c_balanced_mid,0,2,"60,61","50,50",model_schedule,same_as_baseline_no_svd,baseline_no_svd,0,11.9852,83.4366,146.335,0.9213600158691406,True,11,",","llama_context: graph splits = 1
attach_threadpool: call
threads: decode=2 batch=2
prompt tokens: 4
running one forward pass (llama_decode) ...
Top-5 next-token candidates:
  id=11 logit=20.2053 piece="",""
  id=304 logit=18.9277 piece="" in""
  id=3837 logit=18.7558 piece=""，""
  id=1052 logit=18.5616 piece="" there""
  id=358 logit=17.8374 piece="" I""
Autoregressive generation:
Generated text: ,
Decode-only throughput: 11.9852 tokens/s (1 tokens in 0.0834366 s of llama_decode)
End-to-end throughput: 11.9404 tokens/s (1 tokens in 0.0837495 s)
[decode-stage-profile] model_load=491.504 ms context_create=54.8502 ms tokenize=0.823984 ms prefill_decode=146.335 ms generation_decode=83.4366 ms generation_total=83.7495 ms program_total=787.483 ms
[svd-local-op-profile] up_ops=56 gate_ops=56 down_ops=56 up_total=66.880 ms gate_total=64.566 ms down_total=51.997 ms up_v=9.833 ms gate_v=9.724 ms down_v=42.221 ms up_u=57.045 ms gate_u=54.837 ms down_u=9.771 ms
[svd-local-stage-profile] attention_total=1.369 ms ffn_total=185.235 ms ffn_svd_total=183.443 ms ffn_svd_v=61.778 ms ffn_svd_u=121.653 ms
[svd-offload-zero-profile] up_finish=0 up_cache=0 up_no_request=27 gate_finish=0 gate_cache=0 gate_no_request=27 down_finish=0 down_cache=0 down_no_request=27 other_finish=0 other_cache=0 other_no_request=0
[svd-local-timeout-profile] up_keep=0 up_drop=0 up_wait=0.000 ms gate_keep=0 gate_drop=0 gate_wait=0.000 ms down_keep=0 down_drop=0 down_wait=0.000 ms other_keep=0 other_drop=0 other_wait=0.000 ms
[svd-offload-client] up_gate_req=0 down_req=0 other_mat_req=0 ffn_req=0 gate_cache_hits=0 gate_cache_checks=0 miss_invalid=0 miss_layer=0 miss_rank=0 miss_hash=0 miss_output=0 miss_data=0 send_up_gate=0.000 ms send_down=0.000 ms send_other=0.000 ms send_ffn=0.000 ms wait_up_gate=0.000 ms wait_down=0.000 ms wait_other=0.000 ms wait_ffn=0.000 ms
[svd-offload-client-stage-profile] rpc_send_total=0.000 ms rpc_wait_total=0.000 ms
[svd-offload-client-debug] finish_fail_up_gate=0 finish_fail_down=0 finish_fail_other=0 finish_fail_ffn=0 cache_take_fail_up=0 cache_take_fail_gate=0 recv_up_sum_abs=0.000000e+00 recv_up_max_abs=0.000000e+00 recv_up_zero=0 recv_gate_sum_abs=0.000000e+00 recv_gate_max_abs=0.000000e+00 recv_gate_zero=0 recv_down_sum_abs=0.000000e+00 recv_down_max_abs=0.000000e+00 recv_down_zero=0 recv_other_sum_abs=0.000000e+00 recv_other_max_abs=0.000000e+00 recv_other_zero=0 recv_ffn_sum_abs=0.000000e+00 recv_ffn_max_abs=0.000000e+00 recv_ffn_zero=0
SUCCEED (one forward pass done)"
2c_balanced_mid,1,2,"60,61","50,50",baseline_no_svd,ok,,0,11.3584,88.0404,145.231,0.859013557434082,True,11,",","llama_context: graph splits = 1
attach_threadpool: call
threads: decode=2 batch=2
prompt tokens: 4
running one forward pass (llama_decode) ...
Top-5 next-token candidates:
  id=11 logit=20.2053 piece="",""
  id=304 logit=18.9277 piece="" in""
  id=3837 logit=18.7558 piece=""，""
  id=1052 logit=18.5616 piece="" there""
  id=358 logit=17.8374 piece="" I""
Autoregressive generation:
Generated text: ,
Decode-only throughput: 11.3584 tokens/s (1 tokens in 0.0880404 s of llama_decode)
End-to-end throughput: 11.3175 tokens/s (1 tokens in 0.0883587 s)
[decode-stage-profile] model_load=439.3 ms context_create=47.9536 ms tokenize=0.442668 ms prefill_decode=145.231 ms generation_decode=88.0404 ms generation_total=88.3587 ms program_total=731.726 ms
[svd-local-op-profile] up_ops=56 gate_ops=56 down_ops=56 up_total=70.437 ms gate_total=64.830 ms down_total=51.925 ms up_v=10.072 ms gate_v=9.788 ms down_v=42.255 ms up_u=60.359 ms gate_u=55.035 ms down_u=9.662 ms
[svd-local-stage-profile] attention_total=1.294 ms ffn_total=189.034 ms ffn_svd_total=187.192 ms ffn_svd_v=62.115 ms ffn_svd_u=125.056 ms
[svd-offload-zero-profile] up_finish=0 up_cache=0 up_no_request=27 gate_finish=0 gate_cache=0 gate_no_request=27 down_finish=0 down_cache=0 down_no_request=27 other_finish=0 other_cache=0 other_no_request=0
[svd-local-timeout-profile] up_keep=0 up_drop=0 up_wait=0.000 ms gate_keep=0 gate_drop=0 gate_wait=0.000 ms down_keep=0 down_drop=0 down_wait=0.000 ms other_keep=0 other_drop=0 other_wait=0.000 ms
[svd-offload-client] up_gate_req=0 down_req=0 other_mat_req=0 ffn_req=0 gate_cache_hits=0 gate_cache_checks=0 miss_invalid=0 miss_layer=0 miss_rank=0 miss_hash=0 miss_output=0 miss_data=0 send_up_gate=0.000 ms send_down=0.000 ms send_other=0.000 ms send_ffn=0.000 ms wait_up_gate=0.000 ms wait_down=0.000 ms wait_other=0.000 ms wait_ffn=0.000 ms
[svd-offload-client-stage-profile] rpc_send_total=0.000 ms rpc_wait_total=0.000 ms
[svd-offload-client-debug] finish_fail_up_gate=0 finish_fail_down=0 finish_fail_other=0 finish_fail_ffn=0 cache_take_fail_up=0 cache_take_fail_gate=0 recv_up_sum_abs=0.000000e+00 recv_up_max_abs=0.000000e+00 recv_up_zero=0 recv_gate_sum_abs=0.000000e+00 recv_gate_max_abs=0.000000e+00 recv_gate_zero=0 recv_down_sum_abs=0.000000e+00 recv_down_max_abs=0.000000e+00 recv_down_zero=0 recv_other_sum_abs=0.000000e+00 recv_other_max_abs=0.000000e+00 recv_other_zero=0 recv_ffn_sum_abs=0.000000e+00 recv_ffn_max_abs=0.000000e+00 recv_ffn_zero=0
SUCCEED (one forward pass done)"
2c_balanced_mid,1,2,"60,61","50,50",model_schedule,same_as_baseline_no_svd,baseline_no_svd,0,11.3584,88.0404,145.231,0.859013557434082,True,11,",","llama_context: graph splits = 1
attach_threadpool: call
threads: decode=2 batch=2
prompt tokens: 4
running one forward pass (llama_decode) ...
Top-5 next-token candidates:
  id=11 logit=20.2053 piece="",""
  id=304 logit=18.9277 piece="" in""
  id=3837 logit=18.7558 piece=""，""
  id=1052 logit=18.5616 piece="" there""
  id=358 logit=17.8374 piece="" I""
Autoregressive generation:
Generated text: ,
Decode-only throughput: 11.3584 tokens/s (1 tokens in 0.0880404 s of llama_decode)
End-to-end throughput: 11.3175 tokens/s (1 tokens in 0.0883587 s)
[decode-stage-profile] model_load=439.3 ms context_create=47.9536 ms tokenize=0.442668 ms prefill_decode=145.231 ms generation_decode=88.0404 ms generation_total=88.3587 ms program_total=731.726 ms
[svd-local-op-profile] up_ops=56 gate_ops=56 down_ops=56 up_total=70.437 ms gate_total=64.830 ms down_total=51.925 ms up_v=10.072 ms gate_v=9.788 ms down_v=42.255 ms up_u=60.359 ms gate_u=55.035 ms down_u=9.662 ms
[svd-local-stage-profile] attention_total=1.294 ms ffn_total=189.034 ms ffn_svd_total=187.192 ms ffn_svd_v=62.115 ms ffn_svd_u=125.056 ms
[svd-offload-zero-profile] up_finish=0 up_cache=0 up_no_request=27 gate_finish=0 gate_cache=0 gate_no_request=27 down_finish=0 down_cache=0 down_no_request=27 other_finish=0 other_cache=0 other_no_request=0
[svd-local-timeout-profile] up_keep=0 up_drop=0 up_wait=0.000 ms gate_keep=0 gate_drop=0 gate_wait=0.000 ms down_keep=0 down_drop=0 down_wait=0.000 ms other_keep=0 other_drop=0 other_wait=0.000 ms
[svd-offload-client] up_gate_req=0 down_req=0 other_mat_req=0 ffn_req=0 gate_cache_hits=0 gate_cache_checks=0 miss_invalid=0 miss_layer=0 miss_rank=0 miss_hash=0 miss_output=0 miss_data=0 send_up_gate=0.000 ms send_down=0.000 ms send_other=0.000 ms send_ffn=0.000 ms wait_up_gate=0.000 ms wait_down=0.000 ms wait_other=0.000 ms wait_ffn=0.000 ms
[svd-offload-client-stage-profile] rpc_send_total=0.000 ms rpc_wait_total=0.000 ms
[svd-offload-client-debug] finish_fail_up_gate=0 finish_fail_down=0 finish_fail_other=0 finish_fail_ffn=0 cache_take_fail_up=0 cache_take_fail_gate=0 recv_up_sum_abs=0.000000e+00 recv_up_max_abs=0.000000e+00 recv_up_zero=0 recv_gate_sum_abs=0.000000e+00 recv_gate_max_abs=0.000000e+00 recv_gate_zero=0 recv_down_sum_abs=0.000000e+00 recv_down_max_abs=0.000000e+00 recv_down_zero=0 recv_other_sum_abs=0.000000e+00 recv_other_max_abs=0.000000e+00 recv_other_zero=0 recv_ffn_sum_abs=0.000000e+00 recv_ffn_max_abs=0.000000e+00 recv_ffn_zero=0
SUCCEED (one forward pass done)"
2c_balanced_mid,2,2,"60,61","50,50",baseline_no_svd,ok,,0,11.2948,88.5364,145.495,0.8208436965942383,True,11,",","llama_context: graph splits = 1
attach_threadpool: call
threads: decode=2 batch=2
prompt tokens: 4
running one forward pass (llama_decode) ...
Top-5 next-token candidates:
  id=11 logit=20.2053 piece="",""
  id=304 logit=18.9277 piece="" in""
  id=3837 logit=18.7558 piece=""，""
  id=1052 logit=18.5616 piece="" there""
  id=358 logit=17.8374 piece="" I""
Autoregressive generation:
Generated text: ,
Decode-only throughput: 11.2948 tokens/s (1 tokens in 0.0885364 s of llama_decode)
End-to-end throughput: 11.2549 tokens/s (1 tokens in 0.0888502 s)
[decode-stage-profile] model_load=357.84 ms context_create=56.8281 ms tokenize=0.439381 ms prefill_decode=145.495 ms generation_decode=88.5364 ms generation_total=88.8502 ms program_total=664.297 ms
[svd-local-op-profile] up_ops=56 gate_ops=56 down_ops=56 up_total=63.974 ms gate_total=68.923 ms down_total=53.996 ms up_v=9.842 ms gate_v=13.914 ms down_v=44.314 ms up_u=54.126 ms gate_u=55.005 ms down_u=9.677 ms
[svd-local-stage-profile] attention_total=1.480 ms ffn_total=188.817 ms ffn_svd_total=186.893 ms ffn_svd_v=68.070 ms ffn_svd_u=118.808 ms
[svd-offload-zero-profile] up_finish=0 up_cache=0 up_no_request=27 gate_finish=0 gate_cache=0 gate_no_request=27 down_finish=0 down_cache=0 down_no_request=27 other_finish=0 other_cache=0 other_no_request=0
[svd-local-timeout-profile] up_keep=0 up_drop=0 up_wait=0.000 ms gate_keep=0 gate_drop=0 gate_wait=0.000 ms down_keep=0 down_drop=0 down_wait=0.000 ms other_keep=0 other_drop=0 other_wait=0.000 ms
[svd-offload-client] up_gate_req=0 down_req=0 other_mat_req=0 ffn_req=0 gate_cache_hits=0 gate_cache_checks=0 miss_invalid=0 miss_layer=0 miss_rank=0 miss_hash=0 miss_output=0 miss_data=0 send_up_gate=0.000 ms send_down=0.000 ms send_other=0.000 ms send_ffn=0.000 ms wait_up_gate=0.000 ms wait_down=0.000 ms wait_other=0.000 ms wait_ffn=0.000 ms
[svd-offload-client-stage-profile] rpc_send_total=0.000 ms rpc_wait_total=0.000 ms
[svd-offload-client-debug] finish_fail_up_gate=0 finish_fail_down=0 finish_fail_other=0 finish_fail_ffn=0 cache_take_fail_up=0 cache_take_fail_gate=0 recv_up_sum_abs=0.000000e+00 recv_up_max_abs=0.000000e+00 recv_up_zero=0 recv_gate_sum_abs=0.000000e+00 recv_gate_max_abs=0.000000e+00 recv_gate_zero=0 recv_down_sum_abs=0.000000e+00 recv_down_max_abs=0.000000e+00 recv_down_zero=0 recv_other_sum_abs=0.000000e+00 recv_other_max_abs=0.000000e+00 recv_other_zero=0 recv_ffn_sum_abs=0.000000e+00 recv_ffn_max_abs=0.000000e+00 recv_ffn_zero=0
SUCCEED (one forward pass done)"
2c_balanced_mid,2,2,"60,61","50,50",model_schedule,same_as_baseline_no_svd,baseline_no_svd,0,11.2948,88.5364,145.495,0.8208436965942383,True,11,",","llama_context: graph splits = 1
attach_threadpool: call
threads: decode=2 batch=2
prompt tokens: 4
running one forward pass (llama_decode) ...
Top-5 next-token candidates:
  id=11 logit=20.2053 piece="",""
  id=304 logit=18.9277 piece="" in""
  id=3837 logit=18.7558 piece=""，""
  id=1052 logit=18.5616 piece="" there""
  id=358 logit=17.8374 piece="" I""
Autoregressive generation:
Generated text: ,
Decode-only throughput: 11.2948 tokens/s (1 tokens in 0.0885364 s of llama_decode)
End-to-end throughput: 11.2549 tokens/s (1 tokens in 0.0888502 s)
[decode-stage-profile] model_load=357.84 ms context_create=56.8281 ms tokenize=0.439381 ms prefill_decode=145.495 ms generation_decode=88.5364 ms generation_total=88.8502 ms program_total=664.297 ms
[svd-local-op-profile] up_ops=56 gate_ops=56 down_ops=56 up_total=63.974 ms gate_total=68.923 ms down_total=53.996 ms up_v=9.842 ms gate_v=13.914 ms down_v=44.314 ms up_u=54.126 ms gate_u=55.005 ms down_u=9.677 ms
[svd-local-stage-profile] attention_total=1.480 ms ffn_total=188.817 ms ffn_svd_total=186.893 ms ffn_svd_v=68.070 ms ffn_svd_u=118.808 ms
[svd-offload-zero-profile] up_finish=0 up_cache=0 up_no_request=27 gate_finish=0 gate_cache=0 gate_no_request=27 down_finish=0 down_cache=0 down_no_request=27 other_finish=0 other_cache=0 other_no_request=0
[svd-local-timeout-profile] up_keep=0 up_drop=0 up_wait=0.000 ms gate_keep=0 gate_drop=0 gate_wait=0.000 ms down_keep=0 down_drop=0 down_wait=0.000 ms other_keep=0 other_drop=0 other_wait=0.000 ms
[svd-offload-client] up_gate_req=0 down_req=0 other_mat_req=0 ffn_req=0 gate_cache_hits=0 gate_cache_checks=0 miss_invalid=0 miss_layer=0 miss_rank=0 miss_hash=0 miss_output=0 miss_data=0 send_up_gate=0.000 ms send_down=0.000 ms send_other=0.000 ms send_ffn=0.000 ms wait_up_gate=0.000 ms wait_down=0.000 ms wait_other=0.000 ms wait_ffn=0.000 ms
[svd-offload-client-stage-profile] rpc_send_total=0.000 ms rpc_wait_total=0.000 ms
[svd-offload-client-debug] finish_fail_up_gate=0 finish_fail_down=0 finish_fail_other=0 finish_fail_ffn=0 cache_take_fail_up=0 cache_take_fail_gate=0 recv_up_sum_abs=0.000000e+00 recv_up_max_abs=0.000000e+00 recv_up_zero=0 recv_gate_sum_abs=0.000000e+00 recv_gate_max_abs=0.000000e+00 recv_gate_zero=0 recv_down_sum_abs=0.000000e+00 recv_down_max_abs=0.000000e+00 recv_down_zero=0 recv_other_sum_abs=0.000000e+00 recv_other_max_abs=0.000000e+00 recv_other_zero=0 recv_ffn_sum_abs=0.000000e+00 recv_ffn_max_abs=0.000000e+00 recv_ffn_zero=0
SUCCEED (one forward pass done)"
2c_asym_low_high,0,2,"60,61","20,80",baseline_no_svd,ok,,0,9.26689,107.911,201.758,0.9966673851013184,True,11,",","llama_context: graph splits = 1
attach_threadpool: call
threads: decode=2 batch=2
prompt tokens: 4
running one forward pass (llama_decode) ...
Top-5 next-token candidates:
  id=11 logit=20.2053 piece="",""
  id=304 logit=18.9277 piece="" in""
  id=3837 logit=18.7558 piece=""，""
  id=1052 logit=18.5616 piece="" there""
  id=358 logit=17.8374 piece="" I""
Autoregressive generation:
Generated text: ,
Decode-only throughput: 9.26689 tokens/s (1 tokens in 0.107911 s of llama_decode)
End-to-end throughput: 9.23891 tokens/s (1 tokens in 0.108238 s)
[decode-stage-profile] model_load=428.941 ms context_create=64.835 ms tokenize=0.901355 ms prefill_decode=201.758 ms generation_decode=107.911 ms generation_total=108.238 ms program_total=818.45 ms
[svd-local-op-profile] up_ops=56 gate_ops=56 down_ops=56 up_total=90.399 ms gate_total=94.574 ms down_total=71.970 ms up_v=13.568 ms gate_v=13.437 ms down_v=59.046 ms up_u=76.824 ms gate_u=81.124 ms down_u=12.921 ms
[svd-local-stage-profile] attention_total=1.746 ms ffn_total=259.109 ms ffn_svd_total=256.943 ms ffn_svd_v=86.051 ms ffn_svd_u=170.869 ms
[svd-offload-zero-profile] up_finish=0 up_cache=0 up_no_request=27 gate_finish=0 gate_cache=0 gate_no_request=27 down_finish=0 down_cache=0 down_no_request=27 other_finish=0 other_cache=0 other_no_request=0
[svd-local-timeout-profile] up_keep=0 up_drop=0 up_wait=0.000 ms gate_keep=0 gate_drop=0 gate_wait=0.000 ms down_keep=0 down_drop=0 down_wait=0.000 ms other_keep=0 other_drop=0 other_wait=0.000 ms
[svd-offload-client] up_gate_req=0 down_req=0 other_mat_req=0 ffn_req=0 gate_cache_hits=0 gate_cache_checks=0 miss_invalid=0 miss_layer=0 miss_rank=0 miss_hash=0 miss_output=0 miss_data=0 send_up_gate=0.000 ms send_down=0.000 ms send_other=0.000 ms send_ffn=0.000 ms wait_up_gate=0.000 ms wait_down=0.000 ms wait_other=0.000 ms wait_ffn=0.000 ms
[svd-offload-client-stage-profile] rpc_send_total=0.000 ms rpc_wait_total=0.000 ms
[svd-offload-client-debug] finish_fail_up_gate=0 finish_fail_down=0 finish_fail_other=0 finish_fail_ffn=0 cache_take_fail_up=0 cache_take_fail_gate=0 recv_up_sum_abs=0.000000e+00 recv_up_max_abs=0.000000e+00 recv_up_zero=0 recv_gate_sum_abs=0.000000e+00 recv_gate_max_abs=0.000000e+00 recv_gate_zero=0 recv_down_sum_abs=0.000000e+00 recv_down_max_abs=0.000000e+00 recv_down_zero=0 recv_other_sum_abs=0.000000e+00 recv_other_max_abs=0.000000e+00 recv_other_zero=0 recv_ffn_sum_abs=0.000000e+00 recv_ffn_max_abs=0.000000e+00 recv_ffn_zero=0
SUCCEED (one forward pass done)"
2c_asym_low_high,0,2,"60,61","20,80",model_schedule,same_as_baseline_no_svd,baseline_no_svd,0,9.26689,107.911,201.758,0.9966673851013184,True,11,",","llama_context: graph splits = 1
attach_threadpool: call
threads: decode=2 batch=2
prompt tokens: 4
running one forward pass (llama_decode) ...
Top-5 next-token candidates:
  id=11 logit=20.2053 piece="",""
  id=304 logit=18.9277 piece="" in""
  id=3837 logit=18.7558 piece=""，""
  id=1052 logit=18.5616 piece="" there""
  id=358 logit=17.8374 piece="" I""
Autoregressive generation:
Generated text: ,
Decode-only throughput: 9.26689 tokens/s (1 tokens in 0.107911 s of llama_decode)
End-to-end throughput: 9.23891 tokens/s (1 tokens in 0.108238 s)
[decode-stage-profile] model_load=428.941 ms context_create=64.835 ms tokenize=0.901355 ms prefill_decode=201.758 ms generation_decode=107.911 ms generation_total=108.238 ms program_total=818.45 ms
[svd-local-op-profile] up_ops=56 gate_ops=56 down_ops=56 up_total=90.399 ms gate_total=94.574 ms down_total=71.970 ms up_v=13.568 ms gate_v=13.437 ms down_v=59.046 ms up_u=76.824 ms gate_u=81.124 ms down_u=12.921 ms
[svd-local-stage-profile] attention_total=1.746 ms ffn_total=259.109 ms ffn_svd_total=256.943 ms ffn_svd_v=86.051 ms ffn_svd_u=170.869 ms
[svd-offload-zero-profile] up_finish=0 up_cache=0 up_no_request=27 gate_finish=0 gate_cache=0 gate_no_request=27 down_finish=0 down_cache=0 down_no_request=27 other_finish=0 other_cache=0 other_no_request=0
[svd-local-timeout-profile] up_keep=0 up_drop=0 up_wait=0.000 ms gate_keep=0 gate_drop=0 gate_wait=0.000 ms down_keep=0 down_drop=0 down_wait=0.000 ms other_keep=0 other_drop=0 other_wait=0.000 ms
[svd-offload-client] up_gate_req=0 down_req=0 other_mat_req=0 ffn_req=0 gate_cache_hits=0 gate_cache_checks=0 miss_invalid=0 miss_layer=0 miss_rank=0 miss_hash=0 miss_output=0 miss_data=0 send_up_gate=0.000 ms send_down=0.000 ms send_other=0.000 ms send_ffn=0.000 ms wait_up_gate=0.000 ms wait_down=0.000 ms wait_other=0.000 ms wait_ffn=0.000 ms
[svd-offload-client-stage-profile] rpc_send_total=0.000 ms rpc_wait_total=0.000 ms
[svd-offload-client-debug] finish_fail_up_gate=0 finish_fail_down=0 finish_fail_other=0 finish_fail_ffn=0 cache_take_fail_up=0 cache_take_fail_gate=0 recv_up_sum_abs=0.000000e+00 recv_up_max_abs=0.000000e+00 recv_up_zero=0 recv_gate_sum_abs=0.000000e+00 recv_gate_max_abs=0.000000e+00 recv_gate_zero=0 recv_down_sum_abs=0.000000e+00 recv_down_max_abs=0.000000e+00 recv_down_zero=0 recv_other_sum_abs=0.000000e+00 recv_other_max_abs=0.000000e+00 recv_other_zero=0 recv_ffn_sum_abs=0.000000e+00 recv_ffn_max_abs=0.000000e+00 recv_ffn_zero=0
SUCCEED (one forward pass done)"
2c_asym_low_high,1,2,"60,61","20,80",baseline_no_svd,ok,,0,9.03727,110.653,189.849,0.8854057788848877,True,11,",","llama_context: graph splits = 1
attach_threadpool: call
threads: decode=2 batch=2
prompt tokens: 4
running one forward pass (llama_decode) ...
Top-5 next-token candidates:
  id=11 logit=20.2053 piece="",""
  id=304 logit=18.9277 piece="" in""
  id=3837 logit=18.7558 piece=""，""
  id=1052 logit=18.5616 piece="" there""
  id=358 logit=17.8374 piece="" I""
Autoregressive generation:
Generated text: ,
Decode-only throughput: 9.03727 tokens/s (1 tokens in 0.110653 s of llama_decode)
End-to-end throughput: 9.01021 tokens/s (1 tokens in 0.110985 s)
[decode-stage-profile] model_load=355.55 ms context_create=44.9872 ms tokenize=0.55145 ms prefill_decode=189.849 ms generation_decode=110.653 ms generation_total=110.985 ms program_total=712.271 ms
[svd-local-op-profile] up_ops=56 gate_ops=56 down_ops=56 up_total=86.821 ms gate_total=84.152 ms down_total=73.394 ms up_v=13.256 ms gate_v=12.671 ms down_v=60.948 ms up_u=73.558 ms gate_u=71.476 ms down_u=12.437 ms
[svd-local-stage-profile] attention_total=1.614 ms ffn_total=246.656 ms ffn_svd_total=244.367 ms ffn_svd_v=86.875 ms ffn_svd_u=157.471 ms
[svd-offload-zero-profile] up_finish=0 up_cache=0 up_no_request=27 gate_finish=0 gate_cache=0 gate_no_request=27 down_finish=0 down_cache=0 down_no_request=27 other_finish=0 other_cache=0 other_no_request=0
[svd-local-timeout-profile] up_keep=0 up_drop=0 up_wait=0.000 ms gate_keep=0 gate_drop=0 gate_wait=0.000 ms down_keep=0 down_drop=0 down_wait=0.000 ms other_keep=0 other_drop=0 other_wait=0.000 ms
[svd-offload-client] up_gate_req=0 down_req=0 other_mat_req=0 ffn_req=0 gate_cache_hits=0 gate_cache_checks=0 miss_invalid=0 miss_layer=0 miss_rank=0 miss_hash=0 miss_output=0 miss_data=0 send_up_gate=0.000 ms send_down=0.000 ms send_other=0.000 ms send_ffn=0.000 ms wait_up_gate=0.000 ms wait_down=0.000 ms wait_other=0.000 ms wait_ffn=0.000 ms
[svd-offload-client-stage-profile] rpc_send_total=0.000 ms rpc_wait_total=0.000 ms
[svd-offload-client-debug] finish_fail_up_gate=0 finish_fail_down=0 finish_fail_other=0 finish_fail_ffn=0 cache_take_fail_up=0 cache_take_fail_gate=0 recv_up_sum_abs=0.000000e+00 recv_up_max_abs=0.000000e+00 recv_up_zero=0 recv_gate_sum_abs=0.000000e+00 recv_gate_max_abs=0.000000e+00 recv_gate_zero=0 recv_down_sum_abs=0.000000e+00 recv_down_max_abs=0.000000e+00 recv_down_zero=0 recv_other_sum_abs=0.000000e+00 recv_other_max_abs=0.000000e+00 recv_other_zero=0 recv_ffn_sum_abs=0.000000e+00 recv_ffn_max_abs=0.000000e+00 recv_ffn_zero=0
SUCCEED (one forward pass done)"
2c_asym_low_high,1,2,"60,61","20,80",model_schedule,same_as_baseline_no_svd,baseline_no_svd,0,9.03727,110.653,189.849,0.8854057788848877,True,11,",","llama_context: graph splits = 1
attach_threadpool: call
threads: decode=2 batch=2
prompt tokens: 4
running one forward pass (llama_decode) ...
Top-5 next-token candidates:
  id=11 logit=20.2053 piece="",""
  id=304 logit=18.9277 piece="" in""
  id=3837 logit=18.7558 piece=""，""
  id=1052 logit=18.5616 piece="" there""
  id=358 logit=17.8374 piece="" I""
Autoregressive generation:
Generated text: ,
Decode-only throughput: 9.03727 tokens/s (1 tokens in 0.110653 s of llama_decode)
End-to-end throughput: 9.01021 tokens/s (1 tokens in 0.110985 s)
[decode-stage-profile] model_load=355.55 ms context_create=44.9872 ms tokenize=0.55145 ms prefill_decode=189.849 ms generation_decode=110.653 ms generation_total=110.985 ms program_total=712.271 ms
[svd-local-op-profile] up_ops=56 gate_ops=56 down_ops=56 up_total=86.821 ms gate_total=84.152 ms down_total=73.394 ms up_v=13.256 ms gate_v=12.671 ms down_v=60.948 ms up_u=73.558 ms gate_u=71.476 ms down_u=12.437 ms
[svd-local-stage-profile] attention_total=1.614 ms ffn_total=246.656 ms ffn_svd_total=244.367 ms ffn_svd_v=86.875 ms ffn_svd_u=157.471 ms
[svd-offload-zero-profile] up_finish=0 up_cache=0 up_no_request=27 gate_finish=0 gate_cache=0 gate_no_request=27 down_finish=0 down_cache=0 down_no_request=27 other_finish=0 other_cache=0 other_no_request=0
[svd-local-timeout-profile] up_keep=0 up_drop=0 up_wait=0.000 ms gate_keep=0 gate_drop=0 gate_wait=0.000 ms down_keep=0 down_drop=0 down_wait=0.000 ms other_keep=0 other_drop=0 other_wait=0.000 ms
[svd-offload-client] up_gate_req=0 down_req=0 other_mat_req=0 ffn_req=0 gate_cache_hits=0 gate_cache_checks=0 miss_invalid=0 miss_layer=0 miss_rank=0 miss_hash=0 miss_output=0 miss_data=0 send_up_gate=0.000 ms send_down=0.000 ms send_other=0.000 ms send_ffn=0.000 ms wait_up_gate=0.000 ms wait_down=0.000 ms wait_other=0.000 ms wait_ffn=0.000 ms
[svd-offload-client-stage-profile] rpc_send_total=0.000 ms rpc_wait_total=0.000 ms
[svd-offload-client-debug] finish_fail_up_gate=0 finish_fail_down=0 finish_fail_other=0 finish_fail_ffn=0 cache_take_fail_up=0 cache_take_fail_gate=0 recv_up_sum_abs=0.000000e+00 recv_up_max_abs=0.000000e+00 recv_up_zero=0 recv_gate_sum_abs=0.000000e+00 recv_gate_max_abs=0.000000e+00 recv_gate_zero=0 recv_down_sum_abs=0.000000e+00 recv_down_max_abs=0.000000e+00 recv_down_zero=0 recv_other_sum_abs=0.000000e+00 recv_other_max_abs=0.000000e+00 recv_other_zero=0 recv_ffn_sum_abs=0.000000e+00 recv_ffn_max_abs=0.000000e+00 recv_ffn_zero=0
SUCCEED (one forward pass done)"
2c_asym_low_high,2,2,"60,61","20,80",baseline_no_svd,ok,,0,9.25275,108.076,203.824,0.9763798713684082,True,11,",","llama_context: graph splits = 1
attach_threadpool: call
threads: decode=2 batch=2
prompt tokens: 4
running one forward pass (llama_decode) ...
Top-5 next-token candidates:
  id=11 logit=20.2053 piece="",""
  id=304 logit=18.9277 piece="" in""
  id=3837 logit=18.7558 piece=""，""
  id=1052 logit=18.5616 piece="" there""
  id=358 logit=17.8374 piece="" I""
Autoregressive generation:
Generated text: ,
Decode-only throughput: 9.25275 tokens/s (1 tokens in 0.108076 s of llama_decode)
End-to-end throughput: 9.22498 tokens/s (1 tokens in 0.108401 s)
[decode-stage-profile] model_load=433.567 ms context_create=56.4253 ms tokenize=0.865638 ms prefill_decode=203.824 ms generation_decode=108.076 ms generation_total=108.401 ms program_total=813.255 ms
[svd-local-op-profile] up_ops=56 gate_ops=56 down_ops=56 up_total=95.503 ms gate_total=90.451 ms down_total=72.259 ms up_v=13.518 ms gate_v=13.789 ms down_v=58.758 ms up_u=81.981 ms gate_u=76.656 ms down_u=13.497 ms
[svd-local-stage-profile] attention_total=1.517 ms ffn_total=260.204 ms ffn_svd_total=258.213 ms ffn_svd_v=86.065 ms ffn_svd_u=172.134 ms
[svd-offload-zero-profile] up_finish=0 up_cache=0 up_no_request=27 gate_finish=0 gate_cache=0 gate_no_request=27 down_finish=0 down_cache=0 down_no_request=27 other_finish=0 other_cache=0 other_no_request=0
[svd-local-timeout-profile] up_keep=0 up_drop=0 up_wait=0.000 ms gate_keep=0 gate_drop=0 gate_wait=0.000 ms down_keep=0 down_drop=0 down_wait=0.000 ms other_keep=0 other_drop=0 other_wait=0.000 ms
[svd-offload-client] up_gate_req=0 down_req=0 other_mat_req=0 ffn_req=0 gate_cache_hits=0 gate_cache_checks=0 miss_invalid=0 miss_layer=0 miss_rank=0 miss_hash=0 miss_output=0 miss_data=0 send_up_gate=0.000 ms send_down=0.000 ms send_other=0.000 ms send_ffn=0.000 ms wait_up_gate=0.000 ms wait_down=0.000 ms wait_other=0.000 ms wait_ffn=0.000 ms
[svd-offload-client-stage-profile] rpc_send_total=0.000 ms rpc_wait_total=0.000 ms
[svd-offload-client-debug] finish_fail_up_gate=0 finish_fail_down=0 finish_fail_other=0 finish_fail_ffn=0 cache_take_fail_up=0 cache_take_fail_gate=0 recv_up_sum_abs=0.000000e+00 recv_up_max_abs=0.000000e+00 recv_up_zero=0 recv_gate_sum_abs=0.000000e+00 recv_gate_max_abs=0.000000e+00 recv_gate_zero=0 recv_down_sum_abs=0.000000e+00 recv_down_max_abs=0.000000e+00 recv_down_zero=0 recv_other_sum_abs=0.000000e+00 recv_other_max_abs=0.000000e+00 recv_other_zero=0 recv_ffn_sum_abs=0.000000e+00 recv_ffn_max_abs=0.000000e+00 recv_ffn_zero=0
SUCCEED (one forward pass done)"
2c_asym_low_high,2,2,"60,61","20,80",model_schedule,same_as_baseline_no_svd,baseline_no_svd,0,9.25275,108.076,203.824,0.9763798713684082,True,11,",","llama_context: graph splits = 1
attach_threadpool: call
threads: decode=2 batch=2
prompt tokens: 4
running one forward pass (llama_decode) ...
Top-5 next-token candidates:
  id=11 logit=20.2053 piece="",""
  id=304 logit=18.9277 piece="" in""
  id=3837 logit=18.7558 piece=""，""
  id=1052 logit=18.5616 piece="" there""
  id=358 logit=17.8374 piece="" I""
Autoregressive generation:
Generated text: ,
Decode-only throughput: 9.25275 tokens/s (1 tokens in 0.108076 s of llama_decode)
End-to-end throughput: 9.22498 tokens/s (1 tokens in 0.108401 s)
[decode-stage-profile] model_load=433.567 ms context_create=56.4253 ms tokenize=0.865638 ms prefill_decode=203.824 ms generation_decode=108.076 ms generation_total=108.401 ms program_total=813.255 ms
[svd-local-op-profile] up_ops=56 gate_ops=56 down_ops=56 up_total=95.503 ms gate_total=90.451 ms down_total=72.259 ms up_v=13.518 ms gate_v=13.789 ms down_v=58.758 ms up_u=81.981 ms gate_u=76.656 ms down_u=13.497 ms
[svd-local-stage-profile] attention_total=1.517 ms ffn_total=260.204 ms ffn_svd_total=258.213 ms ffn_svd_v=86.065 ms ffn_svd_u=172.134 ms
[svd-offload-zero-profile] up_finish=0 up_cache=0 up_no_request=27 gate_finish=0 gate_cache=0 gate_no_request=27 down_finish=0 down_cache=0 down_no_request=27 other_finish=0 other_cache=0 other_no_request=0
[svd-local-timeout-profile] up_keep=0 up_drop=0 up_wait=0.000 ms gate_keep=0 gate_drop=0 gate_wait=0.000 ms down_keep=0 down_drop=0 down_wait=0.000 ms other_keep=0 other_drop=0 other_wait=0.000 ms
[svd-offload-client] up_gate_req=0 down_req=0 other_mat_req=0 ffn_req=0 gate_cache_hits=0 gate_cache_checks=0 miss_invalid=0 miss_layer=0 miss_rank=0 miss_hash=0 miss_output=0 miss_data=0 send_up_gate=0.000 ms send_down=0.000 ms send_other=0.000 ms send_ffn=0.000 ms wait_up_gate=0.000 ms wait_down=0.000 ms wait_other=0.000 ms wait_ffn=0.000 ms
[svd-offload-client-stage-profile] rpc_send_total=0.000 ms rpc_wait_total=0.000 ms
[svd-offload-client-debug] finish_fail_up_gate=0 finish_fail_down=0 finish_fail_other=0 finish_fail_ffn=0 cache_take_fail_up=0 cache_take_fail_gate=0 recv_up_sum_abs=0.000000e+00 recv_up_max_abs=0.000000e+00 recv_up_zero=0 recv_gate_sum_abs=0.000000e+00 recv_gate_max_abs=0.000000e+00 recv_gate_zero=0 recv_down_sum_abs=0.000000e+00 recv_down_max_abs=0.000000e+00 recv_down_zero=0 recv_other_sum_abs=0.000000e+00 recv_other_max_abs=0.000000e+00 recv_other_zero=0 recv_ffn_sum_abs=0.000000e+00 recv_ffn_max_abs=0.000000e+00 recv_ffn_zero=0
SUCCEED (one forward pass done)"
2c_idle_saturated,0,2,"60,61","0,100",baseline_no_svd,ok,,0,11.9394,83.7564,151.491,0.9704074859619141,True,11,",","llama_context: graph splits = 1
attach_threadpool: call
threads: decode=2 batch=2
prompt tokens: 4
running one forward pass (llama_decode) ...
Top-5 next-token candidates:
  id=11 logit=20.2053 piece="",""
  id=304 logit=18.9277 piece="" in""
  id=3837 logit=18.7558 piece=""，""
  id=1052 logit=18.5616 piece="" there""
  id=358 logit=17.8374 piece="" I""
Autoregressive generation:
Generated text: ,
Decode-only throughput: 11.9394 tokens/s (1 tokens in 0.0837564 s of llama_decode)
End-to-end throughput: 11.8897 tokens/s (1 tokens in 0.0841064 s)
[decode-stage-profile] model_load=544.635 ms context_create=45.3492 ms tokenize=0.44325 ms prefill_decode=151.491 ms generation_decode=83.7564 ms generation_total=84.1064 ms program_total=836.154 ms
[svd-local-op-profile] up_ops=56 gate_ops=56 down_ops=56 up_total=65.054 ms gate_total=69.788 ms down_total=53.690 ms up_v=9.870 ms gate_v=10.025 ms down_v=43.907 ms up_u=55.178 ms gate_u=59.759 ms down_u=9.779 ms
[svd-local-stage-profile] attention_total=1.370 ms ffn_total=190.386 ms ffn_svd_total=188.532 ms ffn_svd_v=63.802 ms ffn_svd_u=124.716 ms
[svd-offload-zero-profile] up_finish=0 up_cache=0 up_no_request=27 gate_finish=0 gate_cache=0 gate_no_request=27 down_finish=0 down_cache=0 down_no_request=27 other_finish=0 other_cache=0 other_no_request=0
[svd-local-timeout-profile] up_keep=0 up_drop=0 up_wait=0.000 ms gate_keep=0 gate_drop=0 gate_wait=0.000 ms down_keep=0 down_drop=0 down_wait=0.000 ms other_keep=0 other_drop=0 other_wait=0.000 ms
[svd-offload-client] up_gate_req=0 down_req=0 other_mat_req=0 ffn_req=0 gate_cache_hits=0 gate_cache_checks=0 miss_invalid=0 miss_layer=0 miss_rank=0 miss_hash=0 miss_output=0 miss_data=0 send_up_gate=0.000 ms send_down=0.000 ms send_other=0.000 ms send_ffn=0.000 ms wait_up_gate=0.000 ms wait_down=0.000 ms wait_other=0.000 ms wait_ffn=0.000 ms
[svd-offload-client-stage-profile] rpc_send_total=0.000 ms rpc_wait_total=0.000 ms
[svd-offload-client-debug] finish_fail_up_gate=0 finish_fail_down=0 finish_fail_other=0 finish_fail_ffn=0 cache_take_fail_up=0 cache_take_fail_gate=0 recv_up_sum_abs=0.000000e+00 recv_up_max_abs=0.000000e+00 recv_up_zero=0 recv_gate_sum_abs=0.000000e+00 recv_gate_max_abs=0.000000e+00 recv_gate_zero=0 recv_down_sum_abs=0.000000e+00 recv_down_max_abs=0.000000e+00 recv_down_zero=0 recv_other_sum_abs=0.000000e+00 recv_other_max_abs=0.000000e+00 recv_other_zero=0 recv_ffn_sum_abs=0.000000e+00 recv_ffn_max_abs=0.000000e+00 recv_ffn_zero=0
SUCCEED (one forward pass done)"
2c_idle_saturated,0,2,"60,61","0,100",model_schedule,same_as_baseline_no_svd,baseline_no_svd,0,11.9394,83.7564,151.491,0.9704074859619141,True,11,",","llama_context: graph splits = 1
attach_threadpool: call
threads: decode=2 batch=2
prompt tokens: 4
running one forward pass (llama_decode) ...
Top-5 next-token candidates:
  id=11 logit=20.2053 piece="",""
  id=304 logit=18.9277 piece="" in""
  id=3837 logit=18.7558 piece=""，""
  id=1052 logit=18.5616 piece="" there""
  id=358 logit=17.8374 piece="" I""
Autoregressive generation:
Generated text: ,
Decode-only throughput: 11.9394 tokens/s (1 tokens in 0.0837564 s of llama_decode)
End-to-end throughput: 11.8897 tokens/s (1 tokens in 0.0841064 s)
[decode-stage-profile] model_load=544.635 ms context_create=45.3492 ms tokenize=0.44325 ms prefill_decode=151.491 ms generation_decode=83.7564 ms generation_total=84.1064 ms program_total=836.154 ms
[svd-local-op-profile] up_ops=56 gate_ops=56 down_ops=56 up_total=65.054 ms gate_total=69.788 ms down_total=53.690 ms up_v=9.870 ms gate_v=10.025 ms down_v=43.907 ms up_u=55.178 ms gate_u=59.759 ms down_u=9.779 ms
[svd-local-stage-profile] attention_total=1.370 ms ffn_total=190.386 ms ffn_svd_total=188.532 ms ffn_svd_v=63.802 ms ffn_svd_u=124.716 ms
[svd-offload-zero-profile] up_finish=0 up_cache=0 up_no_request=27 gate_finish=0 gate_cache=0 gate_no_request=27 down_finish=0 down_cache=0 down_no_request=27 other_finish=0 other_cache=0 other_no_request=0
[svd-local-timeout-profile] up_keep=0 up_drop=0 up_wait=0.000 ms gate_keep=0 gate_drop=0 gate_wait=0.000 ms down_keep=0 down_drop=0 down_wait=0.000 ms other_keep=0 other_drop=0 other_wait=0.000 ms
[svd-offload-client] up_gate_req=0 down_req=0 other_mat_req=0 ffn_req=0 gate_cache_hits=0 gate_cache_checks=0 miss_invalid=0 miss_layer=0 miss_rank=0 miss_hash=0 miss_output=0 miss_data=0 send_up_gate=0.000 ms send_down=0.000 ms send_other=0.000 ms send_ffn=0.000 ms wait_up_gate=0.000 ms wait_down=0.000 ms wait_other=0.000 ms wait_ffn=0.000 ms
[svd-offload-client-stage-profile] rpc_send_total=0.000 ms rpc_wait_total=0.000 ms
[svd-offload-client-debug] finish_fail_up_gate=0 finish_fail_down=0 finish_fail_other=0 finish_fail_ffn=0 cache_take_fail_up=0 cache_take_fail_gate=0 recv_up_sum_abs=0.000000e+00 recv_up_max_abs=0.000000e+00 recv_up_zero=0 recv_gate_sum_abs=0.000000e+00 recv_gate_max_abs=0.000000e+00 recv_gate_zero=0 recv_down_sum_abs=0.000000e+00 recv_down_max_abs=0.000000e+00 recv_down_zero=0 recv_other_sum_abs=0.000000e+00 recv_other_max_abs=0.000000e+00 recv_other_zero=0 recv_ffn_sum_abs=0.000000e+00 recv_ffn_max_abs=0.000000e+00 recv_ffn_zero=0
SUCCEED (one forward pass done)"
2c_idle_saturated,1,2,"60,61","0,100",baseline_no_svd,ok,,0,11.7055,85.4302,146.334,0.9000329971313477,True,11,",","llama_context: graph splits = 1
attach_threadpool: call
threads: decode=2 batch=2
prompt tokens: 4
running one forward pass (llama_decode) ...
Top-5 next-token candidates:
  id=11 logit=20.2053 piece="",""
  id=304 logit=18.9277 piece="" in""
  id=3837 logit=18.7558 piece=""，""
  id=1052 logit=18.5616 piece="" there""
  id=358 logit=17.8374 piece="" I""
Autoregressive generation:
Generated text: ,
Decode-only throughput: 11.7055 tokens/s (1 tokens in 0.0854302 s of llama_decode)
End-to-end throughput: 11.6607 tokens/s (1 tokens in 0.0857582 s)
[decode-stage-profile] model_load=441.797 ms context_create=45.7866 ms tokenize=0.560805 ms prefill_decode=146.334 ms generation_decode=85.4302 ms generation_total=85.7582 ms program_total=730.403 ms
[svd-local-op-profile] up_ops=56 gate_ops=56 down_ops=56 up_total=65.401 ms gate_total=64.341 ms down_total=52.310 ms up_v=9.926 ms gate_v=9.655 ms down_v=42.609 ms up_u=55.471 ms gate_u=54.681 ms down_u=9.698 ms
[svd-local-stage-profile] attention_total=1.290 ms ffn_total=183.928 ms ffn_svd_total=182.052 ms ffn_svd_v=62.190 ms ffn_svd_u=119.850 ms
[svd-offload-zero-profile] up_finish=0 up_cache=0 up_no_request=27 gate_finish=0 gate_cache=0 gate_no_request=27 down_finish=0 down_cache=0 down_no_request=27 other_finish=0 other_cache=0 other_no_request=0
[svd-local-timeout-profile] up_keep=0 up_drop=0 up_wait=0.000 ms gate_keep=0 gate_drop=0 gate_wait=0.000 ms down_keep=0 down_drop=0 down_wait=0.000 ms other_keep=0 other_drop=0 other_wait=0.000 ms
[svd-offload-client] up_gate_req=0 down_req=0 other_mat_req=0 ffn_req=0 gate_cache_hits=0 gate_cache_checks=0 miss_invalid=0 miss_layer=0 miss_rank=0 miss_hash=0 miss_output=0 miss_data=0 send_up_gate=0.000 ms send_down=0.000 ms send_other=0.000 ms send_ffn=0.000 ms wait_up_gate=0.000 ms wait_down=0.000 ms wait_other=0.000 ms wait_ffn=0.000 ms
[svd-offload-client-stage-profile] rpc_send_total=0.000 ms rpc_wait_total=0.000 ms
[svd-offload-client-debug] finish_fail_up_gate=0 finish_fail_down=0 finish_fail_other=0 finish_fail_ffn=0 cache_take_fail_up=0 cache_take_fail_gate=0 recv_up_sum_abs=0.000000e+00 recv_up_max_abs=0.000000e+00 recv_up_zero=0 recv_gate_sum_abs=0.000000e+00 recv_gate_max_abs=0.000000e+00 recv_gate_zero=0 recv_down_sum_abs=0.000000e+00 recv_down_max_abs=0.000000e+00 recv_down_zero=0 recv_other_sum_abs=0.000000e+00 recv_other_max_abs=0.000000e+00 recv_other_zero=0 recv_ffn_sum_abs=0.000000e+00 recv_ffn_max_abs=0.000000e+00 recv_ffn_zero=0
SUCCEED (one forward pass done)"
2c_idle_saturated,1,2,"60,61","0,100",model_schedule,same_as_baseline_no_svd,baseline_no_svd,0,11.7055,85.4302,146.334,0.9000329971313477,True,11,",","llama_context: graph splits = 1
attach_threadpool: call
threads: decode=2 batch=2
prompt tokens: 4
running one forward pass (llama_decode) ...
Top-5 next-token candidates:
  id=11 logit=20.2053 piece="",""
  id=304 logit=18.9277 piece="" in""
  id=3837 logit=18.7558 piece=""，""
  id=1052 logit=18.5616 piece="" there""
  id=358 logit=17.8374 piece="" I""
Autoregressive generation:
Generated text: ,
Decode-only throughput: 11.7055 tokens/s (1 tokens in 0.0854302 s of llama_decode)
End-to-end throughput: 11.6607 tokens/s (1 tokens in 0.0857582 s)
[decode-stage-profile] model_load=441.797 ms context_create=45.7866 ms tokenize=0.560805 ms prefill_decode=146.334 ms generation_decode=85.4302 ms generation_total=85.7582 ms program_total=730.403 ms
[svd-local-op-profile] up_ops=56 gate_ops=56 down_ops=56 up_total=65.401 ms gate_total=64.341 ms down_total=52.310 ms up_v=9.926 ms gate_v=9.655 ms down_v=42.609 ms up_u=55.471 ms gate_u=54.681 ms down_u=9.698 ms
[svd-local-stage-profile] attention_total=1.290 ms ffn_total=183.928 ms ffn_svd_total=182.052 ms ffn_svd_v=62.190 ms ffn_svd_u=119.850 ms
[svd-offload-zero-profile] up_finish=0 up_cache=0 up_no_request=27 gate_finish=0 gate_cache=0 gate_no_request=27 down_finish=0 down_cache=0 down_no_request=27 other_finish=0 other_cache=0 other_no_request=0
[svd-local-timeout-profile] up_keep=0 up_drop=0 up_wait=0.000 ms gate_keep=0 gate_drop=0 gate_wait=0.000 ms down_keep=0 down_drop=0 down_wait=0.000 ms other_keep=0 other_drop=0 other_wait=0.000 ms
[svd-offload-client] up_gate_req=0 down_req=0 other_mat_req=0 ffn_req=0 gate_cache_hits=0 gate_cache_checks=0 miss_invalid=0 miss_layer=0 miss_rank=0 miss_hash=0 miss_output=0 miss_data=0 send_up_gate=0.000 ms send_down=0.000 ms send_other=0.000 ms send_ffn=0.000 ms wait_up_gate=0.000 ms wait_down=0.000 ms wait_other=0.000 ms wait_ffn=0.000 ms
[svd-offload-client-stage-profile] rpc_send_total=0.000 ms rpc_wait_total=0.000 ms
[svd-offload-client-debug] finish_fail_up_gate=0 finish_fail_down=0 finish_fail_other=0 finish_fail_ffn=0 cache_take_fail_up=0 cache_take_fail_gate=0 recv_up_sum_abs=0.000000e+00 recv_up_max_abs=0.000000e+00 recv_up_zero=0 recv_gate_sum_abs=0.000000e+00 recv_gate_max_abs=0.000000e+00 recv_gate_zero=0 recv_down_sum_abs=0.000000e+00 recv_down_max_abs=0.000000e+00 recv_down_zero=0 recv_other_sum_abs=0.000000e+00 recv_other_max_abs=0.000000e+00 recv_other_zero=0 recv_ffn_sum_abs=0.000000e+00 recv_ffn_max_abs=0.000000e+00 recv_ffn_zero=0
SUCCEED (one forward pass done)"
2c_idle_saturated,2,2,"60,61","0,100",baseline_no_svd,ok,,0,9.5869,104.309,192.642,0.8654508590698242,True,11,",","llama_context: graph splits = 1
attach_threadpool: call
threads: decode=2 batch=2
prompt tokens: 4
running one forward pass (llama_decode) ...
Top-5 next-token candidates:
  id=11 logit=20.2053 piece="",""
  id=304 logit=18.9277 piece="" in""
  id=3837 logit=18.7558 piece=""，""
  id=1052 logit=18.5616 piece="" there""
  id=358 logit=17.8374 piece="" I""
Autoregressive generation:
Generated text: ,
Decode-only throughput: 9.5869 tokens/s (1 tokens in 0.104309 s of llama_decode)
End-to-end throughput: 9.5556 tokens/s (1 tokens in 0.104651 s)
[decode-stage-profile] model_load=353.408 ms context_create=42.7737 ms tokenize=0.448326 ms prefill_decode=192.642 ms generation_decode=104.309 ms generation_total=104.651 ms program_total=703.993 ms
[svd-local-op-profile] up_ops=56 gate_ops=56 down_ops=56 up_total=85.601 ms gate_total=85.651 ms down_total=73.220 ms up_v=13.635 ms gate_v=13.018 ms down_v=60.612 ms up_u=71.959 ms gate_u=72.624 ms down_u=12.603 ms
[svd-local-stage-profile] attention_total=1.553 ms ffn_total=246.637 ms ffn_svd_total=244.472 ms ffn_svd_v=87.265 ms ffn_svd_u=157.186 ms
[svd-offload-zero-profile] up_finish=0 up_cache=0 up_no_request=27 gate_finish=0 gate_cache=0 gate_no_request=27 down_finish=0 down_cache=0 down_no_request=27 other_finish=0 other_cache=0 other_no_request=0
[svd-local-timeout-profile] up_keep=0 up_drop=0 up_wait=0.000 ms gate_keep=0 gate_drop=0 gate_wait=0.000 ms down_keep=0 down_drop=0 down_wait=0.000 ms other_keep=0 other_drop=0 other_wait=0.000 ms
[svd-offload-client] up_gate_req=0 down_req=0 other_mat_req=0 ffn_req=0 gate_cache_hits=0 gate_cache_checks=0 miss_invalid=0 miss_layer=0 miss_rank=0 miss_hash=0 miss_output=0 miss_data=0 send_up_gate=0.000 ms send_down=0.000 ms send_other=0.000 ms send_ffn=0.000 ms wait_up_gate=0.000 ms wait_down=0.000 ms wait_other=0.000 ms wait_ffn=0.000 ms
[svd-offload-client-stage-profile] rpc_send_total=0.000 ms rpc_wait_total=0.000 ms
[svd-offload-client-debug] finish_fail_up_gate=0 finish_fail_down=0 finish_fail_other=0 finish_fail_ffn=0 cache_take_fail_up=0 cache_take_fail_gate=0 recv_up_sum_abs=0.000000e+00 recv_up_max_abs=0.000000e+00 recv_up_zero=0 recv_gate_sum_abs=0.000000e+00 recv_gate_max_abs=0.000000e+00 recv_gate_zero=0 recv_down_sum_abs=0.000000e+00 recv_down_max_abs=0.000000e+00 recv_down_zero=0 recv_other_sum_abs=0.000000e+00 recv_other_max_abs=0.000000e+00 recv_other_zero=0 recv_ffn_sum_abs=0.000000e+00 recv_ffn_max_abs=0.000000e+00 recv_ffn_zero=0
SUCCEED (one forward pass done)"
2c_idle_saturated,2,2,"60,61","0,100",model_schedule,same_as_baseline_no_svd,baseline_no_svd,0,9.5869,104.309,192.642,0.8654508590698242,True,11,",","llama_context: graph splits = 1
attach_threadpool: call
threads: decode=2 batch=2
prompt tokens: 4
running one forward pass (llama_decode) ...
Top-5 next-token candidates:
  id=11 logit=20.2053 piece="",""
  id=304 logit=18.9277 piece="" in""
  id=3837 logit=18.7558 piece=""，""
  id=1052 logit=18.5616 piece="" there""
  id=358 logit=17.8374 piece="" I""
Autoregressive generation:
Generated text: ,
Decode-only throughput: 9.5869 tokens/s (1 tokens in 0.104309 s of llama_decode)
End-to-end throughput: 9.5556 tokens/s (1 tokens in 0.104651 s)
[decode-stage-profile] model_load=353.408 ms context_create=42.7737 ms tokenize=0.448326 ms prefill_decode=192.642 ms generation_decode=104.309 ms generation_total=104.651 ms program_total=703.993 ms
[svd-local-op-profile] up_ops=56 gate_ops=56 down_ops=56 up_total=85.601 ms gate_total=85.651 ms down_total=73.220 ms up_v=13.635 ms gate_v=13.018 ms down_v=60.612 ms up_u=71.959 ms gate_u=72.624 ms down_u=12.603 ms
[svd-local-stage-profile] attention_total=1.553 ms ffn_total=246.637 ms ffn_svd_total=244.472 ms ffn_svd_v=87.265 ms ffn_svd_u=157.186 ms
[svd-offload-zero-profile] up_finish=0 up_cache=0 up_no_request=27 gate_finish=0 gate_cache=0 gate_no_request=27 down_finish=0 down_cache=0 down_no_request=27 other_finish=0 other_cache=0 other_no_request=0
[svd-local-timeout-profile] up_keep=0 up_drop=0 up_wait=0.000 ms gate_keep=0 gate_drop=0 gate_wait=0.000 ms down_keep=0 down_drop=0 down_wait=0.000 ms other_keep=0 other_drop=0 other_wait=0.000 ms
[svd-offload-client] up_gate_req=0 down_req=0 other_mat_req=0 ffn_req=0 gate_cache_hits=0 gate_cache_checks=0 miss_invalid=0 miss_layer=0 miss_rank=0 miss_hash=0 miss_output=0 miss_data=0 send_up_gate=0.000 ms send_down=0.000 ms send_other=0.000 ms send_ffn=0.000 ms wait_up_gate=0.000 ms wait_down=0.000 ms wait_other=0.000 ms wait_ffn=0.000 ms
[svd-offload-client-stage-profile] rpc_send_total=0.000 ms rpc_wait_total=0.000 ms
[svd-offload-client-debug] finish_fail_up_gate=0 finish_fail_down=0 finish_fail_other=0 finish_fail_ffn=0 cache_take_fail_up=0 cache_take_fail_gate=0 recv_up_sum_abs=0.000000e+00 recv_up_max_abs=0.000000e+00 recv_up_zero=0 recv_gate_sum_abs=0.000000e+00 recv_gate_max_abs=0.000000e+00 recv_gate_zero=0 recv_down_sum_abs=0.000000e+00 recv_down_max_abs=0.000000e+00 recv_down_zero=0 recv_other_sum_abs=0.000000e+00 recv_other_max_abs=0.000000e+00 recv_other_zero=0 recv_ffn_sum_abs=0.000000e+00 recv_ffn_max_abs=0.000000e+00 recv_ffn_zero=0
SUCCEED (one forward pass done)"
2c_high,0,2,"60,61","80,100",baseline_no_svd,ok,,0,9.43266,106.015,206.819,1.0912683010101318,True,11,",","llama_context: graph splits = 1
attach_threadpool: call
threads: decode=2 batch=2
prompt tokens: 4
running one forward pass (llama_decode) ...
Top-5 next-token candidates:
  id=11 logit=20.2053 piece="",""
  id=304 logit=18.9277 piece="" in""
  id=3837 logit=18.7558 piece=""，""
  id=1052 logit=18.5616 piece="" there""
  id=358 logit=17.8374 piece="" I""
Autoregressive generation:
Generated text: ,
Decode-only throughput: 9.43266 tokens/s (1 tokens in 0.106015 s of llama_decode)
End-to-end throughput: 9.40383 tokens/s (1 tokens in 0.10634 s)
[decode-stage-profile] model_load=538.634 ms context_create=63.5127 ms tokenize=0.863877 ms prefill_decode=206.819 ms generation_decode=106.015 ms generation_total=106.34 ms program_total=928.877 ms
[svd-local-op-profile] up_ops=56 gate_ops=56 down_ops=56 up_total=97.043 ms gate_total=90.383 ms down_total=73.273 ms up_v=13.679 ms gate_v=13.846 ms down_v=59.838 ms up_u=83.356 ms gate_u=76.533 ms down_u=13.427 ms
[svd-local-stage-profile] attention_total=1.573 ms ffn_total=262.798 ms ffn_svd_total=260.699 ms ffn_svd_v=87.363 ms ffn_svd_u=173.316 ms
[svd-offload-zero-profile] up_finish=0 up_cache=0 up_no_request=27 gate_finish=0 gate_cache=0 gate_no_request=27 down_finish=0 down_cache=0 down_no_request=27 other_finish=0 other_cache=0 other_no_request=0
[svd-local-timeout-profile] up_keep=0 up_drop=0 up_wait=0.000 ms gate_keep=0 gate_drop=0 gate_wait=0.000 ms down_keep=0 down_drop=0 down_wait=0.000 ms other_keep=0 other_drop=0 other_wait=0.000 ms
[svd-offload-client] up_gate_req=0 down_req=0 other_mat_req=0 ffn_req=0 gate_cache_hits=0 gate_cache_checks=0 miss_invalid=0 miss_layer=0 miss_rank=0 miss_hash=0 miss_output=0 miss_data=0 send_up_gate=0.000 ms send_down=0.000 ms send_other=0.000 ms send_ffn=0.000 ms wait_up_gate=0.000 ms wait_down=0.000 ms wait_other=0.000 ms wait_ffn=0.000 ms
[svd-offload-client-stage-profile] rpc_send_total=0.000 ms rpc_wait_total=0.000 ms
[svd-offload-client-debug] finish_fail_up_gate=0 finish_fail_down=0 finish_fail_other=0 finish_fail_ffn=0 cache_take_fail_up=0 cache_take_fail_gate=0 recv_up_sum_abs=0.000000e+00 recv_up_max_abs=0.000000e+00 recv_up_zero=0 recv_gate_sum_abs=0.000000e+00 recv_gate_max_abs=0.000000e+00 recv_gate_zero=0 recv_down_sum_abs=0.000000e+00 recv_down_max_abs=0.000000e+00 recv_down_zero=0 recv_other_sum_abs=0.000000e+00 recv_other_max_abs=0.000000e+00 recv_other_zero=0 recv_ffn_sum_abs=0.000000e+00 recv_ffn_max_abs=0.000000e+00 recv_ffn_zero=0
SUCCEED (one forward pass done)"
2c_high,0,2,"60,61","80,100",model_schedule,same_as_baseline_no_svd,baseline_no_svd,0,9.43266,106.015,206.819,1.0912683010101318,True,11,",","llama_context: graph splits = 1
attach_threadpool: call
threads: decode=2 batch=2
prompt tokens: 4
running one forward pass (llama_decode) ...
Top-5 next-token candidates:
  id=11 logit=20.2053 piece="",""
  id=304 logit=18.9277 piece="" in""
  id=3837 logit=18.7558 piece=""，""
  id=1052 logit=18.5616 piece="" there""
  id=358 logit=17.8374 piece="" I""
Autoregressive generation:
Generated text: ,
Decode-only throughput: 9.43266 tokens/s (1 tokens in 0.106015 s of llama_decode)
End-to-end throughput: 9.40383 tokens/s (1 tokens in 0.10634 s)
[decode-stage-profile] model_load=538.634 ms context_create=63.5127 ms tokenize=0.863877 ms prefill_decode=206.819 ms generation_decode=106.015 ms generation_total=106.34 ms program_total=928.877 ms
[svd-local-op-profile] up_ops=56 gate_ops=56 down_ops=56 up_total=97.043 ms gate_total=90.383 ms down_total=73.273 ms up_v=13.679 ms gate_v=13.846 ms down_v=59.838 ms up_u=83.356 ms gate_u=76.533 ms down_u=13.427 ms
[svd-local-stage-profile] attention_total=1.573 ms ffn_total=262.798 ms ffn_svd_total=260.699 ms ffn_svd_v=87.363 ms ffn_svd_u=173.316 ms
[svd-offload-zero-profile] up_finish=0 up_cache=0 up_no_request=27 gate_finish=0 gate_cache=0 gate_no_request=27 down_finish=0 down_cache=0 down_no_request=27 other_finish=0 other_cache=0 other_no_request=0
[svd-local-timeout-profile] up_keep=0 up_drop=0 up_wait=0.000 ms gate_keep=0 gate_drop=0 gate_wait=0.000 ms down_keep=0 down_drop=0 down_wait=0.000 ms other_keep=0 other_drop=0 other_wait=0.000 ms
[svd-offload-client] up_gate_req=0 down_req=0 other_mat_req=0 ffn_req=0 gate_cache_hits=0 gate_cache_checks=0 miss_invalid=0 miss_layer=0 miss_rank=0 miss_hash=0 miss_output=0 miss_data=0 send_up_gate=0.000 ms send_down=0.000 ms send_other=0.000 ms send_ffn=0.000 ms wait_up_gate=0.000 ms wait_down=0.000 ms wait_other=0.000 ms wait_ffn=0.000 ms
[svd-offload-client-stage-profile] rpc_send_total=0.000 ms rpc_wait_total=0.000 ms
[svd-offload-client-debug] finish_fail_up_gate=0 finish_fail_down=0 finish_fail_other=0 finish_fail_ffn=0 cache_take_fail_up=0 cache_take_fail_gate=0 recv_up_sum_abs=0.000000e+00 recv_up_max_abs=0.000000e+00 recv_up_zero=0 recv_gate_sum_abs=0.000000e+00 recv_gate_max_abs=0.000000e+00 recv_gate_zero=0 recv_down_sum_abs=0.000000e+00 recv_down_max_abs=0.000000e+00 recv_down_zero=0 recv_other_sum_abs=0.000000e+00 recv_other_max_abs=0.000000e+00 recv_other_zero=0 recv_ffn_sum_abs=0.000000e+00 recv_ffn_max_abs=0.000000e+00 recv_ffn_zero=0
SUCCEED (one forward pass done)"
2c_high,1,2,"60,61","80,100",baseline_no_svd,ok,,0,11.4954,86.9917,148.827,0.9940805435180664,True,11,",","llama_context: graph splits = 1
attach_threadpool: call
threads: decode=2 batch=2
prompt tokens: 4
running one forward pass (llama_decode) ...
Top-5 next-token candidates:
  id=11 logit=20.2053 piece="",""
  id=304 logit=18.9277 piece="" in""
  id=3837 logit=18.7558 piece=""，""
  id=1052 logit=18.5616 piece="" there""
  id=358 logit=17.8374 piece="" I""
Autoregressive generation:
Generated text: ,
Decode-only throughput: 11.4954 tokens/s (1 tokens in 0.0869917 s of llama_decode)
End-to-end throughput: 11.4538 tokens/s (1 tokens in 0.0873075 s)
[decode-stage-profile] model_load=541.292 ms context_create=56.4804 ms tokenize=0.444587 ms prefill_decode=148.827 ms generation_decode=86.9917 ms generation_total=87.3075 ms program_total=849.092 ms
[svd-local-op-profile] up_ops=56 gate_ops=56 down_ops=56 up_total=67.870 ms gate_total=64.422 ms down_total=56.663 ms up_v=9.802 ms gate_v=9.742 ms down_v=46.974 ms up_u=58.063 ms gate_u=54.679 ms down_u=9.677 ms
[svd-local-stage-profile] attention_total=1.479 ms ffn_total=190.875 ms ffn_svd_total=188.955 ms ffn_svd_v=66.518 ms ffn_svd_u=122.419 ms
[svd-offload-zero-profile] up_finish=0 up_cache=0 up_no_request=27 gate_finish=0 gate_cache=0 gate_no_request=27 down_finish=0 down_cache=0 down_no_request=27 other_finish=0 other_cache=0 other_no_request=0
[svd-local-timeout-profile] up_keep=0 up_drop=0 up_wait=0.000 ms gate_keep=0 gate_drop=0 gate_wait=0.000 ms down_keep=0 down_drop=0 down_wait=0.000 ms other_keep=0 other_drop=0 other_wait=0.000 ms
[svd-offload-client] up_gate_req=0 down_req=0 other_mat_req=0 ffn_req=0 gate_cache_hits=0 gate_cache_checks=0 miss_invalid=0 miss_layer=0 miss_rank=0 miss_hash=0 miss_output=0 miss_data=0 send_up_gate=0.000 ms send_down=0.000 ms send_other=0.000 ms send_ffn=0.000 ms wait_up_gate=0.000 ms wait_down=0.000 ms wait_other=0.000 ms wait_ffn=0.000 ms
[svd-offload-client-stage-profile] rpc_send_total=0.000 ms rpc_wait_total=0.000 ms
[svd-offload-client-debug] finish_fail_up_gate=0 finish_fail_down=0 finish_fail_other=0 finish_fail_ffn=0 cache_take_fail_up=0 cache_take_fail_gate=0 recv_up_sum_abs=0.000000e+00 recv_up_max_abs=0.000000e+00 recv_up_zero=0 recv_gate_sum_abs=0.000000e+00 recv_gate_max_abs=0.000000e+00 recv_gate_zero=0 recv_down_sum_abs=0.000000e+00 recv_down_max_abs=0.000000e+00 recv_down_zero=0 recv_other_sum_abs=0.000000e+00 recv_other_max_abs=0.000000e+00 recv_other_zero=0 recv_ffn_sum_abs=0.000000e+00 recv_ffn_max_abs=0.000000e+00 recv_ffn_zero=0
SUCCEED (one forward pass done)"
2c_high,1,2,"60,61","80,100",model_schedule,same_as_baseline_no_svd,baseline_no_svd,0,11.4954,86.9917,148.827,0.9940805435180664,True,11,",","llama_context: graph splits = 1
attach_threadpool: call
threads: decode=2 batch=2
prompt tokens: 4
running one forward pass (llama_decode) ...
Top-5 next-token candidates:
  id=11 logit=20.2053 piece="",""
  id=304 logit=18.9277 piece="" in""
  id=3837 logit=18.7558 piece=""，""
  id=1052 logit=18.5616 piece="" there""
  id=358 logit=17.8374 piece="" I""
Autoregressive generation:
Generated text: ,
Decode-only throughput: 11.4954 tokens/s (1 tokens in 0.0869917 s of llama_decode)
End-to-end throughput: 11.4538 tokens/s (1 tokens in 0.0873075 s)
[decode-stage-profile] model_load=541.292 ms context_create=56.4804 ms tokenize=0.444587 ms prefill_decode=148.827 ms generation_decode=86.9917 ms generation_total=87.3075 ms program_total=849.092 ms
[svd-local-op-profile] up_ops=56 gate_ops=56 down_ops=56 up_total=67.870 ms gate_total=64.422 ms down_total=56.663 ms up_v=9.802 ms gate_v=9.742 ms down_v=46.974 ms up_u=58.063 ms gate_u=54.679 ms down_u=9.677 ms
[svd-local-stage-profile] attention_total=1.479 ms ffn_total=190.875 ms ffn_svd_total=188.955 ms ffn_svd_v=66.518 ms ffn_svd_u=122.419 ms
[svd-offload-zero-profile] up_finish=0 up_cache=0 up_no_request=27 gate_finish=0 gate_cache=0 gate_no_request=27 down_finish=0 down_cache=0 down_no_request=27 other_finish=0 other_cache=0 other_no_request=0
[svd-local-timeout-profile] up_keep=0 up_drop=0 up_wait=0.000 ms gate_keep=0 gate_drop=0 gate_wait=0.000 ms down_keep=0 down_drop=0 down_wait=0.000 ms other_keep=0 other_drop=0 other_wait=0.000 ms
[svd-offload-client] up_gate_req=0 down_req=0 other_mat_req=0 ffn_req=0 gate_cache_hits=0 gate_cache_checks=0 miss_invalid=0 miss_layer=0 miss_rank=0 miss_hash=0 miss_output=0 miss_data=0 send_up_gate=0.000 ms send_down=0.000 ms send_other=0.000 ms send_ffn=0.000 ms wait_up_gate=0.000 ms wait_down=0.000 ms wait_other=0.000 ms wait_ffn=0.000 ms
[svd-offload-client-stage-profile] rpc_send_total=0.000 ms rpc_wait_total=0.000 ms
[svd-offload-client-debug] finish_fail_up_gate=0 finish_fail_down=0 finish_fail_other=0 finish_fail_ffn=0 cache_take_fail_up=0 cache_take_fail_gate=0 recv_up_sum_abs=0.000000e+00 recv_up_max_abs=0.000000e+00 recv_up_zero=0 recv_gate_sum_abs=0.000000e+00 recv_gate_max_abs=0.000000e+00 recv_gate_zero=0 recv_down_sum_abs=0.000000e+00 recv_down_max_abs=0.000000e+00 recv_down_zero=0 recv_other_sum_abs=0.000000e+00 recv_other_max_abs=0.000000e+00 recv_other_zero=0 recv_ffn_sum_abs=0.000000e+00 recv_ffn_max_abs=0.000000e+00 recv_ffn_zero=0
SUCCEED (one forward pass done)"
2c_high,2,2,"60,61","80,100",baseline_no_svd,ok,,0,11.8086,84.6837,147.905,0.7977206707000732,True,11,",","llama_context: graph splits = 1
attach_threadpool: call
threads: decode=2 batch=2
prompt tokens: 4
running one forward pass (llama_decode) ...
Top-5 next-token candidates:
  id=11 logit=20.2053 piece="",""
  id=304 logit=18.9277 piece="" in""
  id=3837 logit=18.7558 piece=""，""
  id=1052 logit=18.5616 piece="" there""
  id=358 logit=17.8374 piece="" I""
Autoregressive generation:
Generated text: ,
Decode-only throughput: 11.8086 tokens/s (1 tokens in 0.0846837 s of llama_decode)
End-to-end throughput: 11.7653 tokens/s (1 tokens in 0.0849955 s)
[decode-stage-profile] model_load=348.647 ms context_create=56.6936 ms tokenize=0.441394 ms prefill_decode=147.905 ms generation_decode=84.6837 ms generation_total=84.9955 ms program_total=652.266 ms
[svd-local-op-profile] up_ops=56 gate_ops=56 down_ops=56 up_total=68.834 ms gate_total=64.540 ms down_total=52.245 ms up_v=9.716 ms gate_v=9.752 ms down_v=42.514 ms up_u=59.112 ms gate_u=54.784 ms down_u=9.725 ms
[svd-local-stage-profile] attention_total=1.417 ms ffn_total=187.520 ms ffn_svd_total=185.619 ms ffn_svd_v=61.982 ms ffn_svd_u=123.621 ms
[svd-offload-zero-profile] up_finish=0 up_cache=0 up_no_request=27 gate_finish=0 gate_cache=0 gate_no_request=27 down_finish=0 down_cache=0 down_no_request=27 other_finish=0 other_cache=0 other_no_request=0
[svd-local-timeout-profile] up_keep=0 up_drop=0 up_wait=0.000 ms gate_keep=0 gate_drop=0 gate_wait=0.000 ms down_keep=0 down_drop=0 down_wait=0.000 ms other_keep=0 other_drop=0 other_wait=0.000 ms
[svd-offload-client] up_gate_req=0 down_req=0 other_mat_req=0 ffn_req=0 gate_cache_hits=0 gate_cache_checks=0 miss_invalid=0 miss_layer=0 miss_rank=0 miss_hash=0 miss_output=0 miss_data=0 send_up_gate=0.000 ms send_down=0.000 ms send_other=0.000 ms send_ffn=0.000 ms wait_up_gate=0.000 ms wait_down=0.000 ms wait_other=0.000 ms wait_ffn=0.000 ms
[svd-offload-client-stage-profile] rpc_send_total=0.000 ms rpc_wait_total=0.000 ms
[svd-offload-client-debug] finish_fail_up_gate=0 finish_fail_down=0 finish_fail_other=0 finish_fail_ffn=0 cache_take_fail_up=0 cache_take_fail_gate=0 recv_up_sum_abs=0.000000e+00 recv_up_max_abs=0.000000e+00 recv_up_zero=0 recv_gate_sum_abs=0.000000e+00 recv_gate_max_abs=0.000000e+00 recv_gate_zero=0 recv_down_sum_abs=0.000000e+00 recv_down_max_abs=0.000000e+00 recv_down_zero=0 recv_other_sum_abs=0.000000e+00 recv_other_max_abs=0.000000e+00 recv_other_zero=0 recv_ffn_sum_abs=0.000000e+00 recv_ffn_max_abs=0.000000e+00 recv_ffn_zero=0
SUCCEED (one forward pass done)"
2c_high,2,2,"60,61","80,100",model_schedule,same_as_baseline_no_svd,baseline_no_svd,0,11.8086,84.6837,147.905,0.7977206707000732,True,11,",","llama_context: graph splits = 1
attach_threadpool: call
threads: decode=2 batch=2
prompt tokens: 4
running one forward pass (llama_decode) ...
Top-5 next-token candidates:
  id=11 logit=20.2053 piece="",""
  id=304 logit=18.9277 piece="" in""
  id=3837 logit=18.7558 piece=""，""
  id=1052 logit=18.5616 piece="" there""
  id=358 logit=17.8374 piece="" I""
Autoregressive generation:
Generated text: ,
Decode-only throughput: 11.8086 tokens/s (1 tokens in 0.0846837 s of llama_decode)
End-to-end throughput: 11.7653 tokens/s (1 tokens in 0.0849955 s)
[decode-stage-profile] model_load=348.647 ms context_create=56.6936 ms tokenize=0.441394 ms prefill_decode=147.905 ms generation_decode=84.6837 ms generation_total=84.9955 ms program_total=652.266 ms
[svd-local-op-profile] up_ops=56 gate_ops=56 down_ops=56 up_total=68.834 ms gate_total=64.540 ms down_total=52.245 ms up_v=9.716 ms gate_v=9.752 ms down_v=42.514 ms up_u=59.112 ms gate_u=54.784 ms down_u=9.725 ms
[svd-local-stage-profile] attention_total=1.417 ms ffn_total=187.520 ms ffn_svd_total=185.619 ms ffn_svd_v=61.982 ms ffn_svd_u=123.621 ms
[svd-offload-zero-profile] up_finish=0 up_cache=0 up_no_request=27 gate_finish=0 gate_cache=0 gate_no_request=27 down_finish=0 down_cache=0 down_no_request=27 other_finish=0 other_cache=0 other_no_request=0
[svd-local-timeout-profile] up_keep=0 up_drop=0 up_wait=0.000 ms gate_keep=0 gate_drop=0 gate_wait=0.000 ms down_keep=0 down_drop=0 down_wait=0.000 ms other_keep=0 other_drop=0 other_wait=0.000 ms
[svd-offload-client] up_gate_req=0 down_req=0 other_mat_req=0 ffn_req=0 gate_cache_hits=0 gate_cache_checks=0 miss_invalid=0 miss_layer=0 miss_rank=0 miss_hash=0 miss_output=0 miss_data=0 send_up_gate=0.000 ms send_down=0.000 ms send_other=0.000 ms send_ffn=0.000 ms wait_up_gate=0.000 ms wait_down=0.000 ms wait_other=0.000 ms wait_ffn=0.000 ms
[svd-offload-client-stage-profile] rpc_send_total=0.000 ms rpc_wait_total=0.000 ms
[svd-offload-client-debug] finish_fail_up_gate=0 finish_fail_down=0 finish_fail_other=0 finish_fail_ffn=0 cache_take_fail_up=0 cache_take_fail_gate=0 recv_up_sum_abs=0.000000e+00 recv_up_max_abs=0.000000e+00 recv_up_zero=0 recv_gate_sum_abs=0.000000e+00 recv_gate_max_abs=0.000000e+00 recv_gate_zero=0 recv_down_sum_abs=0.000000e+00 recv_down_max_abs=0.000000e+00 recv_down_zero=0 recv_other_sum_abs=0.000000e+00 recv_other_max_abs=0.000000e+00 recv_other_zero=0 recv_ffn_sum_abs=0.000000e+00 recv_ffn_max_abs=0.000000e+00 recv_ffn_zero=0
SUCCEED (one forward pass done)"
4c_balanced_high,0,4,"60,61,62,63","20,40,60,80",baseline_no_svd,ok,,0,16.4392,60.8301,640.976,1.4430084228515625,True,11,",","llama_context: graph splits = 1
attach_threadpool: call
threads: decode=4 batch=4
prompt tokens: 4
running one forward pass (llama_decode) ...
Top-5 next-token candidates:
  id=11 logit=20.2053 piece="",""
  id=304 logit=18.9277 piece="" in""
  id=3837 logit=18.7558 piece=""，""
  id=1052 logit=18.5616 piece="" there""
  id=358 logit=17.8374 piece="" I""
Autoregressive generation:
Generated text: ,
Decode-only throughput: 16.4392 tokens/s (1 tokens in 0.0608301 s of llama_decode)
End-to-end throughput: 16.343 tokens/s (1 tokens in 0.0611883 s)
[decode-stage-profile] model_load=477.728 ms context_create=57.5615 ms tokenize=0.444667 ms prefill_decode=640.976 ms generation_decode=60.8301 ms generation_total=61.1883 ms program_total=1253.05 ms
[svd-local-op-profile] up_ops=56 gate_ops=56 down_ops=56 up_total=66.531 ms gate_total=68.363 ms down_total=62.931 ms up_v=16.009 ms gate_v=14.417 ms down_v=37.408 ms up_u=50.518 ms gate_u=53.938 ms down_u=25.521 ms
[svd-local-stage-profile] attention_total=104.654 ms ffn_total=234.315 ms ffn_svd_total=197.825 ms ffn_svd_v=67.834 ms ffn_svd_u=129.977 ms
[svd-offload-zero-profile] up_finish=0 up_cache=0 up_no_request=27 gate_finish=0 gate_cache=0 gate_no_request=27 down_finish=0 down_cache=0 down_no_request=27 other_finish=0 other_cache=0 other_no_request=0
[svd-local-timeout-profile] up_keep=0 up_drop=0 up_wait=0.000 ms gate_keep=0 gate_drop=0 gate_wait=0.000 ms down_keep=0 down_drop=0 down_wait=0.000 ms other_keep=0 other_drop=0 other_wait=0.000 ms
[svd-offload-client] up_gate_req=0 down_req=0 other_mat_req=0 ffn_req=0 gate_cache_hits=0 gate_cache_checks=0 miss_invalid=0 miss_layer=0 miss_rank=0 miss_hash=0 miss_output=0 miss_data=0 send_up_gate=0.000 ms send_down=0.000 ms send_other=0.000 ms send_ffn=0.000 ms wait_up_gate=0.000 ms wait_down=0.000 ms wait_other=0.000 ms wait_ffn=0.000 ms
[svd-offload-client-stage-profile] rpc_send_total=0.000 ms rpc_wait_total=0.000 ms
[svd-offload-client-debug] finish_fail_up_gate=0 finish_fail_down=0 finish_fail_other=0 finish_fail_ffn=0 cache_take_fail_up=0 cache_take_fail_gate=0 recv_up_sum_abs=0.000000e+00 recv_up_max_abs=0.000000e+00 recv_up_zero=0 recv_gate_sum_abs=0.000000e+00 recv_gate_max_abs=0.000000e+00 recv_gate_zero=0 recv_down_sum_abs=0.000000e+00 recv_down_max_abs=0.000000e+00 recv_down_zero=0 recv_other_sum_abs=0.000000e+00 recv_other_max_abs=0.000000e+00 recv_other_zero=0 recv_ffn_sum_abs=0.000000e+00 recv_ffn_max_abs=0.000000e+00 recv_ffn_zero=0
SUCCEED (one forward pass done)"
4c_balanced_high,0,4,"60,61,62,63","20,40,60,80",model_schedule,same_as_baseline_no_svd,baseline_no_svd,0,16.4392,60.8301,640.976,1.4430084228515625,True,11,",","llama_context: graph splits = 1
attach_threadpool: call
threads: decode=4 batch=4
prompt tokens: 4
running one forward pass (llama_decode) ...
Top-5 next-token candidates:
  id=11 logit=20.2053 piece="",""
  id=304 logit=18.9277 piece="" in""
  id=3837 logit=18.7558 piece=""，""
  id=1052 logit=18.5616 piece="" there""
  id=358 logit=17.8374 piece="" I""
Autoregressive generation:
Generated text: ,
Decode-only throughput: 16.4392 tokens/s (1 tokens in 0.0608301 s of llama_decode)
End-to-end throughput: 16.343 tokens/s (1 tokens in 0.0611883 s)
[decode-stage-profile] model_load=477.728 ms context_create=57.5615 ms tokenize=0.444667 ms prefill_decode=640.976 ms generation_decode=60.8301 ms generation_total=61.1883 ms program_total=1253.05 ms
[svd-local-op-profile] up_ops=56 gate_ops=56 down_ops=56 up_total=66.531 ms gate_total=68.363 ms down_total=62.931 ms up_v=16.009 ms gate_v=14.417 ms down_v=37.408 ms up_u=50.518 ms gate_u=53.938 ms down_u=25.521 ms
[svd-local-stage-profile] attention_total=104.654 ms ffn_total=234.315 ms ffn_svd_total=197.825 ms ffn_svd_v=67.834 ms ffn_svd_u=129.977 ms
[svd-offload-zero-profile] up_finish=0 up_cache=0 up_no_request=27 gate_finish=0 gate_cache=0 gate_no_request=27 down_finish=0 down_cache=0 down_no_request=27 other_finish=0 other_cache=0 other_no_request=0
[svd-local-timeout-profile] up_keep=0 up_drop=0 up_wait=0.000 ms gate_keep=0 gate_drop=0 gate_wait=0.000 ms down_keep=0 down_drop=0 down_wait=0.000 ms other_keep=0 other_drop=0 other_wait=0.000 ms
[svd-offload-client] up_gate_req=0 down_req=0 other_mat_req=0 ffn_req=0 gate_cache_hits=0 gate_cache_checks=0 miss_invalid=0 miss_layer=0 miss_rank=0 miss_hash=0 miss_output=0 miss_data=0 send_up_gate=0.000 ms send_down=0.000 ms send_other=0.000 ms send_ffn=0.000 ms wait_up_gate=0.000 ms wait_down=0.000 ms wait_other=0.000 ms wait_ffn=0.000 ms
[svd-offload-client-stage-profile] rpc_send_total=0.000 ms rpc_wait_total=0.000 ms
[svd-offload-client-debug] finish_fail_up_gate=0 finish_fail_down=0 finish_fail_other=0 finish_fail_ffn=0 cache_take_fail_up=0 cache_take_fail_gate=0 recv_up_sum_abs=0.000000e+00 recv_up_max_abs=0.000000e+00 recv_up_zero=0 recv_gate_sum_abs=0.000000e+00 recv_gate_max_abs=0.000000e+00 recv_gate_zero=0 recv_down_sum_abs=0.000000e+00 recv_down_max_abs=0.000000e+00 recv_down_zero=0 recv_other_sum_abs=0.000000e+00 recv_other_max_abs=0.000000e+00 recv_other_zero=0 recv_ffn_sum_abs=0.000000e+00 recv_ffn_max_abs=0.000000e+00 recv_ffn_zero=0
SUCCEED (one forward pass done)"
4c_balanced_high,1,4,"60,61,62,63","20,40,60,80",baseline_no_svd,ok,,0,17.831,56.0821,118.574,0.8098156452178955,True,11,",","llama_context: graph splits = 1
attach_threadpool: call
threads: decode=4 batch=4
prompt tokens: 4
running one forward pass (llama_decode) ...
Top-5 next-token candidates:
  id=11 logit=20.2053 piece="",""
  id=304 logit=18.9277 piece="" in""
  id=3837 logit=18.7558 piece=""，""
  id=1052 logit=18.5616 piece="" there""
  id=358 logit=17.8374 piece="" I""
Autoregressive generation:
Generated text: ,
Decode-only throughput: 17.831 tokens/s (1 tokens in 0.0560821 s of llama_decode)
End-to-end throughput: 17.7336 tokens/s (1 tokens in 0.05639 s)
[decode-stage-profile] model_load=426.183 ms context_create=55.6787 ms tokenize=0.47305 ms prefill_decode=118.574 ms generation_decode=56.0821 ms generation_total=56.39 ms program_total=669.957 ms
[svd-local-op-profile] up_ops=56 gate_ops=56 down_ops=56 up_total=47.143 ms gate_total=51.454 ms down_total=38.029 ms up_v=7.538 ms gate_v=7.312 ms down_v=30.594 ms up_u=39.603 ms gate_u=44.138 ms down_u=7.430 ms
[svd-local-stage-profile] attention_total=1.316 ms ffn_total=137.911 ms ffn_svd_total=136.626 ms ffn_svd_v=45.444 ms ffn_svd_u=91.171 ms
[svd-offload-zero-profile] up_finish=0 up_cache=0 up_no_request=27 gate_finish=0 gate_cache=0 gate_no_request=27 down_finish=0 down_cache=0 down_no_request=27 other_finish=0 other_cache=0 other_no_request=0
[svd-local-timeout-profile] up_keep=0 up_drop=0 up_wait=0.000 ms gate_keep=0 gate_drop=0 gate_wait=0.000 ms down_keep=0 down_drop=0 down_wait=0.000 ms other_keep=0 other_drop=0 other_wait=0.000 ms
[svd-offload-client] up_gate_req=0 down_req=0 other_mat_req=0 ffn_req=0 gate_cache_hits=0 gate_cache_checks=0 miss_invalid=0 miss_layer=0 miss_rank=0 miss_hash=0 miss_output=0 miss_data=0 send_up_gate=0.000 ms send_down=0.000 ms send_other=0.000 ms send_ffn=0.000 ms wait_up_gate=0.000 ms wait_down=0.000 ms wait_other=0.000 ms wait_ffn=0.000 ms
[svd-offload-client-stage-profile] rpc_send_total=0.000 ms rpc_wait_total=0.000 ms
[svd-offload-client-debug] finish_fail_up_gate=0 finish_fail_down=0 finish_fail_other=0 finish_fail_ffn=0 cache_take_fail_up=0 cache_take_fail_gate=0 recv_up_sum_abs=0.000000e+00 recv_up_max_abs=0.000000e+00 recv_up_zero=0 recv_gate_sum_abs=0.000000e+00 recv_gate_max_abs=0.000000e+00 recv_gate_zero=0 recv_down_sum_abs=0.000000e+00 recv_down_max_abs=0.000000e+00 recv_down_zero=0 recv_other_sum_abs=0.000000e+00 recv_other_max_abs=0.000000e+00 recv_other_zero=0 recv_ffn_sum_abs=0.000000e+00 recv_ffn_max_abs=0.000000e+00 recv_ffn_zero=0
SUCCEED (one forward pass done)"
4c_balanced_high,1,4,"60,61,62,63","20,40,60,80",model_schedule,same_as_baseline_no_svd,baseline_no_svd,0,17.831,56.0821,118.574,0.8098156452178955,True,11,",","llama_context: graph splits = 1
attach_threadpool: call
threads: decode=4 batch=4
prompt tokens: 4
running one forward pass (llama_decode) ...
Top-5 next-token candidates:
  id=11 logit=20.2053 piece="",""
  id=304 logit=18.9277 piece="" in""
  id=3837 logit=18.7558 piece=""，""
  id=1052 logit=18.5616 piece="" there""
  id=358 logit=17.8374 piece="" I""
Autoregressive generation:
Generated text: ,
Decode-only throughput: 17.831 tokens/s (1 tokens in 0.0560821 s of llama_decode)
End-to-end throughput: 17.7336 tokens/s (1 tokens in 0.05639 s)
[decode-stage-profile] model_load=426.183 ms context_create=55.6787 ms tokenize=0.47305 ms prefill_decode=118.574 ms generation_decode=56.0821 ms generation_total=56.39 ms program_total=669.957 ms
[svd-local-op-profile] up_ops=56 gate_ops=56 down_ops=56 up_total=47.143 ms gate_total=51.454 ms down_total=38.029 ms up_v=7.538 ms gate_v=7.312 ms down_v=30.594 ms up_u=39.603 ms gate_u=44.138 ms down_u=7.430 ms
[svd-local-stage-profile] attention_total=1.316 ms ffn_total=137.911 ms ffn_svd_total=136.626 ms ffn_svd_v=45.444 ms ffn_svd_u=91.171 ms
[svd-offload-zero-profile] up_finish=0 up_cache=0 up_no_request=27 gate_finish=0 gate_cache=0 gate_no_request=27 down_finish=0 down_cache=0 down_no_request=27 other_finish=0 other_cache=0 other_no_request=0
[svd-local-timeout-profile] up_keep=0 up_drop=0 up_wait=0.000 ms gate_keep=0 gate_drop=0 gate_wait=0.000 ms down_keep=0 down_drop=0 down_wait=0.000 ms other_keep=0 other_drop=0 other_wait=0.000 ms
[svd-offload-client] up_gate_req=0 down_req=0 other_mat_req=0 ffn_req=0 gate_cache_hits=0 gate_cache_checks=0 miss_invalid=0 miss_layer=0 miss_rank=0 miss_hash=0 miss_output=0 miss_data=0 send_up_gate=0.000 ms send_down=0.000 ms send_other=0.000 ms send_ffn=0.000 ms wait_up_gate=0.000 ms wait_down=0.000 ms wait_other=0.000 ms wait_ffn=0.000 ms
[svd-offload-client-stage-profile] rpc_send_total=0.000 ms rpc_wait_total=0.000 ms
[svd-offload-client-debug] finish_fail_up_gate=0 finish_fail_down=0 finish_fail_other=0 finish_fail_ffn=0 cache_take_fail_up=0 cache_take_fail_gate=0 recv_up_sum_abs=0.000000e+00 recv_up_max_abs=0.000000e+00 recv_up_zero=0 recv_gate_sum_abs=0.000000e+00 recv_gate_max_abs=0.000000e+00 recv_gate_zero=0 recv_down_sum_abs=0.000000e+00 recv_down_max_abs=0.000000e+00 recv_down_zero=0 recv_other_sum_abs=0.000000e+00 recv_other_max_abs=0.000000e+00 recv_other_zero=0 recv_ffn_sum_abs=0.000000e+00 recv_ffn_max_abs=0.000000e+00 recv_ffn_zero=0
SUCCEED (one forward pass done)"
4c_balanced_high,2,4,"60,61,62,63","20,40,60,80",baseline_no_svd,ok,,0,16.3565,61.1379,461.905,1.187882423400879,True,11,",","llama_context: graph splits = 1
attach_threadpool: call
threads: decode=4 batch=4
prompt tokens: 4
running one forward pass (llama_decode) ...
Top-5 next-token candidates:
  id=11 logit=20.2053 piece="",""
  id=304 logit=18.9277 piece="" in""
  id=3837 logit=18.7558 piece=""，""
  id=1052 logit=18.5616 piece="" there""
  id=358 logit=17.8374 piece="" I""
Autoregressive generation:
Generated text: ,
Decode-only throughput: 16.3565 tokens/s (1 tokens in 0.0611379 s of llama_decode)
End-to-end throughput: 16.267 tokens/s (1 tokens in 0.061474 s)
[decode-stage-profile] model_load=469.677 ms context_create=50.4181 ms tokenize=0.44352 ms prefill_decode=461.905 ms generation_decode=61.1379 ms generation_total=61.474 ms program_total=1055.43 ms
[svd-local-op-profile] up_ops=56 gate_ops=56 down_ops=56 up_total=46.922 ms gate_total=48.356 ms down_total=51.816 ms up_v=7.452 ms gate_v=7.265 ms down_v=30.825 ms up_u=39.462 ms gate_u=41.083 ms down_u=20.988 ms
[svd-local-stage-profile] attention_total=107.511 ms ffn_total=155.441 ms ffn_svd_total=147.094 ms ffn_svd_v=45.542 ms ffn_svd_u=101.533 ms
[svd-offload-zero-profile] up_finish=0 up_cache=0 up_no_request=27 gate_finish=0 gate_cache=0 gate_no_request=27 down_finish=0 down_cache=0 down_no_request=27 other_finish=0 other_cache=0 other_no_request=0
[svd-local-timeout-profile] up_keep=0 up_drop=0 up_wait=0.000 ms gate_keep=0 gate_drop=0 gate_wait=0.000 ms down_keep=0 down_drop=0 down_wait=0.000 ms other_keep=0 other_drop=0 other_wait=0.000 ms
[svd-offload-client] up_gate_req=0 down_req=0 other_mat_req=0 ffn_req=0 gate_cache_hits=0 gate_cache_checks=0 miss_invalid=0 miss_layer=0 miss_rank=0 miss_hash=0 miss_output=0 miss_data=0 send_up_gate=0.000 ms send_down=0.000 ms send_other=0.000 ms send_ffn=0.000 ms wait_up_gate=0.000 ms wait_down=0.000 ms wait_other=0.000 ms wait_ffn=0.000 ms
[svd-offload-client-stage-profile] rpc_send_total=0.000 ms rpc_wait_total=0.000 ms
[svd-offload-client-debug] finish_fail_up_gate=0 finish_fail_down=0 finish_fail_other=0 finish_fail_ffn=0 cache_take_fail_up=0 cache_take_fail_gate=0 recv_up_sum_abs=0.000000e+00 recv_up_max_abs=0.000000e+00 recv_up_zero=0 recv_gate_sum_abs=0.000000e+00 recv_gate_max_abs=0.000000e+00 recv_gate_zero=0 recv_down_sum_abs=0.000000e+00 recv_down_max_abs=0.000000e+00 recv_down_zero=0 recv_other_sum_abs=0.000000e+00 recv_other_max_abs=0.000000e+00 recv_other_zero=0 recv_ffn_sum_abs=0.000000e+00 recv_ffn_max_abs=0.000000e+00 recv_ffn_zero=0
SUCCEED (one forward pass done)"
4c_balanced_high,2,4,"60,61,62,63","20,40,60,80",model_schedule,same_as_baseline_no_svd,baseline_no_svd,0,16.3565,61.1379,461.905,1.187882423400879,True,11,",","llama_context: graph splits = 1
attach_threadpool: call
threads: decode=4 batch=4
prompt tokens: 4
running one forward pass (llama_decode) ...
Top-5 next-token candidates:
  id=11 logit=20.2053 piece="",""
  id=304 logit=18.9277 piece="" in""
  id=3837 logit=18.7558 piece=""，""
  id=1052 logit=18.5616 piece="" there""
  id=358 logit=17.8374 piece="" I""
Autoregressive generation:
Generated text: ,
Decode-only throughput: 16.3565 tokens/s (1 tokens in 0.0611379 s of llama_decode)
End-to-end throughput: 16.267 tokens/s (1 tokens in 0.061474 s)
[decode-stage-profile] model_load=469.677 ms context_create=50.4181 ms tokenize=0.44352 ms prefill_decode=461.905 ms generation_decode=61.1379 ms generation_total=61.474 ms program_total=1055.43 ms
[svd-local-op-profile] up_ops=56 gate_ops=56 down_ops=56 up_total=46.922 ms gate_total=48.356 ms down_total=51.816 ms up_v=7.452 ms gate_v=7.265 ms down_v=30.825 ms up_u=39.462 ms gate_u=41.083 ms down_u=20.988 ms
[svd-local-stage-profile] attention_total=107.511 ms ffn_total=155.441 ms ffn_svd_total=147.094 ms ffn_svd_v=45.542 ms ffn_svd_u=101.533 ms
[svd-offload-zero-profile] up_finish=0 up_cache=0 up_no_request=27 gate_finish=0 gate_cache=0 gate_no_request=27 down_finish=0 down_cache=0 down_no_request=27 other_finish=0 other_cache=0 other_no_request=0
[svd-local-timeout-profile] up_keep=0 up_drop=0 up_wait=0.000 ms gate_keep=0 gate_drop=0 gate_wait=0.000 ms down_keep=0 down_drop=0 down_wait=0.000 ms other_keep=0 other_drop=0 other_wait=0.000 ms
[svd-offload-client] up_gate_req=0 down_req=0 other_mat_req=0 ffn_req=0 gate_cache_hits=0 gate_cache_checks=0 miss_invalid=0 miss_layer=0 miss_rank=0 miss_hash=0 miss_output=0 miss_data=0 send_up_gate=0.000 ms send_down=0.000 ms send_other=0.000 ms send_ffn=0.000 ms wait_up_gate=0.000 ms wait_down=0.000 ms wait_other=0.000 ms wait_ffn=0.000 ms
[svd-offload-client-stage-profile] rpc_send_total=0.000 ms rpc_wait_total=0.000 ms
[svd-offload-client-debug] finish_fail_up_gate=0 finish_fail_down=0 finish_fail_other=0 finish_fail_ffn=0 cache_take_fail_up=0 cache_take_fail_gate=0 recv_up_sum_abs=0.000000e+00 recv_up_max_abs=0.000000e+00 recv_up_zero=0 recv_gate_sum_abs=0.000000e+00 recv_gate_max_abs=0.000000e+00 recv_gate_zero=0 recv_down_sum_abs=0.000000e+00 recv_down_max_abs=0.000000e+00 recv_down_zero=0 recv_other_sum_abs=0.000000e+00 recv_other_max_abs=0.000000e+00 recv_other_zero=0 recv_ffn_sum_abs=0.000000e+00 recv_ffn_max_abs=0.000000e+00 recv_ffn_zero=0
SUCCEED (one forward pass done)"
4c_front_hot,0,4,"60,61,62,63","90,70,20,0",baseline_no_svd,ok,,0,6.22102,160.745,1002.84,1.9266600608825684,True,11,",","llama_context: graph splits = 1
attach_threadpool: call
threads: decode=4 batch=4
prompt tokens: 4
running one forward pass (llama_decode) ...
Top-5 next-token candidates:
  id=11 logit=20.2053 piece="",""
  id=304 logit=18.9277 piece="" in""
  id=3837 logit=18.7558 piece=""，""
  id=1052 logit=18.5616 piece="" there""
  id=358 logit=17.8374 piece="" I""
Autoregressive generation:
Generated text: ,
Decode-only throughput: 6.22102 tokens/s (1 tokens in 0.160745 s of llama_decode)
End-to-end throughput: 6.20797 tokens/s (1 tokens in 0.161083 s)
[decode-stage-profile] model_load=527.446 ms context_create=58.1258 ms tokenize=0.457926 ms prefill_decode=1002.84 ms generation_decode=160.745 ms generation_total=161.083 ms program_total=1766.98 ms
[svd-local-op-profile] up_ops=56 gate_ops=56 down_ops=56 up_total=109.127 ms gate_total=89.991 ms down_total=104.018 ms up_v=27.621 ms gate_v=19.832 ms down_v=47.536 ms up_u=81.505 ms gate_u=70.152 ms down_u=56.478 ms
[svd-local-stage-profile] attention_total=118.935 ms ffn_total=441.693 ms ffn_svd_total=303.136 ms ffn_svd_v=94.989 ms ffn_svd_u=208.135 ms
[svd-offload-zero-profile] up_finish=0 up_cache=0 up_no_request=27 gate_finish=0 gate_cache=0 gate_no_request=27 down_finish=0 down_cache=0 down_no_request=27 other_finish=0 other_cache=0 other_no_request=0
[svd-local-timeout-profile] up_keep=0 up_drop=0 up_wait=0.000 ms gate_keep=0 gate_drop=0 gate_wait=0.000 ms down_keep=0 down_drop=0 down_wait=0.000 ms other_keep=0 other_drop=0 other_wait=0.000 ms
[svd-offload-client] up_gate_req=0 down_req=0 other_mat_req=0 ffn_req=0 gate_cache_hits=0 gate_cache_checks=0 miss_invalid=0 miss_layer=0 miss_rank=0 miss_hash=0 miss_output=0 miss_data=0 send_up_gate=0.000 ms send_down=0.000 ms send_other=0.000 ms send_ffn=0.000 ms wait_up_gate=0.000 ms wait_down=0.000 ms wait_other=0.000 ms wait_ffn=0.000 ms
[svd-offload-client-stage-profile] rpc_send_total=0.000 ms rpc_wait_total=0.000 ms
[svd-offload-client-debug] finish_fail_up_gate=0 finish_fail_down=0 finish_fail_other=0 finish_fail_ffn=0 cache_take_fail_up=0 cache_take_fail_gate=0 recv_up_sum_abs=0.000000e+00 recv_up_max_abs=0.000000e+00 recv_up_zero=0 recv_gate_sum_abs=0.000000e+00 recv_gate_max_abs=0.000000e+00 recv_gate_zero=0 recv_down_sum_abs=0.000000e+00 recv_down_max_abs=0.000000e+00 recv_down_zero=0 recv_other_sum_abs=0.000000e+00 recv_other_max_abs=0.000000e+00 recv_other_zero=0 recv_ffn_sum_abs=0.000000e+00 recv_ffn_max_abs=0.000000e+00 recv_ffn_zero=0
SUCCEED (one forward pass done)"
4c_front_hot,0,4,"60,61,62,63","90,70,20,0",model_schedule,ok,major_only_no_svd,0,12.4338,80.4257,144.854,0.9088830947875977,True,11,",","llama_context: graph splits = 1
attach_threadpool: call
threads: decode=3 batch=3
prompt tokens: 4
running one forward pass (llama_decode) ...
Top-5 next-token candidates:
  id=11 logit=20.2053 piece="",""
  id=304 logit=18.9277 piece="" in""
  id=3837 logit=18.7558 piece=""，""
  id=1052 logit=18.5616 piece="" there""
  id=358 logit=17.8374 piece="" I""
Autoregressive generation:
Generated text: ,
Decode-only throughput: 12.4338 tokens/s (1 tokens in 0.0804257 s of llama_decode)
End-to-end throughput: 12.3823 tokens/s (1 tokens in 0.0807602 s)
[decode-stage-profile] model_load=423.545 ms context_create=56.7019 ms tokenize=0.473172 ms prefill_decode=144.854 ms generation_decode=80.4257 ms generation_total=80.7602 ms program_total=722.932 ms
[svd-local-op-profile] up_ops=56 gate_ops=56 down_ops=56 up_total=64.492 ms gate_total=63.435 ms down_total=52.521 ms up_v=9.461 ms gate_v=9.722 ms down_v=43.309 ms up_u=55.028 ms gate_u=53.710 ms down_u=9.205 ms
[svd-local-stage-profile] attention_total=1.542 ms ffn_total=182.494 ms ffn_svd_total=180.448 ms ffn_svd_v=62.492 ms ffn_svd_u=117.943 ms
[svd-offload-zero-profile] up_finish=0 up_cache=0 up_no_request=27 gate_finish=0 gate_cache=0 gate_no_request=27 down_finish=0 down_cache=0 down_no_request=27 other_finish=0 other_cache=0 other_no_request=0
[svd-local-timeout-profile] up_keep=0 up_drop=0 up_wait=0.000 ms gate_keep=0 gate_drop=0 gate_wait=0.000 ms down_keep=0 down_drop=0 down_wait=0.000 ms other_keep=0 other_drop=0 other_wait=0.000 ms
[svd-offload-client] up_gate_req=0 down_req=0 other_mat_req=0 ffn_req=0 gate_cache_hits=0 gate_cache_checks=0 miss_invalid=0 miss_layer=0 miss_rank=0 miss_hash=0 miss_output=0 miss_data=0 send_up_gate=0.000 ms send_down=0.000 ms send_other=0.000 ms send_ffn=0.000 ms wait_up_gate=0.000 ms wait_down=0.000 ms wait_other=0.000 ms wait_ffn=0.000 ms
[svd-offload-client-stage-profile] rpc_send_total=0.000 ms rpc_wait_total=0.000 ms
[svd-offload-client-debug] finish_fail_up_gate=0 finish_fail_down=0 finish_fail_other=0 finish_fail_ffn=0 cache_take_fail_up=0 cache_take_fail_gate=0 recv_up_sum_abs=0.000000e+00 recv_up_max_abs=0.000000e+00 recv_up_zero=0 recv_gate_sum_abs=0.000000e+00 recv_gate_max_abs=0.000000e+00 recv_gate_zero=0 recv_down_sum_abs=0.000000e+00 recv_down_max_abs=0.000000e+00 recv_down_zero=0 recv_other_sum_abs=0.000000e+00 recv_other_max_abs=0.000000e+00 recv_other_zero=0 recv_ffn_sum_abs=0.000000e+00 recv_ffn_max_abs=0.000000e+00 recv_ffn_zero=0
SUCCEED (one forward pass done)"
4c_front_hot,1,4,"60,61,62,63","90,70,20,0",baseline_no_svd,ok,,0,0.500604,1997.59,301.592,3.0027048587799072,True,11,",","llama_context: graph splits = 1
attach_threadpool: call
threads: decode=4 batch=4
prompt tokens: 4
running one forward pass (llama_decode) ...
Top-5 next-token candidates:
  id=11 logit=20.2053 piece="",""
  id=304 logit=18.9277 piece="" in""
  id=3837 logit=18.7558 piece=""，""
  id=1052 logit=18.5616 piece="" there""
  id=358 logit=17.8374 piece="" I""
Autoregressive generation:
Generated text: ,
Decode-only throughput: 0.500604 tokens/s (1 tokens in 1.99759 s of llama_decode)
End-to-end throughput: 0.500491 tokens/s (1 tokens in 1.99804 s)
[decode-stage-profile] model_load=428.117 ms context_create=57.5896 ms tokenize=0.468732 ms prefill_decode=301.592 ms generation_decode=1997.59 ms generation_total=1998.04 ms program_total=2803.45 ms
[svd-local-op-profile] up_ops=56 gate_ops=56 down_ops=56 up_total=149.165 ms gate_total=151.586 ms down_total=140.813 ms up_v=42.724 ms gate_v=42.266 ms down_v=70.926 ms up_u=106.436 ms gate_u=109.314 ms down_u=69.880 ms
[svd-local-stage-profile] attention_total=566.552 ms ffn_total=871.111 ms ffn_svd_total=441.564 ms ffn_svd_v=155.916 ms ffn_svd_u=285.630 ms
[svd-offload-zero-profile] up_finish=0 up_cache=0 up_no_request=27 gate_finish=0 gate_cache=0 gate_no_request=27 down_finish=0 down_cache=0 down_no_request=27 other_finish=0 other_cache=0 other_no_request=0
[svd-local-timeout-profile] up_keep=0 up_drop=0 up_wait=0.000 ms gate_keep=0 gate_drop=0 gate_wait=0.000 ms down_keep=0 down_drop=0 down_wait=0.000 ms other_keep=0 other_drop=0 other_wait=0.000 ms
[svd-offload-client] up_gate_req=0 down_req=0 other_mat_req=0 ffn_req=0 gate_cache_hits=0 gate_cache_checks=0 miss_invalid=0 miss_layer=0 miss_rank=0 miss_hash=0 miss_output=0 miss_data=0 send_up_gate=0.000 ms send_down=0.000 ms send_other=0.000 ms send_ffn=0.000 ms wait_up_gate=0.000 ms wait_down=0.000 ms wait_other=0.000 ms wait_ffn=0.000 ms
[svd-offload-client-stage-profile] rpc_send_total=0.000 ms rpc_wait_total=0.000 ms
[svd-offload-client-debug] finish_fail_up_gate=0 finish_fail_down=0 finish_fail_other=0 finish_fail_ffn=0 cache_take_fail_up=0 cache_take_fail_gate=0 recv_up_sum_abs=0.000000e+00 recv_up_max_abs=0.000000e+00 recv_up_zero=0 recv_gate_sum_abs=0.000000e+00 recv_gate_max_abs=0.000000e+00 recv_gate_zero=0 recv_down_sum_abs=0.000000e+00 recv_down_max_abs=0.000000e+00 recv_down_zero=0 recv_other_sum_abs=0.000000e+00 recv_other_max_abs=0.000000e+00 recv_other_zero=0 recv_ffn_sum_abs=0.000000e+00 recv_ffn_max_abs=0.000000e+00 recv_ffn_zero=0
SUCCEED (one forward pass done)"
4c_front_hot,1,4,"60,61,62,63","90,70,20,0",model_schedule,ok,major_only_no_svd,0,16.1694,61.8453,109.743,0.7336697578430176,True,11,",","llama_context: graph splits = 1
attach_threadpool: call
threads: decode=3 batch=3
prompt tokens: 4
running one forward pass (llama_decode) ...
Top-5 next-token candidates:
  id=11 logit=20.2053 piece="",""
  id=304 logit=18.9277 piece="" in""
  id=3837 logit=18.7558 piece=""，""
  id=1052 logit=18.5616 piece="" there""
  id=358 logit=17.8374 piece="" I""
Autoregressive generation:
Generated text: ,
Decode-only throughput: 16.1694 tokens/s (1 tokens in 0.0618452 s of llama_decode)
End-to-end throughput: 16.0848 tokens/s (1 tokens in 0.0621704 s)
[decode-stage-profile] model_load=363.285 ms context_create=43.3051 ms tokenize=0.445206 ms prefill_decode=109.743 ms generation_decode=61.8453 ms generation_total=62.1704 ms program_total=589.046 ms
[svd-local-op-profile] up_ops=56 gate_ops=56 down_ops=56 up_total=46.721 ms gate_total=51.378 ms down_total=37.165 ms up_v=7.657 ms gate_v=7.316 ms down_v=30.109 ms up_u=39.060 ms gate_u=44.055 ms down_u=7.053 ms
[svd-local-stage-profile] attention_total=1.276 ms ffn_total=137.200 ms ffn_svd_total=135.264 ms ffn_svd_v=45.082 ms ffn_svd_u=90.168 ms
[svd-offload-zero-profile] up_finish=0 up_cache=0 up_no_request=27 gate_finish=0 gate_cache=0 gate_no_request=27 down_finish=0 down_cache=0 down_no_request=27 other_finish=0 other_cache=0 other_no_request=0
[svd-local-timeout-profile] up_keep=0 up_drop=0 up_wait=0.000 ms gate_keep=0 gate_drop=0 gate_wait=0.000 ms down_keep=0 down_drop=0 down_wait=0.000 ms other_keep=0 other_drop=0 other_wait=0.000 ms
[svd-offload-client] up_gate_req=0 down_req=0 other_mat_req=0 ffn_req=0 gate_cache_hits=0 gate_cache_checks=0 miss_invalid=0 miss_layer=0 miss_rank=0 miss_hash=0 miss_output=0 miss_data=0 send_up_gate=0.000 ms send_down=0.000 ms send_other=0.000 ms send_ffn=0.000 ms wait_up_gate=0.000 ms wait_down=0.000 ms wait_other=0.000 ms wait_ffn=0.000 ms
[svd-offload-client-stage-profile] rpc_send_total=0.000 ms rpc_wait_total=0.000 ms
[svd-offload-client-debug] finish_fail_up_gate=0 finish_fail_down=0 finish_fail_other=0 finish_fail_ffn=0 cache_take_fail_up=0 cache_take_fail_gate=0 recv_up_sum_abs=0.000000e+00 recv_up_max_abs=0.000000e+00 recv_up_zero=0 recv_gate_sum_abs=0.000000e+00 recv_gate_max_abs=0.000000e+00 recv_gate_zero=0 recv_down_sum_abs=0.000000e+00 recv_down_max_abs=0.000000e+00 recv_down_zero=0 recv_other_sum_abs=0.000000e+00 recv_other_max_abs=0.000000e+00 recv_other_zero=0 recv_ffn_sum_abs=0.000000e+00 recv_ffn_max_abs=0.000000e+00 recv_ffn_zero=0
SUCCEED (one forward pass done)"
4c_front_hot,2,4,"60,61,62,63","90,70,20,0",baseline_no_svd,ok,,0,16.6693,59.9907,125.285,0.7981858253479004,True,11,",","llama_context: graph splits = 1
attach_threadpool: call
threads: decode=4 batch=4
prompt tokens: 4
running one forward pass (llama_decode) ...
Top-5 next-token candidates:
  id=11 logit=20.2053 piece="",""
  id=304 logit=18.9277 piece="" in""
  id=3837 logit=18.7558 piece=""，""
  id=1052 logit=18.5616 piece="" there""
  id=358 logit=17.8374 piece="" I""
Autoregressive generation:
Generated text: ,
Decode-only throughput: 16.6693 tokens/s (1 tokens in 0.0599907 s of llama_decode)
End-to-end throughput: 16.5786 tokens/s (1 tokens in 0.0603188 s)
[decode-stage-profile] model_load=371.784 ms context_create=58.8487 ms tokenize=0.44204 ms prefill_decode=125.285 ms generation_decode=59.9907 ms generation_total=60.3188 ms program_total=632.728 ms
[svd-local-op-profile] up_ops=56 gate_ops=56 down_ops=56 up_total=40.149 ms gate_total=45.404 ms down_total=32.926 ms up_v=6.473 ms gate_v=6.547 ms down_v=26.500 ms up_u=33.669 ms gate_u=38.851 ms down_u=6.422 ms
[svd-local-stage-profile] attention_total=13.298 ms ffn_total=120.183 ms ffn_svd_total=118.479 ms ffn_svd_v=39.520 ms ffn_svd_u=78.942 ms
[svd-offload-zero-profile] up_finish=0 up_cache=0 up_no_request=27 gate_finish=0 gate_cache=0 gate_no_request=27 down_finish=0 down_cache=0 down_no_request=27 other_finish=0 other_cache=0 other_no_request=0
[svd-local-timeout-profile] up_keep=0 up_drop=0 up_wait=0.000 ms gate_keep=0 gate_drop=0 gate_wait=0.000 ms down_keep=0 down_drop=0 down_wait=0.000 ms other_keep=0 other_drop=0 other_wait=0.000 ms
[svd-offload-client] up_gate_req=0 down_req=0 other_mat_req=0 ffn_req=0 gate_cache_hits=0 gate_cache_checks=0 miss_invalid=0 miss_layer=0 miss_rank=0 miss_hash=0 miss_output=0 miss_data=0 send_up_gate=0.000 ms send_down=0.000 ms send_other=0.000 ms send_ffn=0.000 ms wait_up_gate=0.000 ms wait_down=0.000 ms wait_other=0.000 ms wait_ffn=0.000 ms
[svd-offload-client-stage-profile] rpc_send_total=0.000 ms rpc_wait_total=0.000 ms
[svd-offload-client-debug] finish_fail_up_gate=0 finish_fail_down=0 finish_fail_other=0 finish_fail_ffn=0 cache_take_fail_up=0 cache_take_fail_gate=0 recv_up_sum_abs=0.000000e+00 recv_up_max_abs=0.000000e+00 recv_up_zero=0 recv_gate_sum_abs=0.000000e+00 recv_gate_max_abs=0.000000e+00 recv_gate_zero=0 recv_down_sum_abs=0.000000e+00 recv_down_max_abs=0.000000e+00 recv_down_zero=0 recv_other_sum_abs=0.000000e+00 recv_other_max_abs=0.000000e+00 recv_other_zero=0 recv_ffn_sum_abs=0.000000e+00 recv_ffn_max_abs=0.000000e+00 recv_ffn_zero=0
SUCCEED (one forward pass done)"
4c_front_hot,2,4,"60,61,62,63","90,70,20,0",model_schedule,runtime_fallback_to_baseline,major_only_no_svd,0,16.6693,59.9907,125.285,0.7981858253479004,True,11,",","llama_context: graph splits = 1
attach_threadpool: call
threads: decode=4 batch=4
prompt tokens: 4
running one forward pass (llama_decode) ...
Top-5 next-token candidates:
  id=11 logit=20.2053 piece="",""
  id=304 logit=18.9277 piece="" in""
  id=3837 logit=18.7558 piece=""，""
  id=1052 logit=18.5616 piece="" there""
  id=358 logit=17.8374 piece="" I""
Autoregressive generation:
Generated text: ,
Decode-only throughput: 16.6693 tokens/s (1 tokens in 0.0599907 s of llama_decode)
End-to-end throughput: 16.5786 tokens/s (1 tokens in 0.0603188 s)
[decode-stage-profile] model_load=371.784 ms context_create=58.8487 ms tokenize=0.44204 ms prefill_decode=125.285 ms generation_decode=59.9907 ms generation_total=60.3188 ms program_total=632.728 ms
[svd-local-op-profile] up_ops=56 gate_ops=56 down_ops=56 up_total=40.149 ms gate_total=45.404 ms down_total=32.926 ms up_v=6.473 ms gate_v=6.547 ms down_v=26.500 ms up_u=33.669 ms gate_u=38.851 ms down_u=6.422 ms
[svd-local-stage-profile] attention_total=13.298 ms ffn_total=120.183 ms ffn_svd_total=118.479 ms ffn_svd_v=39.520 ms ffn_svd_u=78.942 ms
[svd-offload-zero-profile] up_finish=0 up_cache=0 up_no_request=27 gate_finish=0 gate_cache=0 gate_no_request=27 down_finish=0 down_cache=0 down_no_request=27 other_finish=0 other_cache=0 other_no_request=0
[svd-local-timeout-profile] up_keep=0 up_drop=0 up_wait=0.000 ms gate_keep=0 gate_drop=0 gate_wait=0.000 ms down_keep=0 down_drop=0 down_wait=0.000 ms other_keep=0 other_drop=0 other_wait=0.000 ms
[svd-offload-client] up_gate_req=0 down_req=0 other_mat_req=0 ffn_req=0 gate_cache_hits=0 gate_cache_checks=0 miss_invalid=0 miss_layer=0 miss_rank=0 miss_hash=0 miss_output=0 miss_data=0 send_up_gate=0.000 ms send_down=0.000 ms send_other=0.000 ms send_ffn=0.000 ms wait_up_gate=0.000 ms wait_down=0.000 ms wait_other=0.000 ms wait_ffn=0.000 ms
[svd-offload-client-stage-profile] rpc_send_total=0.000 ms rpc_wait_total=0.000 ms
[svd-offload-client-debug] finish_fail_up_gate=0 finish_fail_down=0 finish_fail_other=0 finish_fail_ffn=0 cache_take_fail_up=0 cache_take_fail_gate=0 recv_up_sum_abs=0.000000e+00 recv_up_max_abs=0.000000e+00 recv_up_zero=0 recv_gate_sum_abs=0.000000e+00 recv_gate_max_abs=0.000000e+00 recv_gate_zero=0 recv_down_sum_abs=0.000000e+00 recv_down_max_abs=0.000000e+00 recv_down_zero=0 recv_other_sum_abs=0.000000e+00 recv_other_max_abs=0.000000e+00 recv_other_zero=0 recv_ffn_sum_abs=0.000000e+00 recv_ffn_max_abs=0.000000e+00 recv_ffn_zero=0
SUCCEED (one forward pass done)"
4c_gradient,0,4,"60,61,62,63","0,20,60,100",baseline_no_svd,ok,,0,16.9557,58.9774,3044.74,3.8515093326568604,True,11,",","llama_context: graph splits = 1
attach_threadpool: call
threads: decode=4 batch=4
prompt tokens: 4
running one forward pass (llama_decode) ...
Top-5 next-token candidates:
  id=11 logit=20.2053 piece="",""
  id=304 logit=18.9277 piece="" in""
  id=3837 logit=18.7558 piece=""，""
  id=1052 logit=18.5616 piece="" there""
  id=358 logit=17.8374 piece="" I""
Autoregressive generation:
Generated text: ,
Decode-only throughput: 16.9557 tokens/s (1 tokens in 0.0589774 s of llama_decode)
End-to-end throughput: 16.842 tokens/s (1 tokens in 0.0593754 s)
[decode-stage-profile] model_load=512.509 ms context_create=68.0099 ms tokenize=0.917304 ms prefill_decode=3044.74 ms generation_decode=58.9774 ms generation_total=59.3754 ms program_total=3700.71 ms
[svd-local-op-profile] up_ops=56 gate_ops=56 down_ops=56 up_total=196.628 ms gate_total=198.052 ms down_total=199.645 ms up_v=57.010 ms gate_v=59.854 ms down_v=87.301 ms up_u=139.613 ms gate_u=138.195 ms down_u=112.338 ms
[svd-local-stage-profile] attention_total=331.629 ms ffn_total=906.384 ms ffn_svd_total=594.325 ms ffn_svd_v=204.165 ms ffn_svd_u=390.146 ms
[svd-offload-zero-profile] up_finish=0 up_cache=0 up_no_request=27 gate_finish=0 gate_cache=0 gate_no_request=27 down_finish=0 down_cache=0 down_no_request=27 other_finish=0 other_cache=0 other_no_request=0
[svd-local-timeout-profile] up_keep=0 up_drop=0 up_wait=0.000 ms gate_keep=0 gate_drop=0 gate_wait=0.000 ms down_keep=0 down_drop=0 down_wait=0.000 ms other_keep=0 other_drop=0 other_wait=0.000 ms
[svd-offload-client] up_gate_req=0 down_req=0 other_mat_req=0 ffn_req=0 gate_cache_hits=0 gate_cache_checks=0 miss_invalid=0 miss_layer=0 miss_rank=0 miss_hash=0 miss_output=0 miss_data=0 send_up_gate=0.000 ms send_down=0.000 ms send_other=0.000 ms send_ffn=0.000 ms wait_up_gate=0.000 ms wait_down=0.000 ms wait_other=0.000 ms wait_ffn=0.000 ms
[svd-offload-client-stage-profile] rpc_send_total=0.000 ms rpc_wait_total=0.000 ms
[svd-offload-client-debug] finish_fail_up_gate=0 finish_fail_down=0 finish_fail_other=0 finish_fail_ffn=0 cache_take_fail_up=0 cache_take_fail_gate=0 recv_up_sum_abs=0.000000e+00 recv_up_max_abs=0.000000e+00 recv_up_zero=0 recv_gate_sum_abs=0.000000e+00 recv_gate_max_abs=0.000000e+00 recv_gate_zero=0 recv_down_sum_abs=0.000000e+00 recv_down_max_abs=0.000000e+00 recv_down_zero=0 recv_other_sum_abs=0.000000e+00 recv_other_max_abs=0.000000e+00 recv_other_zero=0 recv_ffn_sum_abs=0.000000e+00 recv_ffn_max_abs=0.000000e+00 recv_ffn_zero=0
SUCCEED (one forward pass done)"
4c_gradient,0,4,"60,61,62,63","0,20,60,100",model_schedule,same_as_baseline_no_svd,baseline_no_svd,0,16.9557,58.9774,3044.74,3.8515093326568604,True,11,",","llama_context: graph splits = 1
attach_threadpool: call
threads: decode=4 batch=4
prompt tokens: 4
running one forward pass (llama_decode) ...
Top-5 next-token candidates:
  id=11 logit=20.2053 piece="",""
  id=304 logit=18.9277 piece="" in""
  id=3837 logit=18.7558 piece=""，""
  id=1052 logit=18.5616 piece="" there""
  id=358 logit=17.8374 piece="" I""
Autoregressive generation:
Generated text: ,
Decode-only throughput: 16.9557 tokens/s (1 tokens in 0.0589774 s of llama_decode)
End-to-end throughput: 16.842 tokens/s (1 tokens in 0.0593754 s)
[decode-stage-profile] model_load=512.509 ms context_create=68.0099 ms tokenize=0.917304 ms prefill_decode=3044.74 ms generation_decode=58.9774 ms generation_total=59.3754 ms program_total=3700.71 ms
[svd-local-op-profile] up_ops=56 gate_ops=56 down_ops=56 up_total=196.628 ms gate_total=198.052 ms down_total=199.645 ms up_v=57.010 ms gate_v=59.854 ms down_v=87.301 ms up_u=139.613 ms gate_u=138.195 ms down_u=112.338 ms
[svd-local-stage-profile] attention_total=331.629 ms ffn_total=906.384 ms ffn_svd_total=594.325 ms ffn_svd_v=204.165 ms ffn_svd_u=390.146 ms
[svd-offload-zero-profile] up_finish=0 up_cache=0 up_no_request=27 gate_finish=0 gate_cache=0 gate_no_request=27 down_finish=0 down_cache=0 down_no_request=27 other_finish=0 other_cache=0 other_no_request=0
[svd-local-timeout-profile] up_keep=0 up_drop=0 up_wait=0.000 ms gate_keep=0 gate_drop=0 gate_wait=0.000 ms down_keep=0 down_drop=0 down_wait=0.000 ms other_keep=0 other_drop=0 other_wait=0.000 ms
[svd-offload-client] up_gate_req=0 down_req=0 other_mat_req=0 ffn_req=0 gate_cache_hits=0 gate_cache_checks=0 miss_invalid=0 miss_layer=0 miss_rank=0 miss_hash=0 miss_output=0 miss_data=0 send_up_gate=0.000 ms send_down=0.000 ms send_other=0.000 ms send_ffn=0.000 ms wait_up_gate=0.000 ms wait_down=0.000 ms wait_other=0.000 ms wait_ffn=0.000 ms
[svd-offload-client-stage-profile] rpc_send_total=0.000 ms rpc_wait_total=0.000 ms
[svd-offload-client-debug] finish_fail_up_gate=0 finish_fail_down=0 finish_fail_other=0 finish_fail_ffn=0 cache_take_fail_up=0 cache_take_fail_gate=0 recv_up_sum_abs=0.000000e+00 recv_up_max_abs=0.000000e+00 recv_up_zero=0 recv_gate_sum_abs=0.000000e+00 recv_gate_max_abs=0.000000e+00 recv_gate_zero=0 recv_down_sum_abs=0.000000e+00 recv_down_max_abs=0.000000e+00 recv_down_zero=0 recv_other_sum_abs=0.000000e+00 recv_other_max_abs=0.000000e+00 recv_other_zero=0 recv_ffn_sum_abs=0.000000e+00 recv_ffn_max_abs=0.000000e+00 recv_ffn_zero=0
SUCCEED (one forward pass done)"
4c_gradient,1,4,"60,61,62,63","0,20,60,100",baseline_no_svd,ok,,0,0.471156,2122.44,2159.43,4.873022556304932,True,11,",","llama_context: graph splits = 1
attach_threadpool: call
threads: decode=4 batch=4
prompt tokens: 4
running one forward pass (llama_decode) ...
Top-5 next-token candidates:
  id=11 logit=20.2053 piece="",""
  id=304 logit=18.9277 piece="" in""
  id=3837 logit=18.7558 piece=""，""
  id=1052 logit=18.5616 piece="" there""
  id=358 logit=17.8374 piece="" I""
Autoregressive generation:
Generated text: ,
Decode-only throughput: 0.471156 tokens/s (1 tokens in 2.12244 s of llama_decode)
End-to-end throughput: 0.47107 tokens/s (1 tokens in 2.12283 s)
[decode-stage-profile] model_load=371.216 ms context_create=56.4144 ms tokenize=0.869637 ms prefill_decode=2159.43 ms generation_decode=2122.44 ms generation_total=2122.83 ms program_total=4721.33 ms
[svd-local-op-profile] up_ops=56 gate_ops=56 down_ops=56 up_total=252.311 ms gate_total=266.666 ms down_total=249.839 ms up_v=74.965 ms gate_v=86.753 ms down_v=99.710 ms up_u=177.339 ms gate_u=179.907 ms down_u=150.116 ms
[svd-local-stage-profile] attention_total=808.960 ms ffn_total=1412.333 ms ffn_svd_total=768.816 ms ffn_svd_v=261.428 ms ffn_svd_u=507.362 ms
[svd-offload-zero-profile] up_finish=0 up_cache=0 up_no_request=27 gate_finish=0 gate_cache=0 gate_no_request=27 down_finish=0 down_cache=0 down_no_request=27 other_finish=0 other_cache=0 other_no_request=0
[svd-local-timeout-profile] up_keep=0 up_drop=0 up_wait=0.000 ms gate_keep=0 gate_drop=0 gate_wait=0.000 ms down_keep=0 down_drop=0 down_wait=0.000 ms other_keep=0 other_drop=0 other_wait=0.000 ms
[svd-offload-client] up_gate_req=0 down_req=0 other_mat_req=0 ffn_req=0 gate_cache_hits=0 gate_cache_checks=0 miss_invalid=0 miss_layer=0 miss_rank=0 miss_hash=0 miss_output=0 miss_data=0 send_up_gate=0.000 ms send_down=0.000 ms send_other=0.000 ms send_ffn=0.000 ms wait_up_gate=0.000 ms wait_down=0.000 ms wait_other=0.000 ms wait_ffn=0.000 ms
[svd-offload-client-stage-profile] rpc_send_total=0.000 ms rpc_wait_total=0.000 ms
[svd-offload-client-debug] finish_fail_up_gate=0 finish_fail_down=0 finish_fail_other=0 finish_fail_ffn=0 cache_take_fail_up=0 cache_take_fail_gate=0 recv_up_sum_abs=0.000000e+00 recv_up_max_abs=0.000000e+00 recv_up_zero=0 recv_gate_sum_abs=0.000000e+00 recv_gate_max_abs=0.000000e+00 recv_gate_zero=0 recv_down_sum_abs=0.000000e+00 recv_down_max_abs=0.000000e+00 recv_down_zero=0 recv_other_sum_abs=0.000000e+00 recv_other_max_abs=0.000000e+00 recv_other_zero=0 recv_ffn_sum_abs=0.000000e+00 recv_ffn_max_abs=0.000000e+00 recv_ffn_zero=0
SUCCEED (one forward pass done)"
4c_gradient,1,4,"60,61,62,63","0,20,60,100",model_schedule,same_as_baseline_no_svd,baseline_no_svd,0,0.471156,2122.44,2159.43,4.873022556304932,True,11,",","llama_context: graph splits = 1
attach_threadpool: call
threads: decode=4 batch=4
prompt tokens: 4
running one forward pass (llama_decode) ...
Top-5 next-token candidates:
  id=11 logit=20.2053 piece="",""
  id=304 logit=18.9277 piece="" in""
  id=3837 logit=18.7558 piece=""，""
  id=1052 logit=18.5616 piece="" there""
  id=358 logit=17.8374 piece="" I""
Autoregressive generation:
Generated text: ,
Decode-only throughput: 0.471156 tokens/s (1 tokens in 2.12244 s of llama_decode)
End-to-end throughput: 0.47107 tokens/s (1 tokens in 2.12283 s)
[decode-stage-profile] model_load=371.216 ms context_create=56.4144 ms tokenize=0.869637 ms prefill_decode=2159.43 ms generation_decode=2122.44 ms generation_total=2122.83 ms program_total=4721.33 ms
[svd-local-op-profile] up_ops=56 gate_ops=56 down_ops=56 up_total=252.311 ms gate_total=266.666 ms down_total=249.839 ms up_v=74.965 ms gate_v=86.753 ms down_v=99.710 ms up_u=177.339 ms gate_u=179.907 ms down_u=150.116 ms
[svd-local-stage-profile] attention_total=808.960 ms ffn_total=1412.333 ms ffn_svd_total=768.816 ms ffn_svd_v=261.428 ms ffn_svd_u=507.362 ms
[svd-offload-zero-profile] up_finish=0 up_cache=0 up_no_request=27 gate_finish=0 gate_cache=0 gate_no_request=27 down_finish=0 down_cache=0 down_no_request=27 other_finish=0 other_cache=0 other_no_request=0
[svd-local-timeout-profile] up_keep=0 up_drop=0 up_wait=0.000 ms gate_keep=0 gate_drop=0 gate_wait=0.000 ms down_keep=0 down_drop=0 down_wait=0.000 ms other_keep=0 other_drop=0 other_wait=0.000 ms
[svd-offload-client] up_gate_req=0 down_req=0 other_mat_req=0 ffn_req=0 gate_cache_hits=0 gate_cache_checks=0 miss_invalid=0 miss_layer=0 miss_rank=0 miss_hash=0 miss_output=0 miss_data=0 send_up_gate=0.000 ms send_down=0.000 ms send_other=0.000 ms send_ffn=0.000 ms wait_up_gate=0.000 ms wait_down=0.000 ms wait_other=0.000 ms wait_ffn=0.000 ms
[svd-offload-client-stage-profile] rpc_send_total=0.000 ms rpc_wait_total=0.000 ms
[svd-offload-client-debug] finish_fail_up_gate=0 finish_fail_down=0 finish_fail_other=0 finish_fail_ffn=0 cache_take_fail_up=0 cache_take_fail_gate=0 recv_up_sum_abs=0.000000e+00 recv_up_max_abs=0.000000e+00 recv_up_zero=0 recv_gate_sum_abs=0.000000e+00 recv_gate_max_abs=0.000000e+00 recv_gate_zero=0 recv_down_sum_abs=0.000000e+00 recv_down_max_abs=0.000000e+00 recv_down_zero=0 recv_other_sum_abs=0.000000e+00 recv_other_max_abs=0.000000e+00 recv_other_zero=0 recv_ffn_sum_abs=0.000000e+00 recv_ffn_max_abs=0.000000e+00 recv_ffn_zero=0
SUCCEED (one forward pass done)"
4c_gradient,2,4,"60,61,62,63","0,20,60,100",baseline_no_svd,ok,,0,15.9487,62.7011,3031.73,3.8579652309417725,True,11,",","llama_context: graph splits = 1
attach_threadpool: call
threads: decode=4 batch=4
prompt tokens: 4
running one forward pass (llama_decode) ...
Top-5 next-token candidates:
  id=11 logit=20.2053 piece="",""
  id=304 logit=18.9277 piece="" in""
  id=3837 logit=18.7558 piece=""，""
  id=1052 logit=18.5616 piece="" there""
  id=358 logit=17.8374 piece="" I""
Autoregressive generation:
Generated text: ,
Decode-only throughput: 15.9487 tokens/s (1 tokens in 0.0627011 s of llama_decode)
End-to-end throughput: 15.8651 tokens/s (1 tokens in 0.0630316 s)
[decode-stage-profile] model_load=533.588 ms context_create=69.1925 ms tokenize=0.869639 ms prefill_decode=3031.73 ms generation_decode=62.7011 ms generation_total=63.0316 ms program_total=3715.03 ms
[svd-local-op-profile] up_ops=56 gate_ops=56 down_ops=56 up_total=191.438 ms gate_total=189.934 ms down_total=183.590 ms up_v=56.159 ms gate_v=52.888 ms down_v=86.707 ms up_u=135.276 ms gate_u=137.041 ms down_u=96.879 ms
[svd-local-stage-profile] attention_total=359.984 ms ffn_total=822.149 ms ffn_svd_total=564.962 ms ffn_svd_v=195.754 ms ffn_svd_u=369.196 ms
[svd-offload-zero-profile] up_finish=0 up_cache=0 up_no_request=27 gate_finish=0 gate_cache=0 gate_no_request=27 down_finish=0 down_cache=0 down_no_request=27 other_finish=0 other_cache=0 other_no_request=0
[svd-local-timeout-profile] up_keep=0 up_drop=0 up_wait=0.000 ms gate_keep=0 gate_drop=0 gate_wait=0.000 ms down_keep=0 down_drop=0 down_wait=0.000 ms other_keep=0 other_drop=0 other_wait=0.000 ms
[svd-offload-client] up_gate_req=0 down_req=0 other_mat_req=0 ffn_req=0 gate_cache_hits=0 gate_cache_checks=0 miss_invalid=0 miss_layer=0 miss_rank=0 miss_hash=0 miss_output=0 miss_data=0 send_up_gate=0.000 ms send_down=0.000 ms send_other=0.000 ms send_ffn=0.000 ms wait_up_gate=0.000 ms wait_down=0.000 ms wait_other=0.000 ms wait_ffn=0.000 ms
[svd-offload-client-stage-profile] rpc_send_total=0.000 ms rpc_wait_total=0.000 ms
[svd-offload-client-debug] finish_fail_up_gate=0 finish_fail_down=0 finish_fail_other=0 finish_fail_ffn=0 cache_take_fail_up=0 cache_take_fail_gate=0 recv_up_sum_abs=0.000000e+00 recv_up_max_abs=0.000000e+00 recv_up_zero=0 recv_gate_sum_abs=0.000000e+00 recv_gate_max_abs=0.000000e+00 recv_gate_zero=0 recv_down_sum_abs=0.000000e+00 recv_down_max_abs=0.000000e+00 recv_down_zero=0 recv_other_sum_abs=0.000000e+00 recv_other_max_abs=0.000000e+00 recv_other_zero=0 recv_ffn_sum_abs=0.000000e+00 recv_ffn_max_abs=0.000000e+00 recv_ffn_zero=0
SUCCEED (one forward pass done)"
4c_gradient,2,4,"60,61,62,63","0,20,60,100",model_schedule,same_as_baseline_no_svd,baseline_no_svd,0,15.9487,62.7011,3031.73,3.8579652309417725,True,11,",","llama_context: graph splits = 1
attach_threadpool: call
threads: decode=4 batch=4
prompt tokens: 4
running one forward pass (llama_decode) ...
Top-5 next-token candidates:
  id=11 logit=20.2053 piece="",""
  id=304 logit=18.9277 piece="" in""
  id=3837 logit=18.7558 piece=""，""
  id=1052 logit=18.5616 piece="" there""
  id=358 logit=17.8374 piece="" I""
Autoregressive generation:
Generated text: ,
Decode-only throughput: 15.9487 tokens/s (1 tokens in 0.0627011 s of llama_decode)
End-to-end throughput: 15.8651 tokens/s (1 tokens in 0.0630316 s)
[decode-stage-profile] model_load=533.588 ms context_create=69.1925 ms tokenize=0.869639 ms prefill_decode=3031.73 ms generation_decode=62.7011 ms generation_total=63.0316 ms program_total=3715.03 ms
[svd-local-op-profile] up_ops=56 gate_ops=56 down_ops=56 up_total=191.438 ms gate_total=189.934 ms down_total=183.590 ms up_v=56.159 ms gate_v=52.888 ms down_v=86.707 ms up_u=135.276 ms gate_u=137.041 ms down_u=96.879 ms
[svd-local-stage-profile] attention_total=359.984 ms ffn_total=822.149 ms ffn_svd_total=564.962 ms ffn_svd_v=195.754 ms ffn_svd_u=369.196 ms
[svd-offload-zero-profile] up_finish=0 up_cache=0 up_no_request=27 gate_finish=0 gate_cache=0 gate_no_request=27 down_finish=0 down_cache=0 down_no_request=27 other_finish=0 other_cache=0 other_no_request=0
[svd-local-timeout-profile] up_keep=0 up_drop=0 up_wait=0.000 ms gate_keep=0 gate_drop=0 gate_wait=0.000 ms down_keep=0 down_drop=0 down_wait=0.000 ms other_keep=0 other_drop=0 other_wait=0.000 ms
[svd-offload-client] up_gate_req=0 down_req=0 other_mat_req=0 ffn_req=0 gate_cache_hits=0 gate_cache_checks=0 miss_invalid=0 miss_layer=0 miss_rank=0 miss_hash=0 miss_output=0 miss_data=0 send_up_gate=0.000 ms send_down=0.000 ms send_other=0.000 ms send_ffn=0.000 ms wait_up_gate=0.000 ms wait_down=0.000 ms wait_other=0.000 ms wait_ffn=0.000 ms
[svd-offload-client-stage-profile] rpc_send_total=0.000 ms rpc_wait_total=0.000 ms
[svd-offload-client-debug] finish_fail_up_gate=0 finish_fail_down=0 finish_fail_other=0 finish_fail_ffn=0 cache_take_fail_up=0 cache_take_fail_gate=0 recv_up_sum_abs=0.000000e+00 recv_up_max_abs=0.000000e+00 recv_up_zero=0 recv_gate_sum_abs=0.000000e+00 recv_gate_max_abs=0.000000e+00 recv_gate_zero=0 recv_down_sum_abs=0.000000e+00 recv_down_max_abs=0.000000e+00 recv_down_zero=0 recv_other_sum_abs=0.000000e+00 recv_other_max_abs=0.000000e+00 recv_other_zero=0 recv_ffn_sum_abs=0.000000e+00 recv_ffn_max_abs=0.000000e+00 recv_ffn_zero=0
SUCCEED (one forward pass done)"
4c_high,0,4,"60,61,62,63","70,80,90,100",baseline_no_svd,ok,,0,16.8356,59.3978,115.979,0.8482587337493896,True,11,",","llama_context: graph splits = 1
attach_threadpool: call
threads: decode=4 batch=4
prompt tokens: 4
running one forward pass (llama_decode) ...
Top-5 next-token candidates:
  id=11 logit=20.2053 piece="",""
  id=304 logit=18.9277 piece="" in""
  id=3837 logit=18.7558 piece=""，""
  id=1052 logit=18.5616 piece="" there""
  id=358 logit=17.8374 piece="" I""
Autoregressive generation:
Generated text: ,
Decode-only throughput: 16.8356 tokens/s (1 tokens in 0.0593978 s of llama_decode)
End-to-end throughput: 16.7395 tokens/s (1 tokens in 0.059739 s)
[decode-stage-profile] model_load=404.41 ms context_create=70.5586 ms tokenize=0.924225 ms prefill_decode=115.979 ms generation_decode=59.3978 ms generation_total=59.739 ms program_total=667.969 ms
[svd-local-op-profile] up_ops=56 gate_ops=56 down_ops=56 up_total=47.474 ms gate_total=52.350 ms down_total=38.293 ms up_v=7.474 ms gate_v=7.553 ms down_v=30.861 ms up_u=39.992 ms gate_u=44.793 ms down_u=7.427 ms
[svd-local-stage-profile] attention_total=4.844 ms ffn_total=139.493 ms ffn_svd_total=138.117 ms ffn_svd_v=45.888 ms ffn_svd_u=92.212 ms
[svd-offload-zero-profile] up_finish=0 up_cache=0 up_no_request=27 gate_finish=0 gate_cache=0 gate_no_request=27 down_finish=0 down_cache=0 down_no_request=27 other_finish=0 other_cache=0 other_no_request=0
[svd-local-timeout-profile] up_keep=0 up_drop=0 up_wait=0.000 ms gate_keep=0 gate_drop=0 gate_wait=0.000 ms down_keep=0 down_drop=0 down_wait=0.000 ms other_keep=0 other_drop=0 other_wait=0.000 ms
[svd-offload-client] up_gate_req=0 down_req=0 other_mat_req=0 ffn_req=0 gate_cache_hits=0 gate_cache_checks=0 miss_invalid=0 miss_layer=0 miss_rank=0 miss_hash=0 miss_output=0 miss_data=0 send_up_gate=0.000 ms send_down=0.000 ms send_other=0.000 ms send_ffn=0.000 ms wait_up_gate=0.000 ms wait_down=0.000 ms wait_other=0.000 ms wait_ffn=0.000 ms
[svd-offload-client-stage-profile] rpc_send_total=0.000 ms rpc_wait_total=0.000 ms
[svd-offload-client-debug] finish_fail_up_gate=0 finish_fail_down=0 finish_fail_other=0 finish_fail_ffn=0 cache_take_fail_up=0 cache_take_fail_gate=0 recv_up_sum_abs=0.000000e+00 recv_up_max_abs=0.000000e+00 recv_up_zero=0 recv_gate_sum_abs=0.000000e+00 recv_gate_max_abs=0.000000e+00 recv_gate_zero=0 recv_down_sum_abs=0.000000e+00 recv_down_max_abs=0.000000e+00 recv_down_zero=0 recv_other_sum_abs=0.000000e+00 recv_other_max_abs=0.000000e+00 recv_other_zero=0 recv_ffn_sum_abs=0.000000e+00 recv_ffn_max_abs=0.000000e+00 recv_ffn_zero=0
SUCCEED (one forward pass done)"
4c_high,0,4,"60,61,62,63","70,80,90,100",model_schedule,same_as_baseline_no_svd,baseline_no_svd,0,16.8356,59.3978,115.979,0.8482587337493896,True,11,",","llama_context: graph splits = 1
attach_threadpool: call
threads: decode=4 batch=4
prompt tokens: 4
running one forward pass (llama_decode) ...
Top-5 next-token candidates:
  id=11 logit=20.2053 piece="",""
  id=304 logit=18.9277 piece="" in""
  id=3837 logit=18.7558 piece=""，""
  id=1052 logit=18.5616 piece="" there""
  id=358 logit=17.8374 piece="" I""
Autoregressive generation:
Generated text: ,
Decode-only throughput: 16.8356 tokens/s (1 tokens in 0.0593978 s of llama_decode)
End-to-end throughput: 16.7395 tokens/s (1 tokens in 0.059739 s)
[decode-stage-profile] model_load=404.41 ms context_create=70.5586 ms tokenize=0.924225 ms prefill_decode=115.979 ms generation_decode=59.3978 ms generation_total=59.739 ms program_total=667.969 ms
[svd-local-op-profile] up_ops=56 gate_ops=56 down_ops=56 up_total=47.474 ms gate_total=52.350 ms down_total=38.293 ms up_v=7.474 ms gate_v=7.553 ms down_v=30.861 ms up_u=39.992 ms gate_u=44.793 ms down_u=7.427 ms
[svd-local-stage-profile] attention_total=4.844 ms ffn_total=139.493 ms ffn_svd_total=138.117 ms ffn_svd_v=45.888 ms ffn_svd_u=92.212 ms
[svd-offload-zero-profile] up_finish=0 up_cache=0 up_no_request=27 gate_finish=0 gate_cache=0 gate_no_request=27 down_finish=0 down_cache=0 down_no_request=27 other_finish=0 other_cache=0 other_no_request=0
[svd-local-timeout-profile] up_keep=0 up_drop=0 up_wait=0.000 ms gate_keep=0 gate_drop=0 gate_wait=0.000 ms down_keep=0 down_drop=0 down_wait=0.000 ms other_keep=0 other_drop=0 other_wait=0.000 ms
[svd-offload-client] up_gate_req=0 down_req=0 other_mat_req=0 ffn_req=0 gate_cache_hits=0 gate_cache_checks=0 miss_invalid=0 miss_layer=0 miss_rank=0 miss_hash=0 miss_output=0 miss_data=0 send_up_gate=0.000 ms send_down=0.000 ms send_other=0.000 ms send_ffn=0.000 ms wait_up_gate=0.000 ms wait_down=0.000 ms wait_other=0.000 ms wait_ffn=0.000 ms
[svd-offload-client-stage-profile] rpc_send_total=0.000 ms rpc_wait_total=0.000 ms
[svd-offload-client-debug] finish_fail_up_gate=0 finish_fail_down=0 finish_fail_other=0 finish_fail_ffn=0 cache_take_fail_up=0 cache_take_fail_gate=0 recv_up_sum_abs=0.000000e+00 recv_up_max_abs=0.000000e+00 recv_up_zero=0 recv_gate_sum_abs=0.000000e+00 recv_gate_max_abs=0.000000e+00 recv_gate_zero=0 recv_down_sum_abs=0.000000e+00 recv_down_max_abs=0.000000e+00 recv_down_zero=0 recv_other_sum_abs=0.000000e+00 recv_other_max_abs=0.000000e+00 recv_other_zero=0 recv_ffn_sum_abs=0.000000e+00 recv_ffn_max_abs=0.000000e+00 recv_ffn_zero=0
SUCCEED (one forward pass done)"
4c_high,1,4,"60,61,62,63","70,80,90,100",baseline_no_svd,ok,,0,16.8858,59.2213,120.635,0.8706057071685791,True,11,",","llama_context: graph splits = 1
attach_threadpool: call
threads: decode=4 batch=4
prompt tokens: 4
running one forward pass (llama_decode) ...
Top-5 next-token candidates:
  id=11 logit=20.2053 piece="",""
  id=304 logit=18.9277 piece="" in""
  id=3837 logit=18.7558 piece=""，""
  id=1052 logit=18.5616 piece="" there""
  id=358 logit=17.8374 piece="" I""
Autoregressive generation:
Generated text: ,
Decode-only throughput: 16.8858 tokens/s (1 tokens in 0.0592213 s of llama_decode)
End-to-end throughput: 16.7956 tokens/s (1 tokens in 0.0595394 s)
[decode-stage-profile] model_load=427.669 ms context_create=64.1378 ms tokenize=0.879722 ms prefill_decode=120.635 ms generation_decode=59.2213 ms generation_total=59.5394 ms program_total=688.777 ms
[svd-local-op-profile] up_ops=56 gate_ops=56 down_ops=56 up_total=51.398 ms gate_total=48.852 ms down_total=38.563 ms up_v=7.432 ms gate_v=7.618 ms down_v=31.104 ms up_u=43.958 ms gate_u=41.228 ms down_u=7.454 ms
[svd-local-stage-profile] attention_total=5.434 ms ffn_total=140.260 ms ffn_svd_total=138.813 ms ffn_svd_v=46.154 ms ffn_svd_u=92.640 ms
[svd-offload-zero-profile] up_finish=0 up_cache=0 up_no_request=27 gate_finish=0 gate_cache=0 gate_no_request=27 down_finish=0 down_cache=0 down_no_request=27 other_finish=0 other_cache=0 other_no_request=0
[svd-local-timeout-profile] up_keep=0 up_drop=0 up_wait=0.000 ms gate_keep=0 gate_drop=0 gate_wait=0.000 ms down_keep=0 down_drop=0 down_wait=0.000 ms other_keep=0 other_drop=0 other_wait=0.000 ms
[svd-offload-client] up_gate_req=0 down_req=0 other_mat_req=0 ffn_req=0 gate_cache_hits=0 gate_cache_checks=0 miss_invalid=0 miss_layer=0 miss_rank=0 miss_hash=0 miss_output=0 miss_data=0 send_up_gate=0.000 ms send_down=0.000 ms send_other=0.000 ms send_ffn=0.000 ms wait_up_gate=0.000 ms wait_down=0.000 ms wait_other=0.000 ms wait_ffn=0.000 ms
[svd-offload-client-stage-profile] rpc_send_total=0.000 ms rpc_wait_total=0.000 ms
[svd-offload-client-debug] finish_fail_up_gate=0 finish_fail_down=0 finish_fail_other=0 finish_fail_ffn=0 cache_take_fail_up=0 cache_take_fail_gate=0 recv_up_sum_abs=0.000000e+00 recv_up_max_abs=0.000000e+00 recv_up_zero=0 recv_gate_sum_abs=0.000000e+00 recv_gate_max_abs=0.000000e+00 recv_gate_zero=0 recv_down_sum_abs=0.000000e+00 recv_down_max_abs=0.000000e+00 recv_down_zero=0 recv_other_sum_abs=0.000000e+00 recv_other_max_abs=0.000000e+00 recv_other_zero=0 recv_ffn_sum_abs=0.000000e+00 recv_ffn_max_abs=0.000000e+00 recv_ffn_zero=0
SUCCEED (one forward pass done)"
4c_high,1,4,"60,61,62,63","70,80,90,100",model_schedule,same_as_baseline_no_svd,baseline_no_svd,0,16.8858,59.2213,120.635,0.8706057071685791,True,11,",","llama_context: graph splits = 1
attach_threadpool: call
threads: decode=4 batch=4
prompt tokens: 4
running one forward pass (llama_decode) ...
Top-5 next-token candidates:
  id=11 logit=20.2053 piece="",""
  id=304 logit=18.9277 piece="" in""
  id=3837 logit=18.7558 piece=""，""
  id=1052 logit=18.5616 piece="" there""
  id=358 logit=17.8374 piece="" I""
Autoregressive generation:
Generated text: ,
Decode-only throughput: 16.8858 tokens/s (1 tokens in 0.0592213 s of llama_decode)
End-to-end throughput: 16.7956 tokens/s (1 tokens in 0.0595394 s)
[decode-stage-profile] model_load=427.669 ms context_create=64.1378 ms tokenize=0.879722 ms prefill_decode=120.635 ms generation_decode=59.2213 ms generation_total=59.5394 ms program_total=688.777 ms
[svd-local-op-profile] up_ops=56 gate_ops=56 down_ops=56 up_total=51.398 ms gate_total=48.852 ms down_total=38.563 ms up_v=7.432 ms gate_v=7.618 ms down_v=31.104 ms up_u=43.958 ms gate_u=41.228 ms down_u=7.454 ms
[svd-local-stage-profile] attention_total=5.434 ms ffn_total=140.260 ms ffn_svd_total=138.813 ms ffn_svd_v=46.154 ms ffn_svd_u=92.640 ms
[svd-offload-zero-profile] up_finish=0 up_cache=0 up_no_request=27 gate_finish=0 gate_cache=0 gate_no_request=27 down_finish=0 down_cache=0 down_no_request=27 other_finish=0 other_cache=0 other_no_request=0
[svd-local-timeout-profile] up_keep=0 up_drop=0 up_wait=0.000 ms gate_keep=0 gate_drop=0 gate_wait=0.000 ms down_keep=0 down_drop=0 down_wait=0.000 ms other_keep=0 other_drop=0 other_wait=0.000 ms
[svd-offload-client] up_gate_req=0 down_req=0 other_mat_req=0 ffn_req=0 gate_cache_hits=0 gate_cache_checks=0 miss_invalid=0 miss_layer=0 miss_rank=0 miss_hash=0 miss_output=0 miss_data=0 send_up_gate=0.000 ms send_down=0.000 ms send_other=0.000 ms send_ffn=0.000 ms wait_up_gate=0.000 ms wait_down=0.000 ms wait_other=0.000 ms wait_ffn=0.000 ms
[svd-offload-client-stage-profile] rpc_send_total=0.000 ms rpc_wait_total=0.000 ms
[svd-offload-client-debug] finish_fail_up_gate=0 finish_fail_down=0 finish_fail_other=0 finish_fail_ffn=0 cache_take_fail_up=0 cache_take_fail_gate=0 recv_up_sum_abs=0.000000e+00 recv_up_max_abs=0.000000e+00 recv_up_zero=0 recv_gate_sum_abs=0.000000e+00 recv_gate_max_abs=0.000000e+00 recv_gate_zero=0 recv_down_sum_abs=0.000000e+00 recv_down_max_abs=0.000000e+00 recv_down_zero=0 recv_other_sum_abs=0.000000e+00 recv_other_max_abs=0.000000e+00 recv_other_zero=0 recv_ffn_sum_abs=0.000000e+00 recv_ffn_max_abs=0.000000e+00 recv_ffn_zero=0
SUCCEED (one forward pass done)"
4c_high,2,4,"60,61,62,63","70,80,90,100",baseline_no_svd,ok,,0,17.3344,57.6889,116.647,0.7893772125244141,True,11,",","llama_context: graph splits = 1
attach_threadpool: call
threads: decode=4 batch=4
prompt tokens: 4
running one forward pass (llama_decode) ...
Top-5 next-token candidates:
  id=11 logit=20.2053 piece="",""
  id=304 logit=18.9277 piece="" in""
  id=3837 logit=18.7558 piece=""，""
  id=1052 logit=18.5616 piece="" there""
  id=358 logit=17.8374 piece="" I""
Autoregressive generation:
Generated text: ,
Decode-only throughput: 17.3344 tokens/s (1 tokens in 0.0576889 s of llama_decode)
End-to-end throughput: 17.235 tokens/s (1 tokens in 0.0580216 s)
[decode-stage-profile] model_load=382.837 ms context_create=63.0568 ms tokenize=0.450393 ms prefill_decode=116.647 ms generation_decode=57.6889 ms generation_total=58.0216 ms program_total=636.901 ms
[svd-local-op-profile] up_ops=56 gate_ops=56 down_ops=56 up_total=49.874 ms gate_total=46.856 ms down_total=37.886 ms up_v=10.585 ms gate_v=7.329 ms down_v=30.676 ms up_u=39.284 ms gate_u=39.521 ms down_u=7.207 ms
[svd-local-stage-profile] attention_total=1.396 ms ffn_total=135.924 ms ffn_svd_total=134.616 ms ffn_svd_v=48.590 ms ffn_svd_u=86.012 ms
[svd-offload-zero-profile] up_finish=0 up_cache=0 up_no_request=27 gate_finish=0 gate_cache=0 gate_no_request=27 down_finish=0 down_cache=0 down_no_request=27 other_finish=0 other_cache=0 other_no_request=0
[svd-local-timeout-profile] up_keep=0 up_drop=0 up_wait=0.000 ms gate_keep=0 gate_drop=0 gate_wait=0.000 ms down_keep=0 down_drop=0 down_wait=0.000 ms other_keep=0 other_drop=0 other_wait=0.000 ms
[svd-offload-client] up_gate_req=0 down_req=0 other_mat_req=0 ffn_req=0 gate_cache_hits=0 gate_cache_checks=0 miss_invalid=0 miss_layer=0 miss_rank=0 miss_hash=0 miss_output=0 miss_data=0 send_up_gate=0.000 ms send_down=0.000 ms send_other=0.000 ms send_ffn=0.000 ms wait_up_gate=0.000 ms wait_down=0.000 ms wait_other=0.000 ms wait_ffn=0.000 ms
[svd-offload-client-stage-profile] rpc_send_total=0.000 ms rpc_wait_total=0.000 ms
[svd-offload-client-debug] finish_fail_up_gate=0 finish_fail_down=0 finish_fail_other=0 finish_fail_ffn=0 cache_take_fail_up=0 cache_take_fail_gate=0 recv_up_sum_abs=0.000000e+00 recv_up_max_abs=0.000000e+00 recv_up_zero=0 recv_gate_sum_abs=0.000000e+00 recv_gate_max_abs=0.000000e+00 recv_gate_zero=0 recv_down_sum_abs=0.000000e+00 recv_down_max_abs=0.000000e+00 recv_down_zero=0 recv_other_sum_abs=0.000000e+00 recv_other_max_abs=0.000000e+00 recv_other_zero=0 recv_ffn_sum_abs=0.000000e+00 recv_ffn_max_abs=0.000000e+00 recv_ffn_zero=0
SUCCEED (one forward pass done)"
4c_high,2,4,"60,61,62,63","70,80,90,100",model_schedule,same_as_baseline_no_svd,baseline_no_svd,0,17.3344,57.6889,116.647,0.7893772125244141,True,11,",","llama_context: graph splits = 1
attach_threadpool: call
threads: decode=4 batch=4
prompt tokens: 4
running one forward pass (llama_decode) ...
Top-5 next-token candidates:
  id=11 logit=20.2053 piece="",""
  id=304 logit=18.9277 piece="" in""
  id=3837 logit=18.7558 piece=""，""
  id=1052 logit=18.5616 piece="" there""
  id=358 logit=17.8374 piece="" I""
Autoregressive generation:
Generated text: ,
Decode-only throughput: 17.3344 tokens/s (1 tokens in 0.0576889 s of llama_decode)
End-to-end throughput: 17.235 tokens/s (1 tokens in 0.0580216 s)
[decode-stage-profile] model_load=382.837 ms context_create=63.0568 ms tokenize=0.450393 ms prefill_decode=116.647 ms generation_decode=57.6889 ms generation_total=58.0216 ms program_total=636.901 ms
[svd-local-op-profile] up_ops=56 gate_ops=56 down_ops=56 up_total=49.874 ms gate_total=46.856 ms down_total=37.886 ms up_v=10.585 ms gate_v=7.329 ms down_v=30.676 ms up_u=39.284 ms gate_u=39.521 ms down_u=7.207 ms
[svd-local-stage-profile] attention_total=1.396 ms ffn_total=135.924 ms ffn_svd_total=134.616 ms ffn_svd_v=48.590 ms ffn_svd_u=86.012 ms
[svd-offload-zero-profile] up_finish=0 up_cache=0 up_no_request=27 gate_finish=0 gate_cache=0 gate_no_request=27 down_finish=0 down_cache=0 down_no_request=27 other_finish=0 other_cache=0 other_no_request=0
[svd-local-timeout-profile] up_keep=0 up_drop=0 up_wait=0.000 ms gate_keep=0 gate_drop=0 gate_wait=0.000 ms down_keep=0 down_drop=0 down_wait=0.000 ms other_keep=0 other_drop=0 other_wait=0.000 ms
[svd-offload-client] up_gate_req=0 down_req=0 other_mat_req=0 ffn_req=0 gate_cache_hits=0 gate_cache_checks=0 miss_invalid=0 miss_layer=0 miss_rank=0 miss_hash=0 miss_output=0 miss_data=0 send_up_gate=0.000 ms send_down=0.000 ms send_other=0.000 ms send_ffn=0.000 ms wait_up_gate=0.000 ms wait_down=0.000 ms wait_other=0.000 ms wait_ffn=0.000 ms
[svd-offload-client-stage-profile] rpc_send_total=0.000 ms rpc_wait_total=0.000 ms
[svd-offload-client-debug] finish_fail_up_gate=0 finish_fail_down=0 finish_fail_other=0 finish_fail_ffn=0 cache_take_fail_up=0 cache_take_fail_gate=0 recv_up_sum_abs=0.000000e+00 recv_up_max_abs=0.000000e+00 recv_up_zero=0 recv_gate_sum_abs=0.000000e+00 recv_gate_max_abs=0.000000e+00 recv_gate_zero=0 recv_down_sum_abs=0.000000e+00 recv_down_max_abs=0.000000e+00 recv_down_zero=0 recv_other_sum_abs=0.000000e+00 recv_other_max_abs=0.000000e+00 recv_other_zero=0 recv_ffn_sum_abs=0.000000e+00 recv_ffn_max_abs=0.000000e+00 recv_ffn_zero=0
SUCCEED (one forward pass done)"
8c_high,0,8,"60,61,62,63,64,65,66,67","30,40,50,60,70,80,90,100",baseline_no_svd,ok,,0,20.2239,49.4465,7493.87,8.31755256652832,True,11,",","llama_context: graph splits = 1
attach_threadpool: call
threads: decode=8 batch=8
prompt tokens: 4
running one forward pass (llama_decode) ...
Top-5 next-token candidates:
  id=11 logit=20.2053 piece="",""
  id=304 logit=18.9277 piece="" in""
  id=3837 logit=18.7558 piece=""，""
  id=1052 logit=18.5616 piece="" there""
  id=358 logit=17.8374 piece="" I""
Autoregressive generation:
Generated text: ,
Decode-only throughput: 20.2239 tokens/s (1 tokens in 0.0494465 s of llama_decode)
End-to-end throughput: 20.08 tokens/s (1 tokens in 0.0498008 s)
[decode-stage-profile] model_load=520.897 ms context_create=59.7568 ms tokenize=0.51216 ms prefill_decode=7493.87 ms generation_decode=49.4465 ms generation_total=49.8008 ms program_total=8142.41 ms
[svd-local-op-profile] up_ops=56 gate_ops=56 down_ops=56 up_total=392.030 ms gate_total=400.142 ms down_total=395.601 ms up_v=129.964 ms gate_v=130.682 ms down_v=142.376 ms up_u=262.066 ms gate_u=269.454 ms down_u=253.218 ms
[svd-local-stage-profile] attention_total=1208.520 ms ffn_total=1716.095 ms ffn_svd_total=1187.773 ms ffn_svd_v=403.022 ms ffn_svd_u=784.738 ms
[svd-offload-zero-profile] up_finish=0 up_cache=0 up_no_request=27 gate_finish=0 gate_cache=0 gate_no_request=27 down_finish=0 down_cache=0 down_no_request=27 other_finish=0 other_cache=0 other_no_request=0
[svd-local-timeout-profile] up_keep=0 up_drop=0 up_wait=0.000 ms gate_keep=0 gate_drop=0 gate_wait=0.000 ms down_keep=0 down_drop=0 down_wait=0.000 ms other_keep=0 other_drop=0 other_wait=0.000 ms
[svd-offload-client] up_gate_req=0 down_req=0 other_mat_req=0 ffn_req=0 gate_cache_hits=0 gate_cache_checks=0 miss_invalid=0 miss_layer=0 miss_rank=0 miss_hash=0 miss_output=0 miss_data=0 send_up_gate=0.000 ms send_down=0.000 ms send_other=0.000 ms send_ffn=0.000 ms wait_up_gate=0.000 ms wait_down=0.000 ms wait_other=0.000 ms wait_ffn=0.000 ms
[svd-offload-client-stage-profile] rpc_send_total=0.000 ms rpc_wait_total=0.000 ms
[svd-offload-client-debug] finish_fail_up_gate=0 finish_fail_down=0 finish_fail_other=0 finish_fail_ffn=0 cache_take_fail_up=0 cache_take_fail_gate=0 recv_up_sum_abs=0.000000e+00 recv_up_max_abs=0.000000e+00 recv_up_zero=0 recv_gate_sum_abs=0.000000e+00 recv_gate_max_abs=0.000000e+00 recv_gate_zero=0 recv_down_sum_abs=0.000000e+00 recv_down_max_abs=0.000000e+00 recv_down_zero=0 recv_other_sum_abs=0.000000e+00 recv_other_max_abs=0.000000e+00 recv_other_zero=0 recv_ffn_sum_abs=0.000000e+00 recv_ffn_max_abs=0.000000e+00 recv_ffn_zero=0
SUCCEED (one forward pass done)"
8c_high,0,8,"60,61,62,63,64,65,66,67","30,40,50,60,70,80,90,100",model_schedule,ok,major_only_no_svd,0,25.2289,39.6371,668.081,1.3413901329040527,True,11,",","llama_context: graph splits = 1
attach_threadpool: call
threads: decode=7 batch=7
prompt tokens: 4
running one forward pass (llama_decode) ...
Top-5 next-token candidates:
  id=11 logit=20.2053 piece="",""
  id=304 logit=18.9277 piece="" in""
  id=3837 logit=18.7558 piece=""，""
  id=1052 logit=18.5616 piece="" there""
  id=358 logit=17.8374 piece="" I""
Autoregressive generation:
Generated text: ,
Decode-only throughput: 25.2289 tokens/s (1 tokens in 0.0396371 s of llama_decode)
End-to-end throughput: 25.0191 tokens/s (1 tokens in 0.0399695 s)
[decode-stage-profile] model_load=411.816 ms context_create=65.3156 ms tokenize=0.972009 ms prefill_decode=668.081 ms generation_decode=39.6371 ms generation_total=39.9695 ms program_total=1202.45 ms
[svd-local-op-profile] up_ops=56 gate_ops=56 down_ops=56 up_total=64.753 ms gate_total=58.223 ms down_total=46.830 ms up_v=12.782 ms gate_v=13.512 ms down_v=27.033 ms up_u=51.963 ms gate_u=44.708 ms down_u=19.792 ms
[svd-local-stage-profile] attention_total=123.584 ms ffn_total=202.214 ms ffn_svd_total=169.806 ms ffn_svd_v=53.327 ms ffn_svd_u=116.463 ms
[svd-offload-zero-profile] up_finish=0 up_cache=0 up_no_request=27 gate_finish=0 gate_cache=0 gate_no_request=27 down_finish=0 down_cache=0 down_no_request=27 other_finish=0 other_cache=0 other_no_request=0
[svd-local-timeout-profile] up_keep=0 up_drop=0 up_wait=0.000 ms gate_keep=0 gate_drop=0 gate_wait=0.000 ms down_keep=0 down_drop=0 down_wait=0.000 ms other_keep=0 other_drop=0 other_wait=0.000 ms
[svd-offload-client] up_gate_req=0 down_req=0 other_mat_req=0 ffn_req=0 gate_cache_hits=0 gate_cache_checks=0 miss_invalid=0 miss_layer=0 miss_rank=0 miss_hash=0 miss_output=0 miss_data=0 send_up_gate=0.000 ms send_down=0.000 ms send_other=0.000 ms send_ffn=0.000 ms wait_up_gate=0.000 ms wait_down=0.000 ms wait_other=0.000 ms wait_ffn=0.000 ms
[svd-offload-client-stage-profile] rpc_send_total=0.000 ms rpc_wait_total=0.000 ms
[svd-offload-client-debug] finish_fail_up_gate=0 finish_fail_down=0 finish_fail_other=0 finish_fail_ffn=0 cache_take_fail_up=0 cache_take_fail_gate=0 recv_up_sum_abs=0.000000e+00 recv_up_max_abs=0.000000e+00 recv_up_zero=0 recv_gate_sum_abs=0.000000e+00 recv_gate_max_abs=0.000000e+00 recv_gate_zero=0 recv_down_sum_abs=0.000000e+00 recv_down_max_abs=0.000000e+00 recv_down_zero=0 recv_other_sum_abs=0.000000e+00 recv_other_max_abs=0.000000e+00 recv_other_zero=0 recv_ffn_sum_abs=0.000000e+00 recv_ffn_max_abs=0.000000e+00 recv_ffn_zero=0
SUCCEED (one forward pass done)"
8c_high,1,8,"60,61,62,63,64,65,66,67","30,40,50,60,70,80,90,100",baseline_no_svd,ok,,0,25.683,38.9363,1110.94,1.8414597511291504,True,11,",","llama_context: graph splits = 1
attach_threadpool: call
threads: decode=8 batch=8
prompt tokens: 4
running one forward pass (llama_decode) ...
Top-5 next-token candidates:
  id=11 logit=20.2053 piece="",""
  id=304 logit=18.9277 piece="" in""
  id=3837 logit=18.7558 piece=""，""
  id=1052 logit=18.5616 piece="" there""
  id=358 logit=17.8374 piece="" I""
Autoregressive generation:
Generated text: ,
Decode-only throughput: 25.683 tokens/s (1 tokens in 0.0389363 s of llama_decode)
End-to-end throughput: 25.4592 tokens/s (1 tokens in 0.0392785 s)
[decode-stage-profile] model_load=431.271 ms context_create=71.2008 ms tokenize=0.891914 ms prefill_decode=1110.94 ms generation_decode=38.9363 ms generation_total=39.2785 ms program_total=1670.74 ms
[svd-local-op-profile] up_ops=56 gate_ops=56 down_ops=56 up_total=83.902 ms gate_total=74.328 ms down_total=71.083 ms up_v=32.252 ms gate_v=21.436 ms down_v=35.878 ms up_u=51.645 ms gate_u=52.886 ms down_u=35.196 ms
[svd-local-stage-profile] attention_total=166.729 ms ffn_total=303.693 ms ffn_svd_total=229.313 ms ffn_svd_v=89.566 ms ffn_svd_u=139.727 ms
[svd-offload-zero-profile] up_finish=0 up_cache=0 up_no_request=27 gate_finish=0 gate_cache=0 gate_no_request=27 down_finish=0 down_cache=0 down_no_request=27 other_finish=0 other_cache=0 other_no_request=0
[svd-local-timeout-profile] up_keep=0 up_drop=0 up_wait=0.000 ms gate_keep=0 gate_drop=0 gate_wait=0.000 ms down_keep=0 down_drop=0 down_wait=0.000 ms other_keep=0 other_drop=0 other_wait=0.000 ms
[svd-offload-client] up_gate_req=0 down_req=0 other_mat_req=0 ffn_req=0 gate_cache_hits=0 gate_cache_checks=0 miss_invalid=0 miss_layer=0 miss_rank=0 miss_hash=0 miss_output=0 miss_data=0 send_up_gate=0.000 ms send_down=0.000 ms send_other=0.000 ms send_ffn=0.000 ms wait_up_gate=0.000 ms wait_down=0.000 ms wait_other=0.000 ms wait_ffn=0.000 ms
[svd-offload-client-stage-profile] rpc_send_total=0.000 ms rpc_wait_total=0.000 ms
[svd-offload-client-debug] finish_fail_up_gate=0 finish_fail_down=0 finish_fail_other=0 finish_fail_ffn=0 cache_take_fail_up=0 cache_take_fail_gate=0 recv_up_sum_abs=0.000000e+00 recv_up_max_abs=0.000000e+00 recv_up_zero=0 recv_gate_sum_abs=0.000000e+00 recv_gate_max_abs=0.000000e+00 recv_gate_zero=0 recv_down_sum_abs=0.000000e+00 recv_down_max_abs=0.000000e+00 recv_down_zero=0 recv_other_sum_abs=0.000000e+00 recv_other_max_abs=0.000000e+00 recv_other_zero=0 recv_ffn_sum_abs=0.000000e+00 recv_ffn_max_abs=0.000000e+00 recv_ffn_zero=0
SUCCEED (one forward pass done)"
8c_high,1,8,"60,61,62,63,64,65,66,67","30,40,50,60,70,80,90,100",model_schedule,runtime_fallback_to_baseline,major_only_no_svd,0,25.683,38.9363,1110.94,1.8414597511291504,True,11,",","llama_context: graph splits = 1
attach_threadpool: call
threads: decode=8 batch=8
prompt tokens: 4
running one forward pass (llama_decode) ...
Top-5 next-token candidates:
  id=11 logit=20.2053 piece="",""
  id=304 logit=18.9277 piece="" in""
  id=3837 logit=18.7558 piece=""，""
  id=1052 logit=18.5616 piece="" there""
  id=358 logit=17.8374 piece="" I""
Autoregressive generation:
Generated text: ,
Decode-only throughput: 25.683 tokens/s (1 tokens in 0.0389363 s of llama_decode)
End-to-end throughput: 25.4592 tokens/s (1 tokens in 0.0392785 s)
[decode-stage-profile] model_load=431.271 ms context_create=71.2008 ms tokenize=0.891914 ms prefill_decode=1110.94 ms generation_decode=38.9363 ms generation_total=39.2785 ms program_total=1670.74 ms
[svd-local-op-profile] up_ops=56 gate_ops=56 down_ops=56 up_total=83.902 ms gate_total=74.328 ms down_total=71.083 ms up_v=32.252 ms gate_v=21.436 ms down_v=35.878 ms up_u=51.645 ms gate_u=52.886 ms down_u=35.196 ms
[svd-local-stage-profile] attention_total=166.729 ms ffn_total=303.693 ms ffn_svd_total=229.313 ms ffn_svd_v=89.566 ms ffn_svd_u=139.727 ms
[svd-offload-zero-profile] up_finish=0 up_cache=0 up_no_request=27 gate_finish=0 gate_cache=0 gate_no_request=27 down_finish=0 down_cache=0 down_no_request=27 other_finish=0 other_cache=0 other_no_request=0
[svd-local-timeout-profile] up_keep=0 up_drop=0 up_wait=0.000 ms gate_keep=0 gate_drop=0 gate_wait=0.000 ms down_keep=0 down_drop=0 down_wait=0.000 ms other_keep=0 other_drop=0 other_wait=0.000 ms
[svd-offload-client] up_gate_req=0 down_req=0 other_mat_req=0 ffn_req=0 gate_cache_hits=0 gate_cache_checks=0 miss_invalid=0 miss_layer=0 miss_rank=0 miss_hash=0 miss_output=0 miss_data=0 send_up_gate=0.000 ms send_down=0.000 ms send_other=0.000 ms send_ffn=0.000 ms wait_up_gate=0.000 ms wait_down=0.000 ms wait_other=0.000 ms wait_ffn=0.000 ms
[svd-offload-client-stage-profile] rpc_send_total=0.000 ms rpc_wait_total=0.000 ms
[svd-offload-client-debug] finish_fail_up_gate=0 finish_fail_down=0 finish_fail_other=0 finish_fail_ffn=0 cache_take_fail_up=0 cache_take_fail_gate=0 recv_up_sum_abs=0.000000e+00 recv_up_max_abs=0.000000e+00 recv_up_zero=0 recv_gate_sum_abs=0.000000e+00 recv_gate_max_abs=0.000000e+00 recv_gate_zero=0 recv_down_sum_abs=0.000000e+00 recv_down_max_abs=0.000000e+00 recv_down_zero=0 recv_other_sum_abs=0.000000e+00 recv_other_max_abs=0.000000e+00 recv_other_zero=0 recv_ffn_sum_abs=0.000000e+00 recv_ffn_max_abs=0.000000e+00 recv_ffn_zero=0
SUCCEED (one forward pass done)"
8c_high,2,8,"60,61,62,63,64,65,66,67","30,40,50,60,70,80,90,100",baseline_no_svd,ok,,0,18.2563,54.7756,2407.84,3.226841926574707,True,11,",","llama_context: graph splits = 1
attach_threadpool: call
threads: decode=8 batch=8
prompt tokens: 4
running one forward pass (llama_decode) ...
Top-5 next-token candidates:
  id=11 logit=20.2053 piece="",""
  id=304 logit=18.9277 piece="" in""
  id=3837 logit=18.7558 piece=""，""
  id=1052 logit=18.5616 piece="" there""
  id=358 logit=17.8374 piece="" I""
Autoregressive generation:
Generated text: ,
Decode-only throughput: 18.2563 tokens/s (1 tokens in 0.0547756 s of llama_decode)
End-to-end throughput: 18.1425 tokens/s (1 tokens in 0.0551193 s)
[decode-stage-profile] model_load=506.934 ms context_create=69.833 ms tokenize=0.97632 ms prefill_decode=2407.84 ms generation_decode=54.7756 ms generation_total=55.1193 ms program_total=3058.22 ms
[svd-local-op-profile] up_ops=56 gate_ops=56 down_ops=56 up_total=137.126 ms gate_total=144.331 ms down_total=133.427 ms up_v=39.926 ms gate_v=41.473 ms down_v=56.244 ms up_u=97.193 ms gate_u=102.848 ms down_u=77.178 ms
[svd-local-stage-profile] attention_total=359.085 ms ffn_total=606.295 ms ffn_svd_total=414.884 ms ffn_svd_v=137.643 ms ffn_svd_u=277.219 ms
[svd-offload-zero-profile] up_finish=0 up_cache=0 up_no_request=27 gate_finish=0 gate_cache=0 gate_no_request=27 down_finish=0 down_cache=0 down_no_request=27 other_finish=0 other_cache=0 other_no_request=0
[svd-local-timeout-profile] up_keep=0 up_drop=0 up_wait=0.000 ms gate_keep=0 gate_drop=0 gate_wait=0.000 ms down_keep=0 down_drop=0 down_wait=0.000 ms other_keep=0 other_drop=0 other_wait=0.000 ms
[svd-offload-client] up_gate_req=0 down_req=0 other_mat_req=0 ffn_req=0 gate_cache_hits=0 gate_cache_checks=0 miss_invalid=0 miss_layer=0 miss_rank=0 miss_hash=0 miss_output=0 miss_data=0 send_up_gate=0.000 ms send_down=0.000 ms send_other=0.000 ms send_ffn=0.000 ms wait_up_gate=0.000 ms wait_down=0.000 ms wait_other=0.000 ms wait_ffn=0.000 ms
[svd-offload-client-stage-profile] rpc_send_total=0.000 ms rpc_wait_total=0.000 ms
[svd-offload-client-debug] finish_fail_up_gate=0 finish_fail_down=0 finish_fail_other=0 finish_fail_ffn=0 cache_take_fail_up=0 cache_take_fail_gate=0 recv_up_sum_abs=0.000000e+00 recv_up_max_abs=0.000000e+00 recv_up_zero=0 recv_gate_sum_abs=0.000000e+00 recv_gate_max_abs=0.000000e+00 recv_gate_zero=0 recv_down_sum_abs=0.000000e+00 recv_down_max_abs=0.000000e+00 recv_down_zero=0 recv_other_sum_abs=0.000000e+00 recv_other_max_abs=0.000000e+00 recv_other_zero=0 recv_ffn_sum_abs=0.000000e+00 recv_ffn_max_abs=0.000000e+00 recv_ffn_zero=0
SUCCEED (one forward pass done)"
8c_high,2,8,"60,61,62,63,64,65,66,67","30,40,50,60,70,80,90,100",model_schedule,ok,major_only_no_svd,0,23.3818,42.7683,256.813,1.0795862674713135,True,11,",","llama_context: graph splits = 1
attach_threadpool: call
threads: decode=7 batch=7
prompt tokens: 4
running one forward pass (llama_decode) ...
Top-5 next-token candidates:
  id=11 logit=20.2053 piece="",""
  id=304 logit=18.9277 piece="" in""
  id=3837 logit=18.7558 piece=""，""
  id=1052 logit=18.5616 piece="" there""
  id=358 logit=17.8374 piece="" I""
Autoregressive generation:
Generated text: ,
Decode-only throughput: 23.3818 tokens/s (1 tokens in 0.0427683 s of llama_decode)
End-to-end throughput: 23.2032 tokens/s (1 tokens in 0.0430974 s)
[decode-stage-profile] model_load=531.835 ms context_create=72.7303 ms tokenize=0.945913 ms prefill_decode=256.813 ms generation_decode=42.7683 ms generation_total=43.0974 ms program_total=922.94 ms
[svd-local-op-profile] up_ops=56 gate_ops=56 down_ops=56 up_total=36.260 ms gate_total=32.748 ms down_total=26.513 ms up_v=5.593 ms gate_v=5.657 ms down_v=20.715 ms up_u=30.664 ms gate_u=27.084 ms down_u=5.796 ms
[svd-local-stage-profile] attention_total=59.276 ms ffn_total=96.978 ms ffn_svd_total=95.521 ms ffn_svd_v=31.965 ms ffn_svd_u=63.544 ms
[svd-offload-zero-profile] up_finish=0 up_cache=0 up_no_request=27 gate_finish=0 gate_cache=0 gate_no_request=27 down_finish=0 down_cache=0 down_no_request=27 other_finish=0 other_cache=0 other_no_request=0
[svd-local-timeout-profile] up_keep=0 up_drop=0 up_wait=0.000 ms gate_keep=0 gate_drop=0 gate_wait=0.000 ms down_keep=0 down_drop=0 down_wait=0.000 ms other_keep=0 other_drop=0 other_wait=0.000 ms
[svd-offload-client] up_gate_req=0 down_req=0 other_mat_req=0 ffn_req=0 gate_cache_hits=0 gate_cache_checks=0 miss_invalid=0 miss_layer=0 miss_rank=0 miss_hash=0 miss_output=0 miss_data=0 send_up_gate=0.000 ms send_down=0.000 ms send_other=0.000 ms send_ffn=0.000 ms wait_up_gate=0.000 ms wait_down=0.000 ms wait_other=0.000 ms wait_ffn=0.000 ms
[svd-offload-client-stage-profile] rpc_send_total=0.000 ms rpc_wait_total=0.000 ms
[svd-offload-client-debug] finish_fail_up_gate=0 finish_fail_down=0 finish_fail_other=0 finish_fail_ffn=0 cache_take_fail_up=0 cache_take_fail_gate=0 recv_up_sum_abs=0.000000e+00 recv_up_max_abs=0.000000e+00 recv_up_zero=0 recv_gate_sum_abs=0.000000e+00 recv_gate_max_abs=0.000000e+00 recv_gate_zero=0 recv_down_sum_abs=0.000000e+00 recv_down_max_abs=0.000000e+00 recv_down_zero=0 recv_other_sum_abs=0.000000e+00 recv_other_max_abs=0.000000e+00 recv_other_zero=0 recv_ffn_sum_abs=0.000000e+00 recv_ffn_max_abs=0.000000e+00 recv_ffn_zero=0
SUCCEED (one forward pass done)"
