scenario,repeat,n_cores,cpus,loads,policy,status,schedule_mode,clipped_layers,decode_tok_s,generation_decode_ms,prefill_decode_ms,elapsed_s,succeed,top1_id,top1_piece,output_tail
2c_balanced_mid,0,2,"60,61","50,50",baseline_no_svd,ok,,0,11.7473,85.1261,151.144,0.8500137329101562,True,11,",","llama_context: graph splits = 1
attach_threadpool: call
threads: decode=2 batch=2
prompt tokens: 4
running one forward pass (llama_decode) ...
Top-5 next-token candidates:
  id=11 logit=20.2053 piece="",""
  id=304 logit=18.9277 piece="" in""
  id=3837 logit=18.7558 piece=""，""
  id=1052 logit=18.5616 piece="" there""
  id=358 logit=17.8374 piece="" I""
Autoregressive generation:
Generated text: ,
Decode-only throughput: 11.7473 tokens/s (1 tokens in 0.0851261 s of llama_decode)
End-to-end throughput: 11.7061 tokens/s (1 tokens in 0.0854256 s)
[decode-stage-profile] model_load=381.48 ms context_create=57.3783 ms tokenize=0.470973 ms prefill_decode=151.144 ms generation_decode=85.1261 ms generation_total=85.4256 ms program_total=693 ms
[svd-local-op-profile] up_ops=56 gate_ops=56 down_ops=56 up_total=63.712 ms gate_total=66.314 ms down_total=56.400 ms up_v=9.638 ms gate_v=9.534 ms down_v=46.620 ms up_u=54.071 ms gate_u=56.777 ms down_u=9.776 ms
[svd-local-stage-profile] attention_total=1.533 ms ffn_total=188.265 ms ffn_svd_total=186.426 ms ffn_svd_v=65.792 ms ffn_svd_u=120.624 ms
[svd-offload-zero-profile] up_finish=0 up_cache=0 up_no_request=27 gate_finish=0 gate_cache=0 gate_no_request=27 down_finish=0 down_cache=0 down_no_request=27 other_finish=0 other_cache=0 other_no_request=0
[svd-local-timeout-profile] up_keep=0 up_drop=0 up_wait=0.000 ms gate_keep=0 gate_drop=0 gate_wait=0.000 ms down_keep=0 down_drop=0 down_wait=0.000 ms other_keep=0 other_drop=0 other_wait=0.000 ms
[svd-offload-client] up_gate_req=0 down_req=0 other_mat_req=0 ffn_req=0 gate_cache_hits=0 gate_cache_checks=0 miss_invalid=0 miss_layer=0 miss_rank=0 miss_hash=0 miss_output=0 miss_data=0 send_up_gate=0.000 ms send_down=0.000 ms send_other=0.000 ms send_ffn=0.000 ms wait_up_gate=0.000 ms wait_down=0.000 ms wait_other=0.000 ms wait_ffn=0.000 ms
[svd-offload-client-stage-profile] rpc_send_total=0.000 ms rpc_wait_total=0.000 ms
[svd-offload-client-debug] finish_fail_up_gate=0 finish_fail_down=0 finish_fail_other=0 finish_fail_ffn=0 cache_take_fail_up=0 cache_take_fail_gate=0 recv_up_sum_abs=0.000000e+00 recv_up_max_abs=0.000000e+00 recv_up_zero=0 recv_gate_sum_abs=0.000000e+00 recv_gate_max_abs=0.000000e+00 recv_gate_zero=0 recv_down_sum_abs=0.000000e+00 recv_down_max_abs=0.000000e+00 recv_down_zero=0 recv_other_sum_abs=0.000000e+00 recv_other_max_abs=0.000000e+00 recv_other_zero=0 recv_ffn_sum_abs=0.000000e+00 recv_ffn_max_abs=0.000000e+00 recv_ffn_zero=0
SUCCEED (one forward pass done)"
2c_balanced_mid,0,2,"60,61","50,50",model_schedule,skipped_edge_end_no_svd_no_adb,edge_end_no_svd,0,,,,,,,,
2c_balanced_mid,1,2,"60,61","50,50",baseline_no_svd,ok,,0,12.1972,81.986,144.581,0.8277647495269775,True,11,",","llama_context: graph splits = 1
attach_threadpool: call
threads: decode=2 batch=2
prompt tokens: 4
running one forward pass (llama_decode) ...
Top-5 next-token candidates:
  id=11 logit=20.2053 piece="",""
  id=304 logit=18.9277 piece="" in""
  id=3837 logit=18.7558 piece=""，""
  id=1052 logit=18.5616 piece="" there""
  id=358 logit=17.8374 piece="" I""
Autoregressive generation:
Generated text: ,
Decode-only throughput: 12.1972 tokens/s (1 tokens in 0.081986 s of llama_decode)
End-to-end throughput: 12.1518 tokens/s (1 tokens in 0.0822926 s)
[decode-stage-profile] model_load=384.128 ms context_create=59.0546 ms tokenize=0.629768 ms prefill_decode=144.581 ms generation_decode=81.986 ms generation_total=82.2926 ms program_total=687.092 ms
[svd-local-op-profile] up_ops=56 gate_ops=56 down_ops=56 up_total=66.024 ms gate_total=61.899 ms down_total=50.340 ms up_v=9.563 ms gate_v=9.390 ms down_v=41.091 ms up_u=56.456 ms gate_u=52.502 ms down_u=9.243 ms
[svd-local-stage-profile] attention_total=1.484 ms ffn_total=179.954 ms ffn_svd_total=178.263 ms ffn_svd_v=60.044 ms ffn_svd_u=118.201 ms
[svd-offload-zero-profile] up_finish=0 up_cache=0 up_no_request=27 gate_finish=0 gate_cache=0 gate_no_request=27 down_finish=0 down_cache=0 down_no_request=27 other_finish=0 other_cache=0 other_no_request=0
[svd-local-timeout-profile] up_keep=0 up_drop=0 up_wait=0.000 ms gate_keep=0 gate_drop=0 gate_wait=0.000 ms down_keep=0 down_drop=0 down_wait=0.000 ms other_keep=0 other_drop=0 other_wait=0.000 ms
[svd-offload-client] up_gate_req=0 down_req=0 other_mat_req=0 ffn_req=0 gate_cache_hits=0 gate_cache_checks=0 miss_invalid=0 miss_layer=0 miss_rank=0 miss_hash=0 miss_output=0 miss_data=0 send_up_gate=0.000 ms send_down=0.000 ms send_other=0.000 ms send_ffn=0.000 ms wait_up_gate=0.000 ms wait_down=0.000 ms wait_other=0.000 ms wait_ffn=0.000 ms
[svd-offload-client-stage-profile] rpc_send_total=0.000 ms rpc_wait_total=0.000 ms
[svd-offload-client-debug] finish_fail_up_gate=0 finish_fail_down=0 finish_fail_other=0 finish_fail_ffn=0 cache_take_fail_up=0 cache_take_fail_gate=0 recv_up_sum_abs=0.000000e+00 recv_up_max_abs=0.000000e+00 recv_up_zero=0 recv_gate_sum_abs=0.000000e+00 recv_gate_max_abs=0.000000e+00 recv_gate_zero=0 recv_down_sum_abs=0.000000e+00 recv_down_max_abs=0.000000e+00 recv_down_zero=0 recv_other_sum_abs=0.000000e+00 recv_other_max_abs=0.000000e+00 recv_other_zero=0 recv_ffn_sum_abs=0.000000e+00 recv_ffn_max_abs=0.000000e+00 recv_ffn_zero=0
SUCCEED (one forward pass done)"
2c_balanced_mid,1,2,"60,61","50,50",model_schedule,skipped_edge_end_no_svd_no_adb,edge_end_no_svd,0,,,,,,,,
2c_balanced_mid,2,2,"60,61","50,50",baseline_no_svd,ok,,0,11.5863,86.3085,142.632,0.8591444492340088,True,11,",","llama_context: graph splits = 1
attach_threadpool: call
threads: decode=2 batch=2
prompt tokens: 4
running one forward pass (llama_decode) ...
Top-5 next-token candidates:
  id=11 logit=20.2053 piece="",""
  id=304 logit=18.9277 piece="" in""
  id=3837 logit=18.7558 piece=""，""
  id=1052 logit=18.5616 piece="" there""
  id=358 logit=17.8374 piece="" I""
Autoregressive generation:
Generated text: ,
Decode-only throughput: 11.5863 tokens/s (1 tokens in 0.0863085 s of llama_decode)
End-to-end throughput: 11.5453 tokens/s (1 tokens in 0.0866155 s)
[decode-stage-profile] model_load=392.477 ms context_create=55.5273 ms tokenize=0.449889 ms prefill_decode=142.632 ms generation_decode=86.3085 ms generation_total=86.6155 ms program_total=694.596 ms
[svd-local-op-profile] up_ops=56 gate_ops=56 down_ops=56 up_total=68.148 ms gate_total=62.032 ms down_total=50.435 ms up_v=9.597 ms gate_v=9.416 ms down_v=41.110 ms up_u=58.542 ms gate_u=52.615 ms down_u=9.321 ms
[svd-local-stage-profile] attention_total=1.442 ms ffn_total=182.289 ms ffn_svd_total=180.615 ms ffn_svd_v=60.123 ms ffn_svd_u=120.478 ms
[svd-offload-zero-profile] up_finish=0 up_cache=0 up_no_request=27 gate_finish=0 gate_cache=0 gate_no_request=27 down_finish=0 down_cache=0 down_no_request=27 other_finish=0 other_cache=0 other_no_request=0
[svd-local-timeout-profile] up_keep=0 up_drop=0 up_wait=0.000 ms gate_keep=0 gate_drop=0 gate_wait=0.000 ms down_keep=0 down_drop=0 down_wait=0.000 ms other_keep=0 other_drop=0 other_wait=0.000 ms
[svd-offload-client] up_gate_req=0 down_req=0 other_mat_req=0 ffn_req=0 gate_cache_hits=0 gate_cache_checks=0 miss_invalid=0 miss_layer=0 miss_rank=0 miss_hash=0 miss_output=0 miss_data=0 send_up_gate=0.000 ms send_down=0.000 ms send_other=0.000 ms send_ffn=0.000 ms wait_up_gate=0.000 ms wait_down=0.000 ms wait_other=0.000 ms wait_ffn=0.000 ms
[svd-offload-client-stage-profile] rpc_send_total=0.000 ms rpc_wait_total=0.000 ms
[svd-offload-client-debug] finish_fail_up_gate=0 finish_fail_down=0 finish_fail_other=0 finish_fail_ffn=0 cache_take_fail_up=0 cache_take_fail_gate=0 recv_up_sum_abs=0.000000e+00 recv_up_max_abs=0.000000e+00 recv_up_zero=0 recv_gate_sum_abs=0.000000e+00 recv_gate_max_abs=0.000000e+00 recv_gate_zero=0 recv_down_sum_abs=0.000000e+00 recv_down_max_abs=0.000000e+00 recv_down_zero=0 recv_other_sum_abs=0.000000e+00 recv_other_max_abs=0.000000e+00 recv_other_zero=0 recv_ffn_sum_abs=0.000000e+00 recv_ffn_max_abs=0.000000e+00 recv_ffn_zero=0
SUCCEED (one forward pass done)"
2c_balanced_mid,2,2,"60,61","50,50",model_schedule,skipped_edge_end_no_svd_no_adb,edge_end_no_svd,0,,,,,,,,
2c_asym_low_high,0,2,"60,61","20,80",baseline_no_svd,ok,,0,11.3859,87.8276,146.456,0.8474524021148682,True,11,",","llama_context: graph splits = 1
attach_threadpool: call
threads: decode=2 batch=2
prompt tokens: 4
running one forward pass (llama_decode) ...
Top-5 next-token candidates:
  id=11 logit=20.2053 piece="",""
  id=304 logit=18.9277 piece="" in""
  id=3837 logit=18.7558 piece=""，""
  id=1052 logit=18.5616 piece="" there""
  id=358 logit=17.8374 piece="" I""
Autoregressive generation:
Generated text: ,
Decode-only throughput: 11.3859 tokens/s (1 tokens in 0.0878276 s of llama_decode)
End-to-end throughput: 11.3464 tokens/s (1 tokens in 0.0881335 s)
[decode-stage-profile] model_load=384.099 ms context_create=58.9275 ms tokenize=0.450708 ms prefill_decode=146.456 ms generation_decode=87.8276 ms generation_total=88.1335 ms program_total=694.569 ms
[svd-local-op-profile] up_ops=56 gate_ops=56 down_ops=56 up_total=63.174 ms gate_total=63.204 ms down_total=50.947 ms up_v=9.689 ms gate_v=9.551 ms down_v=41.315 ms up_u=53.481 ms gate_u=53.646 ms down_u=9.629 ms
[svd-local-stage-profile] attention_total=1.548 ms ffn_total=179.112 ms ffn_svd_total=177.325 ms ffn_svd_v=60.555 ms ffn_svd_u=116.756 ms
[svd-offload-zero-profile] up_finish=0 up_cache=0 up_no_request=27 gate_finish=0 gate_cache=0 gate_no_request=27 down_finish=0 down_cache=0 down_no_request=27 other_finish=0 other_cache=0 other_no_request=0
[svd-local-timeout-profile] up_keep=0 up_drop=0 up_wait=0.000 ms gate_keep=0 gate_drop=0 gate_wait=0.000 ms down_keep=0 down_drop=0 down_wait=0.000 ms other_keep=0 other_drop=0 other_wait=0.000 ms
[svd-offload-client] up_gate_req=0 down_req=0 other_mat_req=0 ffn_req=0 gate_cache_hits=0 gate_cache_checks=0 miss_invalid=0 miss_layer=0 miss_rank=0 miss_hash=0 miss_output=0 miss_data=0 send_up_gate=0.000 ms send_down=0.000 ms send_other=0.000 ms send_ffn=0.000 ms wait_up_gate=0.000 ms wait_down=0.000 ms wait_other=0.000 ms wait_ffn=0.000 ms
[svd-offload-client-stage-profile] rpc_send_total=0.000 ms rpc_wait_total=0.000 ms
[svd-offload-client-debug] finish_fail_up_gate=0 finish_fail_down=0 finish_fail_other=0 finish_fail_ffn=0 cache_take_fail_up=0 cache_take_fail_gate=0 recv_up_sum_abs=0.000000e+00 recv_up_max_abs=0.000000e+00 recv_up_zero=0 recv_gate_sum_abs=0.000000e+00 recv_gate_max_abs=0.000000e+00 recv_gate_zero=0 recv_down_sum_abs=0.000000e+00 recv_down_max_abs=0.000000e+00 recv_down_zero=0 recv_other_sum_abs=0.000000e+00 recv_other_max_abs=0.000000e+00 recv_other_zero=0 recv_ffn_sum_abs=0.000000e+00 recv_ffn_max_abs=0.000000e+00 recv_ffn_zero=0
SUCCEED (one forward pass done)"
2c_asym_low_high,0,2,"60,61","20,80",model_schedule,skipped_edge_end_no_svd_no_adb,edge_end_no_svd,0,,,,,,,,
2c_asym_low_high,1,2,"60,61","20,80",baseline_no_svd,ok,,0,11.313,88.3935,141.996,0.8468682765960693,True,11,",","llama_context: graph splits = 1
attach_threadpool: call
threads: decode=2 batch=2
prompt tokens: 4
running one forward pass (llama_decode) ...
Top-5 next-token candidates:
  id=11 logit=20.2053 piece="",""
  id=304 logit=18.9277 piece="" in""
  id=3837 logit=18.7558 piece=""，""
  id=1052 logit=18.5616 piece="" there""
  id=358 logit=17.8374 piece="" I""
Autoregressive generation:
Generated text: ,
Decode-only throughput: 11.313 tokens/s (1 tokens in 0.0883935 s of llama_decode)
End-to-end throughput: 11.2734 tokens/s (1 tokens in 0.0887044 s)
[decode-stage-profile] model_load=376.188 ms context_create=55.9976 ms tokenize=0.469946 ms prefill_decode=141.996 ms generation_decode=88.3935 ms generation_total=88.7044 ms program_total=679.821 ms
[svd-local-op-profile] up_ops=56 gate_ops=56 down_ops=56 up_total=64.722 ms gate_total=62.132 ms down_total=54.610 ms up_v=9.481 ms gate_v=9.270 ms down_v=45.017 ms up_u=55.238 ms gate_u=52.858 ms down_u=9.591 ms
[svd-local-stage-profile] attention_total=1.476 ms ffn_total=183.233 ms ffn_svd_total=181.464 ms ffn_svd_v=63.768 ms ffn_svd_u=117.687 ms
[svd-offload-zero-profile] up_finish=0 up_cache=0 up_no_request=27 gate_finish=0 gate_cache=0 gate_no_request=27 down_finish=0 down_cache=0 down_no_request=27 other_finish=0 other_cache=0 other_no_request=0
[svd-local-timeout-profile] up_keep=0 up_drop=0 up_wait=0.000 ms gate_keep=0 gate_drop=0 gate_wait=0.000 ms down_keep=0 down_drop=0 down_wait=0.000 ms other_keep=0 other_drop=0 other_wait=0.000 ms
[svd-offload-client] up_gate_req=0 down_req=0 other_mat_req=0 ffn_req=0 gate_cache_hits=0 gate_cache_checks=0 miss_invalid=0 miss_layer=0 miss_rank=0 miss_hash=0 miss_output=0 miss_data=0 send_up_gate=0.000 ms send_down=0.000 ms send_other=0.000 ms send_ffn=0.000 ms wait_up_gate=0.000 ms wait_down=0.000 ms wait_other=0.000 ms wait_ffn=0.000 ms
[svd-offload-client-stage-profile] rpc_send_total=0.000 ms rpc_wait_total=0.000 ms
[svd-offload-client-debug] finish_fail_up_gate=0 finish_fail_down=0 finish_fail_other=0 finish_fail_ffn=0 cache_take_fail_up=0 cache_take_fail_gate=0 recv_up_sum_abs=0.000000e+00 recv_up_max_abs=0.000000e+00 recv_up_zero=0 recv_gate_sum_abs=0.000000e+00 recv_gate_max_abs=0.000000e+00 recv_gate_zero=0 recv_down_sum_abs=0.000000e+00 recv_down_max_abs=0.000000e+00 recv_down_zero=0 recv_other_sum_abs=0.000000e+00 recv_other_max_abs=0.000000e+00 recv_other_zero=0 recv_ffn_sum_abs=0.000000e+00 recv_ffn_max_abs=0.000000e+00 recv_ffn_zero=0
SUCCEED (one forward pass done)"
2c_asym_low_high,1,2,"60,61","20,80",model_schedule,skipped_edge_end_no_svd_no_adb,edge_end_no_svd,0,,,,,,,,
2c_asym_low_high,2,2,"60,61","20,80",baseline_no_svd,ok,,0,11.5128,86.8598,144.488,0.8360564708709717,True,11,",","llama_context: graph splits = 1
attach_threadpool: call
threads: decode=2 batch=2
prompt tokens: 4
running one forward pass (llama_decode) ...
Top-5 next-token candidates:
  id=11 logit=20.2053 piece="",""
  id=304 logit=18.9277 piece="" in""
  id=3837 logit=18.7558 piece=""，""
  id=1052 logit=18.5616 piece="" there""
  id=358 logit=17.8374 piece="" I""
Autoregressive generation:
Generated text: ,
Decode-only throughput: 11.5128 tokens/s (1 tokens in 0.0868598 s of llama_decode)
End-to-end throughput: 11.472 tokens/s (1 tokens in 0.0871686 s)
[decode-stage-profile] model_load=381.127 ms context_create=57.2747 ms tokenize=0.468646 ms prefill_decode=144.488 ms generation_decode=86.8598 ms generation_total=87.1686 ms program_total=687.118 ms
[svd-local-op-profile] up_ops=56 gate_ops=56 down_ops=56 up_total=66.643 ms gate_total=65.563 ms down_total=50.357 ms up_v=13.590 ms gate_v=9.383 ms down_v=40.914 ms up_u=53.049 ms gate_u=56.173 ms down_u=9.439 ms
[svd-local-stage-profile] attention_total=1.498 ms ffn_total=184.332 ms ffn_svd_total=182.563 ms ffn_svd_v=63.887 ms ffn_svd_u=118.661 ms
[svd-offload-zero-profile] up_finish=0 up_cache=0 up_no_request=27 gate_finish=0 gate_cache=0 gate_no_request=27 down_finish=0 down_cache=0 down_no_request=27 other_finish=0 other_cache=0 other_no_request=0
[svd-local-timeout-profile] up_keep=0 up_drop=0 up_wait=0.000 ms gate_keep=0 gate_drop=0 gate_wait=0.000 ms down_keep=0 down_drop=0 down_wait=0.000 ms other_keep=0 other_drop=0 other_wait=0.000 ms
[svd-offload-client] up_gate_req=0 down_req=0 other_mat_req=0 ffn_req=0 gate_cache_hits=0 gate_cache_checks=0 miss_invalid=0 miss_layer=0 miss_rank=0 miss_hash=0 miss_output=0 miss_data=0 send_up_gate=0.000 ms send_down=0.000 ms send_other=0.000 ms send_ffn=0.000 ms wait_up_gate=0.000 ms wait_down=0.000 ms wait_other=0.000 ms wait_ffn=0.000 ms
[svd-offload-client-stage-profile] rpc_send_total=0.000 ms rpc_wait_total=0.000 ms
[svd-offload-client-debug] finish_fail_up_gate=0 finish_fail_down=0 finish_fail_other=0 finish_fail_ffn=0 cache_take_fail_up=0 cache_take_fail_gate=0 recv_up_sum_abs=0.000000e+00 recv_up_max_abs=0.000000e+00 recv_up_zero=0 recv_gate_sum_abs=0.000000e+00 recv_gate_max_abs=0.000000e+00 recv_gate_zero=0 recv_down_sum_abs=0.000000e+00 recv_down_max_abs=0.000000e+00 recv_down_zero=0 recv_other_sum_abs=0.000000e+00 recv_other_max_abs=0.000000e+00 recv_other_zero=0 recv_ffn_sum_abs=0.000000e+00 recv_ffn_max_abs=0.000000e+00 recv_ffn_zero=0
SUCCEED (one forward pass done)"
2c_asym_low_high,2,2,"60,61","20,80",model_schedule,skipped_edge_end_no_svd_no_adb,edge_end_no_svd,0,,,,,,,,
2c_idle_saturated,0,2,"60,61","0,100",baseline_no_svd,ok,,0,11.8041,84.7165,147.087,0.8493621349334717,True,11,",","llama_context: graph splits = 1
attach_threadpool: call
threads: decode=2 batch=2
prompt tokens: 4
running one forward pass (llama_decode) ...
Top-5 next-token candidates:
  id=11 logit=20.2053 piece="",""
  id=304 logit=18.9277 piece="" in""
  id=3837 logit=18.7558 piece=""，""
  id=1052 logit=18.5616 piece="" there""
  id=358 logit=17.8374 piece="" I""
Autoregressive generation:
Generated text: ,
Decode-only throughput: 11.8041 tokens/s (1 tokens in 0.0847165 s of llama_decode)
End-to-end throughput: 11.7612 tokens/s (1 tokens in 0.0850255 s)
[decode-stage-profile] model_load=383.972 ms context_create=56.8527 ms tokenize=0.461513 ms prefill_decode=147.087 ms generation_decode=84.7165 ms generation_total=85.0255 ms program_total=690.3 ms
[svd-local-op-profile] up_ops=56 gate_ops=56 down_ops=56 up_total=68.203 ms gate_total=63.042 ms down_total=51.019 ms up_v=9.806 ms gate_v=9.474 ms down_v=41.323 ms up_u=58.391 ms gate_u=53.564 ms down_u=9.695 ms
[svd-local-stage-profile] attention_total=1.496 ms ffn_total=184.095 ms ffn_svd_total=182.264 ms ffn_svd_v=60.603 ms ffn_svd_u=121.650 ms
[svd-offload-zero-profile] up_finish=0 up_cache=0 up_no_request=27 gate_finish=0 gate_cache=0 gate_no_request=27 down_finish=0 down_cache=0 down_no_request=27 other_finish=0 other_cache=0 other_no_request=0
[svd-local-timeout-profile] up_keep=0 up_drop=0 up_wait=0.000 ms gate_keep=0 gate_drop=0 gate_wait=0.000 ms down_keep=0 down_drop=0 down_wait=0.000 ms other_keep=0 other_drop=0 other_wait=0.000 ms
[svd-offload-client] up_gate_req=0 down_req=0 other_mat_req=0 ffn_req=0 gate_cache_hits=0 gate_cache_checks=0 miss_invalid=0 miss_layer=0 miss_rank=0 miss_hash=0 miss_output=0 miss_data=0 send_up_gate=0.000 ms send_down=0.000 ms send_other=0.000 ms send_ffn=0.000 ms wait_up_gate=0.000 ms wait_down=0.000 ms wait_other=0.000 ms wait_ffn=0.000 ms
[svd-offload-client-stage-profile] rpc_send_total=0.000 ms rpc_wait_total=0.000 ms
[svd-offload-client-debug] finish_fail_up_gate=0 finish_fail_down=0 finish_fail_other=0 finish_fail_ffn=0 cache_take_fail_up=0 cache_take_fail_gate=0 recv_up_sum_abs=0.000000e+00 recv_up_max_abs=0.000000e+00 recv_up_zero=0 recv_gate_sum_abs=0.000000e+00 recv_gate_max_abs=0.000000e+00 recv_gate_zero=0 recv_down_sum_abs=0.000000e+00 recv_down_max_abs=0.000000e+00 recv_down_zero=0 recv_other_sum_abs=0.000000e+00 recv_other_max_abs=0.000000e+00 recv_other_zero=0 recv_ffn_sum_abs=0.000000e+00 recv_ffn_max_abs=0.000000e+00 recv_ffn_zero=0
SUCCEED (one forward pass done)"
2c_idle_saturated,0,2,"60,61","0,100",model_schedule,skipped_edge_end_no_svd_no_adb,edge_end_no_svd,0,,,,,,,,
2c_idle_saturated,1,2,"60,61","0,100",baseline_no_svd,ok,,0,11.7691,84.9681,145.948,0.8448843955993652,True,11,",","llama_context: graph splits = 1
attach_threadpool: call
threads: decode=2 batch=2
prompt tokens: 4
running one forward pass (llama_decode) ...
Top-5 next-token candidates:
  id=11 logit=20.2053 piece="",""
  id=304 logit=18.9277 piece="" in""
  id=3837 logit=18.7558 piece=""，""
  id=1052 logit=18.5616 piece="" there""
  id=358 logit=17.8374 piece="" I""
Autoregressive generation:
Generated text: ,
Decode-only throughput: 11.7691 tokens/s (1 tokens in 0.0849681 s of llama_decode)
End-to-end throughput: 11.7263 tokens/s (1 tokens in 0.0852782 s)
[decode-stage-profile] model_load=386.499 ms context_create=57.3228 ms tokenize=0.470529 ms prefill_decode=145.948 ms generation_decode=84.9681 ms generation_total=85.2782 ms program_total=692.813 ms
[svd-local-op-profile] up_ops=56 gate_ops=56 down_ops=56 up_total=62.991 ms gate_total=63.073 ms down_total=55.212 ms up_v=9.666 ms gate_v=9.512 ms down_v=45.589 ms up_u=53.321 ms gate_u=53.556 ms down_u=9.622 ms
[svd-local-stage-profile] attention_total=1.481 ms ffn_total=183.155 ms ffn_svd_total=181.276 ms ffn_svd_v=64.767 ms ffn_svd_u=116.499 ms
[svd-offload-zero-profile] up_finish=0 up_cache=0 up_no_request=27 gate_finish=0 gate_cache=0 gate_no_request=27 down_finish=0 down_cache=0 down_no_request=27 other_finish=0 other_cache=0 other_no_request=0
[svd-local-timeout-profile] up_keep=0 up_drop=0 up_wait=0.000 ms gate_keep=0 gate_drop=0 gate_wait=0.000 ms down_keep=0 down_drop=0 down_wait=0.000 ms other_keep=0 other_drop=0 other_wait=0.000 ms
[svd-offload-client] up_gate_req=0 down_req=0 other_mat_req=0 ffn_req=0 gate_cache_hits=0 gate_cache_checks=0 miss_invalid=0 miss_layer=0 miss_rank=0 miss_hash=0 miss_output=0 miss_data=0 send_up_gate=0.000 ms send_down=0.000 ms send_other=0.000 ms send_ffn=0.000 ms wait_up_gate=0.000 ms wait_down=0.000 ms wait_other=0.000 ms wait_ffn=0.000 ms
[svd-offload-client-stage-profile] rpc_send_total=0.000 ms rpc_wait_total=0.000 ms
[svd-offload-client-debug] finish_fail_up_gate=0 finish_fail_down=0 finish_fail_other=0 finish_fail_ffn=0 cache_take_fail_up=0 cache_take_fail_gate=0 recv_up_sum_abs=0.000000e+00 recv_up_max_abs=0.000000e+00 recv_up_zero=0 recv_gate_sum_abs=0.000000e+00 recv_gate_max_abs=0.000000e+00 recv_gate_zero=0 recv_down_sum_abs=0.000000e+00 recv_down_max_abs=0.000000e+00 recv_down_zero=0 recv_other_sum_abs=0.000000e+00 recv_other_max_abs=0.000000e+00 recv_other_zero=0 recv_ffn_sum_abs=0.000000e+00 recv_ffn_max_abs=0.000000e+00 recv_ffn_zero=0
SUCCEED (one forward pass done)"
2c_idle_saturated,1,2,"60,61","0,100",model_schedule,skipped_edge_end_no_svd_no_adb,edge_end_no_svd,0,,,,,,,,
2c_idle_saturated,2,2,"60,61","0,100",baseline_no_svd,ok,,0,11.345,88.1442,145.651,0.8570137023925781,True,11,",","llama_context: graph splits = 1
attach_threadpool: call
threads: decode=2 batch=2
prompt tokens: 4
running one forward pass (llama_decode) ...
Top-5 next-token candidates:
  id=11 logit=20.2053 piece="",""
  id=304 logit=18.9277 piece="" in""
  id=3837 logit=18.7558 piece=""，""
  id=1052 logit=18.5616 piece="" there""
  id=358 logit=17.8374 piece="" I""
Autoregressive generation:
Generated text: ,
Decode-only throughput: 11.345 tokens/s (1 tokens in 0.0881442 s of llama_decode)
End-to-end throughput: 11.3057 tokens/s (1 tokens in 0.0884507 s)
[decode-stage-profile] model_load=387.541 ms context_create=57.3492 ms tokenize=0.45899 ms prefill_decode=145.651 ms generation_decode=88.1442 ms generation_total=88.4507 ms program_total=696.57 ms
[svd-local-op-profile] up_ops=56 gate_ops=56 down_ops=56 up_total=63.458 ms gate_total=66.527 ms down_total=51.496 ms up_v=9.670 ms gate_v=12.209 ms down_v=41.755 ms up_u=53.785 ms gate_u=54.312 ms down_u=9.737 ms
[svd-local-stage-profile] attention_total=1.761 ms ffn_total=183.309 ms ffn_svd_total=181.481 ms ffn_svd_v=63.634 ms ffn_svd_u=117.834 ms
[svd-offload-zero-profile] up_finish=0 up_cache=0 up_no_request=27 gate_finish=0 gate_cache=0 gate_no_request=27 down_finish=0 down_cache=0 down_no_request=27 other_finish=0 other_cache=0 other_no_request=0
[svd-local-timeout-profile] up_keep=0 up_drop=0 up_wait=0.000 ms gate_keep=0 gate_drop=0 gate_wait=0.000 ms down_keep=0 down_drop=0 down_wait=0.000 ms other_keep=0 other_drop=0 other_wait=0.000 ms
[svd-offload-client] up_gate_req=0 down_req=0 other_mat_req=0 ffn_req=0 gate_cache_hits=0 gate_cache_checks=0 miss_invalid=0 miss_layer=0 miss_rank=0 miss_hash=0 miss_output=0 miss_data=0 send_up_gate=0.000 ms send_down=0.000 ms send_other=0.000 ms send_ffn=0.000 ms wait_up_gate=0.000 ms wait_down=0.000 ms wait_other=0.000 ms wait_ffn=0.000 ms
[svd-offload-client-stage-profile] rpc_send_total=0.000 ms rpc_wait_total=0.000 ms
[svd-offload-client-debug] finish_fail_up_gate=0 finish_fail_down=0 finish_fail_other=0 finish_fail_ffn=0 cache_take_fail_up=0 cache_take_fail_gate=0 recv_up_sum_abs=0.000000e+00 recv_up_max_abs=0.000000e+00 recv_up_zero=0 recv_gate_sum_abs=0.000000e+00 recv_gate_max_abs=0.000000e+00 recv_gate_zero=0 recv_down_sum_abs=0.000000e+00 recv_down_max_abs=0.000000e+00 recv_down_zero=0 recv_other_sum_abs=0.000000e+00 recv_other_max_abs=0.000000e+00 recv_other_zero=0 recv_ffn_sum_abs=0.000000e+00 recv_ffn_max_abs=0.000000e+00 recv_ffn_zero=0
SUCCEED (one forward pass done)"
2c_idle_saturated,2,2,"60,61","0,100",model_schedule,skipped_edge_end_no_svd_no_adb,edge_end_no_svd,0,,,,,,,,
2c_high,0,2,"60,61","80,100",baseline_no_svd,ok,,0,11.4905,87.0285,145.184,0.8448195457458496,True,11,",","llama_context: graph splits = 1
attach_threadpool: call
threads: decode=2 batch=2
prompt tokens: 4
running one forward pass (llama_decode) ...
Top-5 next-token candidates:
  id=11 logit=20.2053 piece="",""
  id=304 logit=18.9277 piece="" in""
  id=3837 logit=18.7558 piece=""，""
  id=1052 logit=18.5616 piece="" there""
  id=358 logit=17.8374 piece="" I""
Autoregressive generation:
Generated text: ,
Decode-only throughput: 11.4905 tokens/s (1 tokens in 0.0870285 s of llama_decode)
End-to-end throughput: 11.4493 tokens/s (1 tokens in 0.0873414 s)
[decode-stage-profile] model_load=382.332 ms context_create=61.2717 ms tokenize=0.449871 ms prefill_decode=145.184 ms generation_decode=87.0285 ms generation_total=87.3414 ms program_total=693.202 ms
[svd-local-op-profile] up_ops=56 gate_ops=56 down_ops=56 up_total=69.530 ms gate_total=62.695 ms down_total=50.788 ms up_v=9.619 ms gate_v=9.381 ms down_v=41.247 ms up_u=59.906 ms gate_u=53.305 ms down_u=9.534 ms
[svd-local-stage-profile] attention_total=1.506 ms ffn_total=184.707 ms ffn_svd_total=183.013 ms ffn_svd_v=60.247 ms ffn_svd_u=122.745 ms
[svd-offload-zero-profile] up_finish=0 up_cache=0 up_no_request=27 gate_finish=0 gate_cache=0 gate_no_request=27 down_finish=0 down_cache=0 down_no_request=27 other_finish=0 other_cache=0 other_no_request=0
[svd-local-timeout-profile] up_keep=0 up_drop=0 up_wait=0.000 ms gate_keep=0 gate_drop=0 gate_wait=0.000 ms down_keep=0 down_drop=0 down_wait=0.000 ms other_keep=0 other_drop=0 other_wait=0.000 ms
[svd-offload-client] up_gate_req=0 down_req=0 other_mat_req=0 ffn_req=0 gate_cache_hits=0 gate_cache_checks=0 miss_invalid=0 miss_layer=0 miss_rank=0 miss_hash=0 miss_output=0 miss_data=0 send_up_gate=0.000 ms send_down=0.000 ms send_other=0.000 ms send_ffn=0.000 ms wait_up_gate=0.000 ms wait_down=0.000 ms wait_other=0.000 ms wait_ffn=0.000 ms
[svd-offload-client-stage-profile] rpc_send_total=0.000 ms rpc_wait_total=0.000 ms
[svd-offload-client-debug] finish_fail_up_gate=0 finish_fail_down=0 finish_fail_other=0 finish_fail_ffn=0 cache_take_fail_up=0 cache_take_fail_gate=0 recv_up_sum_abs=0.000000e+00 recv_up_max_abs=0.000000e+00 recv_up_zero=0 recv_gate_sum_abs=0.000000e+00 recv_gate_max_abs=0.000000e+00 recv_gate_zero=0 recv_down_sum_abs=0.000000e+00 recv_down_max_abs=0.000000e+00 recv_down_zero=0 recv_other_sum_abs=0.000000e+00 recv_other_max_abs=0.000000e+00 recv_other_zero=0 recv_ffn_sum_abs=0.000000e+00 recv_ffn_max_abs=0.000000e+00 recv_ffn_zero=0
SUCCEED (one forward pass done)"
2c_high,0,2,"60,61","80,100",model_schedule,skipped_edge_end_no_svd_no_adb,edge_end_no_svd,0,,,,,,,,
2c_high,1,2,"60,61","80,100",baseline_no_svd,ok,,0,10.5637,94.6634,146.592,0.8630354404449463,True,11,",","llama_context: graph splits = 1
attach_threadpool: call
threads: decode=2 batch=2
prompt tokens: 4
running one forward pass (llama_decode) ...
Top-5 next-token candidates:
  id=11 logit=20.2053 piece="",""
  id=304 logit=18.9277 piece="" in""
  id=3837 logit=18.7558 piece=""，""
  id=1052 logit=18.5616 piece="" there""
  id=358 logit=17.8374 piece="" I""
Autoregressive generation:
Generated text: ,
Decode-only throughput: 10.5637 tokens/s (1 tokens in 0.0946634 s of llama_decode)
End-to-end throughput: 10.5282 tokens/s (1 tokens in 0.0949832 s)
[decode-stage-profile] model_load=384.049 ms context_create=62.601 ms tokenize=0.452462 ms prefill_decode=146.592 ms generation_decode=94.6634 ms generation_total=94.9832 ms program_total=705.293 ms
[svd-local-op-profile] up_ops=56 gate_ops=56 down_ops=56 up_total=64.466 ms gate_total=67.133 ms down_total=59.092 ms up_v=9.982 ms gate_v=9.559 ms down_v=45.398 ms up_u=54.478 ms gate_u=57.571 ms down_u=13.687 ms
[svd-local-stage-profile] attention_total=1.561 ms ffn_total=192.598 ms ffn_svd_total=190.691 ms ffn_svd_v=64.939 ms ffn_svd_u=125.736 ms
[svd-offload-zero-profile] up_finish=0 up_cache=0 up_no_request=27 gate_finish=0 gate_cache=0 gate_no_request=27 down_finish=0 down_cache=0 down_no_request=27 other_finish=0 other_cache=0 other_no_request=0
[svd-local-timeout-profile] up_keep=0 up_drop=0 up_wait=0.000 ms gate_keep=0 gate_drop=0 gate_wait=0.000 ms down_keep=0 down_drop=0 down_wait=0.000 ms other_keep=0 other_drop=0 other_wait=0.000 ms
[svd-offload-client] up_gate_req=0 down_req=0 other_mat_req=0 ffn_req=0 gate_cache_hits=0 gate_cache_checks=0 miss_invalid=0 miss_layer=0 miss_rank=0 miss_hash=0 miss_output=0 miss_data=0 send_up_gate=0.000 ms send_down=0.000 ms send_other=0.000 ms send_ffn=0.000 ms wait_up_gate=0.000 ms wait_down=0.000 ms wait_other=0.000 ms wait_ffn=0.000 ms
[svd-offload-client-stage-profile] rpc_send_total=0.000 ms rpc_wait_total=0.000 ms
[svd-offload-client-debug] finish_fail_up_gate=0 finish_fail_down=0 finish_fail_other=0 finish_fail_ffn=0 cache_take_fail_up=0 cache_take_fail_gate=0 recv_up_sum_abs=0.000000e+00 recv_up_max_abs=0.000000e+00 recv_up_zero=0 recv_gate_sum_abs=0.000000e+00 recv_gate_max_abs=0.000000e+00 recv_gate_zero=0 recv_down_sum_abs=0.000000e+00 recv_down_max_abs=0.000000e+00 recv_down_zero=0 recv_other_sum_abs=0.000000e+00 recv_other_max_abs=0.000000e+00 recv_other_zero=0 recv_ffn_sum_abs=0.000000e+00 recv_ffn_max_abs=0.000000e+00 recv_ffn_zero=0
SUCCEED (one forward pass done)"
2c_high,1,2,"60,61","80,100",model_schedule,skipped_edge_end_no_svd_no_adb,edge_end_no_svd,0,,,,,,,,
2c_high,2,2,"60,61","80,100",baseline_no_svd,ok,,0,11.2776,88.6711,144.864,0.841071367263794,True,11,",","llama_context: graph splits = 1
attach_threadpool: call
threads: decode=2 batch=2
prompt tokens: 4
running one forward pass (llama_decode) ...
Top-5 next-token candidates:
  id=11 logit=20.2053 piece="",""
  id=304 logit=18.9277 piece="" in""
  id=3837 logit=18.7558 piece=""，""
  id=1052 logit=18.5616 piece="" there""
  id=358 logit=17.8374 piece="" I""
Autoregressive generation:
Generated text: ,
Decode-only throughput: 11.2776 tokens/s (1 tokens in 0.0886711 s of llama_decode)
End-to-end throughput: 11.238 tokens/s (1 tokens in 0.0889836 s)
[decode-stage-profile] model_load=375.715 ms context_create=58.955 ms tokenize=0.451756 ms prefill_decode=144.864 ms generation_decode=88.6711 ms generation_total=88.9836 ms program_total=685.475 ms
[svd-local-op-profile] up_ops=56 gate_ops=56 down_ops=56 up_total=66.045 ms gate_total=63.116 ms down_total=55.197 ms up_v=9.618 ms gate_v=9.527 ms down_v=45.576 ms up_u=56.420 ms gate_u=53.584 ms down_u=9.616 ms
[svd-local-stage-profile] attention_total=1.631 ms ffn_total=186.113 ms ffn_svd_total=184.358 ms ffn_svd_v=64.721 ms ffn_svd_u=119.620 ms
[svd-offload-zero-profile] up_finish=0 up_cache=0 up_no_request=27 gate_finish=0 gate_cache=0 gate_no_request=27 down_finish=0 down_cache=0 down_no_request=27 other_finish=0 other_cache=0 other_no_request=0
[svd-local-timeout-profile] up_keep=0 up_drop=0 up_wait=0.000 ms gate_keep=0 gate_drop=0 gate_wait=0.000 ms down_keep=0 down_drop=0 down_wait=0.000 ms other_keep=0 other_drop=0 other_wait=0.000 ms
[svd-offload-client] up_gate_req=0 down_req=0 other_mat_req=0 ffn_req=0 gate_cache_hits=0 gate_cache_checks=0 miss_invalid=0 miss_layer=0 miss_rank=0 miss_hash=0 miss_output=0 miss_data=0 send_up_gate=0.000 ms send_down=0.000 ms send_other=0.000 ms send_ffn=0.000 ms wait_up_gate=0.000 ms wait_down=0.000 ms wait_other=0.000 ms wait_ffn=0.000 ms
[svd-offload-client-stage-profile] rpc_send_total=0.000 ms rpc_wait_total=0.000 ms
[svd-offload-client-debug] finish_fail_up_gate=0 finish_fail_down=0 finish_fail_other=0 finish_fail_ffn=0 cache_take_fail_up=0 cache_take_fail_gate=0 recv_up_sum_abs=0.000000e+00 recv_up_max_abs=0.000000e+00 recv_up_zero=0 recv_gate_sum_abs=0.000000e+00 recv_gate_max_abs=0.000000e+00 recv_gate_zero=0 recv_down_sum_abs=0.000000e+00 recv_down_max_abs=0.000000e+00 recv_down_zero=0 recv_other_sum_abs=0.000000e+00 recv_other_max_abs=0.000000e+00 recv_other_zero=0 recv_ffn_sum_abs=0.000000e+00 recv_ffn_max_abs=0.000000e+00 recv_ffn_zero=0
SUCCEED (one forward pass done)"
2c_high,2,2,"60,61","80,100",model_schedule,skipped_edge_end_no_svd_no_adb,edge_end_no_svd,0,,,,,,,,
4c_gradient,0,4,"60,61,62,63","0,20,60,100",baseline_no_svd,ok,,0,17.4815,57.2033,10693.3,11.396896362304688,True,11,",","llama_context: graph splits = 1
attach_threadpool: call
threads: decode=4 batch=4
prompt tokens: 4
running one forward pass (llama_decode) ...
Top-5 next-token candidates:
  id=11 logit=20.2053 piece="",""
  id=304 logit=18.9277 piece="" in""
  id=3837 logit=18.7558 piece=""，""
  id=1052 logit=18.5616 piece="" there""
  id=358 logit=17.8374 piece="" I""
Autoregressive generation:
Generated text: ,
Decode-only throughput: 17.4815 tokens/s (1 tokens in 0.0572033 s of llama_decode)
End-to-end throughput: 17.385 tokens/s (1 tokens in 0.0575209 s)
[decode-stage-profile] model_load=392.614 ms context_create=57.5067 ms tokenize=0.470899 ms prefill_decode=10693.3 ms generation_decode=57.2033 ms generation_total=57.5209 ms program_total=11219.7 ms
[svd-local-op-profile] up_ops=56 gate_ops=56 down_ops=56 up_total=572.447 ms gate_total=598.101 ms down_total=581.558 ms up_v=188.975 ms gate_v=202.107 ms down_v=206.014 ms up_u=383.470 ms gate_u=395.988 ms down_u=375.534 ms
[svd-local-stage-profile] attention_total=1418.699 ms ffn_total=2676.890 ms ffn_svd_total=1752.106 ms ffn_svd_v=597.096 ms ffn_svd_u=1154.992 ms
[svd-offload-zero-profile] up_finish=0 up_cache=0 up_no_request=27 gate_finish=0 gate_cache=0 gate_no_request=27 down_finish=0 down_cache=0 down_no_request=27 other_finish=0 other_cache=0 other_no_request=0
[svd-local-timeout-profile] up_keep=0 up_drop=0 up_wait=0.000 ms gate_keep=0 gate_drop=0 gate_wait=0.000 ms down_keep=0 down_drop=0 down_wait=0.000 ms other_keep=0 other_drop=0 other_wait=0.000 ms
[svd-offload-client] up_gate_req=0 down_req=0 other_mat_req=0 ffn_req=0 gate_cache_hits=0 gate_cache_checks=0 miss_invalid=0 miss_layer=0 miss_rank=0 miss_hash=0 miss_output=0 miss_data=0 send_up_gate=0.000 ms send_down=0.000 ms send_other=0.000 ms send_ffn=0.000 ms wait_up_gate=0.000 ms wait_down=0.000 ms wait_other=0.000 ms wait_ffn=0.000 ms
[svd-offload-client-stage-profile] rpc_send_total=0.000 ms rpc_wait_total=0.000 ms
[svd-offload-client-debug] finish_fail_up_gate=0 finish_fail_down=0 finish_fail_other=0 finish_fail_ffn=0 cache_take_fail_up=0 cache_take_fail_gate=0 recv_up_sum_abs=0.000000e+00 recv_up_max_abs=0.000000e+00 recv_up_zero=0 recv_gate_sum_abs=0.000000e+00 recv_gate_max_abs=0.000000e+00 recv_gate_zero=0 recv_down_sum_abs=0.000000e+00 recv_down_max_abs=0.000000e+00 recv_down_zero=0 recv_other_sum_abs=0.000000e+00 recv_other_max_abs=0.000000e+00 recv_other_zero=0 recv_ffn_sum_abs=0.000000e+00 recv_ffn_max_abs=0.000000e+00 recv_ffn_zero=0
SUCCEED (one forward pass done)"
4c_gradient,0,4,"60,61,62,63","0,20,60,100",model_schedule,ok,local,14,19.1488,52.2225,3496.29,4.19889760017395,True,3,$,"llama_context: graph splits = 1
attach_threadpool: call
threads: decode=4 batch=4
prompt tokens: 4
running one forward pass (llama_decode) ...
Top-5 next-token candidates:
  id=3 logit=0 piece=""$""
  id=4 logit=0 piece=""%""
  id=1 logit=0 piece=""""""
  id=0 logit=0 piece=""!""
  id=2 logit=0 piece=""#""
Autoregressive generation:
Generated text: !
Decode-only throughput: 19.1488 tokens/s (1 tokens in 0.0522225 s of llama_decode)
End-to-end throughput: 19.0297 tokens/s (1 tokens in 0.0525495 s)
[decode-stage-profile] model_load=400.868 ms context_create=59.359 ms tokenize=0.486029 ms prefill_decode=3496.29 ms generation_decode=52.2225 ms generation_total=52.5495 ms program_total=4027.6 ms
[svd-local-op-profile] up_ops=56 gate_ops=56 down_ops=56 up_total=204.712 ms gate_total=203.019 ms down_total=199.049 ms up_v=65.645 ms gate_v=61.769 ms down_v=83.262 ms up_u=139.051 ms gate_u=141.197 ms down_u=115.775 ms
[svd-local-stage-profile] attention_total=488.083 ms ffn_total=886.592 ms ffn_svd_total=606.780 ms ffn_svd_v=210.676 ms ffn_svd_u=396.023 ms
[svd-offload-zero-profile] up_finish=0 up_cache=0 up_no_request=27 gate_finish=0 gate_cache=0 gate_no_request=27 down_finish=0 down_cache=0 down_no_request=27 other_finish=0 other_cache=0 other_no_request=0
[svd-local-timeout-profile] up_keep=14 up_drop=0 up_wait=0.324 ms gate_keep=14 gate_drop=0 gate_wait=0.283 ms down_keep=14 down_drop=0 down_wait=1.470 ms other_keep=0 other_drop=0 other_wait=0.000 ms
[svd-offload-client] up_gate_req=0 down_req=0 other_mat_req=0 ffn_req=0 gate_cache_hits=0 gate_cache_checks=0 miss_invalid=0 miss_layer=0 miss_rank=0 miss_hash=0 miss_output=0 miss_data=0 send_up_gate=0.000 ms send_down=0.000 ms send_other=0.000 ms send_ffn=0.000 ms wait_up_gate=0.000 ms wait_down=0.000 ms wait_other=0.000 ms wait_ffn=0.000 ms
[svd-offload-client-stage-profile] rpc_send_total=0.000 ms rpc_wait_total=0.000 ms
[svd-offload-client-debug] finish_fail_up_gate=0 finish_fail_down=0 finish_fail_other=0 finish_fail_ffn=0 cache_take_fail_up=0 cache_take_fail_gate=0 recv_up_sum_abs=0.000000e+00 recv_up_max_abs=0.000000e+00 recv_up_zero=0 recv_gate_sum_abs=0.000000e+00 recv_gate_max_abs=0.000000e+00 recv_gate_zero=0 recv_down_sum_abs=0.000000e+00 recv_down_max_abs=0.000000e+00 recv_down_zero=0 recv_other_sum_abs=0.000000e+00 recv_other_max_abs=0.000000e+00 recv_other_zero=0 recv_ffn_sum_abs=0.000000e+00 recv_ffn_max_abs=0.000000e+00 recv_ffn_zero=0
SUCCEED (one forward pass done)"
4c_gradient,1,4,"60,61,62,63","0,20,60,100",baseline_no_svd,ok,,0,15.7415,63.5264,3109.56,3.826172113418579,True,11,",","llama_context: graph splits = 1
attach_threadpool: call
threads: decode=4 batch=4
prompt tokens: 4
running one forward pass (llama_decode) ...
Top-5 next-token candidates:
  id=11 logit=20.2053 piece="",""
  id=304 logit=18.9277 piece="" in""
  id=3837 logit=18.7558 piece=""，""
  id=1052 logit=18.5616 piece="" there""
  id=358 logit=17.8374 piece="" I""
Autoregressive generation:
Generated text: ,
Decode-only throughput: 15.7415 tokens/s (1 tokens in 0.0635264 s of llama_decode)
End-to-end throughput: 15.6617 tokens/s (1 tokens in 0.06385 s)
[decode-stage-profile] model_load=401.732 ms context_create=59.4922 ms tokenize=0.465292 ms prefill_decode=3109.56 ms generation_decode=63.5264 ms generation_total=63.85 ms program_total=3653.12 ms
[svd-local-op-profile] up_ops=56 gate_ops=56 down_ops=56 up_total=194.820 ms gate_total=185.372 ms down_total=181.487 ms up_v=58.094 ms gate_v=55.234 ms down_v=78.596 ms up_u=136.721 ms gate_u=130.136 ms down_u=102.886 ms
[svd-local-stage-profile] attention_total=447.485 ms ffn_total=787.958 ms ffn_svd_total=561.679 ms ffn_svd_v=191.924 ms ffn_svd_u=369.743 ms
[svd-offload-zero-profile] up_finish=0 up_cache=0 up_no_request=27 gate_finish=0 gate_cache=0 gate_no_request=27 down_finish=0 down_cache=0 down_no_request=27 other_finish=0 other_cache=0 other_no_request=0
[svd-local-timeout-profile] up_keep=0 up_drop=0 up_wait=0.000 ms gate_keep=0 gate_drop=0 gate_wait=0.000 ms down_keep=0 down_drop=0 down_wait=0.000 ms other_keep=0 other_drop=0 other_wait=0.000 ms
[svd-offload-client] up_gate_req=0 down_req=0 other_mat_req=0 ffn_req=0 gate_cache_hits=0 gate_cache_checks=0 miss_invalid=0 miss_layer=0 miss_rank=0 miss_hash=0 miss_output=0 miss_data=0 send_up_gate=0.000 ms send_down=0.000 ms send_other=0.000 ms send_ffn=0.000 ms wait_up_gate=0.000 ms wait_down=0.000 ms wait_other=0.000 ms wait_ffn=0.000 ms
[svd-offload-client-stage-profile] rpc_send_total=0.000 ms rpc_wait_total=0.000 ms
[svd-offload-client-debug] finish_fail_up_gate=0 finish_fail_down=0 finish_fail_other=0 finish_fail_ffn=0 cache_take_fail_up=0 cache_take_fail_gate=0 recv_up_sum_abs=0.000000e+00 recv_up_max_abs=0.000000e+00 recv_up_zero=0 recv_gate_sum_abs=0.000000e+00 recv_gate_max_abs=0.000000e+00 recv_gate_zero=0 recv_down_sum_abs=0.000000e+00 recv_down_max_abs=0.000000e+00 recv_down_zero=0 recv_other_sum_abs=0.000000e+00 recv_other_max_abs=0.000000e+00 recv_other_zero=0 recv_ffn_sum_abs=0.000000e+00 recv_ffn_max_abs=0.000000e+00 recv_ffn_zero=0
SUCCEED (one forward pass done)"
4c_gradient,1,4,"60,61,62,63","0,20,60,100",model_schedule,ok,local,14,15.8633,63.0387,3127.09,3.840261936187744,True,3,$,"llama_context: graph splits = 1
attach_threadpool: call
threads: decode=4 batch=4
prompt tokens: 4
running one forward pass (llama_decode) ...
Top-5 next-token candidates:
  id=3 logit=0 piece=""$""
  id=4 logit=0 piece=""%""
  id=1 logit=0 piece=""""""
  id=0 logit=0 piece=""!""
  id=2 logit=0 piece=""#""
Autoregressive generation:
Generated text: !
Decode-only throughput: 15.8633 tokens/s (1 tokens in 0.0630387 s of llama_decode)
End-to-end throughput: 15.7822 tokens/s (1 tokens in 0.0633626 s)
[decode-stage-profile] model_load=395.035 ms context_create=59.7271 ms tokenize=0.738393 ms prefill_decode=3127.09 ms generation_decode=63.0387 ms generation_total=63.3626 ms program_total=3663.51 ms
[svd-local-op-profile] up_ops=56 gate_ops=56 down_ops=56 up_total=183.874 ms gate_total=194.173 ms down_total=180.912 ms up_v=52.639 ms gate_v=57.183 ms down_v=79.327 ms up_u=131.217 ms gate_u=136.941 ms down_u=101.572 ms
[svd-local-stage-profile] attention_total=410.883 ms ffn_total=825.143 ms ffn_svd_total=558.959 ms ffn_svd_v=189.149 ms ffn_svd_u=369.730 ms
[svd-offload-zero-profile] up_finish=0 up_cache=0 up_no_request=27 gate_finish=0 gate_cache=0 gate_no_request=27 down_finish=0 down_cache=0 down_no_request=27 other_finish=0 other_cache=0 other_no_request=0
[svd-local-timeout-profile] up_keep=14 up_drop=0 up_wait=0.129 ms gate_keep=14 gate_drop=0 gate_wait=0.139 ms down_keep=14 down_drop=0 down_wait=0.807 ms other_keep=0 other_drop=0 other_wait=0.000 ms
[svd-offload-client] up_gate_req=0 down_req=0 other_mat_req=0 ffn_req=0 gate_cache_hits=0 gate_cache_checks=0 miss_invalid=0 miss_layer=0 miss_rank=0 miss_hash=0 miss_output=0 miss_data=0 send_up_gate=0.000 ms send_down=0.000 ms send_other=0.000 ms send_ffn=0.000 ms wait_up_gate=0.000 ms wait_down=0.000 ms wait_other=0.000 ms wait_ffn=0.000 ms
[svd-offload-client-stage-profile] rpc_send_total=0.000 ms rpc_wait_total=0.000 ms
[svd-offload-client-debug] finish_fail_up_gate=0 finish_fail_down=0 finish_fail_other=0 finish_fail_ffn=0 cache_take_fail_up=0 cache_take_fail_gate=0 recv_up_sum_abs=0.000000e+00 recv_up_max_abs=0.000000e+00 recv_up_zero=0 recv_gate_sum_abs=0.000000e+00 recv_gate_max_abs=0.000000e+00 recv_gate_zero=0 recv_down_sum_abs=0.000000e+00 recv_down_max_abs=0.000000e+00 recv_down_zero=0 recv_other_sum_abs=0.000000e+00 recv_other_max_abs=0.000000e+00 recv_other_zero=0 recv_ffn_sum_abs=0.000000e+00 recv_ffn_max_abs=0.000000e+00 recv_ffn_zero=0
SUCCEED (one forward pass done)"
4c_gradient,2,4,"60,61,62,63","0,20,60,100",baseline_no_svd,ok,,0,15.5464,64.3234,3789.54,4.660447835922241,True,11,",","llama_context: graph splits = 1
attach_threadpool: call
threads: decode=4 batch=4
prompt tokens: 4
running one forward pass (llama_decode) ...
Top-5 next-token candidates:
  id=11 logit=20.2053 piece="",""
  id=304 logit=18.9277 piece="" in""
  id=3837 logit=18.7558 piece=""，""
  id=1052 logit=18.5616 piece="" there""
  id=358 logit=17.8374 piece="" I""
Autoregressive generation:
Generated text: ,
Decode-only throughput: 15.5464 tokens/s (1 tokens in 0.0643234 s of llama_decode)
End-to-end throughput: 15.4671 tokens/s (1 tokens in 0.0646533 s)
[decode-stage-profile] model_load=516.76 ms context_create=70.2839 ms tokenize=0.9179 ms prefill_decode=3789.54 ms generation_decode=64.3234 ms generation_total=64.6533 ms program_total=4459.79 ms
[svd-local-op-profile] up_ops=56 gate_ops=56 down_ops=56 up_total=208.406 ms gate_total=217.547 ms down_total=217.551 ms up_v=65.126 ms gate_v=65.605 ms down_v=85.419 ms up_u=143.272 ms gate_u=151.937 ms down_u=132.127 ms
[svd-local-stage-profile] attention_total=550.658 ms ffn_total=962.407 ms ffn_svd_total=643.504 ms ffn_svd_v=216.150 ms ffn_svd_u=427.336 ms
[svd-offload-zero-profile] up_finish=0 up_cache=0 up_no_request=27 gate_finish=0 gate_cache=0 gate_no_request=27 down_finish=0 down_cache=0 down_no_request=27 other_finish=0 other_cache=0 other_no_request=0
[svd-local-timeout-profile] up_keep=0 up_drop=0 up_wait=0.000 ms gate_keep=0 gate_drop=0 gate_wait=0.000 ms down_keep=0 down_drop=0 down_wait=0.000 ms other_keep=0 other_drop=0 other_wait=0.000 ms
[svd-offload-client] up_gate_req=0 down_req=0 other_mat_req=0 ffn_req=0 gate_cache_hits=0 gate_cache_checks=0 miss_invalid=0 miss_layer=0 miss_rank=0 miss_hash=0 miss_output=0 miss_data=0 send_up_gate=0.000 ms send_down=0.000 ms send_other=0.000 ms send_ffn=0.000 ms wait_up_gate=0.000 ms wait_down=0.000 ms wait_other=0.000 ms wait_ffn=0.000 ms
[svd-offload-client-stage-profile] rpc_send_total=0.000 ms rpc_wait_total=0.000 ms
[svd-offload-client-debug] finish_fail_up_gate=0 finish_fail_down=0 finish_fail_other=0 finish_fail_ffn=0 cache_take_fail_up=0 cache_take_fail_gate=0 recv_up_sum_abs=0.000000e+00 recv_up_max_abs=0.000000e+00 recv_up_zero=0 recv_gate_sum_abs=0.000000e+00 recv_gate_max_abs=0.000000e+00 recv_gate_zero=0 recv_down_sum_abs=0.000000e+00 recv_down_max_abs=0.000000e+00 recv_down_zero=0 recv_other_sum_abs=0.000000e+00 recv_other_max_abs=0.000000e+00 recv_other_zero=0 recv_ffn_sum_abs=0.000000e+00 recv_ffn_max_abs=0.000000e+00 recv_ffn_zero=0
SUCCEED (one forward pass done)"
4c_gradient,2,4,"60,61,62,63","0,20,60,100",model_schedule,ok,local,14,20.5267,48.7171,2246.54,3.017749547958374,True,3,$,"llama_context: graph splits = 1
attach_threadpool: call
threads: decode=4 batch=4
prompt tokens: 4
running one forward pass (llama_decode) ...
Top-5 next-token candidates:
  id=3 logit=0 piece=""$""
  id=4 logit=0 piece=""%""
  id=1 logit=0 piece=""""""
  id=0 logit=0 piece=""!""
  id=2 logit=0 piece=""#""
Autoregressive generation:
Generated text: !
Decode-only throughput: 20.5267 tokens/s (1 tokens in 0.0487171 s of llama_decode)
End-to-end throughput: 20.3929 tokens/s (1 tokens in 0.0490367 s)
[decode-stage-profile] model_load=469.303 ms context_create=67.2775 ms tokenize=0.795849 ms prefill_decode=2246.54 ms generation_decode=48.7171 ms generation_total=49.0367 ms program_total=2852.4 ms
[svd-local-op-profile] up_ops=56 gate_ops=56 down_ops=56 up_total=137.594 ms gate_total=145.723 ms down_total=131.719 ms up_v=41.141 ms gate_v=44.025 ms down_v=56.711 ms up_u=96.440 ms gate_u=101.683 ms down_u=74.996 ms
[svd-local-stage-profile] attention_total=313.586 ms ffn_total=584.425 ms ffn_svd_total=415.036 ms ffn_svd_v=141.877 ms ffn_svd_u=273.119 ms
[svd-offload-zero-profile] up_finish=0 up_cache=0 up_no_request=27 gate_finish=0 gate_cache=0 gate_no_request=27 down_finish=0 down_cache=0 down_no_request=27 other_finish=0 other_cache=0 other_no_request=0
[svd-local-timeout-profile] up_keep=14 up_drop=0 up_wait=0.228 ms gate_keep=14 gate_drop=0 gate_wait=0.234 ms down_keep=14 down_drop=0 down_wait=1.435 ms other_keep=0 other_drop=0 other_wait=0.000 ms
[svd-offload-client] up_gate_req=0 down_req=0 other_mat_req=0 ffn_req=0 gate_cache_hits=0 gate_cache_checks=0 miss_invalid=0 miss_layer=0 miss_rank=0 miss_hash=0 miss_output=0 miss_data=0 send_up_gate=0.000 ms send_down=0.000 ms send_other=0.000 ms send_ffn=0.000 ms wait_up_gate=0.000 ms wait_down=0.000 ms wait_other=0.000 ms wait_ffn=0.000 ms
[svd-offload-client-stage-profile] rpc_send_total=0.000 ms rpc_wait_total=0.000 ms
[svd-offload-client-debug] finish_fail_up_gate=0 finish_fail_down=0 finish_fail_other=0 finish_fail_ffn=0 cache_take_fail_up=0 cache_take_fail_gate=0 recv_up_sum_abs=0.000000e+00 recv_up_max_abs=0.000000e+00 recv_up_zero=0 recv_gate_sum_abs=0.000000e+00 recv_gate_max_abs=0.000000e+00 recv_gate_zero=0 recv_down_sum_abs=0.000000e+00 recv_down_max_abs=0.000000e+00 recv_down_zero=0 recv_other_sum_abs=0.000000e+00 recv_other_max_abs=0.000000e+00 recv_other_zero=0 recv_ffn_sum_abs=0.000000e+00 recv_ffn_max_abs=0.000000e+00 recv_ffn_zero=0
SUCCEED (one forward pass done)"
4c_balanced_high,0,4,"60,61,62,63","20,40,60,80",baseline_no_svd,ok,,0,19.7895,50.5317,681.364,1.3372728824615479,True,11,",","llama_context: graph splits = 1
attach_threadpool: call
threads: decode=4 batch=4
prompt tokens: 4
running one forward pass (llama_decode) ...
Top-5 next-token candidates:
  id=11 logit=20.2053 piece="",""
  id=304 logit=18.9277 piece="" in""
  id=3837 logit=18.7558 piece=""，""
  id=1052 logit=18.5616 piece="" there""
  id=358 logit=17.8374 piece="" I""
Autoregressive generation:
Generated text: ,
Decode-only throughput: 19.7895 tokens/s (1 tokens in 0.0505317 s of llama_decode)
End-to-end throughput: 19.6707 tokens/s (1 tokens in 0.0508371 s)
[decode-stage-profile] model_load=376.758 ms context_create=59.766 ms tokenize=0.466153 ms prefill_decode=681.364 ms generation_decode=50.5317 ms generation_total=50.8371 ms program_total=1186.07 ms
[svd-local-op-profile] up_ops=56 gate_ops=56 down_ops=56 up_total=57.763 ms gate_total=56.925 ms down_total=57.007 ms up_v=12.530 ms gate_v=12.502 ms down_v=36.784 ms up_u=45.228 ms gate_u=44.419 ms down_u=20.215 ms
[svd-local-stage-profile] attention_total=103.291 ms ffn_total=208.811 ms ffn_svd_total=171.695 ms ffn_svd_v=61.816 ms ffn_svd_u=109.862 ms
[svd-offload-zero-profile] up_finish=0 up_cache=0 up_no_request=27 gate_finish=0 gate_cache=0 gate_no_request=27 down_finish=0 down_cache=0 down_no_request=27 other_finish=0 other_cache=0 other_no_request=0
[svd-local-timeout-profile] up_keep=0 up_drop=0 up_wait=0.000 ms gate_keep=0 gate_drop=0 gate_wait=0.000 ms down_keep=0 down_drop=0 down_wait=0.000 ms other_keep=0 other_drop=0 other_wait=0.000 ms
[svd-offload-client] up_gate_req=0 down_req=0 other_mat_req=0 ffn_req=0 gate_cache_hits=0 gate_cache_checks=0 miss_invalid=0 miss_layer=0 miss_rank=0 miss_hash=0 miss_output=0 miss_data=0 send_up_gate=0.000 ms send_down=0.000 ms send_other=0.000 ms send_ffn=0.000 ms wait_up_gate=0.000 ms wait_down=0.000 ms wait_other=0.000 ms wait_ffn=0.000 ms
[svd-offload-client-stage-profile] rpc_send_total=0.000 ms rpc_wait_total=0.000 ms
[svd-offload-client-debug] finish_fail_up_gate=0 finish_fail_down=0 finish_fail_other=0 finish_fail_ffn=0 cache_take_fail_up=0 cache_take_fail_gate=0 recv_up_sum_abs=0.000000e+00 recv_up_max_abs=0.000000e+00 recv_up_zero=0 recv_gate_sum_abs=0.000000e+00 recv_gate_max_abs=0.000000e+00 recv_gate_zero=0 recv_down_sum_abs=0.000000e+00 recv_down_max_abs=0.000000e+00 recv_down_zero=0 recv_other_sum_abs=0.000000e+00 recv_other_max_abs=0.000000e+00 recv_other_zero=0 recv_ffn_sum_abs=0.000000e+00 recv_ffn_max_abs=0.000000e+00 recv_ffn_zero=0
SUCCEED (one forward pass done)"
4c_balanced_high,0,4,"60,61,62,63","20,40,60,80",model_schedule,same_as_baseline_no_svd,local,0,19.7895,50.5317,681.364,1.3372728824615479,True,11,",","llama_context: graph splits = 1
attach_threadpool: call
threads: decode=4 batch=4
prompt tokens: 4
running one forward pass (llama_decode) ...
Top-5 next-token candidates:
  id=11 logit=20.2053 piece="",""
  id=304 logit=18.9277 piece="" in""
  id=3837 logit=18.7558 piece=""，""
  id=1052 logit=18.5616 piece="" there""
  id=358 logit=17.8374 piece="" I""
Autoregressive generation:
Generated text: ,
Decode-only throughput: 19.7895 tokens/s (1 tokens in 0.0505317 s of llama_decode)
End-to-end throughput: 19.6707 tokens/s (1 tokens in 0.0508371 s)
[decode-stage-profile] model_load=376.758 ms context_create=59.766 ms tokenize=0.466153 ms prefill_decode=681.364 ms generation_decode=50.5317 ms generation_total=50.8371 ms program_total=1186.07 ms
[svd-local-op-profile] up_ops=56 gate_ops=56 down_ops=56 up_total=57.763 ms gate_total=56.925 ms down_total=57.007 ms up_v=12.530 ms gate_v=12.502 ms down_v=36.784 ms up_u=45.228 ms gate_u=44.419 ms down_u=20.215 ms
[svd-local-stage-profile] attention_total=103.291 ms ffn_total=208.811 ms ffn_svd_total=171.695 ms ffn_svd_v=61.816 ms ffn_svd_u=109.862 ms
[svd-offload-zero-profile] up_finish=0 up_cache=0 up_no_request=27 gate_finish=0 gate_cache=0 gate_no_request=27 down_finish=0 down_cache=0 down_no_request=27 other_finish=0 other_cache=0 other_no_request=0
[svd-local-timeout-profile] up_keep=0 up_drop=0 up_wait=0.000 ms gate_keep=0 gate_drop=0 gate_wait=0.000 ms down_keep=0 down_drop=0 down_wait=0.000 ms other_keep=0 other_drop=0 other_wait=0.000 ms
[svd-offload-client] up_gate_req=0 down_req=0 other_mat_req=0 ffn_req=0 gate_cache_hits=0 gate_cache_checks=0 miss_invalid=0 miss_layer=0 miss_rank=0 miss_hash=0 miss_output=0 miss_data=0 send_up_gate=0.000 ms send_down=0.000 ms send_other=0.000 ms send_ffn=0.000 ms wait_up_gate=0.000 ms wait_down=0.000 ms wait_other=0.000 ms wait_ffn=0.000 ms
[svd-offload-client-stage-profile] rpc_send_total=0.000 ms rpc_wait_total=0.000 ms
[svd-offload-client-debug] finish_fail_up_gate=0 finish_fail_down=0 finish_fail_other=0 finish_fail_ffn=0 cache_take_fail_up=0 cache_take_fail_gate=0 recv_up_sum_abs=0.000000e+00 recv_up_max_abs=0.000000e+00 recv_up_zero=0 recv_gate_sum_abs=0.000000e+00 recv_gate_max_abs=0.000000e+00 recv_gate_zero=0 recv_down_sum_abs=0.000000e+00 recv_down_max_abs=0.000000e+00 recv_down_zero=0 recv_other_sum_abs=0.000000e+00 recv_other_max_abs=0.000000e+00 recv_other_zero=0 recv_ffn_sum_abs=0.000000e+00 recv_ffn_max_abs=0.000000e+00 recv_ffn_zero=0
SUCCEED (one forward pass done)"
4c_balanced_high,1,4,"60,61,62,63","20,40,60,80",baseline_no_svd,ok,,0,19.3818,51.5948,430.036,1.1044678688049316,True,11,",","llama_context: graph splits = 1
attach_threadpool: call
threads: decode=4 batch=4
prompt tokens: 4
running one forward pass (llama_decode) ...
Top-5 next-token candidates:
  id=11 logit=20.2053 piece="",""
  id=304 logit=18.9277 piece="" in""
  id=3837 logit=18.7558 piece=""，""
  id=1052 logit=18.5616 piece="" there""
  id=358 logit=17.8374 piece="" I""
Autoregressive generation:
Generated text: ,
Decode-only throughput: 19.3818 tokens/s (1 tokens in 0.0515948 s of llama_decode)
End-to-end throughput: 19.2648 tokens/s (1 tokens in 0.051908 s)
[decode-stage-profile] model_load=383.688 ms context_create=62.7084 ms tokenize=0.468416 ms prefill_decode=430.036 ms generation_decode=51.5948 ms generation_total=51.908 ms program_total=945.171 ms
[svd-local-op-profile] up_ops=56 gate_ops=56 down_ops=56 up_total=77.425 ms gate_total=51.996 ms down_total=65.734 ms up_v=16.489 ms gate_v=5.425 ms down_v=35.630 ms up_u=60.933 ms gate_u=46.569 ms down_u=30.097 ms
[svd-local-stage-profile] attention_total=99.572 ms ffn_total=238.567 ms ffn_svd_total=195.155 ms ffn_svd_v=57.544 ms ffn_svd_u=137.599 ms
[svd-offload-zero-profile] up_finish=0 up_cache=0 up_no_request=27 gate_finish=0 gate_cache=0 gate_no_request=27 down_finish=0 down_cache=0 down_no_request=27 other_finish=0 other_cache=0 other_no_request=0
[svd-local-timeout-profile] up_keep=0 up_drop=0 up_wait=0.000 ms gate_keep=0 gate_drop=0 gate_wait=0.000 ms down_keep=0 down_drop=0 down_wait=0.000 ms other_keep=0 other_drop=0 other_wait=0.000 ms
[svd-offload-client] up_gate_req=0 down_req=0 other_mat_req=0 ffn_req=0 gate_cache_hits=0 gate_cache_checks=0 miss_invalid=0 miss_layer=0 miss_rank=0 miss_hash=0 miss_output=0 miss_data=0 send_up_gate=0.000 ms send_down=0.000 ms send_other=0.000 ms send_ffn=0.000 ms wait_up_gate=0.000 ms wait_down=0.000 ms wait_other=0.000 ms wait_ffn=0.000 ms
[svd-offload-client-stage-profile] rpc_send_total=0.000 ms rpc_wait_total=0.000 ms
[svd-offload-client-debug] finish_fail_up_gate=0 finish_fail_down=0 finish_fail_other=0 finish_fail_ffn=0 cache_take_fail_up=0 cache_take_fail_gate=0 recv_up_sum_abs=0.000000e+00 recv_up_max_abs=0.000000e+00 recv_up_zero=0 recv_gate_sum_abs=0.000000e+00 recv_gate_max_abs=0.000000e+00 recv_gate_zero=0 recv_down_sum_abs=0.000000e+00 recv_down_max_abs=0.000000e+00 recv_down_zero=0 recv_other_sum_abs=0.000000e+00 recv_other_max_abs=0.000000e+00 recv_other_zero=0 recv_ffn_sum_abs=0.000000e+00 recv_ffn_max_abs=0.000000e+00 recv_ffn_zero=0
SUCCEED (one forward pass done)"
4c_balanced_high,1,4,"60,61,62,63","20,40,60,80",model_schedule,same_as_baseline_no_svd,local,0,19.3818,51.5948,430.036,1.1044678688049316,True,11,",","llama_context: graph splits = 1
attach_threadpool: call
threads: decode=4 batch=4
prompt tokens: 4
running one forward pass (llama_decode) ...
Top-5 next-token candidates:
  id=11 logit=20.2053 piece="",""
  id=304 logit=18.9277 piece="" in""
  id=3837 logit=18.7558 piece=""，""
  id=1052 logit=18.5616 piece="" there""
  id=358 logit=17.8374 piece="" I""
Autoregressive generation:
Generated text: ,
Decode-only throughput: 19.3818 tokens/s (1 tokens in 0.0515948 s of llama_decode)
End-to-end throughput: 19.2648 tokens/s (1 tokens in 0.051908 s)
[decode-stage-profile] model_load=383.688 ms context_create=62.7084 ms tokenize=0.468416 ms prefill_decode=430.036 ms generation_decode=51.5948 ms generation_total=51.908 ms program_total=945.171 ms
[svd-local-op-profile] up_ops=56 gate_ops=56 down_ops=56 up_total=77.425 ms gate_total=51.996 ms down_total=65.734 ms up_v=16.489 ms gate_v=5.425 ms down_v=35.630 ms up_u=60.933 ms gate_u=46.569 ms down_u=30.097 ms
[svd-local-stage-profile] attention_total=99.572 ms ffn_total=238.567 ms ffn_svd_total=195.155 ms ffn_svd_v=57.544 ms ffn_svd_u=137.599 ms
[svd-offload-zero-profile] up_finish=0 up_cache=0 up_no_request=27 gate_finish=0 gate_cache=0 gate_no_request=27 down_finish=0 down_cache=0 down_no_request=27 other_finish=0 other_cache=0 other_no_request=0
[svd-local-timeout-profile] up_keep=0 up_drop=0 up_wait=0.000 ms gate_keep=0 gate_drop=0 gate_wait=0.000 ms down_keep=0 down_drop=0 down_wait=0.000 ms other_keep=0 other_drop=0 other_wait=0.000 ms
[svd-offload-client] up_gate_req=0 down_req=0 other_mat_req=0 ffn_req=0 gate_cache_hits=0 gate_cache_checks=0 miss_invalid=0 miss_layer=0 miss_rank=0 miss_hash=0 miss_output=0 miss_data=0 send_up_gate=0.000 ms send_down=0.000 ms send_other=0.000 ms send_ffn=0.000 ms wait_up_gate=0.000 ms wait_down=0.000 ms wait_other=0.000 ms wait_ffn=0.000 ms
[svd-offload-client-stage-profile] rpc_send_total=0.000 ms rpc_wait_total=0.000 ms
[svd-offload-client-debug] finish_fail_up_gate=0 finish_fail_down=0 finish_fail_other=0 finish_fail_ffn=0 cache_take_fail_up=0 cache_take_fail_gate=0 recv_up_sum_abs=0.000000e+00 recv_up_max_abs=0.000000e+00 recv_up_zero=0 recv_gate_sum_abs=0.000000e+00 recv_gate_max_abs=0.000000e+00 recv_gate_zero=0 recv_down_sum_abs=0.000000e+00 recv_down_max_abs=0.000000e+00 recv_down_zero=0 recv_other_sum_abs=0.000000e+00 recv_other_max_abs=0.000000e+00 recv_other_zero=0 recv_ffn_sum_abs=0.000000e+00 recv_ffn_max_abs=0.000000e+00 recv_ffn_zero=0
SUCCEED (one forward pass done)"
4c_balanced_high,2,4,"60,61,62,63","20,40,60,80",baseline_no_svd,ok,,0,4.60722,217.05,246.134,1.0686886310577393,True,11,",","llama_context: graph splits = 1
attach_threadpool: call
threads: decode=4 batch=4
prompt tokens: 4
running one forward pass (llama_decode) ...
Top-5 next-token candidates:
  id=11 logit=20.2053 piece="",""
  id=304 logit=18.9277 piece="" in""
  id=3837 logit=18.7558 piece=""，""
  id=1052 logit=18.5616 piece="" there""
  id=358 logit=17.8374 piece="" I""
Autoregressive generation:
Generated text: ,
Decode-only throughput: 4.60722 tokens/s (1 tokens in 0.21705 s of llama_decode)
End-to-end throughput: 4.60058 tokens/s (1 tokens in 0.217364 s)
[decode-stage-profile] model_load=379.434 ms context_create=58.0642 ms tokenize=0.429659 ms prefill_decode=246.134 ms generation_decode=217.05 ms generation_total=217.364 ms program_total=917.816 ms
[svd-local-op-profile] up_ops=56 gate_ops=56 down_ops=56 up_total=48.013 ms gate_total=44.559 ms down_total=38.116 ms up_v=9.238 ms gate_v=9.024 ms down_v=24.964 ms up_u=38.770 ms gate_u=35.531 ms down_u=13.146 ms
[svd-local-stage-profile] attention_total=85.403 ms ffn_total=181.012 ms ffn_svd_total=130.688 ms ffn_svd_v=43.226 ms ffn_svd_u=87.447 ms
[svd-offload-zero-profile] up_finish=0 up_cache=0 up_no_request=27 gate_finish=0 gate_cache=0 gate_no_request=27 down_finish=0 down_cache=0 down_no_request=27 other_finish=0 other_cache=0 other_no_request=0
[svd-local-timeout-profile] up_keep=0 up_drop=0 up_wait=0.000 ms gate_keep=0 gate_drop=0 gate_wait=0.000 ms down_keep=0 down_drop=0 down_wait=0.000 ms other_keep=0 other_drop=0 other_wait=0.000 ms
[svd-offload-client] up_gate_req=0 down_req=0 other_mat_req=0 ffn_req=0 gate_cache_hits=0 gate_cache_checks=0 miss_invalid=0 miss_layer=0 miss_rank=0 miss_hash=0 miss_output=0 miss_data=0 send_up_gate=0.000 ms send_down=0.000 ms send_other=0.000 ms send_ffn=0.000 ms wait_up_gate=0.000 ms wait_down=0.000 ms wait_other=0.000 ms wait_ffn=0.000 ms
[svd-offload-client-stage-profile] rpc_send_total=0.000 ms rpc_wait_total=0.000 ms
[svd-offload-client-debug] finish_fail_up_gate=0 finish_fail_down=0 finish_fail_other=0 finish_fail_ffn=0 cache_take_fail_up=0 cache_take_fail_gate=0 recv_up_sum_abs=0.000000e+00 recv_up_max_abs=0.000000e+00 recv_up_zero=0 recv_gate_sum_abs=0.000000e+00 recv_gate_max_abs=0.000000e+00 recv_gate_zero=0 recv_down_sum_abs=0.000000e+00 recv_down_max_abs=0.000000e+00 recv_down_zero=0 recv_other_sum_abs=0.000000e+00 recv_other_max_abs=0.000000e+00 recv_other_zero=0 recv_ffn_sum_abs=0.000000e+00 recv_ffn_max_abs=0.000000e+00 recv_ffn_zero=0
SUCCEED (one forward pass done)"
4c_balanced_high,2,4,"60,61,62,63","20,40,60,80",model_schedule,same_as_baseline_no_svd,local,0,4.60722,217.05,246.134,1.0686886310577393,True,11,",","llama_context: graph splits = 1
attach_threadpool: call
threads: decode=4 batch=4
prompt tokens: 4
running one forward pass (llama_decode) ...
Top-5 next-token candidates:
  id=11 logit=20.2053 piece="",""
  id=304 logit=18.9277 piece="" in""
  id=3837 logit=18.7558 piece=""，""
  id=1052 logit=18.5616 piece="" there""
  id=358 logit=17.8374 piece="" I""
Autoregressive generation:
Generated text: ,
Decode-only throughput: 4.60722 tokens/s (1 tokens in 0.21705 s of llama_decode)
End-to-end throughput: 4.60058 tokens/s (1 tokens in 0.217364 s)
[decode-stage-profile] model_load=379.434 ms context_create=58.0642 ms tokenize=0.429659 ms prefill_decode=246.134 ms generation_decode=217.05 ms generation_total=217.364 ms program_total=917.816 ms
[svd-local-op-profile] up_ops=56 gate_ops=56 down_ops=56 up_total=48.013 ms gate_total=44.559 ms down_total=38.116 ms up_v=9.238 ms gate_v=9.024 ms down_v=24.964 ms up_u=38.770 ms gate_u=35.531 ms down_u=13.146 ms
[svd-local-stage-profile] attention_total=85.403 ms ffn_total=181.012 ms ffn_svd_total=130.688 ms ffn_svd_v=43.226 ms ffn_svd_u=87.447 ms
[svd-offload-zero-profile] up_finish=0 up_cache=0 up_no_request=27 gate_finish=0 gate_cache=0 gate_no_request=27 down_finish=0 down_cache=0 down_no_request=27 other_finish=0 other_cache=0 other_no_request=0
[svd-local-timeout-profile] up_keep=0 up_drop=0 up_wait=0.000 ms gate_keep=0 gate_drop=0 gate_wait=0.000 ms down_keep=0 down_drop=0 down_wait=0.000 ms other_keep=0 other_drop=0 other_wait=0.000 ms
[svd-offload-client] up_gate_req=0 down_req=0 other_mat_req=0 ffn_req=0 gate_cache_hits=0 gate_cache_checks=0 miss_invalid=0 miss_layer=0 miss_rank=0 miss_hash=0 miss_output=0 miss_data=0 send_up_gate=0.000 ms send_down=0.000 ms send_other=0.000 ms send_ffn=0.000 ms wait_up_gate=0.000 ms wait_down=0.000 ms wait_other=0.000 ms wait_ffn=0.000 ms
[svd-offload-client-stage-profile] rpc_send_total=0.000 ms rpc_wait_total=0.000 ms
[svd-offload-client-debug] finish_fail_up_gate=0 finish_fail_down=0 finish_fail_other=0 finish_fail_ffn=0 cache_take_fail_up=0 cache_take_fail_gate=0 recv_up_sum_abs=0.000000e+00 recv_up_max_abs=0.000000e+00 recv_up_zero=0 recv_gate_sum_abs=0.000000e+00 recv_gate_max_abs=0.000000e+00 recv_gate_zero=0 recv_down_sum_abs=0.000000e+00 recv_down_max_abs=0.000000e+00 recv_down_zero=0 recv_other_sum_abs=0.000000e+00 recv_other_max_abs=0.000000e+00 recv_other_zero=0 recv_ffn_sum_abs=0.000000e+00 recv_ffn_max_abs=0.000000e+00 recv_ffn_zero=0
SUCCEED (one forward pass done)"
4c_front_hot,0,4,"60,61,62,63","90,70,20,0",baseline_no_svd,ok,,0,21.1915,47.1886,210.566,0.8724515438079834,True,11,",","llama_context: graph splits = 1
attach_threadpool: call
threads: decode=4 batch=4
prompt tokens: 4
running one forward pass (llama_decode) ...
Top-5 next-token candidates:
  id=11 logit=20.2053 piece="",""
  id=304 logit=18.9277 piece="" in""
  id=3837 logit=18.7558 piece=""，""
  id=1052 logit=18.5616 piece="" there""
  id=358 logit=17.8374 piece="" I""
Autoregressive generation:
Generated text: ,
Decode-only throughput: 21.1915 tokens/s (1 tokens in 0.0471886 s of llama_decode)
End-to-end throughput: 21.0534 tokens/s (1 tokens in 0.0474982 s)
[decode-stage-profile] model_load=388.469 ms context_create=58.6414 ms tokenize=0.461403 ms prefill_decode=210.566 ms generation_decode=47.1886 ms generation_total=47.4982 ms program_total=722.763 ms
[svd-local-op-profile] up_ops=56 gate_ops=56 down_ops=56 up_total=33.724 ms gate_total=34.342 ms down_total=27.823 ms up_v=5.346 ms gate_v=5.535 ms down_v=22.025 ms up_u=28.370 ms gate_u=28.802 ms down_u=5.793 ms
[svd-local-stage-profile] attention_total=49.799 ms ffn_total=97.160 ms ffn_svd_total=95.889 ms ffn_svd_v=32.906 ms ffn_svd_u=62.965 ms
[svd-offload-zero-profile] up_finish=0 up_cache=0 up_no_request=27 gate_finish=0 gate_cache=0 gate_no_request=27 down_finish=0 down_cache=0 down_no_request=27 other_finish=0 other_cache=0 other_no_request=0
[svd-local-timeout-profile] up_keep=0 up_drop=0 up_wait=0.000 ms gate_keep=0 gate_drop=0 gate_wait=0.000 ms down_keep=0 down_drop=0 down_wait=0.000 ms other_keep=0 other_drop=0 other_wait=0.000 ms
[svd-offload-client] up_gate_req=0 down_req=0 other_mat_req=0 ffn_req=0 gate_cache_hits=0 gate_cache_checks=0 miss_invalid=0 miss_layer=0 miss_rank=0 miss_hash=0 miss_output=0 miss_data=0 send_up_gate=0.000 ms send_down=0.000 ms send_other=0.000 ms send_ffn=0.000 ms wait_up_gate=0.000 ms wait_down=0.000 ms wait_other=0.000 ms wait_ffn=0.000 ms
[svd-offload-client-stage-profile] rpc_send_total=0.000 ms rpc_wait_total=0.000 ms
[svd-offload-client-debug] finish_fail_up_gate=0 finish_fail_down=0 finish_fail_other=0 finish_fail_ffn=0 cache_take_fail_up=0 cache_take_fail_gate=0 recv_up_sum_abs=0.000000e+00 recv_up_max_abs=0.000000e+00 recv_up_zero=0 recv_gate_sum_abs=0.000000e+00 recv_gate_max_abs=0.000000e+00 recv_gate_zero=0 recv_down_sum_abs=0.000000e+00 recv_down_max_abs=0.000000e+00 recv_down_zero=0 recv_other_sum_abs=0.000000e+00 recv_other_max_abs=0.000000e+00 recv_other_zero=0 recv_ffn_sum_abs=0.000000e+00 recv_ffn_max_abs=0.000000e+00 recv_ffn_zero=0
SUCCEED (one forward pass done)"
4c_front_hot,0,4,"60,61,62,63","90,70,20,0",model_schedule,ok,local,14,20.5406,48.6842,456.444,1.1128690242767334,True,3,$,"llama_context: graph splits = 1
attach_threadpool: call
threads: decode=4 batch=4
prompt tokens: 4
running one forward pass (llama_decode) ...
Top-5 next-token candidates:
  id=3 logit=0 piece=""$""
  id=4 logit=0 piece=""%""
  id=1 logit=0 piece=""""""
  id=0 logit=0 piece=""!""
  id=2 logit=0 piece=""#""
Autoregressive generation:
Generated text: !
Decode-only throughput: 20.5406 tokens/s (1 tokens in 0.0486842 s of llama_decode)
End-to-end throughput: 20.3967 tokens/s (1 tokens in 0.0490276 s)
[decode-stage-profile] model_load=381.038 ms context_create=58.7641 ms tokenize=0.455334 ms prefill_decode=456.444 ms generation_decode=48.6842 ms generation_total=49.0276 ms program_total=962.763 ms
[svd-local-op-profile] up_ops=56 gate_ops=56 down_ops=56 up_total=47.110 ms gate_total=52.844 ms down_total=48.931 ms up_v=5.467 ms gate_v=12.317 ms down_v=28.447 ms up_u=41.630 ms gate_u=40.507 ms down_u=20.472 ms
[svd-local-stage-profile] attention_total=55.238 ms ffn_total=173.187 ms ffn_svd_total=148.885 ms ffn_svd_v=46.231 ms ffn_svd_u=102.609 ms
[svd-offload-zero-profile] up_finish=0 up_cache=0 up_no_request=27 gate_finish=0 gate_cache=0 gate_no_request=27 down_finish=0 down_cache=0 down_no_request=27 other_finish=0 other_cache=0 other_no_request=0
[svd-local-timeout-profile] up_keep=15 up_drop=0 up_wait=0.411 ms gate_keep=15 gate_drop=0 gate_wait=0.379 ms down_keep=15 down_drop=0 down_wait=2.272 ms other_keep=0 other_drop=0 other_wait=0.000 ms
[svd-offload-client] up_gate_req=0 down_req=0 other_mat_req=0 ffn_req=0 gate_cache_hits=0 gate_cache_checks=0 miss_invalid=0 miss_layer=0 miss_rank=0 miss_hash=0 miss_output=0 miss_data=0 send_up_gate=0.000 ms send_down=0.000 ms send_other=0.000 ms send_ffn=0.000 ms wait_up_gate=0.000 ms wait_down=0.000 ms wait_other=0.000 ms wait_ffn=0.000 ms
[svd-offload-client-stage-profile] rpc_send_total=0.000 ms rpc_wait_total=0.000 ms
[svd-offload-client-debug] finish_fail_up_gate=0 finish_fail_down=0 finish_fail_other=0 finish_fail_ffn=0 cache_take_fail_up=0 cache_take_fail_gate=0 recv_up_sum_abs=0.000000e+00 recv_up_max_abs=0.000000e+00 recv_up_zero=0 recv_gate_sum_abs=0.000000e+00 recv_gate_max_abs=0.000000e+00 recv_gate_zero=0 recv_down_sum_abs=0.000000e+00 recv_down_max_abs=0.000000e+00 recv_down_zero=0 recv_other_sum_abs=0.000000e+00 recv_other_max_abs=0.000000e+00 recv_other_zero=0 recv_ffn_sum_abs=0.000000e+00 recv_ffn_max_abs=0.000000e+00 recv_ffn_zero=0
SUCCEED (one forward pass done)"
4c_front_hot,1,4,"60,61,62,63","90,70,20,0",baseline_no_svd,ok,,0,4.80242,208.228,457.674,1.2823686599731445,True,11,",","llama_context: graph splits = 1
attach_threadpool: call
threads: decode=4 batch=4
prompt tokens: 4
running one forward pass (llama_decode) ...
Top-5 next-token candidates:
  id=11 logit=20.2053 piece="",""
  id=304 logit=18.9277 piece="" in""
  id=3837 logit=18.7558 piece=""，""
  id=1052 logit=18.5616 piece="" there""
  id=358 logit=17.8374 piece="" I""
Autoregressive generation:
Generated text: ,
Decode-only throughput: 4.80242 tokens/s (1 tokens in 0.208228 s of llama_decode)
End-to-end throughput: 4.79504 tokens/s (1 tokens in 0.208549 s)
[decode-stage-profile] model_load=383.644 ms context_create=59.5322 ms tokenize=0.451603 ms prefill_decode=457.674 ms generation_decode=208.228 ms generation_total=208.549 ms program_total=1126.84 ms
[svd-local-op-profile] up_ops=56 gate_ops=56 down_ops=56 up_total=54.858 ms gate_total=40.356 ms down_total=58.919 ms up_v=9.242 ms gate_v=9.143 ms down_v=32.518 ms up_u=45.608 ms gate_u=31.206 ms down_u=26.397 ms
[svd-local-stage-profile] attention_total=150.735 ms ffn_total=185.222 ms ffn_svd_total=154.133 ms ffn_svd_v=50.903 ms ffn_svd_u=103.211 ms
[svd-offload-zero-profile] up_finish=0 up_cache=0 up_no_request=27 gate_finish=0 gate_cache=0 gate_no_request=27 down_finish=0 down_cache=0 down_no_request=27 other_finish=0 other_cache=0 other_no_request=0
[svd-local-timeout-profile] up_keep=0 up_drop=0 up_wait=0.000 ms gate_keep=0 gate_drop=0 gate_wait=0.000 ms down_keep=0 down_drop=0 down_wait=0.000 ms other_keep=0 other_drop=0 other_wait=0.000 ms
[svd-offload-client] up_gate_req=0 down_req=0 other_mat_req=0 ffn_req=0 gate_cache_hits=0 gate_cache_checks=0 miss_invalid=0 miss_layer=0 miss_rank=0 miss_hash=0 miss_output=0 miss_data=0 send_up_gate=0.000 ms send_down=0.000 ms send_other=0.000 ms send_ffn=0.000 ms wait_up_gate=0.000 ms wait_down=0.000 ms wait_other=0.000 ms wait_ffn=0.000 ms
[svd-offload-client-stage-profile] rpc_send_total=0.000 ms rpc_wait_total=0.000 ms
[svd-offload-client-debug] finish_fail_up_gate=0 finish_fail_down=0 finish_fail_other=0 finish_fail_ffn=0 cache_take_fail_up=0 cache_take_fail_gate=0 recv_up_sum_abs=0.000000e+00 recv_up_max_abs=0.000000e+00 recv_up_zero=0 recv_gate_sum_abs=0.000000e+00 recv_gate_max_abs=0.000000e+00 recv_gate_zero=0 recv_down_sum_abs=0.000000e+00 recv_down_max_abs=0.000000e+00 recv_down_zero=0 recv_other_sum_abs=0.000000e+00 recv_other_max_abs=0.000000e+00 recv_other_zero=0 recv_ffn_sum_abs=0.000000e+00 recv_ffn_max_abs=0.000000e+00 recv_ffn_zero=0
SUCCEED (one forward pass done)"
4c_front_hot,1,4,"60,61,62,63","90,70,20,0",model_schedule,ok,local,14,20.4099,48.9957,1464.35,2.1395342350006104,True,3,$,"llama_context: graph splits = 1
attach_threadpool: call
threads: decode=4 batch=4
prompt tokens: 4
running one forward pass (llama_decode) ...
Top-5 next-token candidates:
  id=3 logit=0 piece=""$""
  id=4 logit=0 piece=""%""
  id=1 logit=0 piece=""""""
  id=0 logit=0 piece=""!""
  id=2 logit=0 piece=""#""
Autoregressive generation:
Generated text: !
Decode-only throughput: 20.4099 tokens/s (1 tokens in 0.0489957 s of llama_decode)
End-to-end throughput: 20.277 tokens/s (1 tokens in 0.0493171 s)
[decode-stage-profile] model_load=385.353 ms context_create=58.8004 ms tokenize=0.452981 ms prefill_decode=1464.35 ms generation_decode=48.9957 ms generation_total=49.3171 ms program_total=1975.82 ms
[svd-local-op-profile] up_ops=56 gate_ops=56 down_ops=56 up_total=111.556 ms gate_total=96.983 ms down_total=96.701 ms up_v=33.491 ms gate_v=27.260 ms down_v=46.168 ms up_u=78.048 ms gate_u=69.702 ms down_u=50.515 ms
[svd-local-stage-profile] attention_total=215.204 ms ffn_total=409.559 ms ffn_svd_total=305.240 ms ffn_svd_v=106.919 ms ffn_svd_u=198.265 ms
[svd-offload-zero-profile] up_finish=0 up_cache=0 up_no_request=27 gate_finish=0 gate_cache=0 gate_no_request=27 down_finish=0 down_cache=0 down_no_request=27 other_finish=0 other_cache=0 other_no_request=0
[svd-local-timeout-profile] up_keep=15 up_drop=0 up_wait=0.411 ms gate_keep=15 gate_drop=0 gate_wait=0.373 ms down_keep=15 down_drop=0 down_wait=2.358 ms other_keep=0 other_drop=0 other_wait=0.000 ms
[svd-offload-client] up_gate_req=0 down_req=0 other_mat_req=0 ffn_req=0 gate_cache_hits=0 gate_cache_checks=0 miss_invalid=0 miss_layer=0 miss_rank=0 miss_hash=0 miss_output=0 miss_data=0 send_up_gate=0.000 ms send_down=0.000 ms send_other=0.000 ms send_ffn=0.000 ms wait_up_gate=0.000 ms wait_down=0.000 ms wait_other=0.000 ms wait_ffn=0.000 ms
[svd-offload-client-stage-profile] rpc_send_total=0.000 ms rpc_wait_total=0.000 ms
[svd-offload-client-debug] finish_fail_up_gate=0 finish_fail_down=0 finish_fail_other=0 finish_fail_ffn=0 cache_take_fail_up=0 cache_take_fail_gate=0 recv_up_sum_abs=0.000000e+00 recv_up_max_abs=0.000000e+00 recv_up_zero=0 recv_gate_sum_abs=0.000000e+00 recv_gate_max_abs=0.000000e+00 recv_gate_zero=0 recv_down_sum_abs=0.000000e+00 recv_down_max_abs=0.000000e+00 recv_down_zero=0 recv_other_sum_abs=0.000000e+00 recv_other_max_abs=0.000000e+00 recv_other_zero=0 recv_ffn_sum_abs=0.000000e+00 recv_ffn_max_abs=0.000000e+00 recv_ffn_zero=0
SUCCEED (one forward pass done)"
4c_front_hot,2,4,"60,61,62,63","90,70,20,0",baseline_no_svd,ok,,0,21.3414,46.8573,459.076,1.1236584186553955,True,11,",","llama_context: graph splits = 1
attach_threadpool: call
threads: decode=4 batch=4
prompt tokens: 4
running one forward pass (llama_decode) ...
Top-5 next-token candidates:
  id=11 logit=20.2053 piece="",""
  id=304 logit=18.9277 piece="" in""
  id=3837 logit=18.7558 piece=""，""
  id=1052 logit=18.5616 piece="" there""
  id=358 logit=17.8374 piece="" I""
Autoregressive generation:
Generated text: ,
Decode-only throughput: 21.3414 tokens/s (1 tokens in 0.0468573 s of llama_decode)
End-to-end throughput: 21.1994 tokens/s (1 tokens in 0.0471713 s)
[decode-stage-profile] model_load=386.273 ms context_create=57.4642 ms tokenize=0.463161 ms prefill_decode=459.076 ms generation_decode=46.8573 ms generation_total=47.1713 ms program_total=967.602 ms
[svd-local-op-profile] up_ops=56 gate_ops=56 down_ops=56 up_total=48.995 ms gate_total=41.658 ms down_total=47.946 ms up_v=5.455 ms gate_v=5.543 ms down_v=29.040 ms up_u=43.535 ms gate_u=36.111 ms down_u=18.903 ms
[svd-local-stage-profile] attention_total=91.666 ms ffn_total=153.768 ms ffn_svd_total=138.599 ms ffn_svd_v=40.038 ms ffn_svd_u=98.549 ms
[svd-offload-zero-profile] up_finish=0 up_cache=0 up_no_request=27 gate_finish=0 gate_cache=0 gate_no_request=27 down_finish=0 down_cache=0 down_no_request=27 other_finish=0 other_cache=0 other_no_request=0
[svd-local-timeout-profile] up_keep=0 up_drop=0 up_wait=0.000 ms gate_keep=0 gate_drop=0 gate_wait=0.000 ms down_keep=0 down_drop=0 down_wait=0.000 ms other_keep=0 other_drop=0 other_wait=0.000 ms
[svd-offload-client] up_gate_req=0 down_req=0 other_mat_req=0 ffn_req=0 gate_cache_hits=0 gate_cache_checks=0 miss_invalid=0 miss_layer=0 miss_rank=0 miss_hash=0 miss_output=0 miss_data=0 send_up_gate=0.000 ms send_down=0.000 ms send_other=0.000 ms send_ffn=0.000 ms wait_up_gate=0.000 ms wait_down=0.000 ms wait_other=0.000 ms wait_ffn=0.000 ms
[svd-offload-client-stage-profile] rpc_send_total=0.000 ms rpc_wait_total=0.000 ms
[svd-offload-client-debug] finish_fail_up_gate=0 finish_fail_down=0 finish_fail_other=0 finish_fail_ffn=0 cache_take_fail_up=0 cache_take_fail_gate=0 recv_up_sum_abs=0.000000e+00 recv_up_max_abs=0.000000e+00 recv_up_zero=0 recv_gate_sum_abs=0.000000e+00 recv_gate_max_abs=0.000000e+00 recv_gate_zero=0 recv_down_sum_abs=0.000000e+00 recv_down_max_abs=0.000000e+00 recv_down_zero=0 recv_other_sum_abs=0.000000e+00 recv_other_max_abs=0.000000e+00 recv_other_zero=0 recv_ffn_sum_abs=0.000000e+00 recv_ffn_max_abs=0.000000e+00 recv_ffn_zero=0
SUCCEED (one forward pass done)"
4c_front_hot,2,4,"60,61,62,63","90,70,20,0",model_schedule,ok,local,14,19.274,51.8834,1792.18,2.4613304138183594,True,3,$,"llama_context: graph splits = 1
attach_threadpool: call
threads: decode=4 batch=4
prompt tokens: 4
running one forward pass (llama_decode) ...
Top-5 next-token candidates:
  id=3 logit=0 piece=""$""
  id=4 logit=0 piece=""%""
  id=1 logit=0 piece=""""""
  id=0 logit=0 piece=""!""
  id=2 logit=0 piece=""#""
Autoregressive generation:
Generated text: !
Decode-only throughput: 19.274 tokens/s (1 tokens in 0.0518834 s of llama_decode)
End-to-end throughput: 19.1547 tokens/s (1 tokens in 0.0522064 s)
[decode-stage-profile] model_load=377.548 ms context_create=56.5317 ms tokenize=0.480033 ms prefill_decode=1792.18 ms generation_decode=51.8834 ms generation_total=52.2064 ms program_total=2296.62 ms
[svd-local-op-profile] up_ops=56 gate_ops=56 down_ops=56 up_total=137.407 ms gate_total=106.973 ms down_total=139.662 ms up_v=38.087 ms gate_v=26.264 ms down_v=60.633 ms up_u=99.310 ms gate_u=80.684 ms down_u=79.014 ms
[svd-local-stage-profile] attention_total=326.785 ms ffn_total=513.554 ms ffn_svd_total=384.042 ms ffn_svd_v=124.984 ms ffn_svd_u=259.008 ms
[svd-offload-zero-profile] up_finish=0 up_cache=0 up_no_request=27 gate_finish=0 gate_cache=0 gate_no_request=27 down_finish=0 down_cache=0 down_no_request=27 other_finish=0 other_cache=0 other_no_request=0
[svd-local-timeout-profile] up_keep=15 up_drop=0 up_wait=0.402 ms gate_keep=15 gate_drop=0 gate_wait=0.393 ms down_keep=15 down_drop=0 down_wait=2.331 ms other_keep=0 other_drop=0 other_wait=0.000 ms
[svd-offload-client] up_gate_req=0 down_req=0 other_mat_req=0 ffn_req=0 gate_cache_hits=0 gate_cache_checks=0 miss_invalid=0 miss_layer=0 miss_rank=0 miss_hash=0 miss_output=0 miss_data=0 send_up_gate=0.000 ms send_down=0.000 ms send_other=0.000 ms send_ffn=0.000 ms wait_up_gate=0.000 ms wait_down=0.000 ms wait_other=0.000 ms wait_ffn=0.000 ms
[svd-offload-client-stage-profile] rpc_send_total=0.000 ms rpc_wait_total=0.000 ms
[svd-offload-client-debug] finish_fail_up_gate=0 finish_fail_down=0 finish_fail_other=0 finish_fail_ffn=0 cache_take_fail_up=0 cache_take_fail_gate=0 recv_up_sum_abs=0.000000e+00 recv_up_max_abs=0.000000e+00 recv_up_zero=0 recv_gate_sum_abs=0.000000e+00 recv_gate_max_abs=0.000000e+00 recv_gate_zero=0 recv_down_sum_abs=0.000000e+00 recv_down_max_abs=0.000000e+00 recv_down_zero=0 recv_other_sum_abs=0.000000e+00 recv_other_max_abs=0.000000e+00 recv_other_zero=0 recv_ffn_sum_abs=0.000000e+00 recv_ffn_max_abs=0.000000e+00 recv_ffn_zero=0
SUCCEED (one forward pass done)"
4c_high,0,4,"60,61,62,63","70,80,90,100",baseline_no_svd,ok,,0,20.6824,48.3503,91.9684,0.7683289051055908,True,11,",","llama_context: graph splits = 1
attach_threadpool: call
threads: decode=4 batch=4
prompt tokens: 4
running one forward pass (llama_decode) ...
Top-5 next-token candidates:
  id=11 logit=20.2053 piece="",""
  id=304 logit=18.9277 piece="" in""
  id=3837 logit=18.7558 piece=""，""
  id=1052 logit=18.5616 piece="" there""
  id=358 logit=17.8374 piece="" I""
Autoregressive generation:
Generated text: ,
Decode-only throughput: 20.6824 tokens/s (1 tokens in 0.0483503 s of llama_decode)
End-to-end throughput: 20.5491 tokens/s (1 tokens in 0.0486638 s)
[decode-stage-profile] model_load=387.778 ms context_create=59.4198 ms tokenize=0.467752 ms prefill_decode=91.9684 ms generation_decode=48.3503 ms generation_total=48.6638 ms program_total=604.794 ms
[svd-local-op-profile] up_ops=56 gate_ops=56 down_ops=56 up_total=34.241 ms gate_total=38.716 ms down_total=27.990 ms up_v=5.436 ms gate_v=5.567 ms down_v=22.204 ms up_u=28.800 ms gate_u=33.143 ms down_u=5.781 ms
[svd-local-stage-profile] attention_total=1.694 ms ffn_total=102.206 ms ffn_svd_total=100.947 ms ffn_svd_v=33.207 ms ffn_svd_u=67.724 ms
[svd-offload-zero-profile] up_finish=0 up_cache=0 up_no_request=27 gate_finish=0 gate_cache=0 gate_no_request=27 down_finish=0 down_cache=0 down_no_request=27 other_finish=0 other_cache=0 other_no_request=0
[svd-local-timeout-profile] up_keep=0 up_drop=0 up_wait=0.000 ms gate_keep=0 gate_drop=0 gate_wait=0.000 ms down_keep=0 down_drop=0 down_wait=0.000 ms other_keep=0 other_drop=0 other_wait=0.000 ms
[svd-offload-client] up_gate_req=0 down_req=0 other_mat_req=0 ffn_req=0 gate_cache_hits=0 gate_cache_checks=0 miss_invalid=0 miss_layer=0 miss_rank=0 miss_hash=0 miss_output=0 miss_data=0 send_up_gate=0.000 ms send_down=0.000 ms send_other=0.000 ms send_ffn=0.000 ms wait_up_gate=0.000 ms wait_down=0.000 ms wait_other=0.000 ms wait_ffn=0.000 ms
[svd-offload-client-stage-profile] rpc_send_total=0.000 ms rpc_wait_total=0.000 ms
[svd-offload-client-debug] finish_fail_up_gate=0 finish_fail_down=0 finish_fail_other=0 finish_fail_ffn=0 cache_take_fail_up=0 cache_take_fail_gate=0 recv_up_sum_abs=0.000000e+00 recv_up_max_abs=0.000000e+00 recv_up_zero=0 recv_gate_sum_abs=0.000000e+00 recv_gate_max_abs=0.000000e+00 recv_gate_zero=0 recv_down_sum_abs=0.000000e+00 recv_down_max_abs=0.000000e+00 recv_down_zero=0 recv_other_sum_abs=0.000000e+00 recv_other_max_abs=0.000000e+00 recv_other_zero=0 recv_ffn_sum_abs=0.000000e+00 recv_ffn_max_abs=0.000000e+00 recv_ffn_zero=0
SUCCEED (one forward pass done)"
4c_high,0,4,"60,61,62,63","70,80,90,100",model_schedule,ok,local,14,16.7563,59.6792,1112.3,1.7993900775909424,True,3,$,"llama_context: graph splits = 1
attach_threadpool: call
threads: decode=4 batch=4
prompt tokens: 4
running one forward pass (llama_decode) ...
Top-5 next-token candidates:
  id=3 logit=0 piece=""$""
  id=4 logit=0 piece=""%""
  id=1 logit=0 piece=""""""
  id=0 logit=0 piece=""!""
  id=2 logit=0 piece=""#""
Autoregressive generation:
Generated text: !
Decode-only throughput: 16.7563 tokens/s (1 tokens in 0.0596792 s of llama_decode)
End-to-end throughput: 16.6667 tokens/s (1 tokens in 0.0599999 s)
[decode-stage-profile] model_load=383.977 ms context_create=59.1982 ms tokenize=0.516689 ms prefill_decode=1112.3 ms generation_decode=59.6792 ms generation_total=59.9999 ms program_total=1633.33 ms
[svd-local-op-profile] up_ops=56 gate_ops=56 down_ops=56 up_total=77.763 ms gate_total=74.604 ms down_total=72.215 ms up_v=21.935 ms gate_v=22.998 ms down_v=38.974 ms up_u=55.812 ms gate_u=51.589 ms down_u=33.226 ms
[svd-local-stage-profile] attention_total=171.091 ms ffn_total=294.810 ms ffn_svd_total=224.582 ms ffn_svd_v=83.907 ms ffn_svd_u=140.627 ms
[svd-offload-zero-profile] up_finish=0 up_cache=0 up_no_request=27 gate_finish=0 gate_cache=0 gate_no_request=27 down_finish=0 down_cache=0 down_no_request=27 other_finish=0 other_cache=0 other_no_request=0
[svd-local-timeout-profile] up_keep=12 up_drop=0 up_wait=1.386 ms gate_keep=12 gate_drop=0 gate_wait=1.266 ms down_keep=12 down_drop=0 down_wait=7.459 ms other_keep=0 other_drop=0 other_wait=0.000 ms
[svd-offload-client] up_gate_req=0 down_req=0 other_mat_req=0 ffn_req=0 gate_cache_hits=0 gate_cache_checks=0 miss_invalid=0 miss_layer=0 miss_rank=0 miss_hash=0 miss_output=0 miss_data=0 send_up_gate=0.000 ms send_down=0.000 ms send_other=0.000 ms send_ffn=0.000 ms wait_up_gate=0.000 ms wait_down=0.000 ms wait_other=0.000 ms wait_ffn=0.000 ms
[svd-offload-client-stage-profile] rpc_send_total=0.000 ms rpc_wait_total=0.000 ms
[svd-offload-client-debug] finish_fail_up_gate=0 finish_fail_down=0 finish_fail_other=0 finish_fail_ffn=0 cache_take_fail_up=0 cache_take_fail_gate=0 recv_up_sum_abs=0.000000e+00 recv_up_max_abs=0.000000e+00 recv_up_zero=0 recv_gate_sum_abs=0.000000e+00 recv_gate_max_abs=0.000000e+00 recv_gate_zero=0 recv_down_sum_abs=0.000000e+00 recv_down_max_abs=0.000000e+00 recv_down_zero=0 recv_other_sum_abs=0.000000e+00 recv_other_max_abs=0.000000e+00 recv_other_zero=0 recv_ffn_sum_abs=0.000000e+00 recv_ffn_max_abs=0.000000e+00 recv_ffn_zero=0
SUCCEED (one forward pass done)"
4c_high,1,4,"60,61,62,63","70,80,90,100",baseline_no_svd,ok,,0,19.8305,50.4273,1873.45,2.5565409660339355,True,11,",","llama_context: graph splits = 1
attach_threadpool: call
threads: decode=4 batch=4
prompt tokens: 4
running one forward pass (llama_decode) ...
Top-5 next-token candidates:
  id=11 logit=20.2053 piece="",""
  id=304 logit=18.9277 piece="" in""
  id=3837 logit=18.7558 piece=""，""
  id=1052 logit=18.5616 piece="" there""
  id=358 logit=17.8374 piece="" I""
Autoregressive generation:
Generated text: ,
Decode-only throughput: 19.8305 tokens/s (1 tokens in 0.0504273 s of llama_decode)
End-to-end throughput: 19.7019 tokens/s (1 tokens in 0.0507566 s)
[decode-stage-profile] model_load=390.134 ms context_create=59.3707 ms tokenize=0.454303 ms prefill_decode=1873.45 ms generation_decode=50.4273 ms generation_total=50.7566 ms program_total=2391.23 ms
[svd-local-op-profile] up_ops=56 gate_ops=56 down_ops=56 up_total=116.555 ms gate_total=118.688 ms down_total=113.172 ms up_v=32.437 ms gate_v=34.471 ms down_v=50.376 ms up_u=84.109 ms gate_u=84.209 ms down_u=62.789 ms
[svd-local-stage-profile] attention_total=260.692 ms ffn_total=495.350 ms ffn_svd_total=348.415 ms ffn_svd_v=117.284 ms ffn_svd_u=231.107 ms
[svd-offload-zero-profile] up_finish=0 up_cache=0 up_no_request=27 gate_finish=0 gate_cache=0 gate_no_request=27 down_finish=0 down_cache=0 down_no_request=27 other_finish=0 other_cache=0 other_no_request=0
[svd-local-timeout-profile] up_keep=0 up_drop=0 up_wait=0.000 ms gate_keep=0 gate_drop=0 gate_wait=0.000 ms down_keep=0 down_drop=0 down_wait=0.000 ms other_keep=0 other_drop=0 other_wait=0.000 ms
[svd-offload-client] up_gate_req=0 down_req=0 other_mat_req=0 ffn_req=0 gate_cache_hits=0 gate_cache_checks=0 miss_invalid=0 miss_layer=0 miss_rank=0 miss_hash=0 miss_output=0 miss_data=0 send_up_gate=0.000 ms send_down=0.000 ms send_other=0.000 ms send_ffn=0.000 ms wait_up_gate=0.000 ms wait_down=0.000 ms wait_other=0.000 ms wait_ffn=0.000 ms
[svd-offload-client-stage-profile] rpc_send_total=0.000 ms rpc_wait_total=0.000 ms
[svd-offload-client-debug] finish_fail_up_gate=0 finish_fail_down=0 finish_fail_other=0 finish_fail_ffn=0 cache_take_fail_up=0 cache_take_fail_gate=0 recv_up_sum_abs=0.000000e+00 recv_up_max_abs=0.000000e+00 recv_up_zero=0 recv_gate_sum_abs=0.000000e+00 recv_gate_max_abs=0.000000e+00 recv_gate_zero=0 recv_down_sum_abs=0.000000e+00 recv_down_max_abs=0.000000e+00 recv_down_zero=0 recv_other_sum_abs=0.000000e+00 recv_other_max_abs=0.000000e+00 recv_other_zero=0 recv_ffn_sum_abs=0.000000e+00 recv_ffn_max_abs=0.000000e+00 recv_ffn_zero=0
SUCCEED (one forward pass done)"
4c_high,1,4,"60,61,62,63","70,80,90,100",model_schedule,ok,local,14,16.7205,59.8067,70.6349,0.754615068435669,True,3,$,"llama_context: graph splits = 1
attach_threadpool: call
threads: decode=4 batch=4
prompt tokens: 4
running one forward pass (llama_decode) ...
Top-5 next-token candidates:
  id=3 logit=0 piece=""$""
  id=4 logit=0 piece=""%""
  id=1 logit=0 piece=""""""
  id=0 logit=0 piece=""!""
  id=2 logit=0 piece=""#""
Autoregressive generation:
Generated text: !
Decode-only throughput: 16.7205 tokens/s (1 tokens in 0.0598067 s of llama_decode)
End-to-end throughput: 16.6335 tokens/s (1 tokens in 0.0601196 s)
[decode-stage-profile] model_load=390.15 ms context_create=58.5772 ms tokenize=0.461392 ms prefill_decode=70.6349 ms generation_decode=59.8067 ms generation_total=60.1196 ms program_total=596.453 ms
[svd-local-op-profile] up_ops=56 gate_ops=56 down_ops=56 up_total=30.626 ms gate_total=33.466 ms down_total=34.536 ms up_v=5.892 ms gate_v=5.814 ms down_v=24.592 ms up_u=24.721 ms gate_u=27.634 ms down_u=9.927 ms
[svd-local-stage-profile] attention_total=1.356 ms ffn_total=99.780 ms ffn_svd_total=98.628 ms ffn_svd_v=36.298 ms ffn_svd_u=62.282 ms
[svd-offload-zero-profile] up_finish=0 up_cache=0 up_no_request=27 gate_finish=0 gate_cache=0 gate_no_request=27 down_finish=0 down_cache=0 down_no_request=27 other_finish=0 other_cache=0 other_no_request=0
[svd-local-timeout-profile] up_keep=12 up_drop=0 up_wait=1.298 ms gate_keep=12 gate_drop=0 gate_wait=1.226 ms down_keep=12 down_drop=0 down_wait=7.418 ms other_keep=0 other_drop=0 other_wait=0.000 ms
[svd-offload-client] up_gate_req=0 down_req=0 other_mat_req=0 ffn_req=0 gate_cache_hits=0 gate_cache_checks=0 miss_invalid=0 miss_layer=0 miss_rank=0 miss_hash=0 miss_output=0 miss_data=0 send_up_gate=0.000 ms send_down=0.000 ms send_other=0.000 ms send_ffn=0.000 ms wait_up_gate=0.000 ms wait_down=0.000 ms wait_other=0.000 ms wait_ffn=0.000 ms
[svd-offload-client-stage-profile] rpc_send_total=0.000 ms rpc_wait_total=0.000 ms
[svd-offload-client-debug] finish_fail_up_gate=0 finish_fail_down=0 finish_fail_other=0 finish_fail_ffn=0 cache_take_fail_up=0 cache_take_fail_gate=0 recv_up_sum_abs=0.000000e+00 recv_up_max_abs=0.000000e+00 recv_up_zero=0 recv_gate_sum_abs=0.000000e+00 recv_gate_max_abs=0.000000e+00 recv_gate_zero=0 recv_down_sum_abs=0.000000e+00 recv_down_max_abs=0.000000e+00 recv_down_zero=0 recv_other_sum_abs=0.000000e+00 recv_other_max_abs=0.000000e+00 recv_other_zero=0 recv_ffn_sum_abs=0.000000e+00 recv_ffn_max_abs=0.000000e+00 recv_ffn_zero=0
SUCCEED (one forward pass done)"
4c_high,2,4,"60,61,62,63","70,80,90,100",baseline_no_svd,ok,,0,20.8225,48.0251,1880.42,2.560547351837158,True,11,",","llama_context: graph splits = 1
attach_threadpool: call
threads: decode=4 batch=4
prompt tokens: 4
running one forward pass (llama_decode) ...
Top-5 next-token candidates:
  id=11 logit=20.2053 piece="",""
  id=304 logit=18.9277 piece="" in""
  id=3837 logit=18.7558 piece=""，""
  id=1052 logit=18.5616 piece="" there""
  id=358 logit=17.8374 piece="" I""
Autoregressive generation:
Generated text: ,
Decode-only throughput: 20.8225 tokens/s (1 tokens in 0.0480251 s of llama_decode)
End-to-end throughput: 20.6822 tokens/s (1 tokens in 0.0483508 s)
[decode-stage-profile] model_load=385.206 ms context_create=61.3208 ms tokenize=0.462771 ms prefill_decode=1880.42 ms generation_decode=48.0251 ms generation_total=48.3508 ms program_total=2392.78 ms
[svd-local-op-profile] up_ops=56 gate_ops=56 down_ops=56 up_total=137.208 ms gate_total=121.112 ms down_total=132.349 ms up_v=34.598 ms gate_v=34.213 ms down_v=57.855 ms up_u=102.605 ms gate_u=86.897 ms down_u=74.492 ms
[svd-local-stage-profile] attention_total=276.931 ms ffn_total=543.550 ms ffn_svd_total=390.669 ms ffn_svd_v=126.666 ms ffn_svd_u=263.994 ms
[svd-offload-zero-profile] up_finish=0 up_cache=0 up_no_request=27 gate_finish=0 gate_cache=0 gate_no_request=27 down_finish=0 down_cache=0 down_no_request=27 other_finish=0 other_cache=0 other_no_request=0
[svd-local-timeout-profile] up_keep=0 up_drop=0 up_wait=0.000 ms gate_keep=0 gate_drop=0 gate_wait=0.000 ms down_keep=0 down_drop=0 down_wait=0.000 ms other_keep=0 other_drop=0 other_wait=0.000 ms
[svd-offload-client] up_gate_req=0 down_req=0 other_mat_req=0 ffn_req=0 gate_cache_hits=0 gate_cache_checks=0 miss_invalid=0 miss_layer=0 miss_rank=0 miss_hash=0 miss_output=0 miss_data=0 send_up_gate=0.000 ms send_down=0.000 ms send_other=0.000 ms send_ffn=0.000 ms wait_up_gate=0.000 ms wait_down=0.000 ms wait_other=0.000 ms wait_ffn=0.000 ms
[svd-offload-client-stage-profile] rpc_send_total=0.000 ms rpc_wait_total=0.000 ms
[svd-offload-client-debug] finish_fail_up_gate=0 finish_fail_down=0 finish_fail_other=0 finish_fail_ffn=0 cache_take_fail_up=0 cache_take_fail_gate=0 recv_up_sum_abs=0.000000e+00 recv_up_max_abs=0.000000e+00 recv_up_zero=0 recv_gate_sum_abs=0.000000e+00 recv_gate_max_abs=0.000000e+00 recv_gate_zero=0 recv_down_sum_abs=0.000000e+00 recv_down_max_abs=0.000000e+00 recv_down_zero=0 recv_other_sum_abs=0.000000e+00 recv_other_max_abs=0.000000e+00 recv_other_zero=0 recv_ffn_sum_abs=0.000000e+00 recv_ffn_max_abs=0.000000e+00 recv_ffn_zero=0
SUCCEED (one forward pass done)"
4c_high,2,4,"60,61,62,63","70,80,90,100",model_schedule,ok,local,14,18.0404,55.431,73.8859,0.755854606628418,True,3,$,"llama_context: graph splits = 1
attach_threadpool: call
threads: decode=4 batch=4
prompt tokens: 4
running one forward pass (llama_decode) ...
Top-5 next-token candidates:
  id=3 logit=0 piece=""$""
  id=4 logit=0 piece=""%""
  id=1 logit=0 piece=""""""
  id=0 logit=0 piece=""!""
  id=2 logit=0 piece=""#""
Autoregressive generation:
Generated text: !
Decode-only throughput: 18.0404 tokens/s (1 tokens in 0.055431 s of llama_decode)
End-to-end throughput: 17.9379 tokens/s (1 tokens in 0.0557477 s)
[decode-stage-profile] model_load=394.392 ms context_create=58.7175 ms tokenize=0.468684 ms prefill_decode=73.8859 ms generation_decode=55.431 ms generation_total=55.7477 ms program_total=599.912 ms
[svd-local-op-profile] up_ops=56 gate_ops=56 down_ops=56 up_total=30.955 ms gate_total=30.972 ms down_total=30.221 ms up_v=5.966 ms gate_v=5.903 ms down_v=25.057 ms up_u=24.974 ms gate_u=25.056 ms down_u=5.154 ms
[svd-local-stage-profile] attention_total=4.391 ms ffn_total=93.351 ms ffn_svd_total=92.148 ms ffn_svd_v=36.926 ms ffn_svd_u=55.184 ms
[svd-offload-zero-profile] up_finish=0 up_cache=0 up_no_request=27 gate_finish=0 gate_cache=0 gate_no_request=27 down_finish=0 down_cache=0 down_no_request=27 other_finish=0 other_cache=0 other_no_request=0
[svd-local-timeout-profile] up_keep=12 up_drop=0 up_wait=1.362 ms gate_keep=12 gate_drop=0 gate_wait=1.211 ms down_keep=12 down_drop=0 down_wait=7.292 ms other_keep=0 other_drop=0 other_wait=0.000 ms
[svd-offload-client] up_gate_req=0 down_req=0 other_mat_req=0 ffn_req=0 gate_cache_hits=0 gate_cache_checks=0 miss_invalid=0 miss_layer=0 miss_rank=0 miss_hash=0 miss_output=0 miss_data=0 send_up_gate=0.000 ms send_down=0.000 ms send_other=0.000 ms send_ffn=0.000 ms wait_up_gate=0.000 ms wait_down=0.000 ms wait_other=0.000 ms wait_ffn=0.000 ms
[svd-offload-client-stage-profile] rpc_send_total=0.000 ms rpc_wait_total=0.000 ms
[svd-offload-client-debug] finish_fail_up_gate=0 finish_fail_down=0 finish_fail_other=0 finish_fail_ffn=0 cache_take_fail_up=0 cache_take_fail_gate=0 recv_up_sum_abs=0.000000e+00 recv_up_max_abs=0.000000e+00 recv_up_zero=0 recv_gate_sum_abs=0.000000e+00 recv_gate_max_abs=0.000000e+00 recv_gate_zero=0 recv_down_sum_abs=0.000000e+00 recv_down_max_abs=0.000000e+00 recv_down_zero=0 recv_other_sum_abs=0.000000e+00 recv_other_max_abs=0.000000e+00 recv_other_zero=0 recv_ffn_sum_abs=0.000000e+00 recv_ffn_max_abs=0.000000e+00 recv_ffn_zero=0
SUCCEED (one forward pass done)"
6c_ramp_light,0,6,"60,61,62,63,64,65","0,10,20,30,40,50",baseline_no_svd,ok,,0,24.3045,41.1446,194.228,0.860327959060669,True,11,",","llama_context: graph splits = 1
attach_threadpool: call
threads: decode=6 batch=6
prompt tokens: 4
running one forward pass (llama_decode) ...
Top-5 next-token candidates:
  id=11 logit=20.2053 piece="",""
  id=304 logit=18.9277 piece="" in""
  id=3837 logit=18.7558 piece=""，""
  id=1052 logit=18.5616 piece="" there""
  id=358 logit=17.8374 piece="" I""
Autoregressive generation:
Generated text: ,
Decode-only throughput: 24.3045 tokens/s (1 tokens in 0.0411446 s of llama_decode)
End-to-end throughput: 24.1213 tokens/s (1 tokens in 0.0414572 s)
[decode-stage-profile] model_load=391.799 ms context_create=58.5285 ms tokenize=0.459991 ms prefill_decode=194.228 ms generation_decode=41.1446 ms generation_total=41.4572 ms program_total=703.314 ms
[svd-local-op-profile] up_ops=56 gate_ops=56 down_ops=56 up_total=32.708 ms gate_total=32.911 ms down_total=26.814 ms up_v=5.347 ms gate_v=5.409 ms down_v=20.972 ms up_u=27.354 ms gate_u=27.497 ms down_u=5.839 ms
[svd-local-stage-profile] attention_total=48.707 ms ffn_total=93.850 ms ffn_svd_total=92.433 ms ffn_svd_v=31.728 ms ffn_svd_u=60.690 ms
[svd-offload-zero-profile] up_finish=0 up_cache=0 up_no_request=27 gate_finish=0 gate_cache=0 gate_no_request=27 down_finish=0 down_cache=0 down_no_request=27 other_finish=0 other_cache=0 other_no_request=0
[svd-local-timeout-profile] up_keep=0 up_drop=0 up_wait=0.000 ms gate_keep=0 gate_drop=0 gate_wait=0.000 ms down_keep=0 down_drop=0 down_wait=0.000 ms other_keep=0 other_drop=0 other_wait=0.000 ms
[svd-offload-client] up_gate_req=0 down_req=0 other_mat_req=0 ffn_req=0 gate_cache_hits=0 gate_cache_checks=0 miss_invalid=0 miss_layer=0 miss_rank=0 miss_hash=0 miss_output=0 miss_data=0 send_up_gate=0.000 ms send_down=0.000 ms send_other=0.000 ms send_ffn=0.000 ms wait_up_gate=0.000 ms wait_down=0.000 ms wait_other=0.000 ms wait_ffn=0.000 ms
[svd-offload-client-stage-profile] rpc_send_total=0.000 ms rpc_wait_total=0.000 ms
[svd-offload-client-debug] finish_fail_up_gate=0 finish_fail_down=0 finish_fail_other=0 finish_fail_ffn=0 cache_take_fail_up=0 cache_take_fail_gate=0 recv_up_sum_abs=0.000000e+00 recv_up_max_abs=0.000000e+00 recv_up_zero=0 recv_gate_sum_abs=0.000000e+00 recv_gate_max_abs=0.000000e+00 recv_gate_zero=0 recv_down_sum_abs=0.000000e+00 recv_down_max_abs=0.000000e+00 recv_down_zero=0 recv_other_sum_abs=0.000000e+00 recv_other_max_abs=0.000000e+00 recv_other_zero=0 recv_ffn_sum_abs=0.000000e+00 recv_ffn_max_abs=0.000000e+00 recv_ffn_zero=0
SUCCEED (one forward pass done)"
6c_ramp_light,0,6,"60,61,62,63,64,65","0,10,20,30,40,50",model_schedule,ok,local,14,22.8669,43.7314,366.887,1.1190507411956787,True,3,$,"llama_context: graph splits = 1
attach_threadpool: call
threads: decode=6 batch=6
prompt tokens: 4
running one forward pass (llama_decode) ...
Top-5 next-token candidates:
  id=3 logit=0 piece=""$""
  id=4 logit=0 piece=""%""
  id=1 logit=0 piece=""""""
  id=0 logit=0 piece=""!""
  id=2 logit=0 piece=""#""
Autoregressive generation:
Generated text: !
Decode-only throughput: 22.8669 tokens/s (1 tokens in 0.0437314 s of llama_decode)
End-to-end throughput: 22.706 tokens/s (1 tokens in 0.0440413 s)
[decode-stage-profile] model_load=467.384 ms context_create=57.5136 ms tokenize=0.451145 ms prefill_decode=366.887 ms generation_decode=43.7314 ms generation_total=44.0413 ms program_total=954.392 ms
[svd-local-op-profile] up_ops=56 gate_ops=56 down_ops=56 up_total=32.244 ms gate_total=36.839 ms down_total=26.471 ms up_v=5.977 ms gate_v=5.992 ms down_v=21.158 ms up_u=26.250 ms gate_u=30.831 ms down_u=5.298 ms
[svd-local-stage-profile] attention_total=58.215 ms ffn_total=96.939 ms ffn_svd_total=95.554 ms ffn_svd_v=33.127 ms ffn_svd_u=62.379 ms
[svd-offload-zero-profile] up_finish=0 up_cache=0 up_no_request=27 gate_finish=0 gate_cache=0 gate_no_request=27 down_finish=0 down_cache=0 down_no_request=27 other_finish=0 other_cache=0 other_no_request=0
[svd-local-timeout-profile] up_keep=15 up_drop=0 up_wait=0.228 ms gate_keep=15 gate_drop=0 gate_wait=0.257 ms down_keep=15 down_drop=0 down_wait=1.439 ms other_keep=0 other_drop=0 other_wait=0.000 ms
[svd-offload-client] up_gate_req=0 down_req=0 other_mat_req=0 ffn_req=0 gate_cache_hits=0 gate_cache_checks=0 miss_invalid=0 miss_layer=0 miss_rank=0 miss_hash=0 miss_output=0 miss_data=0 send_up_gate=0.000 ms send_down=0.000 ms send_other=0.000 ms send_ffn=0.000 ms wait_up_gate=0.000 ms wait_down=0.000 ms wait_other=0.000 ms wait_ffn=0.000 ms
[svd-offload-client-stage-profile] rpc_send_total=0.000 ms rpc_wait_total=0.000 ms
[svd-offload-client-debug] finish_fail_up_gate=0 finish_fail_down=0 finish_fail_other=0 finish_fail_ffn=0 cache_take_fail_up=0 cache_take_fail_gate=0 recv_up_sum_abs=0.000000e+00 recv_up_max_abs=0.000000e+00 recv_up_zero=0 recv_gate_sum_abs=0.000000e+00 recv_gate_max_abs=0.000000e+00 recv_gate_zero=0 recv_down_sum_abs=0.000000e+00 recv_down_max_abs=0.000000e+00 recv_down_zero=0 recv_other_sum_abs=0.000000e+00 recv_other_max_abs=0.000000e+00 recv_other_zero=0 recv_ffn_sum_abs=0.000000e+00 recv_ffn_max_abs=0.000000e+00 recv_ffn_zero=0
SUCCEED (one forward pass done)"
6c_ramp_light,1,6,"60,61,62,63,64,65","0,10,20,30,40,50",baseline_no_svd,ok,,0,2.36779,422.335,212.117,1.2623445987701416,True,11,",","llama_context: graph splits = 1
attach_threadpool: call
threads: decode=6 batch=6
prompt tokens: 4
running one forward pass (llama_decode) ...
Top-5 next-token candidates:
  id=11 logit=20.2053 piece="",""
  id=304 logit=18.9277 piece="" in""
  id=3837 logit=18.7558 piece=""，""
  id=1052 logit=18.5616 piece="" there""
  id=358 logit=17.8374 piece="" I""
Autoregressive generation:
Generated text: ,
Decode-only throughput: 2.36779 tokens/s (1 tokens in 0.422335 s of llama_decode)
End-to-end throughput: 2.36596 tokens/s (1 tokens in 0.422661 s)
[decode-stage-profile] model_load=392.193 ms context_create=59.477 ms tokenize=0.449074 ms prefill_decode=212.117 ms generation_decode=422.335 ms generation_total=422.661 ms program_total=1103.77 ms
[svd-local-op-profile] up_ops=56 gate_ops=56 down_ops=56 up_total=44.651 ms gate_total=55.335 ms down_total=48.766 ms up_v=9.688 ms gate_v=13.121 ms down_v=28.569 ms up_u=34.955 ms gate_u=42.213 ms down_u=20.192 ms
[svd-local-stage-profile] attention_total=152.369 ms ffn_total=219.419 ms ffn_svd_total=148.752 ms ffn_svd_v=51.378 ms ffn_svd_u=97.360 ms
[svd-offload-zero-profile] up_finish=0 up_cache=0 up_no_request=27 gate_finish=0 gate_cache=0 gate_no_request=27 down_finish=0 down_cache=0 down_no_request=27 other_finish=0 other_cache=0 other_no_request=0
[svd-local-timeout-profile] up_keep=0 up_drop=0 up_wait=0.000 ms gate_keep=0 gate_drop=0 gate_wait=0.000 ms down_keep=0 down_drop=0 down_wait=0.000 ms other_keep=0 other_drop=0 other_wait=0.000 ms
[svd-offload-client] up_gate_req=0 down_req=0 other_mat_req=0 ffn_req=0 gate_cache_hits=0 gate_cache_checks=0 miss_invalid=0 miss_layer=0 miss_rank=0 miss_hash=0 miss_output=0 miss_data=0 send_up_gate=0.000 ms send_down=0.000 ms send_other=0.000 ms send_ffn=0.000 ms wait_up_gate=0.000 ms wait_down=0.000 ms wait_other=0.000 ms wait_ffn=0.000 ms
[svd-offload-client-stage-profile] rpc_send_total=0.000 ms rpc_wait_total=0.000 ms
[svd-offload-client-debug] finish_fail_up_gate=0 finish_fail_down=0 finish_fail_other=0 finish_fail_ffn=0 cache_take_fail_up=0 cache_take_fail_gate=0 recv_up_sum_abs=0.000000e+00 recv_up_max_abs=0.000000e+00 recv_up_zero=0 recv_gate_sum_abs=0.000000e+00 recv_gate_max_abs=0.000000e+00 recv_gate_zero=0 recv_down_sum_abs=0.000000e+00 recv_down_max_abs=0.000000e+00 recv_down_zero=0 recv_other_sum_abs=0.000000e+00 recv_other_max_abs=0.000000e+00 recv_other_zero=0 recv_ffn_sum_abs=0.000000e+00 recv_ffn_max_abs=0.000000e+00 recv_ffn_zero=0
SUCCEED (one forward pass done)"
6c_ramp_light,1,6,"60,61,62,63,64,65","0,10,20,30,40,50",model_schedule,ok,local,14,23.0045,43.4698,83.1946,0.7458083629608154,True,3,$,"llama_context: graph splits = 1
attach_threadpool: call
threads: decode=6 batch=6
prompt tokens: 4
running one forward pass (llama_decode) ...
Top-5 next-token candidates:
  id=3 logit=0 piece=""$""
  id=4 logit=0 piece=""%""
  id=1 logit=0 piece=""""""
  id=0 logit=0 piece=""!""
  id=2 logit=0 piece=""#""
Autoregressive generation:
Generated text: !
Decode-only throughput: 23.0045 tokens/s (1 tokens in 0.0434698 s of llama_decode)
End-to-end throughput: 22.8413 tokens/s (1 tokens in 0.0437803 s)
[decode-stage-profile] model_load=388.07 ms context_create=56.5954 ms tokenize=0.444475 ms prefill_decode=83.1946 ms generation_decode=43.4698 ms generation_total=43.7803 ms program_total=589.434 ms
[svd-local-op-profile] up_ops=56 gate_ops=56 down_ops=56 up_total=32.873 ms gate_total=36.822 ms down_total=26.692 ms up_v=5.953 ms gate_v=5.965 ms down_v=21.186 ms up_u=26.900 ms gate_u=30.841 ms down_u=5.491 ms
[svd-local-stage-profile] attention_total=1.691 ms ffn_total=97.755 ms ffn_svd_total=96.387 ms ffn_svd_v=33.104 ms ffn_svd_u=63.232 ms
[svd-offload-zero-profile] up_finish=0 up_cache=0 up_no_request=27 gate_finish=0 gate_cache=0 gate_no_request=27 down_finish=0 down_cache=0 down_no_request=27 other_finish=0 other_cache=0 other_no_request=0
[svd-local-timeout-profile] up_keep=15 up_drop=0 up_wait=0.222 ms gate_keep=15 gate_drop=0 gate_wait=0.223 ms down_keep=15 down_drop=0 down_wait=1.594 ms other_keep=0 other_drop=0 other_wait=0.000 ms
[svd-offload-client] up_gate_req=0 down_req=0 other_mat_req=0 ffn_req=0 gate_cache_hits=0 gate_cache_checks=0 miss_invalid=0 miss_layer=0 miss_rank=0 miss_hash=0 miss_output=0 miss_data=0 send_up_gate=0.000 ms send_down=0.000 ms send_other=0.000 ms send_ffn=0.000 ms wait_up_gate=0.000 ms wait_down=0.000 ms wait_other=0.000 ms wait_ffn=0.000 ms
[svd-offload-client-stage-profile] rpc_send_total=0.000 ms rpc_wait_total=0.000 ms
[svd-offload-client-debug] finish_fail_up_gate=0 finish_fail_down=0 finish_fail_other=0 finish_fail_ffn=0 cache_take_fail_up=0 cache_take_fail_gate=0 recv_up_sum_abs=0.000000e+00 recv_up_max_abs=0.000000e+00 recv_up_zero=0 recv_gate_sum_abs=0.000000e+00 recv_gate_max_abs=0.000000e+00 recv_gate_zero=0 recv_down_sum_abs=0.000000e+00 recv_down_max_abs=0.000000e+00 recv_down_zero=0 recv_other_sum_abs=0.000000e+00 recv_other_max_abs=0.000000e+00 recv_other_zero=0 recv_ffn_sum_abs=0.000000e+00 recv_ffn_max_abs=0.000000e+00 recv_ffn_zero=0
SUCCEED (one forward pass done)"
6c_ramp_light,2,6,"60,61,62,63,64,65","0,10,20,30,40,50",baseline_no_svd,ok,,0,24.6476,40.572,156.23,0.8341472148895264,True,11,",","llama_context: graph splits = 1
attach_threadpool: call
threads: decode=6 batch=6
prompt tokens: 4
running one forward pass (llama_decode) ...
Top-5 next-token candidates:
  id=11 logit=20.2053 piece="",""
  id=304 logit=18.9277 piece="" in""
  id=3837 logit=18.7558 piece=""，""
  id=1052 logit=18.5616 piece="" there""
  id=358 logit=17.8374 piece="" I""
Autoregressive generation:
Generated text: ,
Decode-only throughput: 24.6476 tokens/s (1 tokens in 0.040572 s of llama_decode)
End-to-end throughput: 24.4607 tokens/s (1 tokens in 0.040882 s)
[decode-stage-profile] model_load=395.059 ms context_create=59.6293 ms tokenize=0.466587 ms prefill_decode=156.23 ms generation_decode=40.572 ms generation_total=40.882 ms program_total=669.419 ms
[svd-local-op-profile] up_ops=56 gate_ops=56 down_ops=56 up_total=31.857 ms gate_total=28.165 ms down_total=22.531 ms up_v=4.959 ms gate_v=4.876 ms down_v=17.312 ms up_u=26.893 ms gate_u=23.282 ms down_u=5.214 ms
[svd-local-stage-profile] attention_total=43.848 ms ffn_total=83.925 ms ffn_svd_total=82.553 ms ffn_svd_v=27.147 ms ffn_svd_u=55.389 ms
[svd-offload-zero-profile] up_finish=0 up_cache=0 up_no_request=27 gate_finish=0 gate_cache=0 gate_no_request=27 down_finish=0 down_cache=0 down_no_request=27 other_finish=0 other_cache=0 other_no_request=0
[svd-local-timeout-profile] up_keep=0 up_drop=0 up_wait=0.000 ms gate_keep=0 gate_drop=0 gate_wait=0.000 ms down_keep=0 down_drop=0 down_wait=0.000 ms other_keep=0 other_drop=0 other_wait=0.000 ms
[svd-offload-client] up_gate_req=0 down_req=0 other_mat_req=0 ffn_req=0 gate_cache_hits=0 gate_cache_checks=0 miss_invalid=0 miss_layer=0 miss_rank=0 miss_hash=0 miss_output=0 miss_data=0 send_up_gate=0.000 ms send_down=0.000 ms send_other=0.000 ms send_ffn=0.000 ms wait_up_gate=0.000 ms wait_down=0.000 ms wait_other=0.000 ms wait_ffn=0.000 ms
[svd-offload-client-stage-profile] rpc_send_total=0.000 ms rpc_wait_total=0.000 ms
[svd-offload-client-debug] finish_fail_up_gate=0 finish_fail_down=0 finish_fail_other=0 finish_fail_ffn=0 cache_take_fail_up=0 cache_take_fail_gate=0 recv_up_sum_abs=0.000000e+00 recv_up_max_abs=0.000000e+00 recv_up_zero=0 recv_gate_sum_abs=0.000000e+00 recv_gate_max_abs=0.000000e+00 recv_gate_zero=0 recv_down_sum_abs=0.000000e+00 recv_down_max_abs=0.000000e+00 recv_down_zero=0 recv_other_sum_abs=0.000000e+00 recv_other_max_abs=0.000000e+00 recv_other_zero=0 recv_ffn_sum_abs=0.000000e+00 recv_ffn_max_abs=0.000000e+00 recv_ffn_zero=0
SUCCEED (one forward pass done)"
6c_ramp_light,2,6,"60,61,62,63,64,65","0,10,20,30,40,50",model_schedule,ok,local,14,21.0265,47.5591,251.594,0.9110524654388428,True,3,$,"llama_context: graph splits = 1
attach_threadpool: call
threads: decode=6 batch=6
prompt tokens: 4
running one forward pass (llama_decode) ...
Top-5 next-token candidates:
  id=3 logit=0 piece=""$""
  id=4 logit=0 piece=""%""
  id=1 logit=0 piece=""""""
  id=0 logit=0 piece=""!""
  id=2 logit=0 piece=""#""
Autoregressive generation:
Generated text: !
Decode-only throughput: 21.0265 tokens/s (1 tokens in 0.0475591 s of llama_decode)
End-to-end throughput: 20.8911 tokens/s (1 tokens in 0.0478672 s)
[decode-stage-profile] model_load=387.749 ms context_create=57.4848 ms tokenize=0.462333 ms prefill_decode=251.594 ms generation_decode=47.5591 ms generation_total=47.8672 ms program_total=762.491 ms
[svd-local-op-profile] up_ops=56 gate_ops=56 down_ops=56 up_total=32.583 ms gate_total=33.047 ms down_total=30.414 ms up_v=6.015 ms gate_v=6.063 ms down_v=25.000 ms up_u=26.554 ms gate_u=26.971 ms down_u=5.401 ms
[svd-local-stage-profile] attention_total=57.291 ms ffn_total=97.350 ms ffn_svd_total=96.044 ms ffn_svd_v=37.078 ms ffn_svd_u=58.926 ms
[svd-offload-zero-profile] up_finish=0 up_cache=0 up_no_request=27 gate_finish=0 gate_cache=0 gate_no_request=27 down_finish=0 down_cache=0 down_no_request=27 other_finish=0 other_cache=0 other_no_request=0
[svd-local-timeout-profile] up_keep=15 up_drop=0 up_wait=0.202 ms gate_keep=15 gate_drop=0 gate_wait=0.255 ms down_keep=15 down_drop=0 down_wait=1.311 ms other_keep=0 other_drop=0 other_wait=0.000 ms
[svd-offload-client] up_gate_req=0 down_req=0 other_mat_req=0 ffn_req=0 gate_cache_hits=0 gate_cache_checks=0 miss_invalid=0 miss_layer=0 miss_rank=0 miss_hash=0 miss_output=0 miss_data=0 send_up_gate=0.000 ms send_down=0.000 ms send_other=0.000 ms send_ffn=0.000 ms wait_up_gate=0.000 ms wait_down=0.000 ms wait_other=0.000 ms wait_ffn=0.000 ms
[svd-offload-client-stage-profile] rpc_send_total=0.000 ms rpc_wait_total=0.000 ms
[svd-offload-client-debug] finish_fail_up_gate=0 finish_fail_down=0 finish_fail_other=0 finish_fail_ffn=0 cache_take_fail_up=0 cache_take_fail_gate=0 recv_up_sum_abs=0.000000e+00 recv_up_max_abs=0.000000e+00 recv_up_zero=0 recv_gate_sum_abs=0.000000e+00 recv_gate_max_abs=0.000000e+00 recv_gate_zero=0 recv_down_sum_abs=0.000000e+00 recv_down_max_abs=0.000000e+00 recv_down_zero=0 recv_other_sum_abs=0.000000e+00 recv_other_max_abs=0.000000e+00 recv_other_zero=0 recv_ffn_sum_abs=0.000000e+00 recv_ffn_max_abs=0.000000e+00 recv_ffn_zero=0
SUCCEED (one forward pass done)"
6c_mixed,0,6,"60,61,62,63,64,65","0,20,40,60,80,100",baseline_no_svd,ok,,0,25.0751,39.8802,2502.34,3.188175678253174,True,11,",","llama_context: graph splits = 1
attach_threadpool: call
threads: decode=6 batch=6
prompt tokens: 4
running one forward pass (llama_decode) ...
Top-5 next-token candidates:
  id=11 logit=20.2053 piece="",""
  id=304 logit=18.9277 piece="" in""
  id=3837 logit=18.7558 piece=""，""
  id=1052 logit=18.5616 piece="" there""
  id=358 logit=17.8374 piece="" I""
Autoregressive generation:
Generated text: ,
Decode-only throughput: 25.0751 tokens/s (1 tokens in 0.0398802 s of llama_decode)
End-to-end throughput: 24.8612 tokens/s (1 tokens in 0.0402233 s)
[decode-stage-profile] model_load=405.108 ms context_create=60.5016 ms tokenize=0.619385 ms prefill_decode=2502.34 ms generation_decode=39.8802 ms generation_total=40.2233 ms program_total=3026.64 ms
[svd-local-op-profile] up_ops=56 gate_ops=56 down_ops=56 up_total=156.535 ms gate_total=159.455 ms down_total=152.451 ms up_v=45.935 ms gate_v=47.352 ms down_v=59.273 ms up_u=110.599 ms gate_u=112.087 ms down_u=93.174 ms
[svd-local-stage-profile] attention_total=350.707 ms ffn_total=679.654 ms ffn_svd_total=468.441 ms ffn_svd_v=152.560 ms ffn_svd_u=315.860 ms
[svd-offload-zero-profile] up_finish=0 up_cache=0 up_no_request=27 gate_finish=0 gate_cache=0 gate_no_request=27 down_finish=0 down_cache=0 down_no_request=27 other_finish=0 other_cache=0 other_no_request=0
[svd-local-timeout-profile] up_keep=0 up_drop=0 up_wait=0.000 ms gate_keep=0 gate_drop=0 gate_wait=0.000 ms down_keep=0 down_drop=0 down_wait=0.000 ms other_keep=0 other_drop=0 other_wait=0.000 ms
[svd-offload-client] up_gate_req=0 down_req=0 other_mat_req=0 ffn_req=0 gate_cache_hits=0 gate_cache_checks=0 miss_invalid=0 miss_layer=0 miss_rank=0 miss_hash=0 miss_output=0 miss_data=0 send_up_gate=0.000 ms send_down=0.000 ms send_other=0.000 ms send_ffn=0.000 ms wait_up_gate=0.000 ms wait_down=0.000 ms wait_other=0.000 ms wait_ffn=0.000 ms
[svd-offload-client-stage-profile] rpc_send_total=0.000 ms rpc_wait_total=0.000 ms
[svd-offload-client-debug] finish_fail_up_gate=0 finish_fail_down=0 finish_fail_other=0 finish_fail_ffn=0 cache_take_fail_up=0 cache_take_fail_gate=0 recv_up_sum_abs=0.000000e+00 recv_up_max_abs=0.000000e+00 recv_up_zero=0 recv_gate_sum_abs=0.000000e+00 recv_gate_max_abs=0.000000e+00 recv_gate_zero=0 recv_down_sum_abs=0.000000e+00 recv_down_max_abs=0.000000e+00 recv_down_zero=0 recv_other_sum_abs=0.000000e+00 recv_other_max_abs=0.000000e+00 recv_other_zero=0 recv_ffn_sum_abs=0.000000e+00 recv_ffn_max_abs=0.000000e+00 recv_ffn_zero=0
SUCCEED (one forward pass done)"
6c_mixed,0,6,"60,61,62,63,64,65","0,20,40,60,80,100",model_schedule,ok,local,14,21.4105,46.706,3173.25,3.849586248397827,True,3,$,"llama_context: graph splits = 1
attach_threadpool: call
threads: decode=6 batch=6
prompt tokens: 4
running one forward pass (llama_decode) ...
Top-5 next-token candidates:
  id=3 logit=0 piece=""$""
  id=4 logit=0 piece=""%""
  id=1 logit=0 piece=""""""
  id=0 logit=0 piece=""!""
  id=2 logit=0 piece=""#""
Autoregressive generation:
Generated text: !
Decode-only throughput: 21.4105 tokens/s (1 tokens in 0.046706 s of llama_decode)
End-to-end throughput: 21.2561 tokens/s (1 tokens in 0.0470454 s)
[decode-stage-profile] model_load=387.062 ms context_create=57.3404 ms tokenize=0.468154 ms prefill_decode=3173.25 ms generation_decode=46.706 ms generation_total=47.0454 ms program_total=3682.85 ms
[svd-local-op-profile] up_ops=56 gate_ops=56 down_ops=56 up_total=180.396 ms gate_total=173.143 ms down_total=171.704 ms up_v=55.381 ms gate_v=52.837 ms down_v=59.817 ms up_u=125.003 ms gate_u=120.253 ms down_u=111.874 ms
[svd-local-stage-profile] attention_total=456.165 ms ffn_total=788.710 ms ffn_svd_total=525.243 ms ffn_svd_v=168.035 ms ffn_svd_u=357.130 ms
[svd-offload-zero-profile] up_finish=0 up_cache=0 up_no_request=27 gate_finish=0 gate_cache=0 gate_no_request=27 down_finish=0 down_cache=0 down_no_request=27 other_finish=0 other_cache=0 other_no_request=0
[svd-local-timeout-profile] up_keep=15 up_drop=0 up_wait=1.097 ms gate_keep=15 gate_drop=0 gate_wait=1.120 ms down_keep=15 down_drop=0 down_wait=5.965 ms other_keep=0 other_drop=0 other_wait=0.000 ms
[svd-offload-client] up_gate_req=0 down_req=0 other_mat_req=0 ffn_req=0 gate_cache_hits=0 gate_cache_checks=0 miss_invalid=0 miss_layer=0 miss_rank=0 miss_hash=0 miss_output=0 miss_data=0 send_up_gate=0.000 ms send_down=0.000 ms send_other=0.000 ms send_ffn=0.000 ms wait_up_gate=0.000 ms wait_down=0.000 ms wait_other=0.000 ms wait_ffn=0.000 ms
[svd-offload-client-stage-profile] rpc_send_total=0.000 ms rpc_wait_total=0.000 ms
[svd-offload-client-debug] finish_fail_up_gate=0 finish_fail_down=0 finish_fail_other=0 finish_fail_ffn=0 cache_take_fail_up=0 cache_take_fail_gate=0 recv_up_sum_abs=0.000000e+00 recv_up_max_abs=0.000000e+00 recv_up_zero=0 recv_gate_sum_abs=0.000000e+00 recv_gate_max_abs=0.000000e+00 recv_gate_zero=0 recv_down_sum_abs=0.000000e+00 recv_down_max_abs=0.000000e+00 recv_down_zero=0 recv_other_sum_abs=0.000000e+00 recv_other_max_abs=0.000000e+00 recv_other_zero=0 recv_ffn_sum_abs=0.000000e+00 recv_ffn_max_abs=0.000000e+00 recv_ffn_zero=0
SUCCEED (one forward pass done)"
6c_mixed,1,6,"60,61,62,63,64,65","0,20,40,60,80,100",baseline_no_svd,ok,,0,23.5231,42.5114,4661.46,5.352705001831055,True,11,",","llama_context: graph splits = 1
attach_threadpool: call
threads: decode=6 batch=6
prompt tokens: 4
running one forward pass (llama_decode) ...
Top-5 next-token candidates:
  id=11 logit=20.2053 piece="",""
  id=304 logit=18.9277 piece="" in""
  id=3837 logit=18.7558 piece=""，""
  id=1052 logit=18.5616 piece="" there""
  id=358 logit=17.8374 piece="" I""
Autoregressive generation:
Generated text: ,
Decode-only throughput: 23.5231 tokens/s (1 tokens in 0.0425114 s of llama_decode)
End-to-end throughput: 23.3445 tokens/s (1 tokens in 0.0428366 s)
[decode-stage-profile] model_load=401.773 ms context_create=60.5688 ms tokenize=0.464912 ms prefill_decode=4661.46 ms generation_decode=42.5114 ms generation_total=42.8366 ms program_total=5184.74 ms
[svd-local-op-profile] up_ops=56 gate_ops=56 down_ops=56 up_total=275.827 ms gate_total=272.275 ms down_total=267.447 ms up_v=84.329 ms gate_v=91.161 ms down_v=99.692 ms up_u=191.493 ms gate_u=181.109 ms down_u=167.749 ms
[svd-local-stage-profile] attention_total=644.848 ms ffn_total=1204.102 ms ffn_svd_total=815.549 ms ffn_svd_v=275.182 ms ffn_svd_u=540.351 ms
[svd-offload-zero-profile] up_finish=0 up_cache=0 up_no_request=27 gate_finish=0 gate_cache=0 gate_no_request=27 down_finish=0 down_cache=0 down_no_request=27 other_finish=0 other_cache=0 other_no_request=0
[svd-local-timeout-profile] up_keep=0 up_drop=0 up_wait=0.000 ms gate_keep=0 gate_drop=0 gate_wait=0.000 ms down_keep=0 down_drop=0 down_wait=0.000 ms other_keep=0 other_drop=0 other_wait=0.000 ms
[svd-offload-client] up_gate_req=0 down_req=0 other_mat_req=0 ffn_req=0 gate_cache_hits=0 gate_cache_checks=0 miss_invalid=0 miss_layer=0 miss_rank=0 miss_hash=0 miss_output=0 miss_data=0 send_up_gate=0.000 ms send_down=0.000 ms send_other=0.000 ms send_ffn=0.000 ms wait_up_gate=0.000 ms wait_down=0.000 ms wait_other=0.000 ms wait_ffn=0.000 ms
[svd-offload-client-stage-profile] rpc_send_total=0.000 ms rpc_wait_total=0.000 ms
[svd-offload-client-debug] finish_fail_up_gate=0 finish_fail_down=0 finish_fail_other=0 finish_fail_ffn=0 cache_take_fail_up=0 cache_take_fail_gate=0 recv_up_sum_abs=0.000000e+00 recv_up_max_abs=0.000000e+00 recv_up_zero=0 recv_gate_sum_abs=0.000000e+00 recv_gate_max_abs=0.000000e+00 recv_gate_zero=0 recv_down_sum_abs=0.000000e+00 recv_down_max_abs=0.000000e+00 recv_down_zero=0 recv_other_sum_abs=0.000000e+00 recv_other_max_abs=0.000000e+00 recv_other_zero=0 recv_ffn_sum_abs=0.000000e+00 recv_ffn_max_abs=0.000000e+00 recv_ffn_zero=0
SUCCEED (one forward pass done)"
6c_mixed,1,6,"60,61,62,63,64,65","0,20,40,60,80,100",model_schedule,ok,local,14,21.7096,46.0627,2228.32,2.9459123611450195,True,3,$,"llama_context: graph splits = 1
attach_threadpool: call
threads: decode=6 batch=6
prompt tokens: 4
running one forward pass (llama_decode) ...
Top-5 next-token candidates:
  id=3 logit=0 piece=""$""
  id=4 logit=0 piece=""%""
  id=1 logit=0 piece=""""""
  id=0 logit=0 piece=""!""
  id=2 logit=0 piece=""#""
Autoregressive generation:
Generated text: !
Decode-only throughput: 21.7096 tokens/s (1 tokens in 0.0460627 s of llama_decode)
End-to-end throughput: 21.5619 tokens/s (1 tokens in 0.0463781 s)
[decode-stage-profile] model_load=407.163 ms context_create=60.8599 ms tokenize=0.467997 ms prefill_decode=2228.32 ms generation_decode=46.0627 ms generation_total=46.3781 ms program_total=2761.55 ms
[svd-local-op-profile] up_ops=56 gate_ops=56 down_ops=56 up_total=139.830 ms gate_total=131.379 ms down_total=129.256 ms up_v=41.874 ms gate_v=41.237 ms down_v=53.024 ms up_u=97.939 ms gate_u=90.121 ms down_u=76.218 ms
[svd-local-stage-profile] attention_total=329.579 ms ffn_total=575.661 ms ffn_svd_total=400.465 ms ffn_svd_v=136.135 ms ffn_svd_u=264.278 ms
[svd-offload-zero-profile] up_finish=0 up_cache=0 up_no_request=27 gate_finish=0 gate_cache=0 gate_no_request=27 down_finish=0 down_cache=0 down_no_request=27 other_finish=0 other_cache=0 other_no_request=0
[svd-local-timeout-profile] up_keep=15 up_drop=0 up_wait=1.087 ms gate_keep=15 gate_drop=0 gate_wait=1.075 ms down_keep=15 down_drop=0 down_wait=5.814 ms other_keep=0 other_drop=0 other_wait=0.000 ms
[svd-offload-client] up_gate_req=0 down_req=0 other_mat_req=0 ffn_req=0 gate_cache_hits=0 gate_cache_checks=0 miss_invalid=0 miss_layer=0 miss_rank=0 miss_hash=0 miss_output=0 miss_data=0 send_up_gate=0.000 ms send_down=0.000 ms send_other=0.000 ms send_ffn=0.000 ms wait_up_gate=0.000 ms wait_down=0.000 ms wait_other=0.000 ms wait_ffn=0.000 ms
[svd-offload-client-stage-profile] rpc_send_total=0.000 ms rpc_wait_total=0.000 ms
[svd-offload-client-debug] finish_fail_up_gate=0 finish_fail_down=0 finish_fail_other=0 finish_fail_ffn=0 cache_take_fail_up=0 cache_take_fail_gate=0 recv_up_sum_abs=0.000000e+00 recv_up_max_abs=0.000000e+00 recv_up_zero=0 recv_gate_sum_abs=0.000000e+00 recv_gate_max_abs=0.000000e+00 recv_gate_zero=0 recv_down_sum_abs=0.000000e+00 recv_down_max_abs=0.000000e+00 recv_down_zero=0 recv_other_sum_abs=0.000000e+00 recv_other_max_abs=0.000000e+00 recv_other_zero=0 recv_ffn_sum_abs=0.000000e+00 recv_ffn_max_abs=0.000000e+00 recv_ffn_zero=0
SUCCEED (one forward pass done)"
6c_mixed,2,6,"60,61,62,63,64,65","0,20,40,60,80,100",baseline_no_svd,ok,,0,26.5587,37.6525,2504.48,3.1916913986206055,True,11,",","llama_context: graph splits = 1
attach_threadpool: call
threads: decode=6 batch=6
prompt tokens: 4
running one forward pass (llama_decode) ...
Top-5 next-token candidates:
  id=11 logit=20.2053 piece="",""
  id=304 logit=18.9277 piece="" in""
  id=3837 logit=18.7558 piece=""，""
  id=1052 logit=18.5616 piece="" there""
  id=358 logit=17.8374 piece="" I""
Autoregressive generation:
Generated text: ,
Decode-only throughput: 26.5587 tokens/s (1 tokens in 0.0376525 s of llama_decode)
End-to-end throughput: 26.3283 tokens/s (1 tokens in 0.037982 s)
[decode-stage-profile] model_load=403.102 ms context_create=60.4418 ms tokenize=0.470953 ms prefill_decode=2504.48 ms generation_decode=37.6525 ms generation_total=37.982 ms program_total=3024.08 ms
[svd-local-op-profile] up_ops=56 gate_ops=56 down_ops=56 up_total=152.140 ms gate_total=172.798 ms down_total=130.715 ms up_v=44.896 ms gate_v=54.295 ms down_v=51.275 ms up_u=107.239 ms gate_u=118.498 ms down_u=79.434 ms
[svd-local-stage-profile] attention_total=305.832 ms ffn_total=657.955 ms ffn_svd_total=455.653 ms ffn_svd_v=150.466 ms ffn_svd_u=305.171 ms
[svd-offload-zero-profile] up_finish=0 up_cache=0 up_no_request=27 gate_finish=0 gate_cache=0 gate_no_request=27 down_finish=0 down_cache=0 down_no_request=27 other_finish=0 other_cache=0 other_no_request=0
[svd-local-timeout-profile] up_keep=0 up_drop=0 up_wait=0.000 ms gate_keep=0 gate_drop=0 gate_wait=0.000 ms down_keep=0 down_drop=0 down_wait=0.000 ms other_keep=0 other_drop=0 other_wait=0.000 ms
[svd-offload-client] up_gate_req=0 down_req=0 other_mat_req=0 ffn_req=0 gate_cache_hits=0 gate_cache_checks=0 miss_invalid=0 miss_layer=0 miss_rank=0 miss_hash=0 miss_output=0 miss_data=0 send_up_gate=0.000 ms send_down=0.000 ms send_other=0.000 ms send_ffn=0.000 ms wait_up_gate=0.000 ms wait_down=0.000 ms wait_other=0.000 ms wait_ffn=0.000 ms
[svd-offload-client-stage-profile] rpc_send_total=0.000 ms rpc_wait_total=0.000 ms
[svd-offload-client-debug] finish_fail_up_gate=0 finish_fail_down=0 finish_fail_other=0 finish_fail_ffn=0 cache_take_fail_up=0 cache_take_fail_gate=0 recv_up_sum_abs=0.000000e+00 recv_up_max_abs=0.000000e+00 recv_up_zero=0 recv_gate_sum_abs=0.000000e+00 recv_gate_max_abs=0.000000e+00 recv_gate_zero=0 recv_down_sum_abs=0.000000e+00 recv_down_max_abs=0.000000e+00 recv_down_zero=0 recv_other_sum_abs=0.000000e+00 recv_other_max_abs=0.000000e+00 recv_other_zero=0 recv_ffn_sum_abs=0.000000e+00 recv_ffn_max_abs=0.000000e+00 recv_ffn_zero=0
SUCCEED (one forward pass done)"
6c_mixed,2,6,"60,61,62,63,64,65","0,20,40,60,80,100",model_schedule,ok,local,14,19.6093,50.9963,4597.33,5.295501708984375,True,3,$,"llama_context: graph splits = 1
attach_threadpool: call
threads: decode=6 batch=6
prompt tokens: 4
running one forward pass (llama_decode) ...
Top-5 next-token candidates:
  id=3 logit=0 piece=""$""
  id=4 logit=0 piece=""%""
  id=1 logit=0 piece=""""""
  id=0 logit=0 piece=""!""
  id=2 logit=0 piece=""#""
Autoregressive generation:
Generated text: !
Decode-only throughput: 19.6093 tokens/s (1 tokens in 0.0509963 s of llama_decode)
End-to-end throughput: 19.4805 tokens/s (1 tokens in 0.0513333 s)
[decode-stage-profile] model_load=390.091 ms context_create=63.6477 ms tokenize=0.467864 ms prefill_decode=4597.33 ms generation_decode=50.9963 ms generation_total=51.3333 ms program_total=5120.46 ms
[svd-local-op-profile] up_ops=56 gate_ops=56 down_ops=56 up_total=290.434 ms gate_total=283.724 ms down_total=274.311 ms up_v=89.261 ms gate_v=91.762 ms down_v=101.892 ms up_u=201.152 ms gate_u=191.911 ms down_u=172.406 ms
[svd-local-stage-profile] attention_total=599.624 ms ffn_total=1254.645 ms ffn_svd_total=848.469 ms ffn_svd_v=282.915 ms ffn_svd_u=565.469 ms
[svd-offload-zero-profile] up_finish=0 up_cache=0 up_no_request=27 gate_finish=0 gate_cache=0 gate_no_request=27 down_finish=0 down_cache=0 down_no_request=27 other_finish=0 other_cache=0 other_no_request=0
[svd-local-timeout-profile] up_keep=15 up_drop=0 up_wait=1.140 ms gate_keep=15 gate_drop=0 gate_wait=1.059 ms down_keep=15 down_drop=0 down_wait=5.990 ms other_keep=0 other_drop=0 other_wait=0.000 ms
[svd-offload-client] up_gate_req=0 down_req=0 other_mat_req=0 ffn_req=0 gate_cache_hits=0 gate_cache_checks=0 miss_invalid=0 miss_layer=0 miss_rank=0 miss_hash=0 miss_output=0 miss_data=0 send_up_gate=0.000 ms send_down=0.000 ms send_other=0.000 ms send_ffn=0.000 ms wait_up_gate=0.000 ms wait_down=0.000 ms wait_other=0.000 ms wait_ffn=0.000 ms
[svd-offload-client-stage-profile] rpc_send_total=0.000 ms rpc_wait_total=0.000 ms
[svd-offload-client-debug] finish_fail_up_gate=0 finish_fail_down=0 finish_fail_other=0 finish_fail_ffn=0 cache_take_fail_up=0 cache_take_fail_gate=0 recv_up_sum_abs=0.000000e+00 recv_up_max_abs=0.000000e+00 recv_up_zero=0 recv_gate_sum_abs=0.000000e+00 recv_gate_max_abs=0.000000e+00 recv_gate_zero=0 recv_down_sum_abs=0.000000e+00 recv_down_max_abs=0.000000e+00 recv_down_zero=0 recv_other_sum_abs=0.000000e+00 recv_other_max_abs=0.000000e+00 recv_other_zero=0 recv_ffn_sum_abs=0.000000e+00 recv_ffn_max_abs=0.000000e+00 recv_ffn_zero=0
SUCCEED (one forward pass done)"
6c_front_hot,0,6,"60,61,62,63,64,65","100,80,60,30,10,0",baseline_no_svd,ok,,0,0.168363,5939.55,5025.91,11.616053104400635,True,11,",","llama_context: graph splits = 1
attach_threadpool: call
threads: decode=6 batch=6
prompt tokens: 4
running one forward pass (llama_decode) ...
Top-5 next-token candidates:
  id=11 logit=20.2053 piece="",""
  id=304 logit=18.9277 piece="" in""
  id=3837 logit=18.7558 piece=""，""
  id=1052 logit=18.5616 piece="" there""
  id=358 logit=17.8374 piece="" I""
Autoregressive generation:
Generated text: ,
Decode-only throughput: 0.168363 tokens/s (1 tokens in 5.93955 s of llama_decode)
End-to-end throughput: 0.168353 tokens/s (1 tokens in 5.9399 s)
[decode-stage-profile] model_load=402.675 ms context_create=59.1029 ms tokenize=0.466171 ms prefill_decode=5025.91 ms generation_decode=5939.55 ms generation_total=5939.9 ms program_total=11445.5 ms
[svd-local-op-profile] up_ops=56 gate_ops=56 down_ops=56 up_total=574.354 ms gate_total=610.348 ms down_total=578.696 ms up_v=189.068 ms gate_v=208.652 ms down_v=198.369 ms up_u=385.282 ms gate_u=401.693 ms down_u=380.324 ms
[svd-local-stage-profile] attention_total=2185.760 ms ffn_total=3527.188 ms ffn_svd_total=1763.398 ms ffn_svd_v=596.089 ms ffn_svd_u=1167.299 ms
[svd-offload-zero-profile] up_finish=0 up_cache=0 up_no_request=27 gate_finish=0 gate_cache=0 gate_no_request=27 down_finish=0 down_cache=0 down_no_request=27 other_finish=0 other_cache=0 other_no_request=0
[svd-local-timeout-profile] up_keep=0 up_drop=0 up_wait=0.000 ms gate_keep=0 gate_drop=0 gate_wait=0.000 ms down_keep=0 down_drop=0 down_wait=0.000 ms other_keep=0 other_drop=0 other_wait=0.000 ms
[svd-offload-client] up_gate_req=0 down_req=0 other_mat_req=0 ffn_req=0 gate_cache_hits=0 gate_cache_checks=0 miss_invalid=0 miss_layer=0 miss_rank=0 miss_hash=0 miss_output=0 miss_data=0 send_up_gate=0.000 ms send_down=0.000 ms send_other=0.000 ms send_ffn=0.000 ms wait_up_gate=0.000 ms wait_down=0.000 ms wait_other=0.000 ms wait_ffn=0.000 ms
[svd-offload-client-stage-profile] rpc_send_total=0.000 ms rpc_wait_total=0.000 ms
[svd-offload-client-debug] finish_fail_up_gate=0 finish_fail_down=0 finish_fail_other=0 finish_fail_ffn=0 cache_take_fail_up=0 cache_take_fail_gate=0 recv_up_sum_abs=0.000000e+00 recv_up_max_abs=0.000000e+00 recv_up_zero=0 recv_gate_sum_abs=0.000000e+00 recv_gate_max_abs=0.000000e+00 recv_gate_zero=0 recv_down_sum_abs=0.000000e+00 recv_down_max_abs=0.000000e+00 recv_down_zero=0 recv_other_sum_abs=0.000000e+00 recv_other_max_abs=0.000000e+00 recv_other_zero=0 recv_ffn_sum_abs=0.000000e+00 recv_ffn_max_abs=0.000000e+00 recv_ffn_zero=0
SUCCEED (one forward pass done)"
6c_front_hot,0,6,"60,61,62,63,64,65","100,80,60,30,10,0",model_schedule,skipped_edge_end_no_adb,edge_end,11,,,,,,,,
6c_front_hot,1,6,"60,61,62,63,64,65","100,80,60,30,10,0",baseline_no_svd,ok,,0,1.7803,561.704,6402.71,7.611282825469971,True,11,",","llama_context: graph splits = 1
attach_threadpool: call
threads: decode=6 batch=6
prompt tokens: 4
running one forward pass (llama_decode) ...
Top-5 next-token candidates:
  id=11 logit=20.2053 piece="",""
  id=304 logit=18.9277 piece="" in""
  id=3837 logit=18.7558 piece=""，""
  id=1052 logit=18.5616 piece="" there""
  id=358 logit=17.8374 piece="" I""
Autoregressive generation:
Generated text: ,
Decode-only throughput: 1.7803 tokens/s (1 tokens in 0.561704 s of llama_decode)
End-to-end throughput: 1.77927 tokens/s (1 tokens in 0.562027 s)
[decode-stage-profile] model_load=397.79 ms context_create=59.9228 ms tokenize=0.485041 ms prefill_decode=6402.71 ms generation_decode=561.704 ms generation_total=562.027 ms program_total=7440.49 ms
[svd-local-op-profile] up_ops=56 gate_ops=56 down_ops=56 up_total=373.393 ms gate_total=354.851 ms down_total=383.121 ms up_v=122.461 ms gate_v=116.675 ms down_v=135.906 ms up_u=250.924 ms gate_u=238.170 ms down_u=247.207 ms
[svd-local-stage-profile] attention_total=1109.321 ms ffn_total=1725.859 ms ffn_svd_total=1111.365 ms ffn_svd_v=375.042 ms ffn_svd_u=736.301 ms
[svd-offload-zero-profile] up_finish=0 up_cache=0 up_no_request=27 gate_finish=0 gate_cache=0 gate_no_request=27 down_finish=0 down_cache=0 down_no_request=27 other_finish=0 other_cache=0 other_no_request=0
[svd-local-timeout-profile] up_keep=0 up_drop=0 up_wait=0.000 ms gate_keep=0 gate_drop=0 gate_wait=0.000 ms down_keep=0 down_drop=0 down_wait=0.000 ms other_keep=0 other_drop=0 other_wait=0.000 ms
[svd-offload-client] up_gate_req=0 down_req=0 other_mat_req=0 ffn_req=0 gate_cache_hits=0 gate_cache_checks=0 miss_invalid=0 miss_layer=0 miss_rank=0 miss_hash=0 miss_output=0 miss_data=0 send_up_gate=0.000 ms send_down=0.000 ms send_other=0.000 ms send_ffn=0.000 ms wait_up_gate=0.000 ms wait_down=0.000 ms wait_other=0.000 ms wait_ffn=0.000 ms
[svd-offload-client-stage-profile] rpc_send_total=0.000 ms rpc_wait_total=0.000 ms
[svd-offload-client-debug] finish_fail_up_gate=0 finish_fail_down=0 finish_fail_other=0 finish_fail_ffn=0 cache_take_fail_up=0 cache_take_fail_gate=0 recv_up_sum_abs=0.000000e+00 recv_up_max_abs=0.000000e+00 recv_up_zero=0 recv_gate_sum_abs=0.000000e+00 recv_gate_max_abs=0.000000e+00 recv_gate_zero=0 recv_down_sum_abs=0.000000e+00 recv_down_max_abs=0.000000e+00 recv_down_zero=0 recv_other_sum_abs=0.000000e+00 recv_other_max_abs=0.000000e+00 recv_other_zero=0 recv_ffn_sum_abs=0.000000e+00 recv_ffn_max_abs=0.000000e+00 recv_ffn_zero=0
SUCCEED (one forward pass done)"
6c_front_hot,1,6,"60,61,62,63,64,65","100,80,60,30,10,0",model_schedule,skipped_edge_end_no_adb,edge_end,11,,,,,,,,
6c_front_hot,2,6,"60,61,62,63,64,65","100,80,60,30,10,0",baseline_no_svd,ok,,0,27.0002,37.0368,2547.84,3.215437173843384,True,11,",","llama_context: graph splits = 1
attach_threadpool: call
threads: decode=6 batch=6
prompt tokens: 4
running one forward pass (llama_decode) ...
Top-5 next-token candidates:
  id=11 logit=20.2053 piece="",""
  id=304 logit=18.9277 piece="" in""
  id=3837 logit=18.7558 piece=""，""
  id=1052 logit=18.5616 piece="" there""
  id=358 logit=17.8374 piece="" I""
Autoregressive generation:
Generated text: ,
Decode-only throughput: 27.0002 tokens/s (1 tokens in 0.0370368 s of llama_decode)
End-to-end throughput: 26.7706 tokens/s (1 tokens in 0.0373544 s)
[decode-stage-profile] model_load=395.161 ms context_create=59.9155 ms tokenize=0.501665 ms prefill_decode=2547.84 ms generation_decode=37.0368 ms generation_total=37.3544 ms program_total=3058.68 ms
[svd-local-op-profile] up_ops=56 gate_ops=56 down_ops=56 up_total=150.833 ms gate_total=158.480 ms down_total=146.386 ms up_v=46.030 ms gate_v=47.540 ms down_v=58.962 ms up_u=104.798 ms gate_u=110.934 ms down_u=87.419 ms
[svd-local-stage-profile] attention_total=349.704 ms ffn_total=674.204 ms ffn_svd_total=455.699 ms ffn_svd_v=152.532 ms ffn_svd_u=303.151 ms
[svd-offload-zero-profile] up_finish=0 up_cache=0 up_no_request=27 gate_finish=0 gate_cache=0 gate_no_request=27 down_finish=0 down_cache=0 down_no_request=27 other_finish=0 other_cache=0 other_no_request=0
[svd-local-timeout-profile] up_keep=0 up_drop=0 up_wait=0.000 ms gate_keep=0 gate_drop=0 gate_wait=0.000 ms down_keep=0 down_drop=0 down_wait=0.000 ms other_keep=0 other_drop=0 other_wait=0.000 ms
[svd-offload-client] up_gate_req=0 down_req=0 other_mat_req=0 ffn_req=0 gate_cache_hits=0 gate_cache_checks=0 miss_invalid=0 miss_layer=0 miss_rank=0 miss_hash=0 miss_output=0 miss_data=0 send_up_gate=0.000 ms send_down=0.000 ms send_other=0.000 ms send_ffn=0.000 ms wait_up_gate=0.000 ms wait_down=0.000 ms wait_other=0.000 ms wait_ffn=0.000 ms
[svd-offload-client-stage-profile] rpc_send_total=0.000 ms rpc_wait_total=0.000 ms
[svd-offload-client-debug] finish_fail_up_gate=0 finish_fail_down=0 finish_fail_other=0 finish_fail_ffn=0 cache_take_fail_up=0 cache_take_fail_gate=0 recv_up_sum_abs=0.000000e+00 recv_up_max_abs=0.000000e+00 recv_up_zero=0 recv_gate_sum_abs=0.000000e+00 recv_gate_max_abs=0.000000e+00 recv_gate_zero=0 recv_down_sum_abs=0.000000e+00 recv_down_max_abs=0.000000e+00 recv_down_zero=0 recv_other_sum_abs=0.000000e+00 recv_other_max_abs=0.000000e+00 recv_other_zero=0 recv_ffn_sum_abs=0.000000e+00 recv_ffn_max_abs=0.000000e+00 recv_ffn_zero=0
SUCCEED (one forward pass done)"
6c_front_hot,2,6,"60,61,62,63,64,65","100,80,60,30,10,0",model_schedule,skipped_edge_end_no_adb,edge_end,11,,,,,,,,
6c_high,0,6,"60,61,62,63,64,65","50,60,70,80,90,100",baseline_no_svd,ok,,0,24.9193,40.1296,2509.91,3.1859848499298096,True,11,",","llama_context: graph splits = 1
attach_threadpool: call
threads: decode=6 batch=6
prompt tokens: 4
running one forward pass (llama_decode) ...
Top-5 next-token candidates:
  id=11 logit=20.2053 piece="",""
  id=304 logit=18.9277 piece="" in""
  id=3837 logit=18.7558 piece=""，""
  id=1052 logit=18.5616 piece="" there""
  id=358 logit=17.8374 piece="" I""
Autoregressive generation:
Generated text: ,
Decode-only throughput: 24.9193 tokens/s (1 tokens in 0.0401296 s of llama_decode)
End-to-end throughput: 24.7078 tokens/s (1 tokens in 0.040473 s)
[decode-stage-profile] model_load=391.807 ms context_create=64.1188 ms tokenize=0.470945 ms prefill_decode=2509.91 ms generation_decode=40.1296 ms generation_total=40.473 ms program_total=3023.93 ms
[svd-local-op-profile] up_ops=56 gate_ops=56 down_ops=56 up_total=149.935 ms gate_total=158.168 ms down_total=153.622 ms up_v=47.963 ms gate_v=48.435 ms down_v=60.896 ms up_u=101.966 ms gate_u=109.727 ms down_u=92.724 ms
[svd-local-stage-profile] attention_total=334.546 ms ffn_total=669.864 ms ffn_svd_total=461.725 ms ffn_svd_v=157.294 ms ffn_svd_u=304.417 ms
[svd-offload-zero-profile] up_finish=0 up_cache=0 up_no_request=27 gate_finish=0 gate_cache=0 gate_no_request=27 down_finish=0 down_cache=0 down_no_request=27 other_finish=0 other_cache=0 other_no_request=0
[svd-local-timeout-profile] up_keep=0 up_drop=0 up_wait=0.000 ms gate_keep=0 gate_drop=0 gate_wait=0.000 ms down_keep=0 down_drop=0 down_wait=0.000 ms other_keep=0 other_drop=0 other_wait=0.000 ms
[svd-offload-client] up_gate_req=0 down_req=0 other_mat_req=0 ffn_req=0 gate_cache_hits=0 gate_cache_checks=0 miss_invalid=0 miss_layer=0 miss_rank=0 miss_hash=0 miss_output=0 miss_data=0 send_up_gate=0.000 ms send_down=0.000 ms send_other=0.000 ms send_ffn=0.000 ms wait_up_gate=0.000 ms wait_down=0.000 ms wait_other=0.000 ms wait_ffn=0.000 ms
[svd-offload-client-stage-profile] rpc_send_total=0.000 ms rpc_wait_total=0.000 ms
[svd-offload-client-debug] finish_fail_up_gate=0 finish_fail_down=0 finish_fail_other=0 finish_fail_ffn=0 cache_take_fail_up=0 cache_take_fail_gate=0 recv_up_sum_abs=0.000000e+00 recv_up_max_abs=0.000000e+00 recv_up_zero=0 recv_gate_sum_abs=0.000000e+00 recv_gate_max_abs=0.000000e+00 recv_gate_zero=0 recv_down_sum_abs=0.000000e+00 recv_down_max_abs=0.000000e+00 recv_down_zero=0 recv_other_sum_abs=0.000000e+00 recv_other_max_abs=0.000000e+00 recv_other_zero=0 recv_ffn_sum_abs=0.000000e+00 recv_ffn_max_abs=0.000000e+00 recv_ffn_zero=0
SUCCEED (one forward pass done)"
6c_high,0,6,"60,61,62,63,64,65","50,60,70,80,90,100",model_schedule,ok,local,14,21.2965,46.956,1240.38,1.9266736507415771,True,3,$,"llama_context: graph splits = 1
attach_threadpool: call
threads: decode=6 batch=6
prompt tokens: 4
running one forward pass (llama_decode) ...
Top-5 next-token candidates:
  id=3 logit=0 piece=""$""
  id=4 logit=0 piece=""%""
  id=1 logit=0 piece=""""""
  id=0 logit=0 piece=""!""
  id=2 logit=0 piece=""#""
Autoregressive generation:
Generated text: !
Decode-only throughput: 21.2965 tokens/s (1 tokens in 0.046956 s of llama_decode)
End-to-end throughput: 21.1443 tokens/s (1 tokens in 0.0472941 s)
[decode-stage-profile] model_load=386.202 ms context_create=60.5961 ms tokenize=0.46313 ms prefill_decode=1240.38 ms generation_decode=46.956 ms generation_total=47.2941 ms program_total=1752.12 ms
[svd-local-op-profile] up_ops=56 gate_ops=56 down_ops=56 up_total=89.321 ms gate_total=93.090 ms down_total=67.431 ms up_v=26.431 ms gate_v=25.201 ms down_v=33.832 ms up_u=62.874 ms gate_u=67.868 ms down_u=33.582 ms
[svd-local-stage-profile] attention_total=152.130 ms ffn_total=363.060 ms ffn_svd_total=249.842 ms ffn_svd_v=85.464 ms ffn_svd_u=164.324 ms
[svd-offload-zero-profile] up_finish=0 up_cache=0 up_no_request=27 gate_finish=0 gate_cache=0 gate_no_request=27 down_finish=0 down_cache=0 down_no_request=27 other_finish=0 other_cache=0 other_no_request=0
[svd-local-timeout-profile] up_keep=15 up_drop=0 up_wait=0.273 ms gate_keep=15 gate_drop=0 gate_wait=0.243 ms down_keep=15 down_drop=0 down_wait=1.730 ms other_keep=0 other_drop=0 other_wait=0.000 ms
[svd-offload-client] up_gate_req=0 down_req=0 other_mat_req=0 ffn_req=0 gate_cache_hits=0 gate_cache_checks=0 miss_invalid=0 miss_layer=0 miss_rank=0 miss_hash=0 miss_output=0 miss_data=0 send_up_gate=0.000 ms send_down=0.000 ms send_other=0.000 ms send_ffn=0.000 ms wait_up_gate=0.000 ms wait_down=0.000 ms wait_other=0.000 ms wait_ffn=0.000 ms
[svd-offload-client-stage-profile] rpc_send_total=0.000 ms rpc_wait_total=0.000 ms
[svd-offload-client-debug] finish_fail_up_gate=0 finish_fail_down=0 finish_fail_other=0 finish_fail_ffn=0 cache_take_fail_up=0 cache_take_fail_gate=0 recv_up_sum_abs=0.000000e+00 recv_up_max_abs=0.000000e+00 recv_up_zero=0 recv_gate_sum_abs=0.000000e+00 recv_gate_max_abs=0.000000e+00 recv_gate_zero=0 recv_down_sum_abs=0.000000e+00 recv_down_max_abs=0.000000e+00 recv_down_zero=0 recv_other_sum_abs=0.000000e+00 recv_other_max_abs=0.000000e+00 recv_other_zero=0 recv_ffn_sum_abs=0.000000e+00 recv_ffn_max_abs=0.000000e+00 recv_ffn_zero=0
SUCCEED (one forward pass done)"
6c_high,1,6,"60,61,62,63,64,65","50,60,70,80,90,100",baseline_no_svd,ok,,0,27.1762,36.7969,403.226,1.0574731826782227,True,11,",","llama_context: graph splits = 1
attach_threadpool: call
threads: decode=6 batch=6
prompt tokens: 4
running one forward pass (llama_decode) ...
Top-5 next-token candidates:
  id=11 logit=20.2053 piece="",""
  id=304 logit=18.9277 piece="" in""
  id=3837 logit=18.7558 piece=""，""
  id=1052 logit=18.5616 piece="" there""
  id=358 logit=17.8374 piece="" I""
Autoregressive generation:
Generated text: ,
Decode-only throughput: 27.1762 tokens/s (1 tokens in 0.0367969 s of llama_decode)
End-to-end throughput: 26.9386 tokens/s (1 tokens in 0.0371215 s)
[decode-stage-profile] model_load=388.414 ms context_create=60.2179 ms tokenize=0.488708 ms prefill_decode=403.226 ms generation_decode=36.7969 ms generation_total=37.1215 ms program_total=906.295 ms
[svd-local-op-profile] up_ops=56 gate_ops=56 down_ops=56 up_total=26.615 ms gate_total=44.439 ms down_total=21.918 ms up_v=4.854 ms gate_v=13.591 ms down_v=16.646 ms up_u=21.760 ms gate_u=30.839 ms down_u=5.269 ms
[svd-local-stage-profile] attention_total=67.375 ms ffn_total=100.519 ms ffn_svd_total=92.972 ms ffn_svd_v=35.091 ms ffn_svd_u=57.868 ms
[svd-offload-zero-profile] up_finish=0 up_cache=0 up_no_request=27 gate_finish=0 gate_cache=0 gate_no_request=27 down_finish=0 down_cache=0 down_no_request=27 other_finish=0 other_cache=0 other_no_request=0
[svd-local-timeout-profile] up_keep=0 up_drop=0 up_wait=0.000 ms gate_keep=0 gate_drop=0 gate_wait=0.000 ms down_keep=0 down_drop=0 down_wait=0.000 ms other_keep=0 other_drop=0 other_wait=0.000 ms
[svd-offload-client] up_gate_req=0 down_req=0 other_mat_req=0 ffn_req=0 gate_cache_hits=0 gate_cache_checks=0 miss_invalid=0 miss_layer=0 miss_rank=0 miss_hash=0 miss_output=0 miss_data=0 send_up_gate=0.000 ms send_down=0.000 ms send_other=0.000 ms send_ffn=0.000 ms wait_up_gate=0.000 ms wait_down=0.000 ms wait_other=0.000 ms wait_ffn=0.000 ms
[svd-offload-client-stage-profile] rpc_send_total=0.000 ms rpc_wait_total=0.000 ms
[svd-offload-client-debug] finish_fail_up_gate=0 finish_fail_down=0 finish_fail_other=0 finish_fail_ffn=0 cache_take_fail_up=0 cache_take_fail_gate=0 recv_up_sum_abs=0.000000e+00 recv_up_max_abs=0.000000e+00 recv_up_zero=0 recv_gate_sum_abs=0.000000e+00 recv_gate_max_abs=0.000000e+00 recv_gate_zero=0 recv_down_sum_abs=0.000000e+00 recv_down_max_abs=0.000000e+00 recv_down_zero=0 recv_other_sum_abs=0.000000e+00 recv_other_max_abs=0.000000e+00 recv_other_zero=0 recv_ffn_sum_abs=0.000000e+00 recv_ffn_max_abs=0.000000e+00 recv_ffn_zero=0
SUCCEED (one forward pass done)"
6c_high,1,6,"60,61,62,63,64,65","50,60,70,80,90,100",model_schedule,ok,local,14,20.2632,49.3505,2107.45,2.796048641204834,True,3,$,"llama_context: graph splits = 1
attach_threadpool: call
threads: decode=6 batch=6
prompt tokens: 4
running one forward pass (llama_decode) ...
Top-5 next-token candidates:
  id=3 logit=0 piece=""$""
  id=4 logit=0 piece=""%""
  id=1 logit=0 piece=""""""
  id=0 logit=0 piece=""!""
  id=2 logit=0 piece=""#""
Autoregressive generation:
Generated text: !
Decode-only throughput: 20.2632 tokens/s (1 tokens in 0.0493505 s of llama_decode)
End-to-end throughput: 20.1311 tokens/s (1 tokens in 0.0496744 s)
[decode-stage-profile] model_load=397.155 ms context_create=59.4034 ms tokenize=0.461763 ms prefill_decode=2107.45 ms generation_decode=49.3505 ms generation_total=49.6744 ms program_total=2631.12 ms
[svd-local-op-profile] up_ops=56 gate_ops=56 down_ops=56 up_total=112.952 ms gate_total=113.320 ms down_total=107.863 ms up_v=36.610 ms gate_v=36.754 ms down_v=47.084 ms up_u=76.330 ms gate_u=76.518 ms down_u=60.762 ms
[svd-local-stage-profile] attention_total=360.106 ms ffn_total=459.169 ms ffn_svd_total=334.135 ms ffn_svd_v=120.448 ms ffn_svd_u=213.610 ms
[svd-offload-zero-profile] up_finish=0 up_cache=0 up_no_request=27 gate_finish=0 gate_cache=0 gate_no_request=27 down_finish=0 down_cache=0 down_no_request=27 other_finish=0 other_cache=0 other_no_request=0
[svd-local-timeout-profile] up_keep=15 up_drop=0 up_wait=0.302 ms gate_keep=15 gate_drop=0 gate_wait=0.323 ms down_keep=15 down_drop=0 down_wait=1.739 ms other_keep=0 other_drop=0 other_wait=0.000 ms
[svd-offload-client] up_gate_req=0 down_req=0 other_mat_req=0 ffn_req=0 gate_cache_hits=0 gate_cache_checks=0 miss_invalid=0 miss_layer=0 miss_rank=0 miss_hash=0 miss_output=0 miss_data=0 send_up_gate=0.000 ms send_down=0.000 ms send_other=0.000 ms send_ffn=0.000 ms wait_up_gate=0.000 ms wait_down=0.000 ms wait_other=0.000 ms wait_ffn=0.000 ms
[svd-offload-client-stage-profile] rpc_send_total=0.000 ms rpc_wait_total=0.000 ms
[svd-offload-client-debug] finish_fail_up_gate=0 finish_fail_down=0 finish_fail_other=0 finish_fail_ffn=0 cache_take_fail_up=0 cache_take_fail_gate=0 recv_up_sum_abs=0.000000e+00 recv_up_max_abs=0.000000e+00 recv_up_zero=0 recv_gate_sum_abs=0.000000e+00 recv_gate_max_abs=0.000000e+00 recv_gate_zero=0 recv_down_sum_abs=0.000000e+00 recv_down_max_abs=0.000000e+00 recv_down_zero=0 recv_other_sum_abs=0.000000e+00 recv_other_max_abs=0.000000e+00 recv_other_zero=0 recv_ffn_sum_abs=0.000000e+00 recv_ffn_max_abs=0.000000e+00 recv_ffn_zero=0
SUCCEED (one forward pass done)"
6c_high,2,6,"60,61,62,63,64,65","50,60,70,80,90,100",baseline_no_svd,ok,,0,22.7648,43.9276,1272.28,1.9271206855773926,True,11,",","llama_context: graph splits = 1
attach_threadpool: call
threads: decode=6 batch=6
prompt tokens: 4
running one forward pass (llama_decode) ...
Top-5 next-token candidates:
  id=11 logit=20.2053 piece="",""
  id=304 logit=18.9277 piece="" in""
  id=3837 logit=18.7558 piece=""，""
  id=1052 logit=18.5616 piece="" there""
  id=358 logit=17.8374 piece="" I""
Autoregressive generation:
Generated text: ,
Decode-only throughput: 22.7648 tokens/s (1 tokens in 0.0439276 s of llama_decode)
End-to-end throughput: 22.5953 tokens/s (1 tokens in 0.044257 s)
[decode-stage-profile] model_load=383.47 ms context_create=58.7834 ms tokenize=0.459251 ms prefill_decode=1272.28 ms generation_decode=43.9276 ms generation_total=44.257 ms program_total=1776.2 ms
[svd-local-op-profile] up_ops=56 gate_ops=56 down_ops=56 up_total=94.316 ms gate_total=90.645 ms down_total=78.043 ms up_v=26.310 ms gate_v=26.760 ms down_v=40.927 ms up_u=68.001 ms gate_u=63.881 ms down_u=37.110 ms
[svd-local-stage-profile] attention_total=147.142 ms ffn_total=371.598 ms ffn_svd_total=263.004 ms ffn_svd_v=93.997 ms ffn_svd_u=168.992 ms
[svd-offload-zero-profile] up_finish=0 up_cache=0 up_no_request=27 gate_finish=0 gate_cache=0 gate_no_request=27 down_finish=0 down_cache=0 down_no_request=27 other_finish=0 other_cache=0 other_no_request=0
[svd-local-timeout-profile] up_keep=0 up_drop=0 up_wait=0.000 ms gate_keep=0 gate_drop=0 gate_wait=0.000 ms down_keep=0 down_drop=0 down_wait=0.000 ms other_keep=0 other_drop=0 other_wait=0.000 ms
[svd-offload-client] up_gate_req=0 down_req=0 other_mat_req=0 ffn_req=0 gate_cache_hits=0 gate_cache_checks=0 miss_invalid=0 miss_layer=0 miss_rank=0 miss_hash=0 miss_output=0 miss_data=0 send_up_gate=0.000 ms send_down=0.000 ms send_other=0.000 ms send_ffn=0.000 ms wait_up_gate=0.000 ms wait_down=0.000 ms wait_other=0.000 ms wait_ffn=0.000 ms
[svd-offload-client-stage-profile] rpc_send_total=0.000 ms rpc_wait_total=0.000 ms
[svd-offload-client-debug] finish_fail_up_gate=0 finish_fail_down=0 finish_fail_other=0 finish_fail_ffn=0 cache_take_fail_up=0 cache_take_fail_gate=0 recv_up_sum_abs=0.000000e+00 recv_up_max_abs=0.000000e+00 recv_up_zero=0 recv_gate_sum_abs=0.000000e+00 recv_gate_max_abs=0.000000e+00 recv_gate_zero=0 recv_down_sum_abs=0.000000e+00 recv_down_max_abs=0.000000e+00 recv_down_zero=0 recv_other_sum_abs=0.000000e+00 recv_other_max_abs=0.000000e+00 recv_other_zero=0 recv_ffn_sum_abs=0.000000e+00 recv_ffn_max_abs=0.000000e+00 recv_ffn_zero=0
SUCCEED (one forward pass done)"
6c_high,2,6,"60,61,62,63,64,65","50,60,70,80,90,100",model_schedule,ok,local,14,23.5362,42.4877,234.812,0.8917264938354492,True,3,$,"llama_context: graph splits = 1
attach_threadpool: call
threads: decode=6 batch=6
prompt tokens: 4
running one forward pass (llama_decode) ...
Top-5 next-token candidates:
  id=3 logit=0 piece=""$""
  id=4 logit=0 piece=""%""
  id=1 logit=0 piece=""""""
  id=0 logit=0 piece=""!""
  id=2 logit=0 piece=""#""
Autoregressive generation:
Generated text: !
Decode-only throughput: 23.5362 tokens/s (1 tokens in 0.0424877 s of llama_decode)
End-to-end throughput: 23.366 tokens/s (1 tokens in 0.0427973 s)
[decode-stage-profile] model_load=384.987 ms context_create=59.665 ms tokenize=0.485062 ms prefill_decode=234.812 ms generation_decode=42.4877 ms generation_total=42.7973 ms program_total=739.403 ms
[svd-local-op-profile] up_ops=56 gate_ops=56 down_ops=56 up_total=30.203 ms gate_total=27.997 ms down_total=22.804 ms up_v=5.269 ms gate_v=5.198 ms down_v=18.175 ms up_u=24.919 ms gate_u=22.784 ms down_u=4.601 ms
[svd-local-stage-profile] attention_total=53.518 ms ffn_total=82.288 ms ffn_svd_total=81.004 ms ffn_svd_v=28.642 ms ffn_svd_u=52.304 ms
[svd-offload-zero-profile] up_finish=0 up_cache=0 up_no_request=27 gate_finish=0 gate_cache=0 gate_no_request=27 down_finish=0 down_cache=0 down_no_request=27 other_finish=0 other_cache=0 other_no_request=0
[svd-local-timeout-profile] up_keep=15 up_drop=0 up_wait=0.272 ms gate_keep=15 gate_drop=0 gate_wait=0.260 ms down_keep=15 down_drop=0 down_wait=1.767 ms other_keep=0 other_drop=0 other_wait=0.000 ms
[svd-offload-client] up_gate_req=0 down_req=0 other_mat_req=0 ffn_req=0 gate_cache_hits=0 gate_cache_checks=0 miss_invalid=0 miss_layer=0 miss_rank=0 miss_hash=0 miss_output=0 miss_data=0 send_up_gate=0.000 ms send_down=0.000 ms send_other=0.000 ms send_ffn=0.000 ms wait_up_gate=0.000 ms wait_down=0.000 ms wait_other=0.000 ms wait_ffn=0.000 ms
[svd-offload-client-stage-profile] rpc_send_total=0.000 ms rpc_wait_total=0.000 ms
[svd-offload-client-debug] finish_fail_up_gate=0 finish_fail_down=0 finish_fail_other=0 finish_fail_ffn=0 cache_take_fail_up=0 cache_take_fail_gate=0 recv_up_sum_abs=0.000000e+00 recv_up_max_abs=0.000000e+00 recv_up_zero=0 recv_gate_sum_abs=0.000000e+00 recv_gate_max_abs=0.000000e+00 recv_gate_zero=0 recv_down_sum_abs=0.000000e+00 recv_down_max_abs=0.000000e+00 recv_down_zero=0 recv_other_sum_abs=0.000000e+00 recv_other_max_abs=0.000000e+00 recv_other_zero=0 recv_ffn_sum_abs=0.000000e+00 recv_ffn_max_abs=0.000000e+00 recv_ffn_zero=0
SUCCEED (one forward pass done)"
8c_ramp_light,0,8,"60,61,62,63,64,65,66,67","0,10,20,30,40,50,60,70",baseline_no_svd,ok,,0,4.52056,221.211,81.1117,1.1000416278839111,True,11,",","llama_context: graph splits = 1
attach_threadpool: call
threads: decode=8 batch=8
prompt tokens: 4
running one forward pass (llama_decode) ...
Top-5 next-token candidates:
  id=11 logit=20.2053 piece="",""
  id=304 logit=18.9277 piece="" in""
  id=3837 logit=18.7558 piece=""，""
  id=1052 logit=18.5616 piece="" there""
  id=358 logit=17.8374 piece="" I""
Autoregressive generation:
Generated text: ,
Decode-only throughput: 4.52056 tokens/s (1 tokens in 0.221211 s of llama_decode)
End-to-end throughput: 4.51373 tokens/s (1 tokens in 0.221546 s)
[decode-stage-profile] model_load=560.473 ms context_create=58.2549 ms tokenize=0.466624 ms prefill_decode=81.1117 ms generation_decode=221.211 ms generation_total=221.546 ms program_total=938.953 ms
[svd-local-op-profile] up_ops=56 gate_ops=56 down_ops=56 up_total=38.277 ms gate_total=38.195 ms down_total=34.834 ms up_v=12.465 ms gate_v=11.845 ms down_v=14.792 ms up_u=25.806 ms gate_u=26.346 ms down_u=20.036 ms
[svd-local-stage-profile] attention_total=47.351 ms ffn_total=166.618 ms ffn_svd_total=111.306 ms ffn_svd_v=39.102 ms ffn_svd_u=72.188 ms
[svd-offload-zero-profile] up_finish=0 up_cache=0 up_no_request=27 gate_finish=0 gate_cache=0 gate_no_request=27 down_finish=0 down_cache=0 down_no_request=27 other_finish=0 other_cache=0 other_no_request=0
[svd-local-timeout-profile] up_keep=0 up_drop=0 up_wait=0.000 ms gate_keep=0 gate_drop=0 gate_wait=0.000 ms down_keep=0 down_drop=0 down_wait=0.000 ms other_keep=0 other_drop=0 other_wait=0.000 ms
[svd-offload-client] up_gate_req=0 down_req=0 other_mat_req=0 ffn_req=0 gate_cache_hits=0 gate_cache_checks=0 miss_invalid=0 miss_layer=0 miss_rank=0 miss_hash=0 miss_output=0 miss_data=0 send_up_gate=0.000 ms send_down=0.000 ms send_other=0.000 ms send_ffn=0.000 ms wait_up_gate=0.000 ms wait_down=0.000 ms wait_other=0.000 ms wait_ffn=0.000 ms
[svd-offload-client-stage-profile] rpc_send_total=0.000 ms rpc_wait_total=0.000 ms
[svd-offload-client-debug] finish_fail_up_gate=0 finish_fail_down=0 finish_fail_other=0 finish_fail_ffn=0 cache_take_fail_up=0 cache_take_fail_gate=0 recv_up_sum_abs=0.000000e+00 recv_up_max_abs=0.000000e+00 recv_up_zero=0 recv_gate_sum_abs=0.000000e+00 recv_gate_max_abs=0.000000e+00 recv_gate_zero=0 recv_down_sum_abs=0.000000e+00 recv_down_max_abs=0.000000e+00 recv_down_zero=0 recv_other_sum_abs=0.000000e+00 recv_other_max_abs=0.000000e+00 recv_other_zero=0 recv_ffn_sum_abs=0.000000e+00 recv_ffn_max_abs=0.000000e+00 recv_ffn_zero=0
SUCCEED (one forward pass done)"
8c_ramp_light,0,8,"60,61,62,63,64,65,66,67","0,10,20,30,40,50,60,70",model_schedule,ok,local,14,3.92944,254.489,632.303,1.5071406364440918,True,3,$,"llama_context: graph splits = 1
attach_threadpool: call
threads: decode=8 batch=8
prompt tokens: 4
running one forward pass (llama_decode) ...
Top-5 next-token candidates:
  id=3 logit=0 piece=""$""
  id=4 logit=0 piece=""%""
  id=1 logit=0 piece=""""""
  id=0 logit=0 piece=""!""
  id=2 logit=0 piece=""#""
Autoregressive generation:
Generated text: !
Decode-only throughput: 3.92944 tokens/s (1 tokens in 0.254489 s of llama_decode)
End-to-end throughput: 3.92439 tokens/s (1 tokens in 0.254817 s)
[decode-stage-profile] model_load=384.204 ms context_create=59.4935 ms tokenize=0.451295 ms prefill_decode=632.303 ms generation_decode=254.489 ms generation_total=254.817 ms program_total=1347.84 ms
[svd-local-op-profile] up_ops=56 gate_ops=56 down_ops=56 up_total=70.230 ms gate_total=56.320 ms down_total=68.630 ms up_v=22.989 ms gate_v=13.852 ms down_v=42.065 ms up_u=44.228 ms gate_u=42.451 ms down_u=26.555 ms
[svd-local-stage-profile] attention_total=152.398 ms ffn_total=268.112 ms ffn_svd_total=195.180 ms ffn_svd_v=78.906 ms ffn_svd_u=113.234 ms
[svd-offload-zero-profile] up_finish=0 up_cache=0 up_no_request=27 gate_finish=0 gate_cache=0 gate_no_request=27 down_finish=0 down_cache=0 down_no_request=27 other_finish=0 other_cache=0 other_no_request=0
[svd-local-timeout-profile] up_keep=7 up_drop=0 up_wait=0.755 ms gate_keep=7 gate_drop=0 gate_wait=0.827 ms down_keep=7 down_drop=0 down_wait=3.822 ms other_keep=0 other_drop=0 other_wait=0.000 ms
[svd-offload-client] up_gate_req=0 down_req=0 other_mat_req=0 ffn_req=0 gate_cache_hits=0 gate_cache_checks=0 miss_invalid=0 miss_layer=0 miss_rank=0 miss_hash=0 miss_output=0 miss_data=0 send_up_gate=0.000 ms send_down=0.000 ms send_other=0.000 ms send_ffn=0.000 ms wait_up_gate=0.000 ms wait_down=0.000 ms wait_other=0.000 ms wait_ffn=0.000 ms
[svd-offload-client-stage-profile] rpc_send_total=0.000 ms rpc_wait_total=0.000 ms
[svd-offload-client-debug] finish_fail_up_gate=0 finish_fail_down=0 finish_fail_other=0 finish_fail_ffn=0 cache_take_fail_up=0 cache_take_fail_gate=0 recv_up_sum_abs=0.000000e+00 recv_up_max_abs=0.000000e+00 recv_up_zero=0 recv_gate_sum_abs=0.000000e+00 recv_gate_max_abs=0.000000e+00 recv_gate_zero=0 recv_down_sum_abs=0.000000e+00 recv_down_max_abs=0.000000e+00 recv_down_zero=0 recv_other_sum_abs=0.000000e+00 recv_other_max_abs=0.000000e+00 recv_other_zero=0 recv_ffn_sum_abs=0.000000e+00 recv_ffn_max_abs=0.000000e+00 recv_ffn_zero=0
SUCCEED (one forward pass done)"
8c_ramp_light,1,8,"60,61,62,63,64,65,66,67","0,10,20,30,40,50,60,70",baseline_no_svd,ok,,0,28.0367,35.6676,356.95,1.163332462310791,True,11,",","llama_context: graph splits = 1
attach_threadpool: call
threads: decode=8 batch=8
prompt tokens: 4
running one forward pass (llama_decode) ...
Top-5 next-token candidates:
  id=11 logit=20.2053 piece="",""
  id=304 logit=18.9277 piece="" in""
  id=3837 logit=18.7558 piece=""，""
  id=1052 logit=18.5616 piece="" there""
  id=358 logit=17.8374 piece="" I""
Autoregressive generation:
Generated text: ,
Decode-only throughput: 28.0367 tokens/s (1 tokens in 0.0356676 s of llama_decode)
End-to-end throughput: 27.7776 tokens/s (1 tokens in 0.0360002 s)
[decode-stage-profile] model_load=540.835 ms context_create=58.5932 ms tokenize=0.45622 ms prefill_decode=356.95 ms generation_decode=35.6676 ms generation_total=36.0002 ms program_total=1009.99 ms
[svd-local-op-profile] up_ops=56 gate_ops=56 down_ops=56 up_total=41.140 ms gate_total=35.426 ms down_total=44.125 ms up_v=5.427 ms gate_v=5.197 ms down_v=23.933 ms up_u=35.712 ms gate_u=30.223 ms down_u=20.184 ms
[svd-local-stage-profile] attention_total=100.618 ms ffn_total=138.191 ms ffn_svd_total=120.691 ms ffn_svd_v=34.557 ms ffn_svd_u=86.119 ms
[svd-offload-zero-profile] up_finish=0 up_cache=0 up_no_request=27 gate_finish=0 gate_cache=0 gate_no_request=27 down_finish=0 down_cache=0 down_no_request=27 other_finish=0 other_cache=0 other_no_request=0
[svd-local-timeout-profile] up_keep=0 up_drop=0 up_wait=0.000 ms gate_keep=0 gate_drop=0 gate_wait=0.000 ms down_keep=0 down_drop=0 down_wait=0.000 ms other_keep=0 other_drop=0 other_wait=0.000 ms
[svd-offload-client] up_gate_req=0 down_req=0 other_mat_req=0 ffn_req=0 gate_cache_hits=0 gate_cache_checks=0 miss_invalid=0 miss_layer=0 miss_rank=0 miss_hash=0 miss_output=0 miss_data=0 send_up_gate=0.000 ms send_down=0.000 ms send_other=0.000 ms send_ffn=0.000 ms wait_up_gate=0.000 ms wait_down=0.000 ms wait_other=0.000 ms wait_ffn=0.000 ms
[svd-offload-client-stage-profile] rpc_send_total=0.000 ms rpc_wait_total=0.000 ms
[svd-offload-client-debug] finish_fail_up_gate=0 finish_fail_down=0 finish_fail_other=0 finish_fail_ffn=0 cache_take_fail_up=0 cache_take_fail_gate=0 recv_up_sum_abs=0.000000e+00 recv_up_max_abs=0.000000e+00 recv_up_zero=0 recv_gate_sum_abs=0.000000e+00 recv_gate_max_abs=0.000000e+00 recv_gate_zero=0 recv_down_sum_abs=0.000000e+00 recv_down_max_abs=0.000000e+00 recv_down_zero=0 recv_other_sum_abs=0.000000e+00 recv_other_max_abs=0.000000e+00 recv_other_zero=0 recv_ffn_sum_abs=0.000000e+00 recv_ffn_max_abs=0.000000e+00 recv_ffn_zero=0
SUCCEED (one forward pass done)"
8c_ramp_light,1,8,"60,61,62,63,64,65,66,67","0,10,20,30,40,50,60,70",model_schedule,ok,local,14,18.2237,54.8735,5432.28,6.1263909339904785,True,3,$,"llama_context: graph splits = 1
attach_threadpool: call
threads: decode=8 batch=8
prompt tokens: 4
running one forward pass (llama_decode) ...
Top-5 next-token candidates:
  id=3 logit=0 piece=""$""
  id=4 logit=0 piece=""%""
  id=1 logit=0 piece=""""""
  id=0 logit=0 piece=""!""
  id=2 logit=0 piece=""#""
Autoregressive generation:
Generated text: !
Decode-only throughput: 18.2237 tokens/s (1 tokens in 0.0548735 s of llama_decode)
End-to-end throughput: 18.1184 tokens/s (1 tokens in 0.0551926 s)
[decode-stage-profile] model_load=390.233 ms context_create=59.1041 ms tokenize=0.464461 ms prefill_decode=5432.28 ms generation_decode=54.8735 ms generation_total=55.1926 ms program_total=5958.68 ms
[svd-local-op-profile] up_ops=56 gate_ops=56 down_ops=56 up_total=296.614 ms gate_total=299.891 ms down_total=298.305 ms up_v=99.677 ms gate_v=98.993 ms down_v=114.985 ms up_u=196.925 ms gate_u=200.850 ms down_u=183.306 ms
[svd-local-stage-profile] attention_total=738.847 ms ffn_total=1334.198 ms ffn_svd_total=894.810 ms ffn_svd_v=313.655 ms ffn_svd_u=581.081 ms
[svd-offload-zero-profile] up_finish=0 up_cache=0 up_no_request=27 gate_finish=0 gate_cache=0 gate_no_request=27 down_finish=0 down_cache=0 down_no_request=27 other_finish=0 other_cache=0 other_no_request=0
[svd-local-timeout-profile] up_keep=7 up_drop=0 up_wait=0.592 ms gate_keep=7 gate_drop=0 gate_wait=0.521 ms down_keep=7 down_drop=0 down_wait=3.225 ms other_keep=0 other_drop=0 other_wait=0.000 ms
[svd-offload-client] up_gate_req=0 down_req=0 other_mat_req=0 ffn_req=0 gate_cache_hits=0 gate_cache_checks=0 miss_invalid=0 miss_layer=0 miss_rank=0 miss_hash=0 miss_output=0 miss_data=0 send_up_gate=0.000 ms send_down=0.000 ms send_other=0.000 ms send_ffn=0.000 ms wait_up_gate=0.000 ms wait_down=0.000 ms wait_other=0.000 ms wait_ffn=0.000 ms
[svd-offload-client-stage-profile] rpc_send_total=0.000 ms rpc_wait_total=0.000 ms
[svd-offload-client-debug] finish_fail_up_gate=0 finish_fail_down=0 finish_fail_other=0 finish_fail_ffn=0 cache_take_fail_up=0 cache_take_fail_gate=0 recv_up_sum_abs=0.000000e+00 recv_up_max_abs=0.000000e+00 recv_up_zero=0 recv_gate_sum_abs=0.000000e+00 recv_gate_max_abs=0.000000e+00 recv_gate_zero=0 recv_down_sum_abs=0.000000e+00 recv_down_max_abs=0.000000e+00 recv_down_zero=0 recv_other_sum_abs=0.000000e+00 recv_other_max_abs=0.000000e+00 recv_other_zero=0 recv_ffn_sum_abs=0.000000e+00 recv_ffn_max_abs=0.000000e+00 recv_ffn_zero=0
SUCCEED (one forward pass done)"
8c_ramp_light,2,8,"60,61,62,63,64,65,66,67","0,10,20,30,40,50,60,70",baseline_no_svd,ok,,0,1.30854,764.211,1193.82,2.5798499584198,True,11,",","llama_context: graph splits = 1
attach_threadpool: call
threads: decode=8 batch=8
prompt tokens: 4
running one forward pass (llama_decode) ...
Top-5 next-token candidates:
  id=11 logit=20.2053 piece="",""
  id=304 logit=18.9277 piece="" in""
  id=3837 logit=18.7558 piece=""，""
  id=1052 logit=18.5616 piece="" there""
  id=358 logit=17.8374 piece="" I""
Autoregressive generation:
Generated text: ,
Decode-only throughput: 1.30854 tokens/s (1 tokens in 0.764211 s of llama_decode)
End-to-end throughput: 1.30796 tokens/s (1 tokens in 0.76455 s)
[decode-stage-profile] model_load=388.937 ms context_create=59.2969 ms tokenize=0.474611 ms prefill_decode=1193.82 ms generation_decode=764.211 ms generation_total=764.55 ms program_total=2424.79 ms
[svd-local-op-profile] up_ops=56 gate_ops=56 down_ops=56 up_total=122.179 ms gate_total=113.616 ms down_total=129.741 ms up_v=32.855 ms gate_v=37.209 ms down_v=52.570 ms up_u=89.316 ms gate_u=76.399 ms down_u=77.165 ms
[svd-local-stage-profile] attention_total=316.402 ms ffn_total=638.210 ms ffn_svd_total=365.536 ms ffn_svd_v=122.634 ms ffn_svd_u=242.880 ms
[svd-offload-zero-profile] up_finish=0 up_cache=0 up_no_request=27 gate_finish=0 gate_cache=0 gate_no_request=27 down_finish=0 down_cache=0 down_no_request=27 other_finish=0 other_cache=0 other_no_request=0
[svd-local-timeout-profile] up_keep=0 up_drop=0 up_wait=0.000 ms gate_keep=0 gate_drop=0 gate_wait=0.000 ms down_keep=0 down_drop=0 down_wait=0.000 ms other_keep=0 other_drop=0 other_wait=0.000 ms
[svd-offload-client] up_gate_req=0 down_req=0 other_mat_req=0 ffn_req=0 gate_cache_hits=0 gate_cache_checks=0 miss_invalid=0 miss_layer=0 miss_rank=0 miss_hash=0 miss_output=0 miss_data=0 send_up_gate=0.000 ms send_down=0.000 ms send_other=0.000 ms send_ffn=0.000 ms wait_up_gate=0.000 ms wait_down=0.000 ms wait_other=0.000 ms wait_ffn=0.000 ms
[svd-offload-client-stage-profile] rpc_send_total=0.000 ms rpc_wait_total=0.000 ms
[svd-offload-client-debug] finish_fail_up_gate=0 finish_fail_down=0 finish_fail_other=0 finish_fail_ffn=0 cache_take_fail_up=0 cache_take_fail_gate=0 recv_up_sum_abs=0.000000e+00 recv_up_max_abs=0.000000e+00 recv_up_zero=0 recv_gate_sum_abs=0.000000e+00 recv_gate_max_abs=0.000000e+00 recv_gate_zero=0 recv_down_sum_abs=0.000000e+00 recv_down_max_abs=0.000000e+00 recv_down_zero=0 recv_other_sum_abs=0.000000e+00 recv_other_max_abs=0.000000e+00 recv_other_zero=0 recv_ffn_sum_abs=0.000000e+00 recv_ffn_max_abs=0.000000e+00 recv_ffn_zero=0
SUCCEED (one forward pass done)"
8c_ramp_light,2,8,"60,61,62,63,64,65,66,67","0,10,20,30,40,50,60,70",model_schedule,ok,local,14,0.677561,1475.88,8073.91,10.188190460205078,True,3,$,"llama_context: graph splits = 1
attach_threadpool: call
threads: decode=8 batch=8
prompt tokens: 4
running one forward pass (llama_decode) ...
Top-5 next-token candidates:
  id=3 logit=0 piece=""$""
  id=4 logit=0 piece=""%""
  id=1 logit=0 piece=""""""
  id=0 logit=0 piece=""!""
  id=2 logit=0 piece=""#""
Autoregressive generation:
Generated text: !
Decode-only throughput: 0.677561 tokens/s (1 tokens in 1.47588 s of llama_decode)
End-to-end throughput: 0.67741 tokens/s (1 tokens in 1.47621 s)
[decode-stage-profile] model_load=390.96 ms context_create=58.852 ms tokenize=0.462854 ms prefill_decode=8073.91 ms generation_decode=1475.88 ms generation_total=1476.21 ms program_total=10017.9 ms
[svd-local-op-profile] up_ops=56 gate_ops=56 down_ops=56 up_total=543.438 ms gate_total=544.129 ms down_total=516.959 ms up_v=181.509 ms gate_v=195.229 ms down_v=170.357 ms up_u=351.888 ms gate_u=345.754 ms down_u=339.531 ms
[svd-local-stage-profile] attention_total=1558.697 ms ffn_total=2634.804 ms ffn_svd_total=1604.526 ms ffn_svd_v=547.095 ms ffn_svd_u=1037.173 ms
[svd-offload-zero-profile] up_finish=0 up_cache=0 up_no_request=27 gate_finish=0 gate_cache=0 gate_no_request=27 down_finish=0 down_cache=0 down_no_request=27 other_finish=0 other_cache=0 other_no_request=0
[svd-local-timeout-profile] up_keep=7 up_drop=0 up_wait=0.547 ms gate_keep=7 gate_drop=0 gate_wait=0.524 ms down_keep=7 down_drop=0 down_wait=2.619 ms other_keep=0 other_drop=0 other_wait=0.000 ms
[svd-offload-client] up_gate_req=0 down_req=0 other_mat_req=0 ffn_req=0 gate_cache_hits=0 gate_cache_checks=0 miss_invalid=0 miss_layer=0 miss_rank=0 miss_hash=0 miss_output=0 miss_data=0 send_up_gate=0.000 ms send_down=0.000 ms send_other=0.000 ms send_ffn=0.000 ms wait_up_gate=0.000 ms wait_down=0.000 ms wait_other=0.000 ms wait_ffn=0.000 ms
[svd-offload-client-stage-profile] rpc_send_total=0.000 ms rpc_wait_total=0.000 ms
[svd-offload-client-debug] finish_fail_up_gate=0 finish_fail_down=0 finish_fail_other=0 finish_fail_ffn=0 cache_take_fail_up=0 cache_take_fail_gate=0 recv_up_sum_abs=0.000000e+00 recv_up_max_abs=0.000000e+00 recv_up_zero=0 recv_gate_sum_abs=0.000000e+00 recv_gate_max_abs=0.000000e+00 recv_gate_zero=0 recv_down_sum_abs=0.000000e+00 recv_down_max_abs=0.000000e+00 recv_down_zero=0 recv_other_sum_abs=0.000000e+00 recv_other_max_abs=0.000000e+00 recv_other_zero=0 recv_ffn_sum_abs=0.000000e+00 recv_ffn_max_abs=0.000000e+00 recv_ffn_zero=0
SUCCEED (one forward pass done)"
8c_mixed,0,8,"60,61,62,63,64,65,66,67","0,20,40,60,80,100,30,50",baseline_no_svd,ok,,0,0.202711,4933.14,10978.3,16.544366359710693,True,11,",","llama_context: graph splits = 1
attach_threadpool: call
threads: decode=8 batch=8
prompt tokens: 4
running one forward pass (llama_decode) ...
Top-5 next-token candidates:
  id=11 logit=20.2053 piece="",""
  id=304 logit=18.9277 piece="" in""
  id=3837 logit=18.7558 piece=""，""
  id=1052 logit=18.5616 piece="" there""
  id=358 logit=17.8374 piece="" I""
Autoregressive generation:
Generated text: ,
Decode-only throughput: 0.202711 tokens/s (1 tokens in 4.93314 s of llama_decode)
End-to-end throughput: 0.202695 tokens/s (1 tokens in 4.93351 s)
[decode-stage-profile] model_load=384.76 ms context_create=59.5998 ms tokenize=0.464069 ms prefill_decode=10978.3 ms generation_decode=4933.14 ms generation_total=4933.51 ms program_total=16374 ms
[svd-local-op-profile] up_ops=56 gate_ops=56 down_ops=56 up_total=849.176 ms gate_total=876.875 ms down_total=828.875 ms up_v=259.713 ms gate_v=313.622 ms down_v=281.033 ms up_u=589.459 ms gate_u=563.243 ms down_u=547.837 ms
[svd-local-stage-profile] attention_total=2721.879 ms ffn_total=4636.000 ms ffn_svd_total=2554.926 ms ffn_svd_v=854.368 ms ffn_svd_u=1700.539 ms
[svd-offload-zero-profile] up_finish=0 up_cache=0 up_no_request=27 gate_finish=0 gate_cache=0 gate_no_request=27 down_finish=0 down_cache=0 down_no_request=27 other_finish=0 other_cache=0 other_no_request=0
[svd-local-timeout-profile] up_keep=0 up_drop=0 up_wait=0.000 ms gate_keep=0 gate_drop=0 gate_wait=0.000 ms down_keep=0 down_drop=0 down_wait=0.000 ms other_keep=0 other_drop=0 other_wait=0.000 ms
[svd-offload-client] up_gate_req=0 down_req=0 other_mat_req=0 ffn_req=0 gate_cache_hits=0 gate_cache_checks=0 miss_invalid=0 miss_layer=0 miss_rank=0 miss_hash=0 miss_output=0 miss_data=0 send_up_gate=0.000 ms send_down=0.000 ms send_other=0.000 ms send_ffn=0.000 ms wait_up_gate=0.000 ms wait_down=0.000 ms wait_other=0.000 ms wait_ffn=0.000 ms
[svd-offload-client-stage-profile] rpc_send_total=0.000 ms rpc_wait_total=0.000 ms
[svd-offload-client-debug] finish_fail_up_gate=0 finish_fail_down=0 finish_fail_other=0 finish_fail_ffn=0 cache_take_fail_up=0 cache_take_fail_gate=0 recv_up_sum_abs=0.000000e+00 recv_up_max_abs=0.000000e+00 recv_up_zero=0 recv_gate_sum_abs=0.000000e+00 recv_gate_max_abs=0.000000e+00 recv_gate_zero=0 recv_down_sum_abs=0.000000e+00 recv_down_max_abs=0.000000e+00 recv_down_zero=0 recv_other_sum_abs=0.000000e+00 recv_other_max_abs=0.000000e+00 recv_other_zero=0 recv_ffn_sum_abs=0.000000e+00 recv_ffn_max_abs=0.000000e+00 recv_ffn_zero=0
SUCCEED (one forward pass done)"
8c_mixed,0,8,"60,61,62,63,64,65,66,67","0,20,40,60,80,100,30,50",model_schedule,ok,local,14,20.9064,47.8323,6456.53,7.149287939071655,True,3,$,"llama_context: graph splits = 1
attach_threadpool: call
threads: decode=8 batch=8
prompt tokens: 4
running one forward pass (llama_decode) ...
Top-5 next-token candidates:
  id=3 logit=0 piece=""$""
  id=4 logit=0 piece=""%""
  id=1 logit=0 piece=""""""
  id=0 logit=0 piece=""!""
  id=2 logit=0 piece=""#""
Autoregressive generation:
Generated text: !
Decode-only throughput: 20.9064 tokens/s (1 tokens in 0.0478323 s of llama_decode)
End-to-end throughput: 20.7592 tokens/s (1 tokens in 0.0481715 s)
[decode-stage-profile] model_load=390.972 ms context_create=59.7611 ms tokenize=0.465647 ms prefill_decode=6456.53 ms generation_decode=47.8323 ms generation_total=48.1715 ms program_total=6972.82 ms
[svd-local-op-profile] up_ops=56 gate_ops=56 down_ops=56 up_total=357.565 ms gate_total=357.199 ms down_total=362.697 ms up_v=117.347 ms gate_v=113.402 ms down_v=128.214 ms up_u=240.198 ms gate_u=243.745 ms down_u=234.467 ms
[svd-local-stage-profile] attention_total=884.017 ms ffn_total=1624.125 ms ffn_svd_total=1077.461 ms ffn_svd_v=358.963 ms ffn_svd_u=718.410 ms
[svd-offload-zero-profile] up_finish=0 up_cache=0 up_no_request=27 gate_finish=0 gate_cache=0 gate_no_request=27 down_finish=0 down_cache=0 down_no_request=27 other_finish=0 other_cache=0 other_no_request=0
[svd-local-timeout-profile] up_keep=15 up_drop=0 up_wait=1.542 ms gate_keep=15 gate_drop=0 gate_wait=1.446 ms down_keep=15 down_drop=0 down_wait=8.121 ms other_keep=0 other_drop=0 other_wait=0.000 ms
[svd-offload-client] up_gate_req=0 down_req=0 other_mat_req=0 ffn_req=0 gate_cache_hits=0 gate_cache_checks=0 miss_invalid=0 miss_layer=0 miss_rank=0 miss_hash=0 miss_output=0 miss_data=0 send_up_gate=0.000 ms send_down=0.000 ms send_other=0.000 ms send_ffn=0.000 ms wait_up_gate=0.000 ms wait_down=0.000 ms wait_other=0.000 ms wait_ffn=0.000 ms
[svd-offload-client-stage-profile] rpc_send_total=0.000 ms rpc_wait_total=0.000 ms
[svd-offload-client-debug] finish_fail_up_gate=0 finish_fail_down=0 finish_fail_other=0 finish_fail_ffn=0 cache_take_fail_up=0 cache_take_fail_gate=0 recv_up_sum_abs=0.000000e+00 recv_up_max_abs=0.000000e+00 recv_up_zero=0 recv_gate_sum_abs=0.000000e+00 recv_gate_max_abs=0.000000e+00 recv_gate_zero=0 recv_down_sum_abs=0.000000e+00 recv_down_max_abs=0.000000e+00 recv_down_zero=0 recv_other_sum_abs=0.000000e+00 recv_other_max_abs=0.000000e+00 recv_other_zero=0 recv_ffn_sum_abs=0.000000e+00 recv_ffn_max_abs=0.000000e+00 recv_ffn_zero=0
SUCCEED (one forward pass done)"
8c_mixed,1,8,"60,61,62,63,64,65,66,67","0,20,40,60,80,100,30,50",baseline_no_svd,ok,,0,23.1246,43.244,2520.18,3.2010562419891357,True,11,",","llama_context: graph splits = 1
attach_threadpool: call
threads: decode=8 batch=8
prompt tokens: 4
running one forward pass (llama_decode) ...
Top-5 next-token candidates:
  id=11 logit=20.2053 piece="",""
  id=304 logit=18.9277 piece="" in""
  id=3837 logit=18.7558 piece=""，""
  id=1052 logit=18.5616 piece="" there""
  id=358 logit=17.8374 piece="" I""
Autoregressive generation:
Generated text: ,
Decode-only throughput: 23.1246 tokens/s (1 tokens in 0.043244 s of llama_decode)
End-to-end throughput: 22.9434 tokens/s (1 tokens in 0.0435855 s)
[decode-stage-profile] model_load=393.18 ms context_create=59.8389 ms tokenize=0.471614 ms prefill_decode=2520.18 ms generation_decode=43.244 ms generation_total=43.5855 ms program_total=3034.78 ms
[svd-local-op-profile] up_ops=56 gate_ops=56 down_ops=56 up_total=138.026 ms gate_total=152.377 ms down_total=131.308 ms up_v=38.886 ms gate_v=47.634 ms down_v=55.931 ms up_u=99.133 ms gate_u=104.738 ms down_u=75.373 ms
[svd-local-stage-profile] attention_total=353.560 ms ffn_total=610.529 ms ffn_svd_total=421.711 ms ffn_svd_v=142.451 ms ffn_svd_u=279.244 ms
[svd-offload-zero-profile] up_finish=0 up_cache=0 up_no_request=27 gate_finish=0 gate_cache=0 gate_no_request=27 down_finish=0 down_cache=0 down_no_request=27 other_finish=0 other_cache=0 other_no_request=0
[svd-local-timeout-profile] up_keep=0 up_drop=0 up_wait=0.000 ms gate_keep=0 gate_drop=0 gate_wait=0.000 ms down_keep=0 down_drop=0 down_wait=0.000 ms other_keep=0 other_drop=0 other_wait=0.000 ms
[svd-offload-client] up_gate_req=0 down_req=0 other_mat_req=0 ffn_req=0 gate_cache_hits=0 gate_cache_checks=0 miss_invalid=0 miss_layer=0 miss_rank=0 miss_hash=0 miss_output=0 miss_data=0 send_up_gate=0.000 ms send_down=0.000 ms send_other=0.000 ms send_ffn=0.000 ms wait_up_gate=0.000 ms wait_down=0.000 ms wait_other=0.000 ms wait_ffn=0.000 ms
[svd-offload-client-stage-profile] rpc_send_total=0.000 ms rpc_wait_total=0.000 ms
[svd-offload-client-debug] finish_fail_up_gate=0 finish_fail_down=0 finish_fail_other=0 finish_fail_ffn=0 cache_take_fail_up=0 cache_take_fail_gate=0 recv_up_sum_abs=0.000000e+00 recv_up_max_abs=0.000000e+00 recv_up_zero=0 recv_gate_sum_abs=0.000000e+00 recv_gate_max_abs=0.000000e+00 recv_gate_zero=0 recv_down_sum_abs=0.000000e+00 recv_down_max_abs=0.000000e+00 recv_down_zero=0 recv_other_sum_abs=0.000000e+00 recv_other_max_abs=0.000000e+00 recv_other_zero=0 recv_ffn_sum_abs=0.000000e+00 recv_ffn_max_abs=0.000000e+00 recv_ffn_zero=0
SUCCEED (one forward pass done)"
8c_mixed,1,8,"60,61,62,63,64,65,66,67","0,20,40,60,80,100,30,50",model_schedule,ok,local,14,0.428465,2333.91,9116.84,12.077826499938965,True,3,$,"llama_context: graph splits = 1
attach_threadpool: call
threads: decode=8 batch=8
prompt tokens: 4
running one forward pass (llama_decode) ...
Top-5 next-token candidates:
  id=3 logit=0 piece=""$""
  id=4 logit=0 piece=""%""
  id=1 logit=0 piece=""""""
  id=0 logit=0 piece=""!""
  id=2 logit=0 piece=""#""
Autoregressive generation:
Generated text: !
Decode-only throughput: 0.428465 tokens/s (1 tokens in 2.33391 s of llama_decode)
End-to-end throughput: 0.428402 tokens/s (1 tokens in 2.33425 s)
[decode-stage-profile] model_load=388.323 ms context_create=59.7535 ms tokenize=0.470032 ms prefill_decode=9116.84 ms generation_decode=2333.91 ms generation_total=2334.25 ms program_total=11916.9 ms
[svd-local-op-profile] up_ops=56 gate_ops=56 down_ops=56 up_total=619.822 ms gate_total=636.131 ms down_total=648.029 ms up_v=185.650 ms gate_v=199.091 ms down_v=221.213 ms up_u=410.187 ms gate_u=418.738 ms down_u=403.715 ms
[svd-local-stage-profile] attention_total=1822.409 ms ffn_total=3230.477 ms ffn_svd_total=1903.982 ms ffn_svd_v=605.954 ms ffn_svd_u=1232.640 ms
[svd-offload-zero-profile] up_finish=0 up_cache=0 up_no_request=27 gate_finish=0 gate_cache=0 gate_no_request=27 down_finish=0 down_cache=0 down_no_request=27 other_finish=0 other_cache=0 other_no_request=0
[svd-local-timeout-profile] up_keep=15 up_drop=0 up_wait=0.982 ms gate_keep=15 gate_drop=0 gate_wait=0.891 ms down_keep=15 down_drop=0 down_wait=5.088 ms other_keep=0 other_drop=0 other_wait=0.000 ms
[svd-offload-client] up_gate_req=0 down_req=0 other_mat_req=0 ffn_req=0 gate_cache_hits=0 gate_cache_checks=0 miss_invalid=0 miss_layer=0 miss_rank=0 miss_hash=0 miss_output=0 miss_data=0 send_up_gate=0.000 ms send_down=0.000 ms send_other=0.000 ms send_ffn=0.000 ms wait_up_gate=0.000 ms wait_down=0.000 ms wait_other=0.000 ms wait_ffn=0.000 ms
[svd-offload-client-stage-profile] rpc_send_total=0.000 ms rpc_wait_total=0.000 ms
[svd-offload-client-debug] finish_fail_up_gate=0 finish_fail_down=0 finish_fail_other=0 finish_fail_ffn=0 cache_take_fail_up=0 cache_take_fail_gate=0 recv_up_sum_abs=0.000000e+00 recv_up_max_abs=0.000000e+00 recv_up_zero=0 recv_gate_sum_abs=0.000000e+00 recv_gate_max_abs=0.000000e+00 recv_gate_zero=0 recv_down_sum_abs=0.000000e+00 recv_down_max_abs=0.000000e+00 recv_down_zero=0 recv_other_sum_abs=0.000000e+00 recv_other_max_abs=0.000000e+00 recv_other_zero=0 recv_ffn_sum_abs=0.000000e+00 recv_ffn_max_abs=0.000000e+00 recv_ffn_zero=0
SUCCEED (one forward pass done)"
8c_mixed,2,8,"60,61,62,63,64,65,66,67","0,20,40,60,80,100,30,50",baseline_no_svd,ok,,0,0.162381,6158.36,2360.49,9.355116844177246,True,11,",","llama_context: graph splits = 1
attach_threadpool: call
threads: decode=8 batch=8
prompt tokens: 4
running one forward pass (llama_decode) ...
Top-5 next-token candidates:
  id=11 logit=20.2053 piece="",""
  id=304 logit=18.9277 piece="" in""
  id=3837 logit=18.7558 piece=""，""
  id=1052 logit=18.5616 piece="" there""
  id=358 logit=17.8374 piece="" I""
Autoregressive generation:
Generated text: ,
Decode-only throughput: 0.162381 tokens/s (1 tokens in 6.15836 s of llama_decode)
End-to-end throughput: 0.16237 tokens/s (1 tokens in 6.15877 s)
[decode-stage-profile] model_load=576.584 ms context_create=70.6365 ms tokenize=0.904795 ms prefill_decode=2360.49 ms generation_decode=6158.36 ms generation_total=6158.77 ms program_total=9186.65 ms
[svd-local-op-profile] up_ops=56 gate_ops=56 down_ops=56 up_total=456.374 ms gate_total=472.278 ms down_total=442.565 ms up_v=151.716 ms gate_v=158.768 ms down_v=149.747 ms up_u=304.651 ms gate_u=313.507 ms down_u=292.816 ms
[svd-local-stage-profile] attention_total=1875.445 ms ffn_total=2933.963 ms ffn_svd_total=1371.217 ms ffn_svd_v=460.231 ms ffn_svd_u=910.974 ms
[svd-offload-zero-profile] up_finish=0 up_cache=0 up_no_request=27 gate_finish=0 gate_cache=0 gate_no_request=27 down_finish=0 down_cache=0 down_no_request=27 other_finish=0 other_cache=0 other_no_request=0
[svd-local-timeout-profile] up_keep=0 up_drop=0 up_wait=0.000 ms gate_keep=0 gate_drop=0 gate_wait=0.000 ms down_keep=0 down_drop=0 down_wait=0.000 ms other_keep=0 other_drop=0 other_wait=0.000 ms
[svd-offload-client] up_gate_req=0 down_req=0 other_mat_req=0 ffn_req=0 gate_cache_hits=0 gate_cache_checks=0 miss_invalid=0 miss_layer=0 miss_rank=0 miss_hash=0 miss_output=0 miss_data=0 send_up_gate=0.000 ms send_down=0.000 ms send_other=0.000 ms send_ffn=0.000 ms wait_up_gate=0.000 ms wait_down=0.000 ms wait_other=0.000 ms wait_ffn=0.000 ms
[svd-offload-client-stage-profile] rpc_send_total=0.000 ms rpc_wait_total=0.000 ms
[svd-offload-client-debug] finish_fail_up_gate=0 finish_fail_down=0 finish_fail_other=0 finish_fail_ffn=0 cache_take_fail_up=0 cache_take_fail_gate=0 recv_up_sum_abs=0.000000e+00 recv_up_max_abs=0.000000e+00 recv_up_zero=0 recv_gate_sum_abs=0.000000e+00 recv_gate_max_abs=0.000000e+00 recv_gate_zero=0 recv_down_sum_abs=0.000000e+00 recv_down_max_abs=0.000000e+00 recv_down_zero=0 recv_other_sum_abs=0.000000e+00 recv_other_max_abs=0.000000e+00 recv_other_zero=0 recv_ffn_sum_abs=0.000000e+00 recv_ffn_max_abs=0.000000e+00 recv_ffn_zero=0
SUCCEED (one forward pass done)"
8c_mixed,2,8,"60,61,62,63,64,65,66,67","0,20,40,60,80,100,30,50",model_schedule,ok,local,14,2.32555,430.005,4351.06,5.420228004455566,True,3,$,"llama_context: graph splits = 1
attach_threadpool: call
threads: decode=8 batch=8
prompt tokens: 4
running one forward pass (llama_decode) ...
Top-5 next-token candidates:
  id=3 logit=0 piece=""$""
  id=4 logit=0 piece=""%""
  id=1 logit=0 piece=""""""
  id=0 logit=0 piece=""!""
  id=2 logit=0 piece=""#""
Autoregressive generation:
Generated text: !
Decode-only throughput: 2.32555 tokens/s (1 tokens in 0.430005 s of llama_decode)
End-to-end throughput: 2.32371 tokens/s (1 tokens in 0.430347 s)
[decode-stage-profile] model_load=400.516 ms context_create=61.0163 ms tokenize=0.49318 ms prefill_decode=4351.06 ms generation_decode=430.005 ms generation_total=430.347 ms program_total=5261.25 ms
[svd-local-op-profile] up_ops=56 gate_ops=56 down_ops=56 up_total=248.453 ms gate_total=247.762 ms down_total=261.059 ms up_v=75.445 ms gate_v=87.364 ms down_v=97.393 ms up_u=169.914 ms gate_u=156.359 ms down_u=159.653 ms
[svd-local-stage-profile] attention_total=679.811 ms ffn_total=1204.822 ms ffn_svd_total=757.274 ms ffn_svd_v=260.202 ms ffn_svd_u=485.926 ms
[svd-offload-zero-profile] up_finish=0 up_cache=0 up_no_request=27 gate_finish=0 gate_cache=0 gate_no_request=27 down_finish=0 down_cache=0 down_no_request=27 other_finish=0 other_cache=0 other_no_request=0
[svd-local-timeout-profile] up_keep=14 up_drop=1 up_wait=5.469 ms gate_keep=15 gate_drop=0 gate_wait=4.509 ms down_keep=15 down_drop=0 down_wait=7.515 ms other_keep=0 other_drop=0 other_wait=0.000 ms
[svd-offload-client] up_gate_req=0 down_req=0 other_mat_req=0 ffn_req=0 gate_cache_hits=0 gate_cache_checks=0 miss_invalid=0 miss_layer=0 miss_rank=0 miss_hash=0 miss_output=0 miss_data=0 send_up_gate=0.000 ms send_down=0.000 ms send_other=0.000 ms send_ffn=0.000 ms wait_up_gate=0.000 ms wait_down=0.000 ms wait_other=0.000 ms wait_ffn=0.000 ms
[svd-offload-client-stage-profile] rpc_send_total=0.000 ms rpc_wait_total=0.000 ms
[svd-offload-client-debug] finish_fail_up_gate=0 finish_fail_down=0 finish_fail_other=0 finish_fail_ffn=0 cache_take_fail_up=0 cache_take_fail_gate=0 recv_up_sum_abs=0.000000e+00 recv_up_max_abs=0.000000e+00 recv_up_zero=0 recv_gate_sum_abs=0.000000e+00 recv_gate_max_abs=0.000000e+00 recv_gate_zero=0 recv_down_sum_abs=0.000000e+00 recv_down_max_abs=0.000000e+00 recv_down_zero=0 recv_other_sum_abs=0.000000e+00 recv_other_max_abs=0.000000e+00 recv_other_zero=0 recv_ffn_sum_abs=0.000000e+00 recv_ffn_max_abs=0.000000e+00 recv_ffn_zero=0
SUCCEED (one forward pass done)"
8c_front_hot,0,8,"60,61,62,63,64,65,66,67","100,90,80,70,30,20,10,0",baseline_no_svd,ok,,0,0.644981,1550.43,11813.3,14.009509325027466,True,11,",","llama_context: graph splits = 1
attach_threadpool: call
threads: decode=8 batch=8
prompt tokens: 4
running one forward pass (llama_decode) ...
Top-5 next-token candidates:
  id=11 logit=20.2053 piece="",""
  id=304 logit=18.9277 piece="" in""
  id=3837 logit=18.7558 piece=""，""
  id=1052 logit=18.5616 piece="" there""
  id=358 logit=17.8374 piece="" I""
Autoregressive generation:
Generated text: ,
Decode-only throughput: 0.644981 tokens/s (1 tokens in 1.55043 s of llama_decode)
End-to-end throughput: 0.644838 tokens/s (1 tokens in 1.55078 s)
[decode-stage-profile] model_load=402.349 ms context_create=60.1372 ms tokenize=0.462897 ms prefill_decode=11813.3 ms generation_decode=1550.43 ms generation_total=1550.78 ms program_total=13844.4 ms
[svd-local-op-profile] up_ops=56 gate_ops=56 down_ops=56 up_total=703.596 ms gate_total=688.198 ms down_total=717.017 ms up_v=239.118 ms gate_v=225.823 ms down_v=240.151 ms up_u=464.472 ms gate_u=462.370 ms down_u=476.859 ms
[svd-local-stage-profile] attention_total=1937.057 ms ffn_total=3491.350 ms ffn_svd_total=2108.811 ms ffn_svd_v=705.092 ms ffn_svd_u=1403.701 ms
[svd-offload-zero-profile] up_finish=0 up_cache=0 up_no_request=27 gate_finish=0 gate_cache=0 gate_no_request=27 down_finish=0 down_cache=0 down_no_request=27 other_finish=0 other_cache=0 other_no_request=0
[svd-local-timeout-profile] up_keep=0 up_drop=0 up_wait=0.000 ms gate_keep=0 gate_drop=0 gate_wait=0.000 ms down_keep=0 down_drop=0 down_wait=0.000 ms other_keep=0 other_drop=0 other_wait=0.000 ms
[svd-offload-client] up_gate_req=0 down_req=0 other_mat_req=0 ffn_req=0 gate_cache_hits=0 gate_cache_checks=0 miss_invalid=0 miss_layer=0 miss_rank=0 miss_hash=0 miss_output=0 miss_data=0 send_up_gate=0.000 ms send_down=0.000 ms send_other=0.000 ms send_ffn=0.000 ms wait_up_gate=0.000 ms wait_down=0.000 ms wait_other=0.000 ms wait_ffn=0.000 ms
[svd-offload-client-stage-profile] rpc_send_total=0.000 ms rpc_wait_total=0.000 ms
[svd-offload-client-debug] finish_fail_up_gate=0 finish_fail_down=0 finish_fail_other=0 finish_fail_ffn=0 cache_take_fail_up=0 cache_take_fail_gate=0 recv_up_sum_abs=0.000000e+00 recv_up_max_abs=0.000000e+00 recv_up_zero=0 recv_gate_sum_abs=0.000000e+00 recv_gate_max_abs=0.000000e+00 recv_gate_zero=0 recv_down_sum_abs=0.000000e+00 recv_down_max_abs=0.000000e+00 recv_down_zero=0 recv_other_sum_abs=0.000000e+00 recv_other_max_abs=0.000000e+00 recv_other_zero=0 recv_ffn_sum_abs=0.000000e+00 recv_ffn_max_abs=0.000000e+00 recv_ffn_zero=0
SUCCEED (one forward pass done)"
8c_front_hot,0,8,"60,61,62,63,64,65,66,67","100,90,80,70,30,20,10,0",model_schedule,skipped_edge_end_no_adb,edge_end,1,,,,,,,,
8c_front_hot,1,8,"60,61,62,63,64,65,66,67","100,90,80,70,30,20,10,0",baseline_no_svd,ok,,0,0.163803,6104.9,11989.9,18.719112634658813,True,11,",","llama_context: graph splits = 1
attach_threadpool: call
threads: decode=8 batch=8
prompt tokens: 4
running one forward pass (llama_decode) ...
Top-5 next-token candidates:
  id=11 logit=20.2053 piece="",""
  id=304 logit=18.9277 piece="" in""
  id=3837 logit=18.7558 piece=""，""
  id=1052 logit=18.5616 piece="" there""
  id=358 logit=17.8374 piece="" I""
Autoregressive generation:
Generated text: ,
Decode-only throughput: 0.163803 tokens/s (1 tokens in 6.1049 s of llama_decode)
End-to-end throughput: 0.163793 tokens/s (1 tokens in 6.10527 s)
[decode-stage-profile] model_load=383.763 ms context_create=59.2089 ms tokenize=0.469009 ms prefill_decode=11989.9 ms generation_decode=6104.9 ms generation_total=6105.27 ms program_total=18555.3 ms
[svd-local-op-profile] up_ops=56 gate_ops=56 down_ops=56 up_total=958.675 ms gate_total=944.052 ms down_total=959.648 ms up_v=299.986 ms gate_v=322.073 ms down_v=343.095 ms up_u=658.684 ms gate_u=621.974 ms down_u=616.543 ms
[svd-local-stage-profile] attention_total=3259.311 ms ffn_total=5257.908 ms ffn_svd_total=2862.375 ms ffn_svd_v=965.154 ms ffn_svd_u=1897.201 ms
[svd-offload-zero-profile] up_finish=0 up_cache=0 up_no_request=27 gate_finish=0 gate_cache=0 gate_no_request=27 down_finish=0 down_cache=0 down_no_request=27 other_finish=0 other_cache=0 other_no_request=0
[svd-local-timeout-profile] up_keep=0 up_drop=0 up_wait=0.000 ms gate_keep=0 gate_drop=0 gate_wait=0.000 ms down_keep=0 down_drop=0 down_wait=0.000 ms other_keep=0 other_drop=0 other_wait=0.000 ms
[svd-offload-client] up_gate_req=0 down_req=0 other_mat_req=0 ffn_req=0 gate_cache_hits=0 gate_cache_checks=0 miss_invalid=0 miss_layer=0 miss_rank=0 miss_hash=0 miss_output=0 miss_data=0 send_up_gate=0.000 ms send_down=0.000 ms send_other=0.000 ms send_ffn=0.000 ms wait_up_gate=0.000 ms wait_down=0.000 ms wait_other=0.000 ms wait_ffn=0.000 ms
[svd-offload-client-stage-profile] rpc_send_total=0.000 ms rpc_wait_total=0.000 ms
[svd-offload-client-debug] finish_fail_up_gate=0 finish_fail_down=0 finish_fail_other=0 finish_fail_ffn=0 cache_take_fail_up=0 cache_take_fail_gate=0 recv_up_sum_abs=0.000000e+00 recv_up_max_abs=0.000000e+00 recv_up_zero=0 recv_gate_sum_abs=0.000000e+00 recv_gate_max_abs=0.000000e+00 recv_gate_zero=0 recv_down_sum_abs=0.000000e+00 recv_down_max_abs=0.000000e+00 recv_down_zero=0 recv_other_sum_abs=0.000000e+00 recv_other_max_abs=0.000000e+00 recv_other_zero=0 recv_ffn_sum_abs=0.000000e+00 recv_ffn_max_abs=0.000000e+00 recv_ffn_zero=0
SUCCEED (one forward pass done)"
8c_front_hot,1,8,"60,61,62,63,64,65,66,67","100,90,80,70,30,20,10,0",model_schedule,skipped_edge_end_no_adb,edge_end,1,,,,,,,,
8c_front_hot,2,8,"60,61,62,63,64,65,66,67","100,90,80,70,30,20,10,0",baseline_no_svd,ok,,0,0.393366,2542.16,3089.03,6.273447751998901,True,11,",","llama_context: graph splits = 1
attach_threadpool: call
threads: decode=8 batch=8
prompt tokens: 4
running one forward pass (llama_decode) ...
Top-5 next-token candidates:
  id=11 logit=20.2053 piece="",""
  id=304 logit=18.9277 piece="" in""
  id=3837 logit=18.7558 piece=""，""
  id=1052 logit=18.5616 piece="" there""
  id=358 logit=17.8374 piece="" I""
Autoregressive generation:
Generated text: ,
Decode-only throughput: 0.393366 tokens/s (1 tokens in 2.54216 s of llama_decode)
End-to-end throughput: 0.393311 tokens/s (1 tokens in 2.54252 s)
[decode-stage-profile] model_load=396.73 ms context_create=58.7863 ms tokenize=0.46122 ms prefill_decode=3089.03 ms generation_decode=2542.16 ms generation_total=2542.52 ms program_total=6104.84 ms
[svd-local-op-profile] up_ops=56 gate_ops=56 down_ops=56 up_total=317.273 ms gate_total=297.576 ms down_total=324.967 ms up_v=106.023 ms gate_v=91.640 ms down_v=119.311 ms up_u=211.241 ms gate_u=205.934 ms down_u=205.652 ms
[svd-local-stage-profile] attention_total=1116.219 ms ffn_total=1725.531 ms ffn_svd_total=939.816 ms ffn_svd_v=316.974 ms ffn_svd_u=622.827 ms
[svd-offload-zero-profile] up_finish=0 up_cache=0 up_no_request=27 gate_finish=0 gate_cache=0 gate_no_request=27 down_finish=0 down_cache=0 down_no_request=27 other_finish=0 other_cache=0 other_no_request=0
[svd-local-timeout-profile] up_keep=0 up_drop=0 up_wait=0.000 ms gate_keep=0 gate_drop=0 gate_wait=0.000 ms down_keep=0 down_drop=0 down_wait=0.000 ms other_keep=0 other_drop=0 other_wait=0.000 ms
[svd-offload-client] up_gate_req=0 down_req=0 other_mat_req=0 ffn_req=0 gate_cache_hits=0 gate_cache_checks=0 miss_invalid=0 miss_layer=0 miss_rank=0 miss_hash=0 miss_output=0 miss_data=0 send_up_gate=0.000 ms send_down=0.000 ms send_other=0.000 ms send_ffn=0.000 ms wait_up_gate=0.000 ms wait_down=0.000 ms wait_other=0.000 ms wait_ffn=0.000 ms
[svd-offload-client-stage-profile] rpc_send_total=0.000 ms rpc_wait_total=0.000 ms
[svd-offload-client-debug] finish_fail_up_gate=0 finish_fail_down=0 finish_fail_other=0 finish_fail_ffn=0 cache_take_fail_up=0 cache_take_fail_gate=0 recv_up_sum_abs=0.000000e+00 recv_up_max_abs=0.000000e+00 recv_up_zero=0 recv_gate_sum_abs=0.000000e+00 recv_gate_max_abs=0.000000e+00 recv_gate_zero=0 recv_down_sum_abs=0.000000e+00 recv_down_max_abs=0.000000e+00 recv_down_zero=0 recv_other_sum_abs=0.000000e+00 recv_other_max_abs=0.000000e+00 recv_other_zero=0 recv_ffn_sum_abs=0.000000e+00 recv_ffn_max_abs=0.000000e+00 recv_ffn_zero=0
SUCCEED (one forward pass done)"
8c_front_hot,2,8,"60,61,62,63,64,65,66,67","100,90,80,70,30,20,10,0",model_schedule,skipped_edge_end_no_adb,edge_end,1,,,,,,,,
8c_high,0,8,"60,61,62,63,64,65,66,67","30,40,50,60,70,80,90,100",baseline_no_svd,ok,,0,30.7962,32.4715,1657.34,2.3441731929779053,True,11,",","llama_context: graph splits = 1
attach_threadpool: call
threads: decode=8 batch=8
prompt tokens: 4
running one forward pass (llama_decode) ...
Top-5 next-token candidates:
  id=11 logit=20.2053 piece="",""
  id=304 logit=18.9277 piece="" in""
  id=3837 logit=18.7558 piece=""，""
  id=1052 logit=18.5616 piece="" there""
  id=358 logit=17.8374 piece="" I""
Autoregressive generation:
Generated text: ,
Decode-only throughput: 30.7962 tokens/s (1 tokens in 0.0324715 s of llama_decode)
End-to-end throughput: 30.4248 tokens/s (1 tokens in 0.0328679 s)
[decode-stage-profile] model_load=396.566 ms context_create=63.3534 ms tokenize=0.460012 ms prefill_decode=1657.34 ms generation_decode=32.4715 ms generation_total=32.8679 ms program_total=2167.92 ms
[svd-local-op-profile] up_ops=56 gate_ops=56 down_ops=56 up_total=89.106 ms gate_total=107.782 ms down_total=87.156 ms up_v=27.844 ms gate_v=33.339 ms down_v=36.962 ms up_u=61.258 ms gate_u=74.436 ms down_u=50.191 ms
[svd-local-stage-profile] attention_total=234.038 ms ffn_total=410.142 ms ffn_svd_total=284.044 ms ffn_svd_v=98.145 ms ffn_svd_u=185.885 ms
[svd-offload-zero-profile] up_finish=0 up_cache=0 up_no_request=27 gate_finish=0 gate_cache=0 gate_no_request=27 down_finish=0 down_cache=0 down_no_request=27 other_finish=0 other_cache=0 other_no_request=0
[svd-local-timeout-profile] up_keep=0 up_drop=0 up_wait=0.000 ms gate_keep=0 gate_drop=0 gate_wait=0.000 ms down_keep=0 down_drop=0 down_wait=0.000 ms other_keep=0 other_drop=0 other_wait=0.000 ms
[svd-offload-client] up_gate_req=0 down_req=0 other_mat_req=0 ffn_req=0 gate_cache_hits=0 gate_cache_checks=0 miss_invalid=0 miss_layer=0 miss_rank=0 miss_hash=0 miss_output=0 miss_data=0 send_up_gate=0.000 ms send_down=0.000 ms send_other=0.000 ms send_ffn=0.000 ms wait_up_gate=0.000 ms wait_down=0.000 ms wait_other=0.000 ms wait_ffn=0.000 ms
[svd-offload-client-stage-profile] rpc_send_total=0.000 ms rpc_wait_total=0.000 ms
[svd-offload-client-debug] finish_fail_up_gate=0 finish_fail_down=0 finish_fail_other=0 finish_fail_ffn=0 cache_take_fail_up=0 cache_take_fail_gate=0 recv_up_sum_abs=0.000000e+00 recv_up_max_abs=0.000000e+00 recv_up_zero=0 recv_gate_sum_abs=0.000000e+00 recv_gate_max_abs=0.000000e+00 recv_gate_zero=0 recv_down_sum_abs=0.000000e+00 recv_down_max_abs=0.000000e+00 recv_down_zero=0 recv_other_sum_abs=0.000000e+00 recv_other_max_abs=0.000000e+00 recv_other_zero=0 recv_ffn_sum_abs=0.000000e+00 recv_ffn_max_abs=0.000000e+00 recv_ffn_zero=0
SUCCEED (one forward pass done)"
8c_high,0,8,"60,61,62,63,64,65,66,67","30,40,50,60,70,80,90,100",model_schedule,ok,local,14,22.3357,44.7713,2077.24,2.7724528312683105,True,3,$,"llama_context: graph splits = 1
attach_threadpool: call
threads: decode=8 batch=8
prompt tokens: 4
running one forward pass (llama_decode) ...
Top-5 next-token candidates:
  id=3 logit=0 piece=""$""
  id=4 logit=0 piece=""%""
  id=1 logit=0 piece=""""""
  id=0 logit=0 piece=""!""
  id=2 logit=0 piece=""#""
Autoregressive generation:
Generated text: !
Decode-only throughput: 22.3357 tokens/s (1 tokens in 0.0447713 s of llama_decode)
End-to-end throughput: 22.1774 tokens/s (1 tokens in 0.0450909 s)
[decode-stage-profile] model_load=395.065 ms context_create=64.5669 ms tokenize=0.486403 ms prefill_decode=2077.24 ms generation_decode=44.7713 ms generation_total=45.0909 ms program_total=2599.5 ms
[svd-local-op-profile] up_ops=56 gate_ops=56 down_ops=56 up_total=114.479 ms gate_total=110.350 ms down_total=104.498 ms up_v=33.844 ms gate_v=31.897 ms down_v=44.126 ms up_u=80.611 ms gate_u=78.425 ms down_u=60.351 ms
[svd-local-stage-profile] attention_total=306.003 ms ffn_total=489.750 ms ffn_svd_total=329.327 ms ffn_svd_v=109.867 ms ffn_svd_u=219.387 ms
[svd-offload-zero-profile] up_finish=0 up_cache=0 up_no_request=27 gate_finish=0 gate_cache=0 gate_no_request=27 down_finish=0 down_cache=0 down_no_request=27 other_finish=0 other_cache=0 other_no_request=0
[svd-local-timeout-profile] up_keep=15 up_drop=0 up_wait=1.279 ms gate_keep=15 gate_drop=0 gate_wait=1.216 ms down_keep=15 down_drop=0 down_wait=6.628 ms other_keep=0 other_drop=0 other_wait=0.000 ms
[svd-offload-client] up_gate_req=0 down_req=0 other_mat_req=0 ffn_req=0 gate_cache_hits=0 gate_cache_checks=0 miss_invalid=0 miss_layer=0 miss_rank=0 miss_hash=0 miss_output=0 miss_data=0 send_up_gate=0.000 ms send_down=0.000 ms send_other=0.000 ms send_ffn=0.000 ms wait_up_gate=0.000 ms wait_down=0.000 ms wait_other=0.000 ms wait_ffn=0.000 ms
[svd-offload-client-stage-profile] rpc_send_total=0.000 ms rpc_wait_total=0.000 ms
[svd-offload-client-debug] finish_fail_up_gate=0 finish_fail_down=0 finish_fail_other=0 finish_fail_ffn=0 cache_take_fail_up=0 cache_take_fail_gate=0 recv_up_sum_abs=0.000000e+00 recv_up_max_abs=0.000000e+00 recv_up_zero=0 recv_gate_sum_abs=0.000000e+00 recv_gate_max_abs=0.000000e+00 recv_gate_zero=0 recv_down_sum_abs=0.000000e+00 recv_down_max_abs=0.000000e+00 recv_down_zero=0 recv_other_sum_abs=0.000000e+00 recv_other_max_abs=0.000000e+00 recv_other_zero=0 recv_ffn_sum_abs=0.000000e+00 recv_ffn_max_abs=0.000000e+00 recv_ffn_zero=0
SUCCEED (one forward pass done)"
8c_high,1,8,"60,61,62,63,64,65,66,67","30,40,50,60,70,80,90,100",baseline_no_svd,ok,,0,22.4868,44.4705,693.808,1.3592491149902344,True,11,",","llama_context: graph splits = 1
attach_threadpool: call
threads: decode=8 batch=8
prompt tokens: 4
running one forward pass (llama_decode) ...
Top-5 next-token candidates:
  id=11 logit=20.2053 piece="",""
  id=304 logit=18.9277 piece="" in""
  id=3837 logit=18.7558 piece=""，""
  id=1052 logit=18.5616 piece="" there""
  id=358 logit=17.8374 piece="" I""
Autoregressive generation:
Generated text: ,
Decode-only throughput: 22.4868 tokens/s (1 tokens in 0.0444705 s of llama_decode)
End-to-end throughput: 22.3215 tokens/s (1 tokens in 0.0447998 s)
[decode-stage-profile] model_load=395.428 ms context_create=59.3593 ms tokenize=0.467423 ms prefill_decode=693.808 ms generation_decode=44.4705 ms generation_total=44.7998 ms program_total=1210.79 ms
[svd-local-op-profile] up_ops=56 gate_ops=56 down_ops=56 up_total=49.604 ms gate_total=45.431 ms down_total=48.521 ms up_v=12.936 ms gate_v=12.318 ms down_v=24.947 ms up_u=36.662 ms gate_u=33.105 ms down_u=23.570 ms
[svd-local-stage-profile] attention_total=114.585 ms ffn_total=186.330 ms ffn_svd_total=143.556 ms ffn_svd_v=50.201 ms ffn_svd_u=93.337 ms
[svd-offload-zero-profile] up_finish=0 up_cache=0 up_no_request=27 gate_finish=0 gate_cache=0 gate_no_request=27 down_finish=0 down_cache=0 down_no_request=27 other_finish=0 other_cache=0 other_no_request=0
[svd-local-timeout-profile] up_keep=0 up_drop=0 up_wait=0.000 ms gate_keep=0 gate_drop=0 gate_wait=0.000 ms down_keep=0 down_drop=0 down_wait=0.000 ms other_keep=0 other_drop=0 other_wait=0.000 ms
[svd-offload-client] up_gate_req=0 down_req=0 other_mat_req=0 ffn_req=0 gate_cache_hits=0 gate_cache_checks=0 miss_invalid=0 miss_layer=0 miss_rank=0 miss_hash=0 miss_output=0 miss_data=0 send_up_gate=0.000 ms send_down=0.000 ms send_other=0.000 ms send_ffn=0.000 ms wait_up_gate=0.000 ms wait_down=0.000 ms wait_other=0.000 ms wait_ffn=0.000 ms
[svd-offload-client-stage-profile] rpc_send_total=0.000 ms rpc_wait_total=0.000 ms
[svd-offload-client-debug] finish_fail_up_gate=0 finish_fail_down=0 finish_fail_other=0 finish_fail_ffn=0 cache_take_fail_up=0 cache_take_fail_gate=0 recv_up_sum_abs=0.000000e+00 recv_up_max_abs=0.000000e+00 recv_up_zero=0 recv_gate_sum_abs=0.000000e+00 recv_gate_max_abs=0.000000e+00 recv_gate_zero=0 recv_down_sum_abs=0.000000e+00 recv_down_max_abs=0.000000e+00 recv_down_zero=0 recv_other_sum_abs=0.000000e+00 recv_other_max_abs=0.000000e+00 recv_other_zero=0 recv_ffn_sum_abs=0.000000e+00 recv_ffn_max_abs=0.000000e+00 recv_ffn_zero=0
SUCCEED (one forward pass done)"
8c_high,1,8,"60,61,62,63,64,65,66,67","30,40,50,60,70,80,90,100",model_schedule,ok,local,14,23.8411,41.9443,1256.54,1.9453842639923096,True,3,$,"llama_context: graph splits = 1
attach_threadpool: call
threads: decode=8 batch=8
prompt tokens: 4
running one forward pass (llama_decode) ...
Top-5 next-token candidates:
  id=3 logit=0 piece=""$""
  id=4 logit=0 piece=""%""
  id=1 logit=0 piece=""""""
  id=0 logit=0 piece=""!""
  id=2 logit=0 piece=""#""
Autoregressive generation:
Generated text: !
Decode-only throughput: 23.8411 tokens/s (1 tokens in 0.0419443 s of llama_decode)
End-to-end throughput: 23.6529 tokens/s (1 tokens in 0.0422781 s)
[decode-stage-profile] model_load=398.101 ms context_create=60.1485 ms tokenize=0.46224 ms prefill_decode=1256.54 ms generation_decode=41.9443 ms generation_total=42.2781 ms program_total=1774.69 ms
[svd-local-op-profile] up_ops=56 gate_ops=56 down_ops=56 up_total=67.829 ms gate_total=87.026 ms down_total=63.877 ms up_v=19.785 ms gate_v=31.173 ms down_v=30.193 ms up_u=48.025 ms gate_u=55.830 ms down_u=33.664 ms
[svd-local-stage-profile] attention_total=155.147 ms ffn_total=309.309 ms ffn_svd_total=218.732 ms ffn_svd_v=81.151 ms ffn_svd_u=137.519 ms
[svd-offload-zero-profile] up_finish=0 up_cache=0 up_no_request=27 gate_finish=0 gate_cache=0 gate_no_request=27 down_finish=0 down_cache=0 down_no_request=27 other_finish=0 other_cache=0 other_no_request=0
[svd-local-timeout-profile] up_keep=15 up_drop=0 up_wait=1.246 ms gate_keep=15 gate_drop=0 gate_wait=1.223 ms down_keep=15 down_drop=0 down_wait=6.582 ms other_keep=0 other_drop=0 other_wait=0.000 ms
[svd-offload-client] up_gate_req=0 down_req=0 other_mat_req=0 ffn_req=0 gate_cache_hits=0 gate_cache_checks=0 miss_invalid=0 miss_layer=0 miss_rank=0 miss_hash=0 miss_output=0 miss_data=0 send_up_gate=0.000 ms send_down=0.000 ms send_other=0.000 ms send_ffn=0.000 ms wait_up_gate=0.000 ms wait_down=0.000 ms wait_other=0.000 ms wait_ffn=0.000 ms
[svd-offload-client-stage-profile] rpc_send_total=0.000 ms rpc_wait_total=0.000 ms
[svd-offload-client-debug] finish_fail_up_gate=0 finish_fail_down=0 finish_fail_other=0 finish_fail_ffn=0 cache_take_fail_up=0 cache_take_fail_gate=0 recv_up_sum_abs=0.000000e+00 recv_up_max_abs=0.000000e+00 recv_up_zero=0 recv_gate_sum_abs=0.000000e+00 recv_gate_max_abs=0.000000e+00 recv_gate_zero=0 recv_down_sum_abs=0.000000e+00 recv_down_max_abs=0.000000e+00 recv_down_zero=0 recv_other_sum_abs=0.000000e+00 recv_other_max_abs=0.000000e+00 recv_other_zero=0 recv_ffn_sum_abs=0.000000e+00 recv_ffn_max_abs=0.000000e+00 recv_ffn_zero=0
SUCCEED (one forward pass done)"
8c_high,2,8,"60,61,62,63,64,65,66,67","30,40,50,60,70,80,90,100",baseline_no_svd,ok,,0,29.0605,34.411,1263.61,1.942657470703125,True,11,",","llama_context: graph splits = 1
attach_threadpool: call
threads: decode=8 batch=8
prompt tokens: 4
running one forward pass (llama_decode) ...
Top-5 next-token candidates:
  id=11 logit=20.2053 piece="",""
  id=304 logit=18.9277 piece="" in""
  id=3837 logit=18.7558 piece=""，""
  id=1052 logit=18.5616 piece="" there""
  id=358 logit=17.8374 piece="" I""
Autoregressive generation:
Generated text: ,
Decode-only throughput: 29.0605 tokens/s (1 tokens in 0.034411 s of llama_decode)
End-to-end throughput: 28.7937 tokens/s (1 tokens in 0.0347298 s)
[decode-stage-profile] model_load=399.47 ms context_create=60.8202 ms tokenize=0.491218 ms prefill_decode=1263.61 ms generation_decode=34.411 ms generation_total=34.7298 ms program_total=1776.63 ms
[svd-local-op-profile] up_ops=56 gate_ops=56 down_ops=56 up_total=67.512 ms gate_total=68.580 ms down_total=60.821 ms up_v=19.650 ms gate_v=18.685 ms down_v=28.284 ms up_u=47.858 ms gate_u=49.886 ms down_u=32.534 ms
[svd-local-stage-profile] attention_total=174.427 ms ffn_total=295.200 ms ffn_svd_total=196.913 ms ffn_svd_v=66.619 ms ffn_svd_u=130.278 ms
[svd-offload-zero-profile] up_finish=0 up_cache=0 up_no_request=27 gate_finish=0 gate_cache=0 gate_no_request=27 down_finish=0 down_cache=0 down_no_request=27 other_finish=0 other_cache=0 other_no_request=0
[svd-local-timeout-profile] up_keep=0 up_drop=0 up_wait=0.000 ms gate_keep=0 gate_drop=0 gate_wait=0.000 ms down_keep=0 down_drop=0 down_wait=0.000 ms other_keep=0 other_drop=0 other_wait=0.000 ms
[svd-offload-client] up_gate_req=0 down_req=0 other_mat_req=0 ffn_req=0 gate_cache_hits=0 gate_cache_checks=0 miss_invalid=0 miss_layer=0 miss_rank=0 miss_hash=0 miss_output=0 miss_data=0 send_up_gate=0.000 ms send_down=0.000 ms send_other=0.000 ms send_ffn=0.000 ms wait_up_gate=0.000 ms wait_down=0.000 ms wait_other=0.000 ms wait_ffn=0.000 ms
[svd-offload-client-stage-profile] rpc_send_total=0.000 ms rpc_wait_total=0.000 ms
[svd-offload-client-debug] finish_fail_up_gate=0 finish_fail_down=0 finish_fail_other=0 finish_fail_ffn=0 cache_take_fail_up=0 cache_take_fail_gate=0 recv_up_sum_abs=0.000000e+00 recv_up_max_abs=0.000000e+00 recv_up_zero=0 recv_gate_sum_abs=0.000000e+00 recv_gate_max_abs=0.000000e+00 recv_gate_zero=0 recv_down_sum_abs=0.000000e+00 recv_down_max_abs=0.000000e+00 recv_down_zero=0 recv_other_sum_abs=0.000000e+00 recv_other_max_abs=0.000000e+00 recv_other_zero=0 recv_ffn_sum_abs=0.000000e+00 recv_ffn_max_abs=0.000000e+00 recv_ffn_zero=0
SUCCEED (one forward pass done)"
8c_high,2,8,"60,61,62,63,64,65,66,67","30,40,50,60,70,80,90,100",model_schedule,ok,local,14,23.9459,41.7607,2513.03,3.1892383098602295,True,3,$,"llama_context: graph splits = 1
attach_threadpool: call
threads: decode=8 batch=8
prompt tokens: 4
running one forward pass (llama_decode) ...
Top-5 next-token candidates:
  id=3 logit=0 piece=""$""
  id=4 logit=0 piece=""%""
  id=1 logit=0 piece=""""""
  id=0 logit=0 piece=""!""
  id=2 logit=0 piece=""#""
Autoregressive generation:
Generated text: !
Decode-only throughput: 23.9459 tokens/s (1 tokens in 0.0417607 s of llama_decode)
End-to-end throughput: 23.7657 tokens/s (1 tokens in 0.0420775 s)
[decode-stage-profile] model_load=387.696 ms context_create=60.2281 ms tokenize=0.471165 ms prefill_decode=2513.03 ms generation_decode=41.7607 ms generation_total=42.0775 ms program_total=3020.61 ms
[svd-local-op-profile] up_ops=56 gate_ops=56 down_ops=56 up_total=147.670 ms gate_total=147.899 ms down_total=156.360 ms up_v=48.037 ms gate_v=48.496 ms down_v=62.108 ms up_u=99.612 ms gate_u=99.377 ms down_u=94.224 ms
[svd-local-stage-profile] attention_total=332.217 ms ffn_total=674.221 ms ffn_svd_total=451.929 ms ffn_svd_v=158.641 ms ffn_svd_u=293.213 ms
[svd-offload-zero-profile] up_finish=0 up_cache=0 up_no_request=27 gate_finish=0 gate_cache=0 gate_no_request=27 down_finish=0 down_cache=0 down_no_request=27 other_finish=0 other_cache=0 other_no_request=0
[svd-local-timeout-profile] up_keep=15 up_drop=0 up_wait=1.242 ms gate_keep=15 gate_drop=0 gate_wait=1.205 ms down_keep=15 down_drop=0 down_wait=6.615 ms other_keep=0 other_drop=0 other_wait=0.000 ms
[svd-offload-client] up_gate_req=0 down_req=0 other_mat_req=0 ffn_req=0 gate_cache_hits=0 gate_cache_checks=0 miss_invalid=0 miss_layer=0 miss_rank=0 miss_hash=0 miss_output=0 miss_data=0 send_up_gate=0.000 ms send_down=0.000 ms send_other=0.000 ms send_ffn=0.000 ms wait_up_gate=0.000 ms wait_down=0.000 ms wait_other=0.000 ms wait_ffn=0.000 ms
[svd-offload-client-stage-profile] rpc_send_total=0.000 ms rpc_wait_total=0.000 ms
[svd-offload-client-debug] finish_fail_up_gate=0 finish_fail_down=0 finish_fail_other=0 finish_fail_ffn=0 cache_take_fail_up=0 cache_take_fail_gate=0 recv_up_sum_abs=0.000000e+00 recv_up_max_abs=0.000000e+00 recv_up_zero=0 recv_gate_sum_abs=0.000000e+00 recv_gate_max_abs=0.000000e+00 recv_gate_zero=0 recv_down_sum_abs=0.000000e+00 recv_down_max_abs=0.000000e+00 recv_down_zero=0 recv_other_sum_abs=0.000000e+00 recv_other_max_abs=0.000000e+00 recv_other_zero=0 recv_ffn_sum_abs=0.000000e+00 recv_ffn_max_abs=0.000000e+00 recv_ffn_zero=0
SUCCEED (one forward pass done)"
