scenario,repeat,role,selected_policy,n_cores,cpus,loads,status,decode_tok_s,generation_decode_ms,elapsed_s,output_tail
4c_balanced_high,0,baseline,all_0.5,4,"60,61,62,63","20,40,60,80",ok,16.7825,59.5858,0.8981878757476807,"llama_context: graph splits = 1
attach_threadpool: call
threads: decode=4 batch=4
prompt tokens: 4
running one forward pass (llama_decode) ...
Top-5 next-token candidates:
  id=11 logit=20.2053 piece="",""
  id=304 logit=18.9277 piece="" in""
  id=3837 logit=18.7558 piece=""，""
  id=1052 logit=18.5616 piece="" there""
  id=358 logit=17.8374 piece="" I""
Autoregressive generation:
Generated text: ,
Decode-only throughput: 16.7825 tokens/s (1 tokens in 0.0595858 s of llama_decode)
End-to-end throughput: 16.6952 tokens/s (1 tokens in 0.0598973 s)
[decode-stage-profile] model_load=418.639 ms context_create=59.5479 ms tokenize=0.467379 ms prefill_decode=182.386 ms generation_decode=59.5858 ms generation_total=59.8973 ms program_total=737.854 ms
[svd-local-op-profile] up_ops=56 gate_ops=56 down_ops=56 up_total=49.679 ms gate_total=45.226 ms down_total=45.193 ms up_v=7.190 ms gate_v=7.019 ms down_v=38.056 ms up_u=42.483 ms gate_u=38.200 ms down_u=7.131 ms
[svd-local-stage-profile] attention_total=24.899 ms ffn_total=141.397 ms ffn_svd_total=140.098 ms ffn_svd_v=52.265 ms ffn_svd_u=87.814 ms
[svd-offload-zero-profile] up_finish=0 up_cache=0 up_no_request=27 gate_finish=0 gate_cache=0 gate_no_request=27 down_finish=0 down_cache=0 down_no_request=27 other_finish=0 other_cache=0 other_no_request=0
[svd-local-timeout-profile] up_keep=0 up_drop=0 up_wait=0.000 ms gate_keep=0 gate_drop=0 gate_wait=0.000 ms down_keep=0 down_drop=0 down_wait=0.000 ms other_keep=0 other_drop=0 other_wait=0.000 ms
[svd-offload-client] up_gate_req=0 down_req=0 other_mat_req=0 ffn_req=0 gate_cache_hits=0 gate_cache_checks=0 miss_invalid=0 miss_layer=0 miss_rank=0 miss_hash=0 miss_output=0 miss_data=0 send_up_gate=0.000 ms send_down=0.000 ms send_other=0.000 ms send_ffn=0.000 ms wait_up_gate=0.000 ms wait_down=0.000 ms wait_other=0.000 ms wait_ffn=0.000 ms
[svd-offload-client-stage-profile] rpc_send_total=0.000 ms rpc_wait_total=0.000 ms
[svd-offload-client-debug] finish_fail_up_gate=0 finish_fail_down=0 finish_fail_other=0 finish_fail_ffn=0 cache_take_fail_up=0 cache_take_fail_gate=0 recv_up_sum_abs=0.000000e+00 recv_up_max_abs=0.000000e+00 recv_up_zero=0 recv_gate_sum_abs=0.000000e+00 recv_gate_max_abs=0.000000e+00 recv_gate_zero=0 recv_down_sum_abs=0.000000e+00 recv_down_max_abs=0.000000e+00 recv_down_zero=0 recv_other_sum_abs=0.000000e+00 recv_other_max_abs=0.000000e+00 recv_other_zero=0 recv_ffn_sum_abs=0.000000e+00 recv_ffn_max_abs=0.000000e+00 recv_ffn_zero=0
SUCCEED (one forward pass done)"
4c_balanced_high,0,scheduler,all_0.5,4,"60,61,62,63","20,40,60,80",ok,21.8943,45.674,1.037743091583252,"llama_context: graph splits = 1
attach_threadpool: call
threads: decode=4 batch=4
prompt tokens: 4
running one forward pass (llama_decode) ...
Top-5 next-token candidates:
  id=11 logit=15.272 piece="",""
  id=12 logit=14.9123 piece=""-""
  id=51730 logit=14.8613 piece="" Ri""
  id=6216 logit=14.8165 piece="" ir""
  id=472 logit=14.5534 piece="" H""
Autoregressive generation:
Generated text: ,
Decode-only throughput: 21.8943 tokens/s (1 tokens in 0.045674 s of llama_decode)
End-to-end throughput: 21.7458 tokens/s (1 tokens in 0.045986 s)
[decode-stage-profile] model_load=384.361 ms context_create=60.7548 ms tokenize=0.461117 ms prefill_decode=349.811 ms generation_decode=45.674 ms generation_total=45.986 ms program_total=858.299 ms
[svd-local-op-profile] up_ops=56 gate_ops=56 down_ops=56 up_total=32.556 ms gate_total=32.320 ms down_total=20.788 ms up_v=4.130 ms gate_v=3.785 ms down_v=15.627 ms up_u=28.421 ms gate_u=28.530 ms down_u=5.152 ms
[svd-local-stage-profile] attention_total=54.886 ms ffn_total=87.163 ms ffn_svd_total=85.664 ms ffn_svd_v=23.542 ms ffn_svd_u=62.103 ms
[svd-offload-zero-profile] up_finish=0 up_cache=0 up_no_request=27 gate_finish=0 gate_cache=0 gate_no_request=27 down_finish=0 down_cache=0 down_no_request=27 other_finish=0 other_cache=0 other_no_request=0
[svd-local-timeout-profile] up_keep=0 up_drop=0 up_wait=0.000 ms gate_keep=0 gate_drop=0 gate_wait=0.000 ms down_keep=0 down_drop=0 down_wait=0.000 ms other_keep=0 other_drop=0 other_wait=0.000 ms
[svd-offload-client] up_gate_req=0 down_req=0 other_mat_req=0 ffn_req=0 gate_cache_hits=0 gate_cache_checks=0 miss_invalid=0 miss_layer=0 miss_rank=0 miss_hash=0 miss_output=0 miss_data=0 send_up_gate=0.000 ms send_down=0.000 ms send_other=0.000 ms send_ffn=0.000 ms wait_up_gate=0.000 ms wait_down=0.000 ms wait_other=0.000 ms wait_ffn=0.000 ms
[svd-offload-client-stage-profile] rpc_send_total=0.000 ms rpc_wait_total=0.000 ms
[svd-offload-client-debug] finish_fail_up_gate=0 finish_fail_down=0 finish_fail_other=0 finish_fail_ffn=0 cache_take_fail_up=0 cache_take_fail_gate=0 recv_up_sum_abs=0.000000e+00 recv_up_max_abs=0.000000e+00 recv_up_zero=0 recv_gate_sum_abs=0.000000e+00 recv_gate_max_abs=0.000000e+00 recv_gate_zero=0 recv_down_sum_abs=0.000000e+00 recv_down_max_abs=0.000000e+00 recv_down_zero=0 recv_other_sum_abs=0.000000e+00 recv_other_max_abs=0.000000e+00 recv_other_zero=0 recv_ffn_sum_abs=0.000000e+00 recv_ffn_max_abs=0.000000e+00 recv_ffn_zero=0
SUCCEED (one forward pass done)"
4c_balanced_high,1,baseline,all_0.5,4,"60,61,62,63","20,40,60,80",ok,17.9551,55.6946,0.8686413764953613,"llama_context: graph splits = 1
attach_threadpool: call
threads: decode=4 batch=4
prompt tokens: 4
running one forward pass (llama_decode) ...
Top-5 next-token candidates:
  id=11 logit=20.2053 piece="",""
  id=304 logit=18.9277 piece="" in""
  id=3837 logit=18.7558 piece=""，""
  id=1052 logit=18.5616 piece="" there""
  id=358 logit=17.8374 piece="" I""
Autoregressive generation:
Generated text: ,
Decode-only throughput: 17.9551 tokens/s (1 tokens in 0.0556946 s of llama_decode)
End-to-end throughput: 17.8549 tokens/s (1 tokens in 0.0560072 s)
[decode-stage-profile] model_load=455.192 ms context_create=60.3067 ms tokenize=0.4617 ms prefill_decode=114.048 ms generation_decode=55.6946 ms generation_total=56.0072 ms program_total=703.058 ms
[svd-local-op-profile] up_ops=56 gate_ops=56 down_ops=56 up_total=47.162 ms gate_total=47.762 ms down_total=39.744 ms up_v=7.103 ms gate_v=6.867 ms down_v=32.797 ms up_u=40.054 ms gate_u=40.884 ms down_u=6.945 ms
[svd-local-stage-profile] attention_total=1.464 ms ffn_total=135.996 ms ffn_svd_total=134.668 ms ffn_svd_v=46.767 ms ffn_svd_u=87.883 ms
[svd-offload-zero-profile] up_finish=0 up_cache=0 up_no_request=27 gate_finish=0 gate_cache=0 gate_no_request=27 down_finish=0 down_cache=0 down_no_request=27 other_finish=0 other_cache=0 other_no_request=0
[svd-local-timeout-profile] up_keep=0 up_drop=0 up_wait=0.000 ms gate_keep=0 gate_drop=0 gate_wait=0.000 ms down_keep=0 down_drop=0 down_wait=0.000 ms other_keep=0 other_drop=0 other_wait=0.000 ms
[svd-offload-client] up_gate_req=0 down_req=0 other_mat_req=0 ffn_req=0 gate_cache_hits=0 gate_cache_checks=0 miss_invalid=0 miss_layer=0 miss_rank=0 miss_hash=0 miss_output=0 miss_data=0 send_up_gate=0.000 ms send_down=0.000 ms send_other=0.000 ms send_ffn=0.000 ms wait_up_gate=0.000 ms wait_down=0.000 ms wait_other=0.000 ms wait_ffn=0.000 ms
[svd-offload-client-stage-profile] rpc_send_total=0.000 ms rpc_wait_total=0.000 ms
[svd-offload-client-debug] finish_fail_up_gate=0 finish_fail_down=0 finish_fail_other=0 finish_fail_ffn=0 cache_take_fail_up=0 cache_take_fail_gate=0 recv_up_sum_abs=0.000000e+00 recv_up_max_abs=0.000000e+00 recv_up_zero=0 recv_gate_sum_abs=0.000000e+00 recv_gate_max_abs=0.000000e+00 recv_gate_zero=0 recv_down_sum_abs=0.000000e+00 recv_down_max_abs=0.000000e+00 recv_down_zero=0 recv_other_sum_abs=0.000000e+00 recv_other_max_abs=0.000000e+00 recv_other_zero=0 recv_ffn_sum_abs=0.000000e+00 recv_ffn_max_abs=0.000000e+00 recv_ffn_zero=0
SUCCEED (one forward pass done)"
4c_balanced_high,1,scheduler,all_0.5,4,"60,61,62,63","20,40,60,80",ok,21.8974,45.6675,1.1460669040679932,"llama_context: graph splits = 1
attach_threadpool: call
threads: decode=4 batch=4
prompt tokens: 4
running one forward pass (llama_decode) ...
Top-5 next-token candidates:
  id=11 logit=15.272 piece="",""
  id=12 logit=14.9123 piece=""-""
  id=51730 logit=14.8613 piece="" Ri""
  id=6216 logit=14.8165 piece="" ir""
  id=472 logit=14.5534 piece="" H""
Autoregressive generation:
Generated text: ,
Decode-only throughput: 21.8974 tokens/s (1 tokens in 0.0456675 s of llama_decode)
End-to-end throughput: 21.7479 tokens/s (1 tokens in 0.0459814 s)
[decode-stage-profile] model_load=386.568 ms context_create=57.3596 ms tokenize=0.467184 ms prefill_decode=491.532 ms generation_decode=45.6675 ms generation_total=45.9814 ms program_total=998.645 ms
[svd-local-op-profile] up_ops=56 gate_ops=56 down_ops=56 up_total=43.214 ms gate_total=31.891 ms down_total=42.438 ms up_v=4.395 ms gate_v=3.841 ms down_v=23.312 ms up_u=38.816 ms gate_u=28.046 ms down_u=19.119 ms
[svd-local-stage-profile] attention_total=105.426 ms ffn_total=132.778 ms ffn_svd_total=117.543 ms ffn_svd_v=31.548 ms ffn_svd_u=85.981 ms
[svd-offload-zero-profile] up_finish=0 up_cache=0 up_no_request=27 gate_finish=0 gate_cache=0 gate_no_request=27 down_finish=0 down_cache=0 down_no_request=27 other_finish=0 other_cache=0 other_no_request=0
[svd-local-timeout-profile] up_keep=0 up_drop=0 up_wait=0.000 ms gate_keep=0 gate_drop=0 gate_wait=0.000 ms down_keep=0 down_drop=0 down_wait=0.000 ms other_keep=0 other_drop=0 other_wait=0.000 ms
[svd-offload-client] up_gate_req=0 down_req=0 other_mat_req=0 ffn_req=0 gate_cache_hits=0 gate_cache_checks=0 miss_invalid=0 miss_layer=0 miss_rank=0 miss_hash=0 miss_output=0 miss_data=0 send_up_gate=0.000 ms send_down=0.000 ms send_other=0.000 ms send_ffn=0.000 ms wait_up_gate=0.000 ms wait_down=0.000 ms wait_other=0.000 ms wait_ffn=0.000 ms
[svd-offload-client-stage-profile] rpc_send_total=0.000 ms rpc_wait_total=0.000 ms
[svd-offload-client-debug] finish_fail_up_gate=0 finish_fail_down=0 finish_fail_other=0 finish_fail_ffn=0 cache_take_fail_up=0 cache_take_fail_gate=0 recv_up_sum_abs=0.000000e+00 recv_up_max_abs=0.000000e+00 recv_up_zero=0 recv_gate_sum_abs=0.000000e+00 recv_gate_max_abs=0.000000e+00 recv_gate_zero=0 recv_down_sum_abs=0.000000e+00 recv_down_max_abs=0.000000e+00 recv_down_zero=0 recv_other_sum_abs=0.000000e+00 recv_other_max_abs=0.000000e+00 recv_other_zero=0 recv_ffn_sum_abs=0.000000e+00 recv_ffn_max_abs=0.000000e+00 recv_ffn_zero=0
SUCCEED (one forward pass done)"
4c_balanced_high,2,baseline,all_0.5,4,"60,61,62,63","20,40,60,80",ok,17.7694,56.2764,0.8791763782501221,"llama_context: graph splits = 1
attach_threadpool: call
threads: decode=4 batch=4
prompt tokens: 4
running one forward pass (llama_decode) ...
Top-5 next-token candidates:
  id=11 logit=20.2053 piece="",""
  id=304 logit=18.9277 piece="" in""
  id=3837 logit=18.7558 piece=""，""
  id=1052 logit=18.5616 piece="" there""
  id=358 logit=17.8374 piece="" I""
Autoregressive generation:
Generated text: ,
Decode-only throughput: 17.7694 tokens/s (1 tokens in 0.0562764 s of llama_decode)
End-to-end throughput: 17.6711 tokens/s (1 tokens in 0.0565895 s)
[decode-stage-profile] model_load=469.49 ms context_create=66.7309 ms tokenize=0.468108 ms prefill_decode=108.152 ms generation_decode=56.2764 ms generation_total=56.5895 ms program_total=718.312 ms
[svd-local-op-profile] up_ops=56 gate_ops=56 down_ops=56 up_total=44.177 ms gate_total=43.858 ms down_total=36.639 ms up_v=7.301 ms gate_v=6.862 ms down_v=29.884 ms up_u=36.871 ms gate_u=36.985 ms down_u=6.750 ms
[svd-local-stage-profile] attention_total=1.430 ms ffn_total=126.012 ms ffn_svd_total=124.674 ms ffn_svd_v=44.047 ms ffn_svd_u=80.606 ms
[svd-offload-zero-profile] up_finish=0 up_cache=0 up_no_request=27 gate_finish=0 gate_cache=0 gate_no_request=27 down_finish=0 down_cache=0 down_no_request=27 other_finish=0 other_cache=0 other_no_request=0
[svd-local-timeout-profile] up_keep=0 up_drop=0 up_wait=0.000 ms gate_keep=0 gate_drop=0 gate_wait=0.000 ms down_keep=0 down_drop=0 down_wait=0.000 ms other_keep=0 other_drop=0 other_wait=0.000 ms
[svd-offload-client] up_gate_req=0 down_req=0 other_mat_req=0 ffn_req=0 gate_cache_hits=0 gate_cache_checks=0 miss_invalid=0 miss_layer=0 miss_rank=0 miss_hash=0 miss_output=0 miss_data=0 send_up_gate=0.000 ms send_down=0.000 ms send_other=0.000 ms send_ffn=0.000 ms wait_up_gate=0.000 ms wait_down=0.000 ms wait_other=0.000 ms wait_ffn=0.000 ms
[svd-offload-client-stage-profile] rpc_send_total=0.000 ms rpc_wait_total=0.000 ms
[svd-offload-client-debug] finish_fail_up_gate=0 finish_fail_down=0 finish_fail_other=0 finish_fail_ffn=0 cache_take_fail_up=0 cache_take_fail_gate=0 recv_up_sum_abs=0.000000e+00 recv_up_max_abs=0.000000e+00 recv_up_zero=0 recv_gate_sum_abs=0.000000e+00 recv_gate_max_abs=0.000000e+00 recv_gate_zero=0 recv_down_sum_abs=0.000000e+00 recv_down_max_abs=0.000000e+00 recv_down_zero=0 recv_other_sum_abs=0.000000e+00 recv_other_max_abs=0.000000e+00 recv_other_zero=0 recv_ffn_sum_abs=0.000000e+00 recv_ffn_max_abs=0.000000e+00 recv_ffn_zero=0
SUCCEED (one forward pass done)"
4c_balanced_high,2,scheduler,all_0.5,4,"60,61,62,63","20,40,60,80",ok,20.591,48.5649,1.0283000469207764,"llama_context: graph splits = 1
attach_threadpool: call
threads: decode=4 batch=4
prompt tokens: 4
running one forward pass (llama_decode) ...
Top-5 next-token candidates:
  id=11 logit=15.272 piece="",""
  id=12 logit=14.9123 piece=""-""
  id=51730 logit=14.8613 piece="" Ri""
  id=6216 logit=14.8165 piece="" ir""
  id=472 logit=14.5534 piece="" H""
Autoregressive generation:
Generated text: ,
Decode-only throughput: 20.591 tokens/s (1 tokens in 0.0485649 s of llama_decode)
End-to-end throughput: 20.4594 tokens/s (1 tokens in 0.0488772 s)
[decode-stage-profile] model_load=381.88 ms context_create=58.2082 ms tokenize=0.464359 ms prefill_decode=372.381 ms generation_decode=48.5649 ms generation_total=48.8772 ms program_total=878.471 ms
[svd-local-op-profile] up_ops=56 gate_ops=56 down_ops=56 up_total=34.149 ms gate_total=34.556 ms down_total=24.554 ms up_v=4.281 ms gate_v=3.824 ms down_v=19.352 ms up_u=29.861 ms gate_u=30.729 ms down_u=5.196 ms
[svd-local-stage-profile] attention_total=47.516 ms ffn_total=94.484 ms ffn_svd_total=93.259 ms ffn_svd_v=27.457 ms ffn_svd_u=65.786 ms
[svd-offload-zero-profile] up_finish=0 up_cache=0 up_no_request=27 gate_finish=0 gate_cache=0 gate_no_request=27 down_finish=0 down_cache=0 down_no_request=27 other_finish=0 other_cache=0 other_no_request=0
[svd-local-timeout-profile] up_keep=0 up_drop=0 up_wait=0.000 ms gate_keep=0 gate_drop=0 gate_wait=0.000 ms down_keep=0 down_drop=0 down_wait=0.000 ms other_keep=0 other_drop=0 other_wait=0.000 ms
[svd-offload-client] up_gate_req=0 down_req=0 other_mat_req=0 ffn_req=0 gate_cache_hits=0 gate_cache_checks=0 miss_invalid=0 miss_layer=0 miss_rank=0 miss_hash=0 miss_output=0 miss_data=0 send_up_gate=0.000 ms send_down=0.000 ms send_other=0.000 ms send_ffn=0.000 ms wait_up_gate=0.000 ms wait_down=0.000 ms wait_other=0.000 ms wait_ffn=0.000 ms
[svd-offload-client-stage-profile] rpc_send_total=0.000 ms rpc_wait_total=0.000 ms
[svd-offload-client-debug] finish_fail_up_gate=0 finish_fail_down=0 finish_fail_other=0 finish_fail_ffn=0 cache_take_fail_up=0 cache_take_fail_gate=0 recv_up_sum_abs=0.000000e+00 recv_up_max_abs=0.000000e+00 recv_up_zero=0 recv_gate_sum_abs=0.000000e+00 recv_gate_max_abs=0.000000e+00 recv_gate_zero=0 recv_down_sum_abs=0.000000e+00 recv_down_max_abs=0.000000e+00 recv_down_zero=0 recv_other_sum_abs=0.000000e+00 recv_other_max_abs=0.000000e+00 recv_other_zero=0 recv_ffn_sum_abs=0.000000e+00 recv_ffn_max_abs=0.000000e+00 recv_ffn_zero=0
SUCCEED (one forward pass done)"
4c_balanced_high,3,baseline,all_0.5,4,"60,61,62,63","20,40,60,80",ok,21.1402,47.3032,1.0071189403533936,"llama_context: graph splits = 1
attach_threadpool: call
threads: decode=4 batch=4
prompt tokens: 4
running one forward pass (llama_decode) ...
Top-5 next-token candidates:
  id=11 logit=20.2053 piece="",""
  id=304 logit=18.9277 piece="" in""
  id=3837 logit=18.7558 piece=""，""
  id=1052 logit=18.5616 piece="" there""
  id=358 logit=17.8374 piece="" I""
Autoregressive generation:
Generated text: ,
Decode-only throughput: 21.1402 tokens/s (1 tokens in 0.0473032 s of llama_decode)
End-to-end throughput: 20.9999 tokens/s (1 tokens in 0.0476192 s)
[decode-stage-profile] model_load=460.901 ms context_create=70.0925 ms tokenize=0.888615 ms prefill_decode=259.981 ms generation_decode=47.3032 ms generation_total=47.6192 ms program_total=855.999 ms
[svd-local-op-profile] up_ops=56 gate_ops=56 down_ops=56 up_total=41.638 ms gate_total=37.953 ms down_total=34.527 ms up_v=5.872 ms gate_v=5.966 ms down_v=24.403 ms up_u=35.761 ms gate_u=31.985 ms down_u=10.122 ms
[svd-local-stage-profile] attention_total=64.744 ms ffn_total=115.339 ms ffn_svd_total=114.118 ms ffn_svd_v=36.241 ms ffn_svd_u=77.868 ms
[svd-offload-zero-profile] up_finish=0 up_cache=0 up_no_request=27 gate_finish=0 gate_cache=0 gate_no_request=27 down_finish=0 down_cache=0 down_no_request=27 other_finish=0 other_cache=0 other_no_request=0
[svd-local-timeout-profile] up_keep=0 up_drop=0 up_wait=0.000 ms gate_keep=0 gate_drop=0 gate_wait=0.000 ms down_keep=0 down_drop=0 down_wait=0.000 ms other_keep=0 other_drop=0 other_wait=0.000 ms
[svd-offload-client] up_gate_req=0 down_req=0 other_mat_req=0 ffn_req=0 gate_cache_hits=0 gate_cache_checks=0 miss_invalid=0 miss_layer=0 miss_rank=0 miss_hash=0 miss_output=0 miss_data=0 send_up_gate=0.000 ms send_down=0.000 ms send_other=0.000 ms send_ffn=0.000 ms wait_up_gate=0.000 ms wait_down=0.000 ms wait_other=0.000 ms wait_ffn=0.000 ms
[svd-offload-client-stage-profile] rpc_send_total=0.000 ms rpc_wait_total=0.000 ms
[svd-offload-client-debug] finish_fail_up_gate=0 finish_fail_down=0 finish_fail_other=0 finish_fail_ffn=0 cache_take_fail_up=0 cache_take_fail_gate=0 recv_up_sum_abs=0.000000e+00 recv_up_max_abs=0.000000e+00 recv_up_zero=0 recv_gate_sum_abs=0.000000e+00 recv_gate_max_abs=0.000000e+00 recv_gate_zero=0 recv_down_sum_abs=0.000000e+00 recv_down_max_abs=0.000000e+00 recv_down_zero=0 recv_other_sum_abs=0.000000e+00 recv_other_max_abs=0.000000e+00 recv_other_zero=0 recv_ffn_sum_abs=0.000000e+00 recv_ffn_max_abs=0.000000e+00 recv_ffn_zero=0
SUCCEED (one forward pass done)"
4c_balanced_high,3,scheduler,all_0.5,4,"60,61,62,63","20,40,60,80",ok,20.4072,49.0024,0.9015648365020752,"llama_context: graph splits = 1
attach_threadpool: call
threads: decode=4 batch=4
prompt tokens: 4
running one forward pass (llama_decode) ...
Top-5 next-token candidates:
  id=11 logit=15.272 piece="",""
  id=12 logit=14.9123 piece=""-""
  id=51730 logit=14.8613 piece="" Ri""
  id=6216 logit=14.8165 piece="" ir""
  id=472 logit=14.5534 piece="" H""
Autoregressive generation:
Generated text: ,
Decode-only throughput: 20.4072 tokens/s (1 tokens in 0.0490024 s of llama_decode)
End-to-end throughput: 20.2777 tokens/s (1 tokens in 0.0493153 s)
[decode-stage-profile] model_load=410.646 ms context_create=59.938 ms tokenize=0.465639 ms prefill_decode=207.815 ms generation_decode=49.0024 ms generation_total=49.3153 ms program_total=744.963 ms
[svd-local-op-profile] up_ops=56 gate_ops=56 down_ops=56 up_total=32.940 ms gate_total=31.941 ms down_total=24.878 ms up_v=4.412 ms gate_v=3.822 ms down_v=19.605 ms up_u=28.519 ms gate_u=28.116 ms down_u=5.267 ms
[svd-local-stage-profile] attention_total=45.407 ms ffn_total=90.972 ms ffn_svd_total=89.759 ms ffn_svd_v=27.839 ms ffn_svd_u=61.902 ms
[svd-offload-zero-profile] up_finish=0 up_cache=0 up_no_request=27 gate_finish=0 gate_cache=0 gate_no_request=27 down_finish=0 down_cache=0 down_no_request=27 other_finish=0 other_cache=0 other_no_request=0
[svd-local-timeout-profile] up_keep=0 up_drop=0 up_wait=0.000 ms gate_keep=0 gate_drop=0 gate_wait=0.000 ms down_keep=0 down_drop=0 down_wait=0.000 ms other_keep=0 other_drop=0 other_wait=0.000 ms
[svd-offload-client] up_gate_req=0 down_req=0 other_mat_req=0 ffn_req=0 gate_cache_hits=0 gate_cache_checks=0 miss_invalid=0 miss_layer=0 miss_rank=0 miss_hash=0 miss_output=0 miss_data=0 send_up_gate=0.000 ms send_down=0.000 ms send_other=0.000 ms send_ffn=0.000 ms wait_up_gate=0.000 ms wait_down=0.000 ms wait_other=0.000 ms wait_ffn=0.000 ms
[svd-offload-client-stage-profile] rpc_send_total=0.000 ms rpc_wait_total=0.000 ms
[svd-offload-client-debug] finish_fail_up_gate=0 finish_fail_down=0 finish_fail_other=0 finish_fail_ffn=0 cache_take_fail_up=0 cache_take_fail_gate=0 recv_up_sum_abs=0.000000e+00 recv_up_max_abs=0.000000e+00 recv_up_zero=0 recv_gate_sum_abs=0.000000e+00 recv_gate_max_abs=0.000000e+00 recv_gate_zero=0 recv_down_sum_abs=0.000000e+00 recv_down_max_abs=0.000000e+00 recv_down_zero=0 recv_other_sum_abs=0.000000e+00 recv_other_max_abs=0.000000e+00 recv_other_zero=0 recv_ffn_sum_abs=0.000000e+00 recv_ffn_max_abs=0.000000e+00 recv_ffn_zero=0
SUCCEED (one forward pass done)"
4c_balanced_high,4,baseline,all_0.5,4,"60,61,62,63","20,40,60,80",ok,18.0481,55.4073,1.1918587684631348,"llama_context: graph splits = 1
attach_threadpool: call
threads: decode=4 batch=4
prompt tokens: 4
running one forward pass (llama_decode) ...
Top-5 next-token candidates:
  id=11 logit=20.2053 piece="",""
  id=304 logit=18.9277 piece="" in""
  id=3837 logit=18.7558 piece=""，""
  id=1052 logit=18.5616 piece="" there""
  id=358 logit=17.8374 piece="" I""
Autoregressive generation:
Generated text: ,
Decode-only throughput: 18.0481 tokens/s (1 tokens in 0.0554073 s of llama_decode)
End-to-end throughput: 17.9446 tokens/s (1 tokens in 0.0557271 s)
[decode-stage-profile] model_load=377.493 ms context_create=56.3716 ms tokenize=0.481991 ms prefill_decode=531.772 ms generation_decode=55.4073 ms generation_total=55.7271 ms program_total=1038.52 ms
[svd-local-op-profile] up_ops=56 gate_ops=56 down_ops=56 up_total=66.711 ms gate_total=75.829 ms down_total=58.273 ms up_v=14.097 ms gate_v=14.215 ms down_v=36.863 ms up_u=52.608 ms gate_u=61.604 ms down_u=21.409 ms
[svd-local-stage-profile] attention_total=59.690 ms ffn_total=235.374 ms ffn_svd_total=200.813 ms ffn_svd_v=65.175 ms ffn_svd_u=135.621 ms
[svd-offload-zero-profile] up_finish=0 up_cache=0 up_no_request=27 gate_finish=0 gate_cache=0 gate_no_request=27 down_finish=0 down_cache=0 down_no_request=27 other_finish=0 other_cache=0 other_no_request=0
[svd-local-timeout-profile] up_keep=0 up_drop=0 up_wait=0.000 ms gate_keep=0 gate_drop=0 gate_wait=0.000 ms down_keep=0 down_drop=0 down_wait=0.000 ms other_keep=0 other_drop=0 other_wait=0.000 ms
[svd-offload-client] up_gate_req=0 down_req=0 other_mat_req=0 ffn_req=0 gate_cache_hits=0 gate_cache_checks=0 miss_invalid=0 miss_layer=0 miss_rank=0 miss_hash=0 miss_output=0 miss_data=0 send_up_gate=0.000 ms send_down=0.000 ms send_other=0.000 ms send_ffn=0.000 ms wait_up_gate=0.000 ms wait_down=0.000 ms wait_other=0.000 ms wait_ffn=0.000 ms
[svd-offload-client-stage-profile] rpc_send_total=0.000 ms rpc_wait_total=0.000 ms
[svd-offload-client-debug] finish_fail_up_gate=0 finish_fail_down=0 finish_fail_other=0 finish_fail_ffn=0 cache_take_fail_up=0 cache_take_fail_gate=0 recv_up_sum_abs=0.000000e+00 recv_up_max_abs=0.000000e+00 recv_up_zero=0 recv_gate_sum_abs=0.000000e+00 recv_gate_max_abs=0.000000e+00 recv_gate_zero=0 recv_down_sum_abs=0.000000e+00 recv_down_max_abs=0.000000e+00 recv_down_zero=0 recv_other_sum_abs=0.000000e+00 recv_other_max_abs=0.000000e+00 recv_other_zero=0 recv_ffn_sum_abs=0.000000e+00 recv_ffn_max_abs=0.000000e+00 recv_ffn_zero=0
SUCCEED (one forward pass done)"
4c_balanced_high,4,scheduler,all_0.5,4,"60,61,62,63","20,40,60,80",ok,22.3909,44.661,0.7278318405151367,"llama_context: graph splits = 1
attach_threadpool: call
threads: decode=4 batch=4
prompt tokens: 4
running one forward pass (llama_decode) ...
Top-5 next-token candidates:
  id=11 logit=15.272 piece="",""
  id=12 logit=14.9123 piece=""-""
  id=51730 logit=14.8613 piece="" Ri""
  id=6216 logit=14.8165 piece="" ir""
  id=472 logit=14.5534 piece="" H""
Autoregressive generation:
Generated text: ,
Decode-only throughput: 22.3909 tokens/s (1 tokens in 0.044661 s of llama_decode)
End-to-end throughput: 22.2387 tokens/s (1 tokens in 0.0449666 s)
[decode-stage-profile] model_load=387.153 ms context_create=57.9361 ms tokenize=0.464914 ms prefill_decode=64.1714 ms generation_decode=44.661 ms generation_total=44.9666 ms program_total=571.206 ms
[svd-local-op-profile] up_ops=56 gate_ops=56 down_ops=56 up_total=29.830 ms gate_total=25.476 ms down_total=16.202 ms up_v=3.252 ms gate_v=3.242 ms down_v=12.004 ms up_u=26.570 ms gate_u=22.221 ms down_u=4.191 ms
[svd-local-stage-profile] attention_total=1.294 ms ffn_total=72.641 ms ffn_svd_total=71.508 ms ffn_svd_v=18.498 ms ffn_svd_u=52.982 ms
[svd-offload-zero-profile] up_finish=0 up_cache=0 up_no_request=27 gate_finish=0 gate_cache=0 gate_no_request=27 down_finish=0 down_cache=0 down_no_request=27 other_finish=0 other_cache=0 other_no_request=0
[svd-local-timeout-profile] up_keep=0 up_drop=0 up_wait=0.000 ms gate_keep=0 gate_drop=0 gate_wait=0.000 ms down_keep=0 down_drop=0 down_wait=0.000 ms other_keep=0 other_drop=0 other_wait=0.000 ms
[svd-offload-client] up_gate_req=0 down_req=0 other_mat_req=0 ffn_req=0 gate_cache_hits=0 gate_cache_checks=0 miss_invalid=0 miss_layer=0 miss_rank=0 miss_hash=0 miss_output=0 miss_data=0 send_up_gate=0.000 ms send_down=0.000 ms send_other=0.000 ms send_ffn=0.000 ms wait_up_gate=0.000 ms wait_down=0.000 ms wait_other=0.000 ms wait_ffn=0.000 ms
[svd-offload-client-stage-profile] rpc_send_total=0.000 ms rpc_wait_total=0.000 ms
[svd-offload-client-debug] finish_fail_up_gate=0 finish_fail_down=0 finish_fail_other=0 finish_fail_ffn=0 cache_take_fail_up=0 cache_take_fail_gate=0 recv_up_sum_abs=0.000000e+00 recv_up_max_abs=0.000000e+00 recv_up_zero=0 recv_gate_sum_abs=0.000000e+00 recv_gate_max_abs=0.000000e+00 recv_gate_zero=0 recv_down_sum_abs=0.000000e+00 recv_down_max_abs=0.000000e+00 recv_down_zero=0 recv_other_sum_abs=0.000000e+00 recv_other_max_abs=0.000000e+00 recv_other_zero=0 recv_ffn_sum_abs=0.000000e+00 recv_ffn_max_abs=0.000000e+00 recv_ffn_zero=0
SUCCEED (one forward pass done)"
4c_balanced_high,5,baseline,all_0.5,4,"60,61,62,63","20,40,60,80",ok,19.3709,51.6238,0.8959000110626221,"llama_context: graph splits = 1
attach_threadpool: call
threads: decode=4 batch=4
prompt tokens: 4
running one forward pass (llama_decode) ...
Top-5 next-token candidates:
  id=11 logit=20.2053 piece="",""
  id=304 logit=18.9277 piece="" in""
  id=3837 logit=18.7558 piece=""，""
  id=1052 logit=18.5616 piece="" there""
  id=358 logit=17.8374 piece="" I""
Autoregressive generation:
Generated text: ,
Decode-only throughput: 19.3709 tokens/s (1 tokens in 0.0516238 s of llama_decode)
End-to-end throughput: 19.2554 tokens/s (1 tokens in 0.0519334 s)
[decode-stage-profile] model_load=422.202 ms context_create=59.8387 ms tokenize=0.458799 ms prefill_decode=189.301 ms generation_decode=51.6238 ms generation_total=51.9334 ms program_total=740.963 ms
[svd-local-op-profile] up_ops=56 gate_ops=56 down_ops=56 up_total=34.458 ms gate_total=38.810 ms down_total=32.964 ms up_v=5.579 ms gate_v=5.637 ms down_v=26.305 ms up_u=28.872 ms gate_u=33.167 ms down_u=6.656 ms
[svd-local-stage-profile] attention_total=53.320 ms ffn_total=107.460 ms ffn_svd_total=106.232 ms ffn_svd_v=37.521 ms ffn_svd_u=68.695 ms
[svd-offload-zero-profile] up_finish=0 up_cache=0 up_no_request=27 gate_finish=0 gate_cache=0 gate_no_request=27 down_finish=0 down_cache=0 down_no_request=27 other_finish=0 other_cache=0 other_no_request=0
[svd-local-timeout-profile] up_keep=0 up_drop=0 up_wait=0.000 ms gate_keep=0 gate_drop=0 gate_wait=0.000 ms down_keep=0 down_drop=0 down_wait=0.000 ms other_keep=0 other_drop=0 other_wait=0.000 ms
[svd-offload-client] up_gate_req=0 down_req=0 other_mat_req=0 ffn_req=0 gate_cache_hits=0 gate_cache_checks=0 miss_invalid=0 miss_layer=0 miss_rank=0 miss_hash=0 miss_output=0 miss_data=0 send_up_gate=0.000 ms send_down=0.000 ms send_other=0.000 ms send_ffn=0.000 ms wait_up_gate=0.000 ms wait_down=0.000 ms wait_other=0.000 ms wait_ffn=0.000 ms
[svd-offload-client-stage-profile] rpc_send_total=0.000 ms rpc_wait_total=0.000 ms
[svd-offload-client-debug] finish_fail_up_gate=0 finish_fail_down=0 finish_fail_other=0 finish_fail_ffn=0 cache_take_fail_up=0 cache_take_fail_gate=0 recv_up_sum_abs=0.000000e+00 recv_up_max_abs=0.000000e+00 recv_up_zero=0 recv_gate_sum_abs=0.000000e+00 recv_gate_max_abs=0.000000e+00 recv_gate_zero=0 recv_down_sum_abs=0.000000e+00 recv_down_max_abs=0.000000e+00 recv_down_zero=0 recv_other_sum_abs=0.000000e+00 recv_other_max_abs=0.000000e+00 recv_other_zero=0 recv_ffn_sum_abs=0.000000e+00 recv_ffn_max_abs=0.000000e+00 recv_ffn_zero=0
SUCCEED (one forward pass done)"
4c_balanced_high,5,scheduler,all_0.5,4,"60,61,62,63","20,40,60,80",ok,24.2839,41.1795,0.9042928218841553,"llama_context: graph splits = 1
attach_threadpool: call
threads: decode=4 batch=4
prompt tokens: 4
running one forward pass (llama_decode) ...
Top-5 next-token candidates:
  id=11 logit=15.272 piece="",""
  id=12 logit=14.9123 piece=""-""
  id=51730 logit=14.8613 piece="" Ri""
  id=6216 logit=14.8165 piece="" ir""
  id=472 logit=14.5534 piece="" H""
Autoregressive generation:
Generated text: ,
Decode-only throughput: 24.2839 tokens/s (1 tokens in 0.0411795 s of llama_decode)
End-to-end throughput: 24.1027 tokens/s (1 tokens in 0.0414892 s)
[decode-stage-profile] model_load=387.114 ms context_create=57.1639 ms tokenize=0.452364 ms prefill_decode=253.744 ms generation_decode=41.1795 ms generation_total=41.4892 ms program_total=756.797 ms
[svd-local-op-profile] up_ops=56 gate_ops=56 down_ops=56 up_total=38.852 ms gate_total=31.280 ms down_total=19.907 ms up_v=4.238 ms gate_v=3.804 ms down_v=14.689 ms up_u=34.610 ms gate_u=27.471 ms down_u=5.211 ms
[svd-local-stage-profile] attention_total=58.051 ms ffn_total=91.285 ms ffn_svd_total=90.039 ms ffn_svd_v=22.731 ms ffn_svd_u=67.292 ms
[svd-offload-zero-profile] up_finish=0 up_cache=0 up_no_request=27 gate_finish=0 gate_cache=0 gate_no_request=27 down_finish=0 down_cache=0 down_no_request=27 other_finish=0 other_cache=0 other_no_request=0
[svd-local-timeout-profile] up_keep=0 up_drop=0 up_wait=0.000 ms gate_keep=0 gate_drop=0 gate_wait=0.000 ms down_keep=0 down_drop=0 down_wait=0.000 ms other_keep=0 other_drop=0 other_wait=0.000 ms
[svd-offload-client] up_gate_req=0 down_req=0 other_mat_req=0 ffn_req=0 gate_cache_hits=0 gate_cache_checks=0 miss_invalid=0 miss_layer=0 miss_rank=0 miss_hash=0 miss_output=0 miss_data=0 send_up_gate=0.000 ms send_down=0.000 ms send_other=0.000 ms send_ffn=0.000 ms wait_up_gate=0.000 ms wait_down=0.000 ms wait_other=0.000 ms wait_ffn=0.000 ms
[svd-offload-client-stage-profile] rpc_send_total=0.000 ms rpc_wait_total=0.000 ms
[svd-offload-client-debug] finish_fail_up_gate=0 finish_fail_down=0 finish_fail_other=0 finish_fail_ffn=0 cache_take_fail_up=0 cache_take_fail_gate=0 recv_up_sum_abs=0.000000e+00 recv_up_max_abs=0.000000e+00 recv_up_zero=0 recv_gate_sum_abs=0.000000e+00 recv_gate_max_abs=0.000000e+00 recv_gate_zero=0 recv_down_sum_abs=0.000000e+00 recv_down_max_abs=0.000000e+00 recv_down_zero=0 recv_other_sum_abs=0.000000e+00 recv_other_max_abs=0.000000e+00 recv_other_zero=0 recv_ffn_sum_abs=0.000000e+00 recv_ffn_max_abs=0.000000e+00 recv_ffn_zero=0
SUCCEED (one forward pass done)"
4c_balanced_high,6,baseline,all_0.5,4,"60,61,62,63","20,40,60,80",ok,17.2021,58.1325,1.346691608428955,"llama_context: graph splits = 1
attach_threadpool: call
threads: decode=4 batch=4
prompt tokens: 4
running one forward pass (llama_decode) ...
Top-5 next-token candidates:
  id=11 logit=20.2053 piece="",""
  id=304 logit=18.9277 piece="" in""
  id=3837 logit=18.7558 piece=""，""
  id=1052 logit=18.5616 piece="" there""
  id=358 logit=17.8374 piece="" I""
Autoregressive generation:
Generated text: ,
Decode-only throughput: 17.2021 tokens/s (1 tokens in 0.0581325 s of llama_decode)
End-to-end throughput: 17.1035 tokens/s (1 tokens in 0.0584677 s)
[decode-stage-profile] model_load=451.765 ms context_create=56.6434 ms tokenize=0.479 ms prefill_decode=565.569 ms generation_decode=58.1325 ms generation_total=58.4677 ms program_total=1149.62 ms
[svd-local-op-profile] up_ops=56 gate_ops=56 down_ops=56 up_total=64.004 ms gate_total=63.023 ms down_total=59.075 ms up_v=13.382 ms gate_v=13.838 ms down_v=35.226 ms up_u=50.616 ms gate_u=49.177 ms down_u=23.843 ms
[svd-local-stage-profile] attention_total=77.036 ms ffn_total=229.237 ms ffn_svd_total=186.102 ms ffn_svd_v=62.446 ms ffn_svd_u=123.636 ms
[svd-offload-zero-profile] up_finish=0 up_cache=0 up_no_request=27 gate_finish=0 gate_cache=0 gate_no_request=27 down_finish=0 down_cache=0 down_no_request=27 other_finish=0 other_cache=0 other_no_request=0
[svd-local-timeout-profile] up_keep=0 up_drop=0 up_wait=0.000 ms gate_keep=0 gate_drop=0 gate_wait=0.000 ms down_keep=0 down_drop=0 down_wait=0.000 ms other_keep=0 other_drop=0 other_wait=0.000 ms
[svd-offload-client] up_gate_req=0 down_req=0 other_mat_req=0 ffn_req=0 gate_cache_hits=0 gate_cache_checks=0 miss_invalid=0 miss_layer=0 miss_rank=0 miss_hash=0 miss_output=0 miss_data=0 send_up_gate=0.000 ms send_down=0.000 ms send_other=0.000 ms send_ffn=0.000 ms wait_up_gate=0.000 ms wait_down=0.000 ms wait_other=0.000 ms wait_ffn=0.000 ms
[svd-offload-client-stage-profile] rpc_send_total=0.000 ms rpc_wait_total=0.000 ms
[svd-offload-client-debug] finish_fail_up_gate=0 finish_fail_down=0 finish_fail_other=0 finish_fail_ffn=0 cache_take_fail_up=0 cache_take_fail_gate=0 recv_up_sum_abs=0.000000e+00 recv_up_max_abs=0.000000e+00 recv_up_zero=0 recv_gate_sum_abs=0.000000e+00 recv_gate_max_abs=0.000000e+00 recv_gate_zero=0 recv_down_sum_abs=0.000000e+00 recv_down_max_abs=0.000000e+00 recv_down_zero=0 recv_other_sum_abs=0.000000e+00 recv_other_max_abs=0.000000e+00 recv_other_zero=0 recv_ffn_sum_abs=0.000000e+00 recv_ffn_max_abs=0.000000e+00 recv_ffn_zero=0
SUCCEED (one forward pass done)"
4c_balanced_high,6,scheduler,all_0.5,4,"60,61,62,63","20,40,60,80",ok,22.2581,44.9275,1.0582716464996338,"llama_context: graph splits = 1
attach_threadpool: call
threads: decode=4 batch=4
prompt tokens: 4
running one forward pass (llama_decode) ...
Top-5 next-token candidates:
  id=11 logit=15.272 piece="",""
  id=12 logit=14.9123 piece=""-""
  id=51730 logit=14.8613 piece="" Ri""
  id=6216 logit=14.8165 piece="" ir""
  id=472 logit=14.5534 piece="" H""
Autoregressive generation:
Generated text: ,
Decode-only throughput: 22.2581 tokens/s (1 tokens in 0.0449275 s of llama_decode)
End-to-end throughput: 22.1008 tokens/s (1 tokens in 0.0452472 s)
[decode-stage-profile] model_load=388.923 ms context_create=68.4526 ms tokenize=0.471014 ms prefill_decode=386.176 ms generation_decode=44.9275 ms generation_total=45.2472 ms program_total=906.031 ms
[svd-local-op-profile] up_ops=56 gate_ops=56 down_ops=56 up_total=30.532 ms gate_total=32.669 ms down_total=19.212 ms up_v=3.963 ms gate_v=6.702 ms down_v=14.368 ms up_u=26.564 ms gate_u=25.954 ms down_u=4.837 ms
[svd-local-stage-profile] attention_total=104.783 ms ffn_total=83.661 ms ffn_svd_total=82.413 ms ffn_svd_v=25.033 ms ffn_svd_u=57.355 ms
[svd-offload-zero-profile] up_finish=0 up_cache=0 up_no_request=27 gate_finish=0 gate_cache=0 gate_no_request=27 down_finish=0 down_cache=0 down_no_request=27 other_finish=0 other_cache=0 other_no_request=0
[svd-local-timeout-profile] up_keep=0 up_drop=0 up_wait=0.000 ms gate_keep=0 gate_drop=0 gate_wait=0.000 ms down_keep=0 down_drop=0 down_wait=0.000 ms other_keep=0 other_drop=0 other_wait=0.000 ms
[svd-offload-client] up_gate_req=0 down_req=0 other_mat_req=0 ffn_req=0 gate_cache_hits=0 gate_cache_checks=0 miss_invalid=0 miss_layer=0 miss_rank=0 miss_hash=0 miss_output=0 miss_data=0 send_up_gate=0.000 ms send_down=0.000 ms send_other=0.000 ms send_ffn=0.000 ms wait_up_gate=0.000 ms wait_down=0.000 ms wait_other=0.000 ms wait_ffn=0.000 ms
[svd-offload-client-stage-profile] rpc_send_total=0.000 ms rpc_wait_total=0.000 ms
[svd-offload-client-debug] finish_fail_up_gate=0 finish_fail_down=0 finish_fail_other=0 finish_fail_ffn=0 cache_take_fail_up=0 cache_take_fail_gate=0 recv_up_sum_abs=0.000000e+00 recv_up_max_abs=0.000000e+00 recv_up_zero=0 recv_gate_sum_abs=0.000000e+00 recv_gate_max_abs=0.000000e+00 recv_gate_zero=0 recv_down_sum_abs=0.000000e+00 recv_down_max_abs=0.000000e+00 recv_down_zero=0 recv_other_sum_abs=0.000000e+00 recv_other_max_abs=0.000000e+00 recv_other_zero=0 recv_ffn_sum_abs=0.000000e+00 recv_ffn_max_abs=0.000000e+00 recv_ffn_zero=0
SUCCEED (one forward pass done)"
4c_balanced_high,7,baseline,all_0.5,4,"60,61,62,63","20,40,60,80",ok,2.48564,402.311,1.2657902240753174,"llama_context: graph splits = 1
attach_threadpool: call
threads: decode=4 batch=4
prompt tokens: 4
running one forward pass (llama_decode) ...
Top-5 next-token candidates:
  id=11 logit=20.2053 piece="",""
  id=304 logit=18.9277 piece="" in""
  id=3837 logit=18.7558 piece=""，""
  id=1052 logit=18.5616 piece="" there""
  id=358 logit=17.8374 piece="" I""
Autoregressive generation:
Generated text: ,
Decode-only throughput: 2.48564 tokens/s (1 tokens in 0.402311 s of llama_decode)
End-to-end throughput: 2.48365 tokens/s (1 tokens in 0.402633 s)
[decode-stage-profile] model_load=381.081 ms context_create=56.9681 ms tokenize=0.468265 ms prefill_decode=249.617 ms generation_decode=402.311 ms generation_total=402.633 ms program_total=1107.36 ms
[svd-local-op-profile] up_ops=56 gate_ops=56 down_ops=56 up_total=73.225 ms gate_total=60.447 ms down_total=57.983 ms up_v=21.447 ms gate_v=7.126 ms down_v=29.838 ms up_u=51.773 ms gate_u=53.317 ms down_u=28.139 ms
[svd-local-stage-profile] attention_total=137.063 ms ffn_total=280.996 ms ffn_svd_total=191.655 ms ffn_svd_v=58.411 ms ffn_svd_u=133.229 ms
[svd-offload-zero-profile] up_finish=0 up_cache=0 up_no_request=27 gate_finish=0 gate_cache=0 gate_no_request=27 down_finish=0 down_cache=0 down_no_request=27 other_finish=0 other_cache=0 other_no_request=0
[svd-local-timeout-profile] up_keep=0 up_drop=0 up_wait=0.000 ms gate_keep=0 gate_drop=0 gate_wait=0.000 ms down_keep=0 down_drop=0 down_wait=0.000 ms other_keep=0 other_drop=0 other_wait=0.000 ms
[svd-offload-client] up_gate_req=0 down_req=0 other_mat_req=0 ffn_req=0 gate_cache_hits=0 gate_cache_checks=0 miss_invalid=0 miss_layer=0 miss_rank=0 miss_hash=0 miss_output=0 miss_data=0 send_up_gate=0.000 ms send_down=0.000 ms send_other=0.000 ms send_ffn=0.000 ms wait_up_gate=0.000 ms wait_down=0.000 ms wait_other=0.000 ms wait_ffn=0.000 ms
[svd-offload-client-stage-profile] rpc_send_total=0.000 ms rpc_wait_total=0.000 ms
[svd-offload-client-debug] finish_fail_up_gate=0 finish_fail_down=0 finish_fail_other=0 finish_fail_ffn=0 cache_take_fail_up=0 cache_take_fail_gate=0 recv_up_sum_abs=0.000000e+00 recv_up_max_abs=0.000000e+00 recv_up_zero=0 recv_gate_sum_abs=0.000000e+00 recv_gate_max_abs=0.000000e+00 recv_gate_zero=0 recv_down_sum_abs=0.000000e+00 recv_down_max_abs=0.000000e+00 recv_down_zero=0 recv_other_sum_abs=0.000000e+00 recv_other_max_abs=0.000000e+00 recv_other_zero=0 recv_ffn_sum_abs=0.000000e+00 recv_ffn_max_abs=0.000000e+00 recv_ffn_zero=0
SUCCEED (one forward pass done)"
4c_balanced_high,7,scheduler,all_0.5,4,"60,61,62,63","20,40,60,80",ok,21.9898,45.4757,1.6274664402008057,"llama_context: graph splits = 1
attach_threadpool: call
threads: decode=4 batch=4
prompt tokens: 4
running one forward pass (llama_decode) ...
Top-5 next-token candidates:
  id=11 logit=15.272 piece="",""
  id=12 logit=14.9123 piece=""-""
  id=51730 logit=14.8613 piece="" Ri""
  id=6216 logit=14.8165 piece="" ir""
  id=472 logit=14.5534 piece="" H""
Autoregressive generation:
Generated text: ,
Decode-only throughput: 21.9898 tokens/s (1 tokens in 0.0454757 s of llama_decode)
End-to-end throughput: 21.8391 tokens/s (1 tokens in 0.0457894 s)
[decode-stage-profile] model_load=385.835 ms context_create=59.7882 ms tokenize=0.448572 ms prefill_decode=961.734 ms generation_decode=45.4757 ms generation_total=45.7894 ms program_total=1470.17 ms
[svd-local-op-profile] up_ops=56 gate_ops=56 down_ops=56 up_total=74.705 ms gate_total=60.538 ms down_total=62.226 ms up_v=20.286 ms gate_v=10.055 ms down_v=25.855 ms up_u=54.417 ms gate_u=50.479 ms down_u=36.366 ms
[svd-local-stage-profile] attention_total=145.536 ms ffn_total=251.885 ms ffn_svd_total=197.469 ms ffn_svd_v=56.196 ms ffn_svd_u=141.262 ms
[svd-offload-zero-profile] up_finish=0 up_cache=0 up_no_request=27 gate_finish=0 gate_cache=0 gate_no_request=27 down_finish=0 down_cache=0 down_no_request=27 other_finish=0 other_cache=0 other_no_request=0
[svd-local-timeout-profile] up_keep=0 up_drop=0 up_wait=0.000 ms gate_keep=0 gate_drop=0 gate_wait=0.000 ms down_keep=0 down_drop=0 down_wait=0.000 ms other_keep=0 other_drop=0 other_wait=0.000 ms
[svd-offload-client] up_gate_req=0 down_req=0 other_mat_req=0 ffn_req=0 gate_cache_hits=0 gate_cache_checks=0 miss_invalid=0 miss_layer=0 miss_rank=0 miss_hash=0 miss_output=0 miss_data=0 send_up_gate=0.000 ms send_down=0.000 ms send_other=0.000 ms send_ffn=0.000 ms wait_up_gate=0.000 ms wait_down=0.000 ms wait_other=0.000 ms wait_ffn=0.000 ms
[svd-offload-client-stage-profile] rpc_send_total=0.000 ms rpc_wait_total=0.000 ms
[svd-offload-client-debug] finish_fail_up_gate=0 finish_fail_down=0 finish_fail_other=0 finish_fail_ffn=0 cache_take_fail_up=0 cache_take_fail_gate=0 recv_up_sum_abs=0.000000e+00 recv_up_max_abs=0.000000e+00 recv_up_zero=0 recv_gate_sum_abs=0.000000e+00 recv_gate_max_abs=0.000000e+00 recv_gate_zero=0 recv_down_sum_abs=0.000000e+00 recv_down_max_abs=0.000000e+00 recv_down_zero=0 recv_other_sum_abs=0.000000e+00 recv_other_max_abs=0.000000e+00 recv_other_zero=0 recv_ffn_sum_abs=0.000000e+00 recv_ffn_max_abs=0.000000e+00 recv_ffn_zero=0
SUCCEED (one forward pass done)"
4c_balanced_high,8,baseline,all_0.5,4,"60,61,62,63","20,40,60,80",ok,17.4183,57.4109,0.9357233047485352,"llama_context: graph splits = 1
attach_threadpool: call
threads: decode=4 batch=4
prompt tokens: 4
running one forward pass (llama_decode) ...
Top-5 next-token candidates:
  id=11 logit=20.2053 piece="",""
  id=304 logit=18.9277 piece="" in""
  id=3837 logit=18.7558 piece=""，""
  id=1052 logit=18.5616 piece="" there""
  id=358 logit=17.8374 piece="" I""
Autoregressive generation:
Generated text: ,
Decode-only throughput: 17.4183 tokens/s (1 tokens in 0.0574109 s of llama_decode)
End-to-end throughput: 17.3256 tokens/s (1 tokens in 0.0577181 s)
[decode-stage-profile] model_load=380.977 ms context_create=56.521 ms tokenize=0.454056 ms prefill_decode=270.657 ms generation_decode=57.4109 ms generation_total=57.7181 ms program_total=783.096 ms
[svd-local-op-profile] up_ops=56 gate_ops=56 down_ops=56 up_total=42.045 ms gate_total=46.077 ms down_total=48.479 ms up_v=6.697 ms gate_v=6.566 ms down_v=27.811 ms up_u=35.341 ms gate_u=39.505 ms down_u=20.666 ms
[svd-local-stage-profile] attention_total=59.307 ms ffn_total=137.839 ms ffn_svd_total=136.601 ms ffn_svd_v=41.074 ms ffn_svd_u=95.512 ms
[svd-offload-zero-profile] up_finish=0 up_cache=0 up_no_request=27 gate_finish=0 gate_cache=0 gate_no_request=27 down_finish=0 down_cache=0 down_no_request=27 other_finish=0 other_cache=0 other_no_request=0
[svd-local-timeout-profile] up_keep=0 up_drop=0 up_wait=0.000 ms gate_keep=0 gate_drop=0 gate_wait=0.000 ms down_keep=0 down_drop=0 down_wait=0.000 ms other_keep=0 other_drop=0 other_wait=0.000 ms
[svd-offload-client] up_gate_req=0 down_req=0 other_mat_req=0 ffn_req=0 gate_cache_hits=0 gate_cache_checks=0 miss_invalid=0 miss_layer=0 miss_rank=0 miss_hash=0 miss_output=0 miss_data=0 send_up_gate=0.000 ms send_down=0.000 ms send_other=0.000 ms send_ffn=0.000 ms wait_up_gate=0.000 ms wait_down=0.000 ms wait_other=0.000 ms wait_ffn=0.000 ms
[svd-offload-client-stage-profile] rpc_send_total=0.000 ms rpc_wait_total=0.000 ms
[svd-offload-client-debug] finish_fail_up_gate=0 finish_fail_down=0 finish_fail_other=0 finish_fail_ffn=0 cache_take_fail_up=0 cache_take_fail_gate=0 recv_up_sum_abs=0.000000e+00 recv_up_max_abs=0.000000e+00 recv_up_zero=0 recv_gate_sum_abs=0.000000e+00 recv_gate_max_abs=0.000000e+00 recv_gate_zero=0 recv_down_sum_abs=0.000000e+00 recv_down_max_abs=0.000000e+00 recv_down_zero=0 recv_other_sum_abs=0.000000e+00 recv_other_max_abs=0.000000e+00 recv_other_zero=0 recv_ffn_sum_abs=0.000000e+00 recv_ffn_max_abs=0.000000e+00 recv_ffn_zero=0
SUCCEED (one forward pass done)"
4c_balanced_high,8,scheduler,all_0.5,4,"60,61,62,63","20,40,60,80",ok,20.007,49.9826,1.2121245861053467,"llama_context: graph splits = 1
attach_threadpool: call
threads: decode=4 batch=4
prompt tokens: 4
running one forward pass (llama_decode) ...
Top-5 next-token candidates:
  id=11 logit=15.272 piece="",""
  id=12 logit=14.9123 piece=""-""
  id=51730 logit=14.8613 piece="" Ri""
  id=6216 logit=14.8165 piece="" ir""
  id=472 logit=14.5534 piece="" H""
Autoregressive generation:
Generated text: ,
Decode-only throughput: 20.007 tokens/s (1 tokens in 0.0499826 s of llama_decode)
End-to-end throughput: 19.8764 tokens/s (1 tokens in 0.0503109 s)
[decode-stage-profile] model_load=503.665 ms context_create=63.7622 ms tokenize=0.470058 ms prefill_decode=397.548 ms generation_decode=49.9826 ms generation_total=50.3109 ms program_total=1033.58 ms
[svd-local-op-profile] up_ops=56 gate_ops=56 down_ops=56 up_total=35.355 ms gate_total=36.241 ms down_total=20.422 ms up_v=4.052 ms gate_v=4.739 ms down_v=15.355 ms up_u=31.298 ms gate_u=31.495 ms down_u=5.062 ms
[svd-local-stage-profile] attention_total=69.172 ms ffn_total=93.556 ms ffn_svd_total=92.018 ms ffn_svd_v=24.146 ms ffn_svd_u=67.855 ms
[svd-offload-zero-profile] up_finish=0 up_cache=0 up_no_request=27 gate_finish=0 gate_cache=0 gate_no_request=27 down_finish=0 down_cache=0 down_no_request=27 other_finish=0 other_cache=0 other_no_request=0
[svd-local-timeout-profile] up_keep=0 up_drop=0 up_wait=0.000 ms gate_keep=0 gate_drop=0 gate_wait=0.000 ms down_keep=0 down_drop=0 down_wait=0.000 ms other_keep=0 other_drop=0 other_wait=0.000 ms
[svd-offload-client] up_gate_req=0 down_req=0 other_mat_req=0 ffn_req=0 gate_cache_hits=0 gate_cache_checks=0 miss_invalid=0 miss_layer=0 miss_rank=0 miss_hash=0 miss_output=0 miss_data=0 send_up_gate=0.000 ms send_down=0.000 ms send_other=0.000 ms send_ffn=0.000 ms wait_up_gate=0.000 ms wait_down=0.000 ms wait_other=0.000 ms wait_ffn=0.000 ms
[svd-offload-client-stage-profile] rpc_send_total=0.000 ms rpc_wait_total=0.000 ms
[svd-offload-client-debug] finish_fail_up_gate=0 finish_fail_down=0 finish_fail_other=0 finish_fail_ffn=0 cache_take_fail_up=0 cache_take_fail_gate=0 recv_up_sum_abs=0.000000e+00 recv_up_max_abs=0.000000e+00 recv_up_zero=0 recv_gate_sum_abs=0.000000e+00 recv_gate_max_abs=0.000000e+00 recv_gate_zero=0 recv_down_sum_abs=0.000000e+00 recv_down_max_abs=0.000000e+00 recv_down_zero=0 recv_other_sum_abs=0.000000e+00 recv_other_max_abs=0.000000e+00 recv_other_zero=0 recv_ffn_sum_abs=0.000000e+00 recv_ffn_max_abs=0.000000e+00 recv_ffn_zero=0
SUCCEED (one forward pass done)"
4c_gradient,0,baseline,all_0.3,4,"60,61,62,63","0,20,60,100",ok,16.4887,60.6477,3.9189722537994385,"llama_context: graph splits = 1
attach_threadpool: call
threads: decode=4 batch=4
prompt tokens: 4
running one forward pass (llama_decode) ...
Top-5 next-token candidates:
  id=11 logit=20.2053 piece="",""
  id=304 logit=18.9277 piece="" in""
  id=3837 logit=18.7558 piece=""，""
  id=1052 logit=18.5616 piece="" there""
  id=358 logit=17.8374 piece="" I""
Autoregressive generation:
Generated text: ,
Decode-only throughput: 16.4887 tokens/s (1 tokens in 0.0606477 s of llama_decode)
End-to-end throughput: 16.4007 tokens/s (1 tokens in 0.0609732 s)
[decode-stage-profile] model_load=470.057 ms context_create=69.7766 ms tokenize=0.916305 ms prefill_decode=3096.29 ms generation_decode=60.6477 ms generation_total=60.9732 ms program_total=3715.84 ms
[svd-local-op-profile] up_ops=56 gate_ops=56 down_ops=56 up_total=190.489 ms gate_total=189.777 ms down_total=181.693 ms up_v=57.869 ms gate_v=56.885 ms down_v=80.489 ms up_u=132.613 ms gate_u=132.881 ms down_u=101.199 ms
[svd-local-stage-profile] attention_total=446.974 ms ffn_total=810.017 ms ffn_svd_total=561.959 ms ffn_svd_v=195.243 ms ffn_svd_u=366.693 ms
[svd-offload-zero-profile] up_finish=0 up_cache=0 up_no_request=27 gate_finish=0 gate_cache=0 gate_no_request=27 down_finish=0 down_cache=0 down_no_request=27 other_finish=0 other_cache=0 other_no_request=0
[svd-local-timeout-profile] up_keep=0 up_drop=0 up_wait=0.000 ms gate_keep=0 gate_drop=0 gate_wait=0.000 ms down_keep=0 down_drop=0 down_wait=0.000 ms other_keep=0 other_drop=0 other_wait=0.000 ms
[svd-offload-client] up_gate_req=0 down_req=0 other_mat_req=0 ffn_req=0 gate_cache_hits=0 gate_cache_checks=0 miss_invalid=0 miss_layer=0 miss_rank=0 miss_hash=0 miss_output=0 miss_data=0 send_up_gate=0.000 ms send_down=0.000 ms send_other=0.000 ms send_ffn=0.000 ms wait_up_gate=0.000 ms wait_down=0.000 ms wait_other=0.000 ms wait_ffn=0.000 ms
[svd-offload-client-stage-profile] rpc_send_total=0.000 ms rpc_wait_total=0.000 ms
[svd-offload-client-debug] finish_fail_up_gate=0 finish_fail_down=0 finish_fail_other=0 finish_fail_ffn=0 cache_take_fail_up=0 cache_take_fail_gate=0 recv_up_sum_abs=0.000000e+00 recv_up_max_abs=0.000000e+00 recv_up_zero=0 recv_gate_sum_abs=0.000000e+00 recv_gate_max_abs=0.000000e+00 recv_gate_zero=0 recv_down_sum_abs=0.000000e+00 recv_down_max_abs=0.000000e+00 recv_down_zero=0 recv_other_sum_abs=0.000000e+00 recv_other_max_abs=0.000000e+00 recv_other_zero=0 recv_ffn_sum_abs=0.000000e+00 recv_ffn_max_abs=0.000000e+00 recv_ffn_zero=0
SUCCEED (one forward pass done)"
4c_gradient,0,scheduler,all_0.3,4,"60,61,62,63","0,20,60,100",ok,19.3604,51.6518,3.8015964031219482,"llama_context: graph splits = 1
attach_threadpool: call
threads: decode=4 batch=4
prompt tokens: 4
running one forward pass (llama_decode) ...
Top-5 next-token candidates:
  id=3 logit=0 piece=""$""
  id=4 logit=0 piece=""%""
  id=1 logit=0 piece=""""""
  id=0 logit=0 piece=""!""
  id=2 logit=0 piece=""#""
Autoregressive generation:
Generated text: !
Decode-only throughput: 19.3604 tokens/s (1 tokens in 0.0516518 s of llama_decode)
End-to-end throughput: 19.2357 tokens/s (1 tokens in 0.0519866 s)
[decode-stage-profile] model_load=428.509 ms context_create=71.1094 ms tokenize=0.926577 ms prefill_decode=3024.61 ms generation_decode=51.6518 ms generation_total=51.9866 ms program_total=3595.3 ms
[svd-local-op-profile] up_ops=56 gate_ops=56 down_ops=56 up_total=183.051 ms gate_total=190.946 ms down_total=174.569 ms up_v=56.195 ms gate_v=56.929 ms down_v=69.018 ms up_u=126.849 ms gate_u=134.013 ms down_u=105.550 ms
[svd-local-stage-profile] attention_total=481.955 ms ffn_total=772.418 ms ffn_svd_total=548.566 ms ffn_svd_v=182.142 ms ffn_svd_u=366.412 ms
[svd-offload-zero-profile] up_finish=0 up_cache=0 up_no_request=27 gate_finish=0 gate_cache=0 gate_no_request=27 down_finish=0 down_cache=0 down_no_request=27 other_finish=0 other_cache=0 other_no_request=0
[svd-local-timeout-profile] up_keep=0 up_drop=0 up_wait=0.000 ms gate_keep=0 gate_drop=0 gate_wait=0.000 ms down_keep=0 down_drop=0 down_wait=0.000 ms other_keep=0 other_drop=0 other_wait=0.000 ms
[svd-offload-client] up_gate_req=0 down_req=0 other_mat_req=0 ffn_req=0 gate_cache_hits=0 gate_cache_checks=0 miss_invalid=0 miss_layer=0 miss_rank=0 miss_hash=0 miss_output=0 miss_data=0 send_up_gate=0.000 ms send_down=0.000 ms send_other=0.000 ms send_ffn=0.000 ms wait_up_gate=0.000 ms wait_down=0.000 ms wait_other=0.000 ms wait_ffn=0.000 ms
[svd-offload-client-stage-profile] rpc_send_total=0.000 ms rpc_wait_total=0.000 ms
[svd-offload-client-debug] finish_fail_up_gate=0 finish_fail_down=0 finish_fail_other=0 finish_fail_ffn=0 cache_take_fail_up=0 cache_take_fail_gate=0 recv_up_sum_abs=0.000000e+00 recv_up_max_abs=0.000000e+00 recv_up_zero=0 recv_gate_sum_abs=0.000000e+00 recv_gate_max_abs=0.000000e+00 recv_gate_zero=0 recv_down_sum_abs=0.000000e+00 recv_down_max_abs=0.000000e+00 recv_down_zero=0 recv_other_sum_abs=0.000000e+00 recv_other_max_abs=0.000000e+00 recv_other_zero=0 recv_ffn_sum_abs=0.000000e+00 recv_ffn_max_abs=0.000000e+00 recv_ffn_zero=0
SUCCEED (one forward pass done)"
4c_gradient,1,baseline,all_0.3,4,"60,61,62,63","0,20,60,100",ok,16.8878,59.2143,3.8820385932922363,"llama_context: graph splits = 1
attach_threadpool: call
threads: decode=4 batch=4
prompt tokens: 4
running one forward pass (llama_decode) ...
Top-5 next-token candidates:
  id=11 logit=20.2053 piece="",""
  id=304 logit=18.9277 piece="" in""
  id=3837 logit=18.7558 piece=""，""
  id=1052 logit=18.5616 piece="" there""
  id=358 logit=17.8374 piece="" I""
Autoregressive generation:
Generated text: ,
Decode-only throughput: 16.8878 tokens/s (1 tokens in 0.0592143 s of llama_decode)
End-to-end throughput: 16.7966 tokens/s (1 tokens in 0.0595359 s)
[decode-stage-profile] model_load=508.613 ms context_create=70.6483 ms tokenize=0.894747 ms prefill_decode=3055.71 ms generation_decode=59.2143 ms generation_total=59.5359 ms program_total=3712.95 ms
[svd-local-op-profile] up_ops=56 gate_ops=56 down_ops=56 up_total=195.418 ms gate_total=199.150 ms down_total=182.373 ms up_v=58.606 ms gate_v=57.273 ms down_v=81.196 ms up_u=136.809 ms gate_u=141.873 ms down_u=101.173 ms
[svd-local-stage-profile] attention_total=434.942 ms ffn_total=827.989 ms ffn_svd_total=576.941 ms ffn_svd_v=197.075 ms ffn_svd_u=379.855 ms
[svd-offload-zero-profile] up_finish=0 up_cache=0 up_no_request=27 gate_finish=0 gate_cache=0 gate_no_request=27 down_finish=0 down_cache=0 down_no_request=27 other_finish=0 other_cache=0 other_no_request=0
[svd-local-timeout-profile] up_keep=0 up_drop=0 up_wait=0.000 ms gate_keep=0 gate_drop=0 gate_wait=0.000 ms down_keep=0 down_drop=0 down_wait=0.000 ms other_keep=0 other_drop=0 other_wait=0.000 ms
[svd-offload-client] up_gate_req=0 down_req=0 other_mat_req=0 ffn_req=0 gate_cache_hits=0 gate_cache_checks=0 miss_invalid=0 miss_layer=0 miss_rank=0 miss_hash=0 miss_output=0 miss_data=0 send_up_gate=0.000 ms send_down=0.000 ms send_other=0.000 ms send_ffn=0.000 ms wait_up_gate=0.000 ms wait_down=0.000 ms wait_other=0.000 ms wait_ffn=0.000 ms
[svd-offload-client-stage-profile] rpc_send_total=0.000 ms rpc_wait_total=0.000 ms
[svd-offload-client-debug] finish_fail_up_gate=0 finish_fail_down=0 finish_fail_other=0 finish_fail_ffn=0 cache_take_fail_up=0 cache_take_fail_gate=0 recv_up_sum_abs=0.000000e+00 recv_up_max_abs=0.000000e+00 recv_up_zero=0 recv_gate_sum_abs=0.000000e+00 recv_gate_max_abs=0.000000e+00 recv_gate_zero=0 recv_down_sum_abs=0.000000e+00 recv_down_max_abs=0.000000e+00 recv_down_zero=0 recv_other_sum_abs=0.000000e+00 recv_other_max_abs=0.000000e+00 recv_other_zero=0 recv_ffn_sum_abs=0.000000e+00 recv_ffn_max_abs=0.000000e+00 recv_ffn_zero=0
SUCCEED (one forward pass done)"
4c_gradient,1,scheduler,all_0.3,4,"60,61,62,63","0,20,60,100",ok,19.243,51.9669,3.7942428588867188,"llama_context: graph splits = 1
attach_threadpool: call
threads: decode=4 batch=4
prompt tokens: 4
running one forward pass (llama_decode) ...
Top-5 next-token candidates:
  id=3 logit=0 piece=""$""
  id=4 logit=0 piece=""%""
  id=1 logit=0 piece=""""""
  id=0 logit=0 piece=""!""
  id=2 logit=0 piece=""#""
Autoregressive generation:
Generated text: !
Decode-only throughput: 19.243 tokens/s (1 tokens in 0.0519669 s of llama_decode)
End-to-end throughput: 19.122 tokens/s (1 tokens in 0.0522957 s)
[decode-stage-profile] model_load=420.214 ms context_create=70.8839 ms tokenize=0.910318 ms prefill_decode=3066.51 ms generation_decode=51.9669 ms generation_total=52.2957 ms program_total=3628.6 ms
[svd-local-op-profile] up_ops=56 gate_ops=56 down_ops=56 up_total=192.050 ms gate_total=192.062 ms down_total=172.720 ms up_v=58.140 ms gate_v=58.321 ms down_v=68.915 ms up_u=133.902 ms gate_u=133.737 ms down_u=103.800 ms
[svd-local-stage-profile] attention_total=424.106 ms ffn_total=807.396 ms ffn_svd_total=556.832 ms ffn_svd_v=185.376 ms ffn_svd_u=371.439 ms
[svd-offload-zero-profile] up_finish=0 up_cache=0 up_no_request=27 gate_finish=0 gate_cache=0 gate_no_request=27 down_finish=0 down_cache=0 down_no_request=27 other_finish=0 other_cache=0 other_no_request=0
[svd-local-timeout-profile] up_keep=0 up_drop=0 up_wait=0.000 ms gate_keep=0 gate_drop=0 gate_wait=0.000 ms down_keep=0 down_drop=0 down_wait=0.000 ms other_keep=0 other_drop=0 other_wait=0.000 ms
[svd-offload-client] up_gate_req=0 down_req=0 other_mat_req=0 ffn_req=0 gate_cache_hits=0 gate_cache_checks=0 miss_invalid=0 miss_layer=0 miss_rank=0 miss_hash=0 miss_output=0 miss_data=0 send_up_gate=0.000 ms send_down=0.000 ms send_other=0.000 ms send_ffn=0.000 ms wait_up_gate=0.000 ms wait_down=0.000 ms wait_other=0.000 ms wait_ffn=0.000 ms
[svd-offload-client-stage-profile] rpc_send_total=0.000 ms rpc_wait_total=0.000 ms
[svd-offload-client-debug] finish_fail_up_gate=0 finish_fail_down=0 finish_fail_other=0 finish_fail_ffn=0 cache_take_fail_up=0 cache_take_fail_gate=0 recv_up_sum_abs=0.000000e+00 recv_up_max_abs=0.000000e+00 recv_up_zero=0 recv_gate_sum_abs=0.000000e+00 recv_gate_max_abs=0.000000e+00 recv_gate_zero=0 recv_down_sum_abs=0.000000e+00 recv_down_max_abs=0.000000e+00 recv_down_zero=0 recv_other_sum_abs=0.000000e+00 recv_other_max_abs=0.000000e+00 recv_other_zero=0 recv_ffn_sum_abs=0.000000e+00 recv_ffn_max_abs=0.000000e+00 recv_ffn_zero=0
SUCCEED (one forward pass done)"
4c_gradient,2,baseline,all_0.3,4,"60,61,62,63","0,20,60,100",ok,17.9053,55.8493,3.863319158554077,"llama_context: graph splits = 1
attach_threadpool: call
threads: decode=4 batch=4
prompt tokens: 4
running one forward pass (llama_decode) ...
Top-5 next-token candidates:
  id=11 logit=20.2053 piece="",""
  id=304 logit=18.9277 piece="" in""
  id=3837 logit=18.7558 piece=""，""
  id=1052 logit=18.5616 piece="" there""
  id=358 logit=17.8374 piece="" I""
Autoregressive generation:
Generated text: ,
Decode-only throughput: 17.9053 tokens/s (1 tokens in 0.0558493 s of llama_decode)
End-to-end throughput: 17.803 tokens/s (1 tokens in 0.0561702 s)
[decode-stage-profile] model_load=475.556 ms context_create=70.6102 ms tokenize=0.912789 ms prefill_decode=3068.85 ms generation_decode=55.8493 ms generation_total=56.1702 ms program_total=3689.61 ms
[svd-local-op-profile] up_ops=56 gate_ops=56 down_ops=56 up_total=195.593 ms gate_total=193.612 ms down_total=181.268 ms up_v=59.165 ms gate_v=58.346 ms down_v=77.642 ms up_u=136.423 ms gate_u=135.261 ms down_u=103.625 ms
[svd-local-stage-profile] attention_total=399.249 ms ffn_total=851.292 ms ffn_svd_total=570.473 ms ffn_svd_v=195.153 ms ffn_svd_u=375.309 ms
[svd-offload-zero-profile] up_finish=0 up_cache=0 up_no_request=27 gate_finish=0 gate_cache=0 gate_no_request=27 down_finish=0 down_cache=0 down_no_request=27 other_finish=0 other_cache=0 other_no_request=0
[svd-local-timeout-profile] up_keep=0 up_drop=0 up_wait=0.000 ms gate_keep=0 gate_drop=0 gate_wait=0.000 ms down_keep=0 down_drop=0 down_wait=0.000 ms other_keep=0 other_drop=0 other_wait=0.000 ms
[svd-offload-client] up_gate_req=0 down_req=0 other_mat_req=0 ffn_req=0 gate_cache_hits=0 gate_cache_checks=0 miss_invalid=0 miss_layer=0 miss_rank=0 miss_hash=0 miss_output=0 miss_data=0 send_up_gate=0.000 ms send_down=0.000 ms send_other=0.000 ms send_ffn=0.000 ms wait_up_gate=0.000 ms wait_down=0.000 ms wait_other=0.000 ms wait_ffn=0.000 ms
[svd-offload-client-stage-profile] rpc_send_total=0.000 ms rpc_wait_total=0.000 ms
[svd-offload-client-debug] finish_fail_up_gate=0 finish_fail_down=0 finish_fail_other=0 finish_fail_ffn=0 cache_take_fail_up=0 cache_take_fail_gate=0 recv_up_sum_abs=0.000000e+00 recv_up_max_abs=0.000000e+00 recv_up_zero=0 recv_gate_sum_abs=0.000000e+00 recv_gate_max_abs=0.000000e+00 recv_gate_zero=0 recv_down_sum_abs=0.000000e+00 recv_down_max_abs=0.000000e+00 recv_down_zero=0 recv_other_sum_abs=0.000000e+00 recv_other_max_abs=0.000000e+00 recv_other_zero=0 recv_ffn_sum_abs=0.000000e+00 recv_ffn_max_abs=0.000000e+00 recv_ffn_zero=0
SUCCEED (one forward pass done)"
4c_gradient,2,scheduler,all_0.3,4,"60,61,62,63","0,20,60,100",ok,18.9301,52.8259,3.836315631866455,"llama_context: graph splits = 1
attach_threadpool: call
threads: decode=4 batch=4
prompt tokens: 4
running one forward pass (llama_decode) ...
Top-5 next-token candidates:
  id=3 logit=0 piece=""$""
  id=4 logit=0 piece=""%""
  id=1 logit=0 piece=""""""
  id=0 logit=0 piece=""!""
  id=2 logit=0 piece=""#""
Autoregressive generation:
Generated text: !
Decode-only throughput: 18.9301 tokens/s (1 tokens in 0.0528259 s of llama_decode)
End-to-end throughput: 18.8185 tokens/s (1 tokens in 0.0531392 s)
[decode-stage-profile] model_load=450.353 ms context_create=71.1662 ms tokenize=0.911364 ms prefill_decode=3077.66 ms generation_decode=52.8259 ms generation_total=53.1392 ms program_total=3670.92 ms
[svd-local-op-profile] up_ops=56 gate_ops=56 down_ops=56 up_total=187.472 ms gate_total=192.472 ms down_total=176.010 ms up_v=58.264 ms gate_v=57.312 ms down_v=71.204 ms up_u=129.202 ms gate_u=135.153 ms down_u=104.799 ms
[svd-local-stage-profile] attention_total=459.961 ms ffn_total=796.609 ms ffn_svd_total=555.954 ms ffn_svd_v=186.780 ms ffn_svd_u=369.154 ms
[svd-offload-zero-profile] up_finish=0 up_cache=0 up_no_request=27 gate_finish=0 gate_cache=0 gate_no_request=27 down_finish=0 down_cache=0 down_no_request=27 other_finish=0 other_cache=0 other_no_request=0
[svd-local-timeout-profile] up_keep=0 up_drop=0 up_wait=0.000 ms gate_keep=0 gate_drop=0 gate_wait=0.000 ms down_keep=0 down_drop=0 down_wait=0.000 ms other_keep=0 other_drop=0 other_wait=0.000 ms
[svd-offload-client] up_gate_req=0 down_req=0 other_mat_req=0 ffn_req=0 gate_cache_hits=0 gate_cache_checks=0 miss_invalid=0 miss_layer=0 miss_rank=0 miss_hash=0 miss_output=0 miss_data=0 send_up_gate=0.000 ms send_down=0.000 ms send_other=0.000 ms send_ffn=0.000 ms wait_up_gate=0.000 ms wait_down=0.000 ms wait_other=0.000 ms wait_ffn=0.000 ms
[svd-offload-client-stage-profile] rpc_send_total=0.000 ms rpc_wait_total=0.000 ms
[svd-offload-client-debug] finish_fail_up_gate=0 finish_fail_down=0 finish_fail_other=0 finish_fail_ffn=0 cache_take_fail_up=0 cache_take_fail_gate=0 recv_up_sum_abs=0.000000e+00 recv_up_max_abs=0.000000e+00 recv_up_zero=0 recv_gate_sum_abs=0.000000e+00 recv_gate_max_abs=0.000000e+00 recv_gate_zero=0 recv_down_sum_abs=0.000000e+00 recv_down_max_abs=0.000000e+00 recv_down_zero=0 recv_other_sum_abs=0.000000e+00 recv_other_max_abs=0.000000e+00 recv_other_zero=0 recv_ffn_sum_abs=0.000000e+00 recv_ffn_max_abs=0.000000e+00 recv_ffn_zero=0
SUCCEED (one forward pass done)"
4c_gradient,3,baseline,all_0.3,4,"60,61,62,63","0,20,60,100",ok,18.0434,55.422,3.872810125350952,"llama_context: graph splits = 1
attach_threadpool: call
threads: decode=4 batch=4
prompt tokens: 4
running one forward pass (llama_decode) ...
Top-5 next-token candidates:
  id=11 logit=20.2053 piece="",""
  id=304 logit=18.9277 piece="" in""
  id=3837 logit=18.7558 piece=""，""
  id=1052 logit=18.5616 piece="" there""
  id=358 logit=17.8374 piece="" I""
Autoregressive generation:
Generated text: ,
Decode-only throughput: 18.0434 tokens/s (1 tokens in 0.055422 s of llama_decode)
End-to-end throughput: 17.9324 tokens/s (1 tokens in 0.0557649 s)
[decode-stage-profile] model_load=426.814 ms context_create=70.6385 ms tokenize=0.959764 ms prefill_decode=3133.44 ms generation_decode=55.422 ms generation_total=55.7649 ms program_total=3705.22 ms
[svd-local-op-profile] up_ops=56 gate_ops=56 down_ops=56 up_total=195.053 ms gate_total=196.082 ms down_total=184.042 ms up_v=54.146 ms gate_v=59.922 ms down_v=82.689 ms up_u=140.904 ms gate_u=136.151 ms down_u=101.349 ms
[svd-local-stage-profile] attention_total=426.901 ms ffn_total=830.667 ms ffn_svd_total=575.177 ms ffn_svd_v=196.757 ms ffn_svd_u=378.404 ms
[svd-offload-zero-profile] up_finish=0 up_cache=0 up_no_request=27 gate_finish=0 gate_cache=0 gate_no_request=27 down_finish=0 down_cache=0 down_no_request=27 other_finish=0 other_cache=0 other_no_request=0
[svd-local-timeout-profile] up_keep=0 up_drop=0 up_wait=0.000 ms gate_keep=0 gate_drop=0 gate_wait=0.000 ms down_keep=0 down_drop=0 down_wait=0.000 ms other_keep=0 other_drop=0 other_wait=0.000 ms
[svd-offload-client] up_gate_req=0 down_req=0 other_mat_req=0 ffn_req=0 gate_cache_hits=0 gate_cache_checks=0 miss_invalid=0 miss_layer=0 miss_rank=0 miss_hash=0 miss_output=0 miss_data=0 send_up_gate=0.000 ms send_down=0.000 ms send_other=0.000 ms send_ffn=0.000 ms wait_up_gate=0.000 ms wait_down=0.000 ms wait_other=0.000 ms wait_ffn=0.000 ms
[svd-offload-client-stage-profile] rpc_send_total=0.000 ms rpc_wait_total=0.000 ms
[svd-offload-client-debug] finish_fail_up_gate=0 finish_fail_down=0 finish_fail_other=0 finish_fail_ffn=0 cache_take_fail_up=0 cache_take_fail_gate=0 recv_up_sum_abs=0.000000e+00 recv_up_max_abs=0.000000e+00 recv_up_zero=0 recv_gate_sum_abs=0.000000e+00 recv_gate_max_abs=0.000000e+00 recv_gate_zero=0 recv_down_sum_abs=0.000000e+00 recv_down_max_abs=0.000000e+00 recv_down_zero=0 recv_other_sum_abs=0.000000e+00 recv_other_max_abs=0.000000e+00 recv_other_zero=0 recv_ffn_sum_abs=0.000000e+00 recv_ffn_max_abs=0.000000e+00 recv_ffn_zero=0
SUCCEED (one forward pass done)"
4c_gradient,3,scheduler,all_0.3,4,"60,61,62,63","0,20,60,100",ok,17.0091,58.7921,3.8500828742980957,"llama_context: graph splits = 1
attach_threadpool: call
threads: decode=4 batch=4
prompt tokens: 4
running one forward pass (llama_decode) ...
Top-5 next-token candidates:
  id=3 logit=0 piece=""$""
  id=4 logit=0 piece=""%""
  id=1 logit=0 piece=""""""
  id=0 logit=0 piece=""!""
  id=2 logit=0 piece=""#""
Autoregressive generation:
Generated text: !
Decode-only throughput: 17.0091 tokens/s (1 tokens in 0.0587921 s of llama_decode)
End-to-end throughput: 16.9131 tokens/s (1 tokens in 0.0591259 s)
[decode-stage-profile] model_load=465.513 ms context_create=70.3363 ms tokenize=0.92728 ms prefill_decode=3046.06 ms generation_decode=58.7921 ms generation_total=59.1259 ms program_total=3660.04 ms
[svd-local-op-profile] up_ops=56 gate_ops=56 down_ops=56 up_total=191.737 ms gate_total=191.065 ms down_total=171.300 ms up_v=54.266 ms gate_v=56.597 ms down_v=67.289 ms up_u=137.461 ms gate_u=134.459 ms down_u=104.006 ms
[svd-local-stage-profile] attention_total=517.308 ms ffn_total=758.747 ms ffn_svd_total=554.102 ms ffn_svd_v=178.152 ms ffn_svd_u=375.926 ms
[svd-offload-zero-profile] up_finish=0 up_cache=0 up_no_request=27 gate_finish=0 gate_cache=0 gate_no_request=27 down_finish=0 down_cache=0 down_no_request=27 other_finish=0 other_cache=0 other_no_request=0
[svd-local-timeout-profile] up_keep=0 up_drop=0 up_wait=0.000 ms gate_keep=0 gate_drop=0 gate_wait=0.000 ms down_keep=0 down_drop=0 down_wait=0.000 ms other_keep=0 other_drop=0 other_wait=0.000 ms
[svd-offload-client] up_gate_req=0 down_req=0 other_mat_req=0 ffn_req=0 gate_cache_hits=0 gate_cache_checks=0 miss_invalid=0 miss_layer=0 miss_rank=0 miss_hash=0 miss_output=0 miss_data=0 send_up_gate=0.000 ms send_down=0.000 ms send_other=0.000 ms send_ffn=0.000 ms wait_up_gate=0.000 ms wait_down=0.000 ms wait_other=0.000 ms wait_ffn=0.000 ms
[svd-offload-client-stage-profile] rpc_send_total=0.000 ms rpc_wait_total=0.000 ms
[svd-offload-client-debug] finish_fail_up_gate=0 finish_fail_down=0 finish_fail_other=0 finish_fail_ffn=0 cache_take_fail_up=0 cache_take_fail_gate=0 recv_up_sum_abs=0.000000e+00 recv_up_max_abs=0.000000e+00 recv_up_zero=0 recv_gate_sum_abs=0.000000e+00 recv_gate_max_abs=0.000000e+00 recv_gate_zero=0 recv_down_sum_abs=0.000000e+00 recv_down_max_abs=0.000000e+00 recv_down_zero=0 recv_other_sum_abs=0.000000e+00 recv_other_max_abs=0.000000e+00 recv_other_zero=0 recv_ffn_sum_abs=0.000000e+00 recv_ffn_max_abs=0.000000e+00 recv_ffn_zero=0
SUCCEED (one forward pass done)"
4c_gradient,4,baseline,all_0.3,4,"60,61,62,63","0,20,60,100",ok,15.5165,64.4477,3.879939079284668,"llama_context: graph splits = 1
attach_threadpool: call
threads: decode=4 batch=4
prompt tokens: 4
running one forward pass (llama_decode) ...
Top-5 next-token candidates:
  id=11 logit=20.2053 piece="",""
  id=304 logit=18.9277 piece="" in""
  id=3837 logit=18.7558 piece=""，""
  id=1052 logit=18.5616 piece="" there""
  id=358 logit=17.8374 piece="" I""
Autoregressive generation:
Generated text: ,
Decode-only throughput: 15.5165 tokens/s (1 tokens in 0.0644477 s of llama_decode)
End-to-end throughput: 15.4383 tokens/s (1 tokens in 0.0647739 s)
[decode-stage-profile] model_load=493.514 ms context_create=67.4396 ms tokenize=0.746308 ms prefill_decode=3072.72 ms generation_decode=64.4477 ms generation_total=64.7739 ms program_total=3717.91 ms
[svd-local-op-profile] up_ops=56 gate_ops=56 down_ops=56 up_total=196.791 ms gate_total=194.373 ms down_total=183.519 ms up_v=56.513 ms gate_v=57.277 ms down_v=77.599 ms up_u=140.270 ms gate_u=137.091 ms down_u=105.916 ms
[svd-local-stage-profile] attention_total=398.548 ms ffn_total=847.552 ms ffn_svd_total=574.683 ms ffn_svd_v=191.389 ms ffn_svd_u=383.277 ms
[svd-offload-zero-profile] up_finish=0 up_cache=0 up_no_request=27 gate_finish=0 gate_cache=0 gate_no_request=27 down_finish=0 down_cache=0 down_no_request=27 other_finish=0 other_cache=0 other_no_request=0
[svd-local-timeout-profile] up_keep=0 up_drop=0 up_wait=0.000 ms gate_keep=0 gate_drop=0 gate_wait=0.000 ms down_keep=0 down_drop=0 down_wait=0.000 ms other_keep=0 other_drop=0 other_wait=0.000 ms
[svd-offload-client] up_gate_req=0 down_req=0 other_mat_req=0 ffn_req=0 gate_cache_hits=0 gate_cache_checks=0 miss_invalid=0 miss_layer=0 miss_rank=0 miss_hash=0 miss_output=0 miss_data=0 send_up_gate=0.000 ms send_down=0.000 ms send_other=0.000 ms send_ffn=0.000 ms wait_up_gate=0.000 ms wait_down=0.000 ms wait_other=0.000 ms wait_ffn=0.000 ms
[svd-offload-client-stage-profile] rpc_send_total=0.000 ms rpc_wait_total=0.000 ms
[svd-offload-client-debug] finish_fail_up_gate=0 finish_fail_down=0 finish_fail_other=0 finish_fail_ffn=0 cache_take_fail_up=0 cache_take_fail_gate=0 recv_up_sum_abs=0.000000e+00 recv_up_max_abs=0.000000e+00 recv_up_zero=0 recv_gate_sum_abs=0.000000e+00 recv_gate_max_abs=0.000000e+00 recv_gate_zero=0 recv_down_sum_abs=0.000000e+00 recv_down_max_abs=0.000000e+00 recv_down_zero=0 recv_other_sum_abs=0.000000e+00 recv_other_max_abs=0.000000e+00 recv_other_zero=0 recv_ffn_sum_abs=0.000000e+00 recv_ffn_max_abs=0.000000e+00 recv_ffn_zero=0
SUCCEED (one forward pass done)"
4c_gradient,4,scheduler,all_0.3,4,"60,61,62,63","0,20,60,100",ok,20.0967,49.7595,8.930447340011597,"llama_context: graph splits = 1
attach_threadpool: call
threads: decode=4 batch=4
prompt tokens: 4
running one forward pass (llama_decode) ...
Top-5 next-token candidates:
  id=3 logit=0 piece=""$""
  id=4 logit=0 piece=""%""
  id=1 logit=0 piece=""""""
  id=0 logit=0 piece=""!""
  id=2 logit=0 piece=""#""
Autoregressive generation:
Generated text: !
Decode-only throughput: 20.0967 tokens/s (1 tokens in 0.0497595 s of llama_decode)
End-to-end throughput: 19.9656 tokens/s (1 tokens in 0.0500861 s)
[decode-stage-profile] model_load=433.853 ms context_create=70.8796 ms tokenize=0.919566 ms prefill_decode=8189.56 ms generation_decode=49.7595 ms generation_total=50.0861 ms program_total=8762.99 ms
[svd-local-op-profile] up_ops=56 gate_ops=56 down_ops=56 up_total=460.458 ms gate_total=447.969 ms down_total=450.440 ms up_v=153.285 ms gate_v=143.416 ms down_v=161.749 ms up_u=307.165 ms gate_u=304.545 ms down_u=288.688 ms
[svd-local-stage-profile] attention_total=1151.393 ms ffn_total=2047.951 ms ffn_svd_total=1358.867 ms ffn_svd_v=458.450 ms ffn_svd_u=900.398 ms
[svd-offload-zero-profile] up_finish=0 up_cache=0 up_no_request=27 gate_finish=0 gate_cache=0 gate_no_request=27 down_finish=0 down_cache=0 down_no_request=27 other_finish=0 other_cache=0 other_no_request=0
[svd-local-timeout-profile] up_keep=0 up_drop=0 up_wait=0.000 ms gate_keep=0 gate_drop=0 gate_wait=0.000 ms down_keep=0 down_drop=0 down_wait=0.000 ms other_keep=0 other_drop=0 other_wait=0.000 ms
[svd-offload-client] up_gate_req=0 down_req=0 other_mat_req=0 ffn_req=0 gate_cache_hits=0 gate_cache_checks=0 miss_invalid=0 miss_layer=0 miss_rank=0 miss_hash=0 miss_output=0 miss_data=0 send_up_gate=0.000 ms send_down=0.000 ms send_other=0.000 ms send_ffn=0.000 ms wait_up_gate=0.000 ms wait_down=0.000 ms wait_other=0.000 ms wait_ffn=0.000 ms
[svd-offload-client-stage-profile] rpc_send_total=0.000 ms rpc_wait_total=0.000 ms
[svd-offload-client-debug] finish_fail_up_gate=0 finish_fail_down=0 finish_fail_other=0 finish_fail_ffn=0 cache_take_fail_up=0 cache_take_fail_gate=0 recv_up_sum_abs=0.000000e+00 recv_up_max_abs=0.000000e+00 recv_up_zero=0 recv_gate_sum_abs=0.000000e+00 recv_gate_max_abs=0.000000e+00 recv_gate_zero=0 recv_down_sum_abs=0.000000e+00 recv_down_max_abs=0.000000e+00 recv_down_zero=0 recv_other_sum_abs=0.000000e+00 recv_other_max_abs=0.000000e+00 recv_other_zero=0 recv_ffn_sum_abs=0.000000e+00 recv_ffn_max_abs=0.000000e+00 recv_ffn_zero=0
SUCCEED (one forward pass done)"
4c_gradient,5,baseline,all_0.3,4,"60,61,62,63","0,20,60,100",ok,17.7079,56.472,8.921178579330444,"llama_context: graph splits = 1
attach_threadpool: call
threads: decode=4 batch=4
prompt tokens: 4
running one forward pass (llama_decode) ...
Top-5 next-token candidates:
  id=11 logit=20.2053 piece="",""
  id=304 logit=18.9277 piece="" in""
  id=3837 logit=18.7558 piece=""，""
  id=1052 logit=18.5616 piece="" there""
  id=358 logit=17.8374 piece="" I""
Autoregressive generation:
Generated text: ,
Decode-only throughput: 17.7079 tokens/s (1 tokens in 0.056472 s of llama_decode)
End-to-end throughput: 17.6072 tokens/s (1 tokens in 0.0567951 s)
[decode-stage-profile] model_load=385.656 ms context_create=59.3139 ms tokenize=0.476499 ms prefill_decode=8239.07 ms generation_decode=56.472 ms generation_total=56.7951 ms program_total=8758.91 ms
[svd-local-op-profile] up_ops=56 gate_ops=56 down_ops=56 up_total=457.676 ms gate_total=451.578 ms down_total=449.511 ms up_v=149.102 ms gate_v=145.633 ms down_v=161.387 ms up_u=308.570 ms gate_u=305.941 ms down_u=288.116 ms
[svd-local-stage-profile] attention_total=1185.750 ms ffn_total=2006.146 ms ffn_svd_total=1358.765 ms ffn_svd_v=456.122 ms ffn_svd_u=902.627 ms
[svd-offload-zero-profile] up_finish=0 up_cache=0 up_no_request=27 gate_finish=0 gate_cache=0 gate_no_request=27 down_finish=0 down_cache=0 down_no_request=27 other_finish=0 other_cache=0 other_no_request=0
[svd-local-timeout-profile] up_keep=0 up_drop=0 up_wait=0.000 ms gate_keep=0 gate_drop=0 gate_wait=0.000 ms down_keep=0 down_drop=0 down_wait=0.000 ms other_keep=0 other_drop=0 other_wait=0.000 ms
[svd-offload-client] up_gate_req=0 down_req=0 other_mat_req=0 ffn_req=0 gate_cache_hits=0 gate_cache_checks=0 miss_invalid=0 miss_layer=0 miss_rank=0 miss_hash=0 miss_output=0 miss_data=0 send_up_gate=0.000 ms send_down=0.000 ms send_other=0.000 ms send_ffn=0.000 ms wait_up_gate=0.000 ms wait_down=0.000 ms wait_other=0.000 ms wait_ffn=0.000 ms
[svd-offload-client-stage-profile] rpc_send_total=0.000 ms rpc_wait_total=0.000 ms
[svd-offload-client-debug] finish_fail_up_gate=0 finish_fail_down=0 finish_fail_other=0 finish_fail_ffn=0 cache_take_fail_up=0 cache_take_fail_gate=0 recv_up_sum_abs=0.000000e+00 recv_up_max_abs=0.000000e+00 recv_up_zero=0 recv_gate_sum_abs=0.000000e+00 recv_gate_max_abs=0.000000e+00 recv_gate_zero=0 recv_down_sum_abs=0.000000e+00 recv_down_max_abs=0.000000e+00 recv_down_zero=0 recv_other_sum_abs=0.000000e+00 recv_other_max_abs=0.000000e+00 recv_other_zero=0 recv_ffn_sum_abs=0.000000e+00 recv_ffn_max_abs=0.000000e+00 recv_ffn_zero=0
SUCCEED (one forward pass done)"
4c_gradient,5,scheduler,all_0.3,4,"60,61,62,63","0,20,60,100",ok,0.291393,3431.79,7.233699560165405,"llama_context: graph splits = 1
attach_threadpool: call
threads: decode=4 batch=4
prompt tokens: 4
running one forward pass (llama_decode) ...
Top-5 next-token candidates:
  id=3 logit=0 piece=""$""
  id=4 logit=0 piece=""%""
  id=1 logit=0 piece=""""""
  id=0 logit=0 piece=""!""
  id=2 logit=0 piece=""#""
Autoregressive generation:
Generated text: !
Decode-only throughput: 0.291393 tokens/s (1 tokens in 3.43179 s of llama_decode)
End-to-end throughput: 0.291363 tokens/s (1 tokens in 3.43215 s)
[decode-stage-profile] model_load=389.595 ms context_create=59.4109 ms tokenize=0.468005 ms prefill_decode=3167.65 ms generation_decode=3431.79 ms generation_total=3432.15 ms program_total=7067.12 ms
[svd-local-op-profile] up_ops=56 gate_ops=56 down_ops=56 up_total=366.919 ms gate_total=353.516 ms down_total=326.193 ms up_v=124.758 ms gate_v=102.837 ms down_v=107.783 ms up_u=242.155 ms gate_u=250.671 ms down_u=218.405 ms
[svd-local-stage-profile] attention_total=1191.485 ms ffn_total=2145.757 ms ffn_svd_total=1046.628 ms ffn_svd_v=335.378 ms ffn_svd_u=711.231 ms
[svd-offload-zero-profile] up_finish=0 up_cache=0 up_no_request=27 gate_finish=0 gate_cache=0 gate_no_request=27 down_finish=0 down_cache=0 down_no_request=27 other_finish=0 other_cache=0 other_no_request=0
[svd-local-timeout-profile] up_keep=0 up_drop=0 up_wait=0.000 ms gate_keep=0 gate_drop=0 gate_wait=0.000 ms down_keep=0 down_drop=0 down_wait=0.000 ms other_keep=0 other_drop=0 other_wait=0.000 ms
[svd-offload-client] up_gate_req=0 down_req=0 other_mat_req=0 ffn_req=0 gate_cache_hits=0 gate_cache_checks=0 miss_invalid=0 miss_layer=0 miss_rank=0 miss_hash=0 miss_output=0 miss_data=0 send_up_gate=0.000 ms send_down=0.000 ms send_other=0.000 ms send_ffn=0.000 ms wait_up_gate=0.000 ms wait_down=0.000 ms wait_other=0.000 ms wait_ffn=0.000 ms
[svd-offload-client-stage-profile] rpc_send_total=0.000 ms rpc_wait_total=0.000 ms
[svd-offload-client-debug] finish_fail_up_gate=0 finish_fail_down=0 finish_fail_other=0 finish_fail_ffn=0 cache_take_fail_up=0 cache_take_fail_gate=0 recv_up_sum_abs=0.000000e+00 recv_up_max_abs=0.000000e+00 recv_up_zero=0 recv_gate_sum_abs=0.000000e+00 recv_gate_max_abs=0.000000e+00 recv_gate_zero=0 recv_down_sum_abs=0.000000e+00 recv_down_max_abs=0.000000e+00 recv_down_zero=0 recv_other_sum_abs=0.000000e+00 recv_other_max_abs=0.000000e+00 recv_other_zero=0 recv_ffn_sum_abs=0.000000e+00 recv_ffn_max_abs=0.000000e+00 recv_ffn_zero=0
SUCCEED (one forward pass done)"
4c_gradient,6,baseline,all_0.3,4,"60,61,62,63","0,20,60,100",ok,19.0433,52.5118,3.846971273422241,"llama_context: graph splits = 1
attach_threadpool: call
threads: decode=4 batch=4
prompt tokens: 4
running one forward pass (llama_decode) ...
Top-5 next-token candidates:
  id=11 logit=20.2053 piece="",""
  id=304 logit=18.9277 piece="" in""
  id=3837 logit=18.7558 piece=""，""
  id=1052 logit=18.5616 piece="" there""
  id=358 logit=17.8374 piece="" I""
Autoregressive generation:
Generated text: ,
Decode-only throughput: 19.0433 tokens/s (1 tokens in 0.0525118 s of llama_decode)
End-to-end throughput: 18.927 tokens/s (1 tokens in 0.0528346 s)
[decode-stage-profile] model_load=389.001 ms context_create=59.3743 ms tokenize=0.468266 ms prefill_decode=3160.15 ms generation_decode=52.5118 ms generation_total=52.8346 ms program_total=3679.18 ms
[svd-local-op-profile] up_ops=56 gate_ops=56 down_ops=56 up_total=189.637 ms gate_total=176.114 ms down_total=175.168 ms up_v=55.052 ms gate_v=52.505 ms down_v=70.927 ms up_u=134.578 ms gate_u=123.605 ms down_u=104.239 ms
[svd-local-stage-profile] attention_total=441.670 ms ffn_total=786.056 ms ffn_svd_total=540.919 ms ffn_svd_v=178.484 ms ffn_svd_u=362.422 ms
[svd-offload-zero-profile] up_finish=0 up_cache=0 up_no_request=27 gate_finish=0 gate_cache=0 gate_no_request=27 down_finish=0 down_cache=0 down_no_request=27 other_finish=0 other_cache=0 other_no_request=0
[svd-local-timeout-profile] up_keep=0 up_drop=0 up_wait=0.000 ms gate_keep=0 gate_drop=0 gate_wait=0.000 ms down_keep=0 down_drop=0 down_wait=0.000 ms other_keep=0 other_drop=0 other_wait=0.000 ms
[svd-offload-client] up_gate_req=0 down_req=0 other_mat_req=0 ffn_req=0 gate_cache_hits=0 gate_cache_checks=0 miss_invalid=0 miss_layer=0 miss_rank=0 miss_hash=0 miss_output=0 miss_data=0 send_up_gate=0.000 ms send_down=0.000 ms send_other=0.000 ms send_ffn=0.000 ms wait_up_gate=0.000 ms wait_down=0.000 ms wait_other=0.000 ms wait_ffn=0.000 ms
[svd-offload-client-stage-profile] rpc_send_total=0.000 ms rpc_wait_total=0.000 ms
[svd-offload-client-debug] finish_fail_up_gate=0 finish_fail_down=0 finish_fail_other=0 finish_fail_ffn=0 cache_take_fail_up=0 cache_take_fail_gate=0 recv_up_sum_abs=0.000000e+00 recv_up_max_abs=0.000000e+00 recv_up_zero=0 recv_gate_sum_abs=0.000000e+00 recv_gate_max_abs=0.000000e+00 recv_gate_zero=0 recv_down_sum_abs=0.000000e+00 recv_down_max_abs=0.000000e+00 recv_down_zero=0 recv_other_sum_abs=0.000000e+00 recv_other_max_abs=0.000000e+00 recv_other_zero=0 recv_ffn_sum_abs=0.000000e+00 recv_ffn_max_abs=0.000000e+00 recv_ffn_zero=0
SUCCEED (one forward pass done)"
4c_gradient,6,scheduler,all_0.3,4,"60,61,62,63","0,20,60,100",ok,3.07143,325.581,6.637932062149048,"llama_context: graph splits = 1
attach_threadpool: call
threads: decode=4 batch=4
prompt tokens: 4
running one forward pass (llama_decode) ...
Top-5 next-token candidates:
  id=3 logit=0 piece=""$""
  id=4 logit=0 piece=""%""
  id=1 logit=0 piece=""""""
  id=0 logit=0 piece=""!""
  id=2 logit=0 piece=""#""
Autoregressive generation:
Generated text: !
Decode-only throughput: 3.07143 tokens/s (1 tokens in 0.325581 s of llama_decode)
End-to-end throughput: 3.06841 tokens/s (1 tokens in 0.325902 s)
[decode-stage-profile] model_load=390.207 ms context_create=59.236 ms tokenize=0.464599 ms prefill_decode=5678.15 ms generation_decode=325.581 ms generation_total=325.902 ms program_total=6471.72 ms
[svd-local-op-profile] up_ops=56 gate_ops=56 down_ops=56 up_total=334.497 ms gate_total=341.079 ms down_total=339.565 ms up_v=104.040 ms gate_v=113.820 ms down_v=121.815 ms up_u=230.448 ms gate_u=227.252 ms down_u=217.749 ms
[svd-local-stage-profile] attention_total=799.874 ms ffn_total=1582.398 ms ffn_svd_total=1015.141 ms ffn_svd_v=339.675 ms ffn_svd_u=675.449 ms
[svd-offload-zero-profile] up_finish=0 up_cache=0 up_no_request=27 gate_finish=0 gate_cache=0 gate_no_request=27 down_finish=0 down_cache=0 down_no_request=27 other_finish=0 other_cache=0 other_no_request=0
[svd-local-timeout-profile] up_keep=0 up_drop=0 up_wait=0.000 ms gate_keep=0 gate_drop=0 gate_wait=0.000 ms down_keep=0 down_drop=0 down_wait=0.000 ms other_keep=0 other_drop=0 other_wait=0.000 ms
[svd-offload-client] up_gate_req=0 down_req=0 other_mat_req=0 ffn_req=0 gate_cache_hits=0 gate_cache_checks=0 miss_invalid=0 miss_layer=0 miss_rank=0 miss_hash=0 miss_output=0 miss_data=0 send_up_gate=0.000 ms send_down=0.000 ms send_other=0.000 ms send_ffn=0.000 ms wait_up_gate=0.000 ms wait_down=0.000 ms wait_other=0.000 ms wait_ffn=0.000 ms
[svd-offload-client-stage-profile] rpc_send_total=0.000 ms rpc_wait_total=0.000 ms
[svd-offload-client-debug] finish_fail_up_gate=0 finish_fail_down=0 finish_fail_other=0 finish_fail_ffn=0 cache_take_fail_up=0 cache_take_fail_gate=0 recv_up_sum_abs=0.000000e+00 recv_up_max_abs=0.000000e+00 recv_up_zero=0 recv_gate_sum_abs=0.000000e+00 recv_gate_max_abs=0.000000e+00 recv_gate_zero=0 recv_down_sum_abs=0.000000e+00 recv_down_max_abs=0.000000e+00 recv_down_zero=0 recv_other_sum_abs=0.000000e+00 recv_other_max_abs=0.000000e+00 recv_other_zero=0 recv_ffn_sum_abs=0.000000e+00 recv_ffn_max_abs=0.000000e+00 recv_ffn_zero=0
SUCCEED (one forward pass done)"
4c_gradient,7,baseline,all_0.3,4,"60,61,62,63","0,20,60,100",ok,19.4056,51.5316,3.8552424907684326,"llama_context: graph splits = 1
attach_threadpool: call
threads: decode=4 batch=4
prompt tokens: 4
running one forward pass (llama_decode) ...
Top-5 next-token candidates:
  id=11 logit=20.2053 piece="",""
  id=304 logit=18.9277 piece="" in""
  id=3837 logit=18.7558 piece=""，""
  id=1052 logit=18.5616 piece="" there""
  id=358 logit=17.8374 piece="" I""
Autoregressive generation:
Generated text: ,
Decode-only throughput: 19.4056 tokens/s (1 tokens in 0.0515316 s of llama_decode)
End-to-end throughput: 19.2846 tokens/s (1 tokens in 0.0518549 s)
[decode-stage-profile] model_load=383.781 ms context_create=59.1551 ms tokenize=0.450613 ms prefill_decode=3159.64 ms generation_decode=51.5316 ms generation_total=51.8549 ms program_total=3672.75 ms
[svd-local-op-profile] up_ops=56 gate_ops=56 down_ops=56 up_total=188.247 ms gate_total=179.898 ms down_total=177.990 ms up_v=58.662 ms gate_v=51.641 ms down_v=75.921 ms up_u=129.580 ms gate_u=128.250 ms down_u=102.064 ms
[svd-local-stage-profile] attention_total=429.103 ms ffn_total=796.174 ms ffn_svd_total=546.135 ms ffn_svd_v=186.224 ms ffn_svd_u=359.894 ms
[svd-offload-zero-profile] up_finish=0 up_cache=0 up_no_request=27 gate_finish=0 gate_cache=0 gate_no_request=27 down_finish=0 down_cache=0 down_no_request=27 other_finish=0 other_cache=0 other_no_request=0
[svd-local-timeout-profile] up_keep=0 up_drop=0 up_wait=0.000 ms gate_keep=0 gate_drop=0 gate_wait=0.000 ms down_keep=0 down_drop=0 down_wait=0.000 ms other_keep=0 other_drop=0 other_wait=0.000 ms
[svd-offload-client] up_gate_req=0 down_req=0 other_mat_req=0 ffn_req=0 gate_cache_hits=0 gate_cache_checks=0 miss_invalid=0 miss_layer=0 miss_rank=0 miss_hash=0 miss_output=0 miss_data=0 send_up_gate=0.000 ms send_down=0.000 ms send_other=0.000 ms send_ffn=0.000 ms wait_up_gate=0.000 ms wait_down=0.000 ms wait_other=0.000 ms wait_ffn=0.000 ms
[svd-offload-client-stage-profile] rpc_send_total=0.000 ms rpc_wait_total=0.000 ms
[svd-offload-client-debug] finish_fail_up_gate=0 finish_fail_down=0 finish_fail_other=0 finish_fail_ffn=0 cache_take_fail_up=0 cache_take_fail_gate=0 recv_up_sum_abs=0.000000e+00 recv_up_max_abs=0.000000e+00 recv_up_zero=0 recv_gate_sum_abs=0.000000e+00 recv_gate_max_abs=0.000000e+00 recv_gate_zero=0 recv_down_sum_abs=0.000000e+00 recv_down_max_abs=0.000000e+00 recv_down_zero=0 recv_other_sum_abs=0.000000e+00 recv_other_max_abs=0.000000e+00 recv_other_zero=0 recv_ffn_sum_abs=0.000000e+00 recv_ffn_max_abs=0.000000e+00 recv_ffn_zero=0
SUCCEED (one forward pass done)"
4c_gradient,7,scheduler,all_0.3,4,"60,61,62,63","0,20,60,100",ok,21.0372,47.5349,3.8455302715301514,"llama_context: graph splits = 1
attach_threadpool: call
threads: decode=4 batch=4
prompt tokens: 4
running one forward pass (llama_decode) ...
Top-5 next-token candidates:
  id=3 logit=0 piece=""$""
  id=4 logit=0 piece=""%""
  id=1 logit=0 piece=""""""
  id=0 logit=0 piece=""!""
  id=2 logit=0 piece=""#""
Autoregressive generation:
Generated text: !
Decode-only throughput: 21.0372 tokens/s (1 tokens in 0.0475349 s of llama_decode)
End-to-end throughput: 20.8945 tokens/s (1 tokens in 0.0478595 s)
[decode-stage-profile] model_load=395.586 ms context_create=60.8451 ms tokenize=0.45738 ms prefill_decode=3156.46 ms generation_decode=47.5349 ms generation_total=47.8595 ms program_total=3679.22 ms
[svd-local-op-profile] up_ops=56 gate_ops=56 down_ops=56 up_total=179.169 ms gate_total=166.869 ms down_total=171.350 ms up_v=53.580 ms gate_v=50.990 ms down_v=70.217 ms up_u=125.582 ms gate_u=115.872 ms down_u=101.130 ms
[svd-local-stage-profile] attention_total=431.409 ms ffn_total=779.222 ms ffn_svd_total=517.388 ms ffn_svd_v=174.787 ms ffn_svd_u=342.584 ms
[svd-offload-zero-profile] up_finish=0 up_cache=0 up_no_request=27 gate_finish=0 gate_cache=0 gate_no_request=27 down_finish=0 down_cache=0 down_no_request=27 other_finish=0 other_cache=0 other_no_request=0
[svd-local-timeout-profile] up_keep=0 up_drop=0 up_wait=0.000 ms gate_keep=0 gate_drop=0 gate_wait=0.000 ms down_keep=0 down_drop=0 down_wait=0.000 ms other_keep=0 other_drop=0 other_wait=0.000 ms
[svd-offload-client] up_gate_req=0 down_req=0 other_mat_req=0 ffn_req=0 gate_cache_hits=0 gate_cache_checks=0 miss_invalid=0 miss_layer=0 miss_rank=0 miss_hash=0 miss_output=0 miss_data=0 send_up_gate=0.000 ms send_down=0.000 ms send_other=0.000 ms send_ffn=0.000 ms wait_up_gate=0.000 ms wait_down=0.000 ms wait_other=0.000 ms wait_ffn=0.000 ms
[svd-offload-client-stage-profile] rpc_send_total=0.000 ms rpc_wait_total=0.000 ms
[svd-offload-client-debug] finish_fail_up_gate=0 finish_fail_down=0 finish_fail_other=0 finish_fail_ffn=0 cache_take_fail_up=0 cache_take_fail_gate=0 recv_up_sum_abs=0.000000e+00 recv_up_max_abs=0.000000e+00 recv_up_zero=0 recv_gate_sum_abs=0.000000e+00 recv_gate_max_abs=0.000000e+00 recv_gate_zero=0 recv_down_sum_abs=0.000000e+00 recv_down_max_abs=0.000000e+00 recv_down_zero=0 recv_other_sum_abs=0.000000e+00 recv_other_max_abs=0.000000e+00 recv_other_zero=0 recv_ffn_sum_abs=0.000000e+00 recv_ffn_max_abs=0.000000e+00 recv_ffn_zero=0
SUCCEED (one forward pass done)"
4c_gradient,8,baseline,all_0.3,4,"60,61,62,63","0,20,60,100",ok,2.52882,395.442,6.732465505599976,"llama_context: graph splits = 1
attach_threadpool: call
threads: decode=4 batch=4
prompt tokens: 4
running one forward pass (llama_decode) ...
Top-5 next-token candidates:
  id=11 logit=20.2053 piece="",""
  id=304 logit=18.9277 piece="" in""
  id=3837 logit=18.7558 piece=""，""
  id=1052 logit=18.5616 piece="" there""
  id=358 logit=17.8374 piece="" I""
Autoregressive generation:
Generated text: ,
Decode-only throughput: 2.52882 tokens/s (1 tokens in 0.395442 s of llama_decode)
End-to-end throughput: 2.52657 tokens/s (1 tokens in 0.395794 s)
[decode-stage-profile] model_load=389.482 ms context_create=59.3418 ms tokenize=0.463236 ms prefill_decode=5697.54 ms generation_decode=395.442 ms generation_total=395.794 ms program_total=6560.55 ms
[svd-local-op-profile] up_ops=56 gate_ops=56 down_ops=56 up_total=341.083 ms gate_total=350.835 ms down_total=367.811 ms up_v=110.863 ms gate_v=110.631 ms down_v=130.485 ms up_u=230.213 ms gate_u=240.200 ms down_u=237.322 ms
[svd-local-stage-profile] attention_total=867.601 ms ffn_total=1608.797 ms ffn_svd_total=1059.729 ms ffn_svd_v=351.979 ms ffn_svd_u=707.735 ms
[svd-offload-zero-profile] up_finish=0 up_cache=0 up_no_request=27 gate_finish=0 gate_cache=0 gate_no_request=27 down_finish=0 down_cache=0 down_no_request=27 other_finish=0 other_cache=0 other_no_request=0
[svd-local-timeout-profile] up_keep=0 up_drop=0 up_wait=0.000 ms gate_keep=0 gate_drop=0 gate_wait=0.000 ms down_keep=0 down_drop=0 down_wait=0.000 ms other_keep=0 other_drop=0 other_wait=0.000 ms
[svd-offload-client] up_gate_req=0 down_req=0 other_mat_req=0 ffn_req=0 gate_cache_hits=0 gate_cache_checks=0 miss_invalid=0 miss_layer=0 miss_rank=0 miss_hash=0 miss_output=0 miss_data=0 send_up_gate=0.000 ms send_down=0.000 ms send_other=0.000 ms send_ffn=0.000 ms wait_up_gate=0.000 ms wait_down=0.000 ms wait_other=0.000 ms wait_ffn=0.000 ms
[svd-offload-client-stage-profile] rpc_send_total=0.000 ms rpc_wait_total=0.000 ms
[svd-offload-client-debug] finish_fail_up_gate=0 finish_fail_down=0 finish_fail_other=0 finish_fail_ffn=0 cache_take_fail_up=0 cache_take_fail_gate=0 recv_up_sum_abs=0.000000e+00 recv_up_max_abs=0.000000e+00 recv_up_zero=0 recv_gate_sum_abs=0.000000e+00 recv_gate_max_abs=0.000000e+00 recv_gate_zero=0 recv_down_sum_abs=0.000000e+00 recv_down_max_abs=0.000000e+00 recv_down_zero=0 recv_other_sum_abs=0.000000e+00 recv_other_max_abs=0.000000e+00 recv_other_zero=0 recv_ffn_sum_abs=0.000000e+00 recv_ffn_max_abs=0.000000e+00 recv_ffn_zero=0
SUCCEED (one forward pass done)"
4c_gradient,8,scheduler,all_0.3,4,"60,61,62,63","0,20,60,100",ok,20.161,49.6007,6.037436008453369,"llama_context: graph splits = 1
attach_threadpool: call
threads: decode=4 batch=4
prompt tokens: 4
running one forward pass (llama_decode) ...
Top-5 next-token candidates:
  id=3 logit=0 piece=""$""
  id=4 logit=0 piece=""%""
  id=1 logit=0 piece=""""""
  id=0 logit=0 piece=""!""
  id=2 logit=0 piece=""#""
Autoregressive generation:
Generated text: !
Decode-only throughput: 20.161 tokens/s (1 tokens in 0.0496007 s of llama_decode)
End-to-end throughput: 20.0278 tokens/s (1 tokens in 0.0499307 s)
[decode-stage-profile] model_load=391.848 ms context_create=60.0883 ms tokenize=0.468033 ms prefill_decode=5352.53 ms generation_decode=49.6007 ms generation_total=49.9307 ms program_total=5872.54 ms
[svd-local-op-profile] up_ops=56 gate_ops=56 down_ops=56 up_total=304.907 ms gate_total=304.648 ms down_total=296.293 ms up_v=96.488 ms gate_v=97.487 ms down_v=109.137 ms up_u=208.412 ms gate_u=207.155 ms down_u=187.147 ms
[svd-local-stage-profile] attention_total=734.300 ms ffn_total=1378.416 ms ffn_svd_total=905.848 ms ffn_svd_v=303.112 ms ffn_svd_u=602.714 ms
[svd-offload-zero-profile] up_finish=0 up_cache=0 up_no_request=27 gate_finish=0 gate_cache=0 gate_no_request=27 down_finish=0 down_cache=0 down_no_request=27 other_finish=0 other_cache=0 other_no_request=0
[svd-local-timeout-profile] up_keep=0 up_drop=0 up_wait=0.000 ms gate_keep=0 gate_drop=0 gate_wait=0.000 ms down_keep=0 down_drop=0 down_wait=0.000 ms other_keep=0 other_drop=0 other_wait=0.000 ms
[svd-offload-client] up_gate_req=0 down_req=0 other_mat_req=0 ffn_req=0 gate_cache_hits=0 gate_cache_checks=0 miss_invalid=0 miss_layer=0 miss_rank=0 miss_hash=0 miss_output=0 miss_data=0 send_up_gate=0.000 ms send_down=0.000 ms send_other=0.000 ms send_ffn=0.000 ms wait_up_gate=0.000 ms wait_down=0.000 ms wait_other=0.000 ms wait_ffn=0.000 ms
[svd-offload-client-stage-profile] rpc_send_total=0.000 ms rpc_wait_total=0.000 ms
[svd-offload-client-debug] finish_fail_up_gate=0 finish_fail_down=0 finish_fail_other=0 finish_fail_ffn=0 cache_take_fail_up=0 cache_take_fail_gate=0 recv_up_sum_abs=0.000000e+00 recv_up_max_abs=0.000000e+00 recv_up_zero=0 recv_gate_sum_abs=0.000000e+00 recv_gate_max_abs=0.000000e+00 recv_gate_zero=0 recv_down_sum_abs=0.000000e+00 recv_down_max_abs=0.000000e+00 recv_down_zero=0 recv_other_sum_abs=0.000000e+00 recv_other_max_abs=0.000000e+00 recv_other_zero=0 recv_ffn_sum_abs=0.000000e+00 recv_ffn_max_abs=0.000000e+00 recv_ffn_zero=0
SUCCEED (one forward pass done)"
4c_high,0,baseline,all_0.6,4,"60,61,62,63","70,80,90,100",ok,19.5392,51.1793,2.587120532989502,"llama_context: graph splits = 1
attach_threadpool: call
threads: decode=4 batch=4
prompt tokens: 4
running one forward pass (llama_decode) ...
Top-5 next-token candidates:
  id=11 logit=20.2053 piece="",""
  id=304 logit=18.9277 piece="" in""
  id=3837 logit=18.7558 piece=""，""
  id=1052 logit=18.5616 piece="" there""
  id=358 logit=17.8374 piece="" I""
Autoregressive generation:
Generated text: ,
Decode-only throughput: 19.5392 tokens/s (1 tokens in 0.0511793 s of llama_decode)
End-to-end throughput: 19.4166 tokens/s (1 tokens in 0.0515024 s)
[decode-stage-profile] model_load=391.592 ms context_create=57.6743 ms tokenize=0.462215 ms prefill_decode=1912.31 ms generation_decode=51.1793 ms generation_total=51.5024 ms program_total=2430.49 ms
[svd-local-op-profile] up_ops=56 gate_ops=56 down_ops=56 up_total=123.315 ms gate_total=118.248 ms down_total=113.589 ms up_v=37.733 ms gate_v=40.210 ms down_v=53.746 ms up_u=85.578 ms gate_u=78.029 ms down_u=59.841 ms
[svd-local-stage-profile] attention_total=284.965 ms ffn_total=492.604 ms ffn_svd_total=355.152 ms ffn_svd_v=131.689 ms ffn_svd_u=223.448 ms
[svd-offload-zero-profile] up_finish=0 up_cache=0 up_no_request=27 gate_finish=0 gate_cache=0 gate_no_request=27 down_finish=0 down_cache=0 down_no_request=27 other_finish=0 other_cache=0 other_no_request=0
[svd-local-timeout-profile] up_keep=0 up_drop=0 up_wait=0.000 ms gate_keep=0 gate_drop=0 gate_wait=0.000 ms down_keep=0 down_drop=0 down_wait=0.000 ms other_keep=0 other_drop=0 other_wait=0.000 ms
[svd-offload-client] up_gate_req=0 down_req=0 other_mat_req=0 ffn_req=0 gate_cache_hits=0 gate_cache_checks=0 miss_invalid=0 miss_layer=0 miss_rank=0 miss_hash=0 miss_output=0 miss_data=0 send_up_gate=0.000 ms send_down=0.000 ms send_other=0.000 ms send_ffn=0.000 ms wait_up_gate=0.000 ms wait_down=0.000 ms wait_other=0.000 ms wait_ffn=0.000 ms
[svd-offload-client-stage-profile] rpc_send_total=0.000 ms rpc_wait_total=0.000 ms
[svd-offload-client-debug] finish_fail_up_gate=0 finish_fail_down=0 finish_fail_other=0 finish_fail_ffn=0 cache_take_fail_up=0 cache_take_fail_gate=0 recv_up_sum_abs=0.000000e+00 recv_up_max_abs=0.000000e+00 recv_up_zero=0 recv_gate_sum_abs=0.000000e+00 recv_gate_max_abs=0.000000e+00 recv_gate_zero=0 recv_down_sum_abs=0.000000e+00 recv_down_max_abs=0.000000e+00 recv_down_zero=0 recv_other_sum_abs=0.000000e+00 recv_other_max_abs=0.000000e+00 recv_other_zero=0 recv_ffn_sum_abs=0.000000e+00 recv_ffn_max_abs=0.000000e+00 recv_ffn_zero=0
SUCCEED (one forward pass done)"
4c_high,0,scheduler,all_0.6,4,"60,61,62,63","70,80,90,100",ok,24.486,40.8397,0.7188994884490967,"llama_context: graph splits = 1
attach_threadpool: call
threads: decode=4 batch=4
prompt tokens: 4
running one forward pass (llama_decode) ...
Top-5 next-token candidates:
  id=548 logit=12.187 piece="" pr""
  id=62 logit=11.6986 piece=""_""
  id=512 logit=11.4494 piece="" le""
  id=9985 logit=11.4267 piece=""CM""
  id=1315 logit=11.4123 piece=""ait""
Autoregressive generation:
Generated text:  pr
Decode-only throughput: 24.486 tokens/s (1 tokens in 0.0408397 s of llama_decode)
End-to-end throughput: 24.3023 tokens/s (1 tokens in 0.0411484 s)
[decode-stage-profile] model_load=379.989 ms context_create=61.3932 ms tokenize=0.461118 ms prefill_decode=65.529 ms generation_decode=40.8397 ms generation_total=41.1484 ms program_total=564.96 ms
[svd-local-op-profile] up_ops=56 gate_ops=56 down_ops=56 up_total=24.682 ms gate_total=24.754 ms down_total=14.152 ms up_v=3.045 ms gate_v=3.458 ms down_v=10.144 ms up_u=21.631 ms gate_u=21.293 ms down_u=4.002 ms
[svd-local-stage-profile] attention_total=1.405 ms ffn_total=64.779 ms ffn_svd_total=63.588 ms ffn_svd_v=16.647 ms ffn_svd_u=46.926 ms
[svd-offload-zero-profile] up_finish=0 up_cache=0 up_no_request=27 gate_finish=0 gate_cache=0 gate_no_request=27 down_finish=0 down_cache=0 down_no_request=27 other_finish=0 other_cache=0 other_no_request=0
[svd-local-timeout-profile] up_keep=0 up_drop=0 up_wait=0.000 ms gate_keep=0 gate_drop=0 gate_wait=0.000 ms down_keep=0 down_drop=0 down_wait=0.000 ms other_keep=0 other_drop=0 other_wait=0.000 ms
[svd-offload-client] up_gate_req=0 down_req=0 other_mat_req=0 ffn_req=0 gate_cache_hits=0 gate_cache_checks=0 miss_invalid=0 miss_layer=0 miss_rank=0 miss_hash=0 miss_output=0 miss_data=0 send_up_gate=0.000 ms send_down=0.000 ms send_other=0.000 ms send_ffn=0.000 ms wait_up_gate=0.000 ms wait_down=0.000 ms wait_other=0.000 ms wait_ffn=0.000 ms
[svd-offload-client-stage-profile] rpc_send_total=0.000 ms rpc_wait_total=0.000 ms
[svd-offload-client-debug] finish_fail_up_gate=0 finish_fail_down=0 finish_fail_other=0 finish_fail_ffn=0 cache_take_fail_up=0 cache_take_fail_gate=0 recv_up_sum_abs=0.000000e+00 recv_up_max_abs=0.000000e+00 recv_up_zero=0 recv_gate_sum_abs=0.000000e+00 recv_gate_max_abs=0.000000e+00 recv_gate_zero=0 recv_down_sum_abs=0.000000e+00 recv_down_max_abs=0.000000e+00 recv_down_zero=0 recv_other_sum_abs=0.000000e+00 recv_other_max_abs=0.000000e+00 recv_other_zero=0 recv_ffn_sum_abs=0.000000e+00 recv_ffn_max_abs=0.000000e+00 recv_ffn_zero=0
SUCCEED (one forward pass done)"
4c_high,1,baseline,all_0.6,4,"60,61,62,63","70,80,90,100",ok,21.1076,47.3763,0.7473223209381104,"llama_context: graph splits = 1
attach_threadpool: call
threads: decode=4 batch=4
prompt tokens: 4
running one forward pass (llama_decode) ...
Top-5 next-token candidates:
  id=11 logit=20.2053 piece="",""
  id=304 logit=18.9277 piece="" in""
  id=3837 logit=18.7558 piece=""，""
  id=1052 logit=18.5616 piece="" there""
  id=358 logit=17.8374 piece="" I""
Autoregressive generation:
Generated text: ,
Decode-only throughput: 21.1076 tokens/s (1 tokens in 0.0473763 s of llama_decode)
End-to-end throughput: 20.9675 tokens/s (1 tokens in 0.0476929 s)
[decode-stage-profile] model_load=388.68 ms context_create=58.1767 ms tokenize=0.457762 ms prefill_decode=87.1179 ms generation_decode=47.3763 ms generation_total=47.6929 ms program_total=598.688 ms
[svd-local-op-profile] up_ops=56 gate_ops=56 down_ops=56 up_total=34.253 ms gate_total=34.508 ms down_total=27.786 ms up_v=5.427 ms gate_v=5.550 ms down_v=22.020 ms up_u=28.822 ms gate_u=28.955 ms down_u=5.765 ms
[svd-local-stage-profile] attention_total=1.365 ms ffn_total=97.831 ms ffn_svd_total=96.547 ms ffn_svd_v=32.997 ms ffn_svd_u=63.542 ms
[svd-offload-zero-profile] up_finish=0 up_cache=0 up_no_request=27 gate_finish=0 gate_cache=0 gate_no_request=27 down_finish=0 down_cache=0 down_no_request=27 other_finish=0 other_cache=0 other_no_request=0
[svd-local-timeout-profile] up_keep=0 up_drop=0 up_wait=0.000 ms gate_keep=0 gate_drop=0 gate_wait=0.000 ms down_keep=0 down_drop=0 down_wait=0.000 ms other_keep=0 other_drop=0 other_wait=0.000 ms
[svd-offload-client] up_gate_req=0 down_req=0 other_mat_req=0 ffn_req=0 gate_cache_hits=0 gate_cache_checks=0 miss_invalid=0 miss_layer=0 miss_rank=0 miss_hash=0 miss_output=0 miss_data=0 send_up_gate=0.000 ms send_down=0.000 ms send_other=0.000 ms send_ffn=0.000 ms wait_up_gate=0.000 ms wait_down=0.000 ms wait_other=0.000 ms wait_ffn=0.000 ms
[svd-offload-client-stage-profile] rpc_send_total=0.000 ms rpc_wait_total=0.000 ms
[svd-offload-client-debug] finish_fail_up_gate=0 finish_fail_down=0 finish_fail_other=0 finish_fail_ffn=0 cache_take_fail_up=0 cache_take_fail_gate=0 recv_up_sum_abs=0.000000e+00 recv_up_max_abs=0.000000e+00 recv_up_zero=0 recv_gate_sum_abs=0.000000e+00 recv_gate_max_abs=0.000000e+00 recv_gate_zero=0 recv_down_sum_abs=0.000000e+00 recv_down_max_abs=0.000000e+00 recv_down_zero=0 recv_other_sum_abs=0.000000e+00 recv_other_max_abs=0.000000e+00 recv_other_zero=0 recv_ffn_sum_abs=0.000000e+00 recv_ffn_max_abs=0.000000e+00 recv_ffn_zero=0
SUCCEED (one forward pass done)"
4c_high,1,scheduler,all_0.6,4,"60,61,62,63","70,80,90,100",ok,22.2234,44.9976,3.721048593521118,"llama_context: graph splits = 1
attach_threadpool: call
threads: decode=4 batch=4
prompt tokens: 4
running one forward pass (llama_decode) ...
Top-5 next-token candidates:
  id=548 logit=12.187 piece="" pr""
  id=62 logit=11.6986 piece=""_""
  id=512 logit=11.4494 piece="" le""
  id=9985 logit=11.4267 piece=""CM""
  id=1315 logit=11.4123 piece=""ait""
Autoregressive generation:
Generated text:  pr
Decode-only throughput: 22.2234 tokens/s (1 tokens in 0.0449976 s of llama_decode)
End-to-end throughput: 22.0682 tokens/s (1 tokens in 0.045314 s)
[decode-stage-profile] model_load=389.272 ms context_create=55.334 ms tokenize=0.468402 ms prefill_decode=3051.58 ms generation_decode=44.9976 ms generation_total=45.314 ms program_total=3558.81 ms
[svd-local-op-profile] up_ops=56 gate_ops=56 down_ops=56 up_total=177.582 ms gate_total=175.176 ms down_total=168.862 ms up_v=52.942 ms gate_v=52.641 ms down_v=58.188 ms up_u=124.631 ms gate_u=122.530 ms down_u=110.670 ms
[svd-local-stage-profile] attention_total=436.501 ms ffn_total=773.303 ms ffn_svd_total=521.620 ms ffn_svd_v=163.771 ms ffn_svd_u=357.831 ms
[svd-offload-zero-profile] up_finish=0 up_cache=0 up_no_request=27 gate_finish=0 gate_cache=0 gate_no_request=27 down_finish=0 down_cache=0 down_no_request=27 other_finish=0 other_cache=0 other_no_request=0
[svd-local-timeout-profile] up_keep=0 up_drop=0 up_wait=0.000 ms gate_keep=0 gate_drop=0 gate_wait=0.000 ms down_keep=0 down_drop=0 down_wait=0.000 ms other_keep=0 other_drop=0 other_wait=0.000 ms
[svd-offload-client] up_gate_req=0 down_req=0 other_mat_req=0 ffn_req=0 gate_cache_hits=0 gate_cache_checks=0 miss_invalid=0 miss_layer=0 miss_rank=0 miss_hash=0 miss_output=0 miss_data=0 send_up_gate=0.000 ms send_down=0.000 ms send_other=0.000 ms send_ffn=0.000 ms wait_up_gate=0.000 ms wait_down=0.000 ms wait_other=0.000 ms wait_ffn=0.000 ms
[svd-offload-client-stage-profile] rpc_send_total=0.000 ms rpc_wait_total=0.000 ms
[svd-offload-client-debug] finish_fail_up_gate=0 finish_fail_down=0 finish_fail_other=0 finish_fail_ffn=0 cache_take_fail_up=0 cache_take_fail_gate=0 recv_up_sum_abs=0.000000e+00 recv_up_max_abs=0.000000e+00 recv_up_zero=0 recv_gate_sum_abs=0.000000e+00 recv_gate_max_abs=0.000000e+00 recv_gate_zero=0 recv_down_sum_abs=0.000000e+00 recv_down_max_abs=0.000000e+00 recv_down_zero=0 recv_other_sum_abs=0.000000e+00 recv_other_max_abs=0.000000e+00 recv_other_zero=0 recv_ffn_sum_abs=0.000000e+00 recv_ffn_max_abs=0.000000e+00 recv_ffn_zero=0
SUCCEED (one forward pass done)"
4c_high,2,baseline,all_0.6,4,"60,61,62,63","70,80,90,100",ok,18.6357,53.6605,0.7456634044647217,"llama_context: graph splits = 1
attach_threadpool: call
threads: decode=4 batch=4
prompt tokens: 4
running one forward pass (llama_decode) ...
Top-5 next-token candidates:
  id=11 logit=20.2053 piece="",""
  id=304 logit=18.9277 piece="" in""
  id=3837 logit=18.7558 piece=""，""
  id=1052 logit=18.5616 piece="" there""
  id=358 logit=17.8374 piece="" I""
Autoregressive generation:
Generated text: ,
Decode-only throughput: 18.6357 tokens/s (1 tokens in 0.0536605 s of llama_decode)
End-to-end throughput: 18.5247 tokens/s (1 tokens in 0.0539819 s)
[decode-stage-profile] model_load=383.517 ms context_create=59.0596 ms tokenize=0.463438 ms prefill_decode=85.403 ms generation_decode=53.6605 ms generation_total=53.9819 ms program_total=598.873 ms
[svd-local-op-profile] up_ops=56 gate_ops=56 down_ops=56 up_total=34.496 ms gate_total=34.908 ms down_total=33.944 ms up_v=5.470 ms gate_v=5.546 ms down_v=28.196 ms up_u=29.025 ms gate_u=29.355 ms down_u=5.747 ms
[svd-local-stage-profile] attention_total=3.272 ms ffn_total=104.631 ms ffn_svd_total=103.348 ms ffn_svd_v=39.212 ms ffn_svd_u=64.127 ms
[svd-offload-zero-profile] up_finish=0 up_cache=0 up_no_request=27 gate_finish=0 gate_cache=0 gate_no_request=27 down_finish=0 down_cache=0 down_no_request=27 other_finish=0 other_cache=0 other_no_request=0
[svd-local-timeout-profile] up_keep=0 up_drop=0 up_wait=0.000 ms gate_keep=0 gate_drop=0 gate_wait=0.000 ms down_keep=0 down_drop=0 down_wait=0.000 ms other_keep=0 other_drop=0 other_wait=0.000 ms
[svd-offload-client] up_gate_req=0 down_req=0 other_mat_req=0 ffn_req=0 gate_cache_hits=0 gate_cache_checks=0 miss_invalid=0 miss_layer=0 miss_rank=0 miss_hash=0 miss_output=0 miss_data=0 send_up_gate=0.000 ms send_down=0.000 ms send_other=0.000 ms send_ffn=0.000 ms wait_up_gate=0.000 ms wait_down=0.000 ms wait_other=0.000 ms wait_ffn=0.000 ms
[svd-offload-client-stage-profile] rpc_send_total=0.000 ms rpc_wait_total=0.000 ms
[svd-offload-client-debug] finish_fail_up_gate=0 finish_fail_down=0 finish_fail_other=0 finish_fail_ffn=0 cache_take_fail_up=0 cache_take_fail_gate=0 recv_up_sum_abs=0.000000e+00 recv_up_max_abs=0.000000e+00 recv_up_zero=0 recv_gate_sum_abs=0.000000e+00 recv_gate_max_abs=0.000000e+00 recv_gate_zero=0 recv_down_sum_abs=0.000000e+00 recv_down_max_abs=0.000000e+00 recv_down_zero=0 recv_other_sum_abs=0.000000e+00 recv_other_max_abs=0.000000e+00 recv_other_zero=0 recv_ffn_sum_abs=0.000000e+00 recv_ffn_max_abs=0.000000e+00 recv_ffn_zero=0
SUCCEED (one forward pass done)"
4c_high,2,scheduler,all_0.6,4,"60,61,62,63","70,80,90,100",ok,23.0645,43.3566,0.7163279056549072,"llama_context: graph splits = 1
attach_threadpool: call
threads: decode=4 batch=4
prompt tokens: 4
running one forward pass (llama_decode) ...
Top-5 next-token candidates:
  id=548 logit=12.187 piece="" pr""
  id=62 logit=11.6986 piece=""_""
  id=512 logit=11.4494 piece="" le""
  id=9985 logit=11.4267 piece=""CM""
  id=1315 logit=11.4123 piece=""ait""
Autoregressive generation:
Generated text:  pr
Decode-only throughput: 23.0645 tokens/s (1 tokens in 0.0433566 s of llama_decode)
End-to-end throughput: 22.8982 tokens/s (1 tokens in 0.0436716 s)
[decode-stage-profile] model_load=392.955 ms context_create=57.6176 ms tokenize=0.461974 ms prefill_decode=60.4486 ms generation_decode=43.3566 ms generation_total=43.6716 ms program_total=571.809 ms
[svd-local-op-profile] up_ops=56 gate_ops=56 down_ops=56 up_total=24.685 ms gate_total=24.620 ms down_total=17.313 ms up_v=3.132 ms gate_v=3.465 ms down_v=10.201 ms up_u=21.550 ms gate_u=21.153 ms down_u=7.108 ms
[svd-local-stage-profile] attention_total=1.367 ms ffn_total=67.762 ms ffn_svd_total=66.618 ms ffn_svd_v=16.798 ms ffn_svd_u=49.811 ms
[svd-offload-zero-profile] up_finish=0 up_cache=0 up_no_request=27 gate_finish=0 gate_cache=0 gate_no_request=27 down_finish=0 down_cache=0 down_no_request=27 other_finish=0 other_cache=0 other_no_request=0
[svd-local-timeout-profile] up_keep=0 up_drop=0 up_wait=0.000 ms gate_keep=0 gate_drop=0 gate_wait=0.000 ms down_keep=0 down_drop=0 down_wait=0.000 ms other_keep=0 other_drop=0 other_wait=0.000 ms
[svd-offload-client] up_gate_req=0 down_req=0 other_mat_req=0 ffn_req=0 gate_cache_hits=0 gate_cache_checks=0 miss_invalid=0 miss_layer=0 miss_rank=0 miss_hash=0 miss_output=0 miss_data=0 send_up_gate=0.000 ms send_down=0.000 ms send_other=0.000 ms send_ffn=0.000 ms wait_up_gate=0.000 ms wait_down=0.000 ms wait_other=0.000 ms wait_ffn=0.000 ms
[svd-offload-client-stage-profile] rpc_send_total=0.000 ms rpc_wait_total=0.000 ms
[svd-offload-client-debug] finish_fail_up_gate=0 finish_fail_down=0 finish_fail_other=0 finish_fail_ffn=0 cache_take_fail_up=0 cache_take_fail_gate=0 recv_up_sum_abs=0.000000e+00 recv_up_max_abs=0.000000e+00 recv_up_zero=0 recv_gate_sum_abs=0.000000e+00 recv_gate_max_abs=0.000000e+00 recv_gate_zero=0 recv_down_sum_abs=0.000000e+00 recv_down_max_abs=0.000000e+00 recv_down_zero=0 recv_other_sum_abs=0.000000e+00 recv_other_max_abs=0.000000e+00 recv_other_zero=0 recv_ffn_sum_abs=0.000000e+00 recv_ffn_max_abs=0.000000e+00 recv_ffn_zero=0
SUCCEED (one forward pass done)"
4c_high,3,baseline,all_0.6,4,"60,61,62,63","70,80,90,100",ok,18.7984,53.196,0.7428781986236572,"llama_context: graph splits = 1
attach_threadpool: call
threads: decode=4 batch=4
prompt tokens: 4
running one forward pass (llama_decode) ...
Top-5 next-token candidates:
  id=11 logit=20.2053 piece="",""
  id=304 logit=18.9277 piece="" in""
  id=3837 logit=18.7558 piece=""，""
  id=1052 logit=18.5616 piece="" there""
  id=358 logit=17.8374 piece="" I""
Autoregressive generation:
Generated text: ,
Decode-only throughput: 18.7984 tokens/s (1 tokens in 0.053196 s of llama_decode)
End-to-end throughput: 18.6821 tokens/s (1 tokens in 0.0535272 s)
[decode-stage-profile] model_load=378.355 ms context_create=61.4849 ms tokenize=0.471532 ms prefill_decode=84.3425 ms generation_decode=53.196 ms generation_total=53.5272 ms program_total=594.789 ms
[svd-local-op-profile] up_ops=56 gate_ops=56 down_ops=56 up_total=37.346 ms gate_total=35.689 ms down_total=27.786 ms up_v=5.557 ms gate_v=5.560 ms down_v=22.080 ms up_u=31.787 ms gate_u=30.118 ms down_u=5.699 ms
[svd-local-stage-profile] attention_total=1.342 ms ffn_total=105.033 ms ffn_svd_total=100.821 ms ffn_svd_v=33.197 ms ffn_svd_u=67.604 ms
[svd-offload-zero-profile] up_finish=0 up_cache=0 up_no_request=27 gate_finish=0 gate_cache=0 gate_no_request=27 down_finish=0 down_cache=0 down_no_request=27 other_finish=0 other_cache=0 other_no_request=0
[svd-local-timeout-profile] up_keep=0 up_drop=0 up_wait=0.000 ms gate_keep=0 gate_drop=0 gate_wait=0.000 ms down_keep=0 down_drop=0 down_wait=0.000 ms other_keep=0 other_drop=0 other_wait=0.000 ms
[svd-offload-client] up_gate_req=0 down_req=0 other_mat_req=0 ffn_req=0 gate_cache_hits=0 gate_cache_checks=0 miss_invalid=0 miss_layer=0 miss_rank=0 miss_hash=0 miss_output=0 miss_data=0 send_up_gate=0.000 ms send_down=0.000 ms send_other=0.000 ms send_ffn=0.000 ms wait_up_gate=0.000 ms wait_down=0.000 ms wait_other=0.000 ms wait_ffn=0.000 ms
[svd-offload-client-stage-profile] rpc_send_total=0.000 ms rpc_wait_total=0.000 ms
[svd-offload-client-debug] finish_fail_up_gate=0 finish_fail_down=0 finish_fail_other=0 finish_fail_ffn=0 cache_take_fail_up=0 cache_take_fail_gate=0 recv_up_sum_abs=0.000000e+00 recv_up_max_abs=0.000000e+00 recv_up_zero=0 recv_gate_sum_abs=0.000000e+00 recv_gate_max_abs=0.000000e+00 recv_gate_zero=0 recv_down_sum_abs=0.000000e+00 recv_down_max_abs=0.000000e+00 recv_down_zero=0 recv_other_sum_abs=0.000000e+00 recv_other_max_abs=0.000000e+00 recv_other_zero=0 recv_ffn_sum_abs=0.000000e+00 recv_ffn_max_abs=0.000000e+00 recv_ffn_zero=0
SUCCEED (one forward pass done)"
4c_high,3,scheduler,all_0.6,4,"60,61,62,63","70,80,90,100",ok,24.5918,40.6639,0.7206144332885742,"llama_context: graph splits = 1
attach_threadpool: call
threads: decode=4 batch=4
prompt tokens: 4
running one forward pass (llama_decode) ...
Top-5 next-token candidates:
  id=548 logit=12.187 piece="" pr""
  id=62 logit=11.6986 piece=""_""
  id=512 logit=11.4494 piece="" le""
  id=9985 logit=11.4267 piece=""CM""
  id=1315 logit=11.4123 piece=""ait""
Autoregressive generation:
Generated text:  pr
Decode-only throughput: 24.5918 tokens/s (1 tokens in 0.0406639 s of llama_decode)
End-to-end throughput: 24.4068 tokens/s (1 tokens in 0.0409722 s)
[decode-stage-profile] model_load=395.638 ms context_create=57.8661 ms tokenize=0.455274 ms prefill_decode=60.9152 ms generation_decode=40.6639 ms generation_total=40.9722 ms program_total=572.158 ms
[svd-local-op-profile] up_ops=56 gate_ops=56 down_ops=56 up_total=24.669 ms gate_total=24.592 ms down_total=14.258 ms up_v=3.056 ms gate_v=3.073 ms down_v=10.168 ms up_u=21.610 ms gate_u=21.515 ms down_u=4.085 ms
[svd-local-stage-profile] attention_total=1.264 ms ffn_total=64.568 ms ffn_svd_total=63.519 ms ffn_svd_v=16.297 ms ffn_svd_u=47.210 ms
[svd-offload-zero-profile] up_finish=0 up_cache=0 up_no_request=27 gate_finish=0 gate_cache=0 gate_no_request=27 down_finish=0 down_cache=0 down_no_request=27 other_finish=0 other_cache=0 other_no_request=0
[svd-local-timeout-profile] up_keep=0 up_drop=0 up_wait=0.000 ms gate_keep=0 gate_drop=0 gate_wait=0.000 ms down_keep=0 down_drop=0 down_wait=0.000 ms other_keep=0 other_drop=0 other_wait=0.000 ms
[svd-offload-client] up_gate_req=0 down_req=0 other_mat_req=0 ffn_req=0 gate_cache_hits=0 gate_cache_checks=0 miss_invalid=0 miss_layer=0 miss_rank=0 miss_hash=0 miss_output=0 miss_data=0 send_up_gate=0.000 ms send_down=0.000 ms send_other=0.000 ms send_ffn=0.000 ms wait_up_gate=0.000 ms wait_down=0.000 ms wait_other=0.000 ms wait_ffn=0.000 ms
[svd-offload-client-stage-profile] rpc_send_total=0.000 ms rpc_wait_total=0.000 ms
[svd-offload-client-debug] finish_fail_up_gate=0 finish_fail_down=0 finish_fail_other=0 finish_fail_ffn=0 cache_take_fail_up=0 cache_take_fail_gate=0 recv_up_sum_abs=0.000000e+00 recv_up_max_abs=0.000000e+00 recv_up_zero=0 recv_gate_sum_abs=0.000000e+00 recv_gate_max_abs=0.000000e+00 recv_gate_zero=0 recv_down_sum_abs=0.000000e+00 recv_down_max_abs=0.000000e+00 recv_down_zero=0 recv_other_sum_abs=0.000000e+00 recv_other_max_abs=0.000000e+00 recv_other_zero=0 recv_ffn_sum_abs=0.000000e+00 recv_ffn_max_abs=0.000000e+00 recv_ffn_zero=0
SUCCEED (one forward pass done)"
4c_high,4,baseline,all_0.6,4,"60,61,62,63","70,80,90,100",ok,20.9939,47.6329,0.7515726089477539,"llama_context: graph splits = 1
attach_threadpool: call
threads: decode=4 batch=4
prompt tokens: 4
running one forward pass (llama_decode) ...
Top-5 next-token candidates:
  id=11 logit=20.2053 piece="",""
  id=304 logit=18.9277 piece="" in""
  id=3837 logit=18.7558 piece=""，""
  id=1052 logit=18.5616 piece="" there""
  id=358 logit=17.8374 piece="" I""
Autoregressive generation:
Generated text: ,
Decode-only throughput: 20.9939 tokens/s (1 tokens in 0.0476329 s of llama_decode)
End-to-end throughput: 20.8508 tokens/s (1 tokens in 0.0479597 s)
[decode-stage-profile] model_load=383.889 ms context_create=58.282 ms tokenize=0.468879 ms prefill_decode=86.5596 ms generation_decode=47.6329 ms generation_total=47.9597 ms program_total=593.752 ms
[svd-local-op-profile] up_ops=56 gate_ops=56 down_ops=56 up_total=33.909 ms gate_total=34.563 ms down_total=27.876 ms up_v=5.291 ms gate_v=5.521 ms down_v=22.064 ms up_u=28.613 ms gate_u=29.036 ms down_u=5.805 ms
[svd-local-stage-profile] attention_total=1.374 ms ffn_total=97.622 ms ffn_svd_total=96.348 ms ffn_svd_v=32.876 ms ffn_svd_u=63.454 ms
[svd-offload-zero-profile] up_finish=0 up_cache=0 up_no_request=27 gate_finish=0 gate_cache=0 gate_no_request=27 down_finish=0 down_cache=0 down_no_request=27 other_finish=0 other_cache=0 other_no_request=0
[svd-local-timeout-profile] up_keep=0 up_drop=0 up_wait=0.000 ms gate_keep=0 gate_drop=0 gate_wait=0.000 ms down_keep=0 down_drop=0 down_wait=0.000 ms other_keep=0 other_drop=0 other_wait=0.000 ms
[svd-offload-client] up_gate_req=0 down_req=0 other_mat_req=0 ffn_req=0 gate_cache_hits=0 gate_cache_checks=0 miss_invalid=0 miss_layer=0 miss_rank=0 miss_hash=0 miss_output=0 miss_data=0 send_up_gate=0.000 ms send_down=0.000 ms send_other=0.000 ms send_ffn=0.000 ms wait_up_gate=0.000 ms wait_down=0.000 ms wait_other=0.000 ms wait_ffn=0.000 ms
[svd-offload-client-stage-profile] rpc_send_total=0.000 ms rpc_wait_total=0.000 ms
[svd-offload-client-debug] finish_fail_up_gate=0 finish_fail_down=0 finish_fail_other=0 finish_fail_ffn=0 cache_take_fail_up=0 cache_take_fail_gate=0 recv_up_sum_abs=0.000000e+00 recv_up_max_abs=0.000000e+00 recv_up_zero=0 recv_gate_sum_abs=0.000000e+00 recv_gate_max_abs=0.000000e+00 recv_gate_zero=0 recv_down_sum_abs=0.000000e+00 recv_down_max_abs=0.000000e+00 recv_down_zero=0 recv_other_sum_abs=0.000000e+00 recv_other_max_abs=0.000000e+00 recv_other_zero=0 recv_ffn_sum_abs=0.000000e+00 recv_ffn_max_abs=0.000000e+00 recv_ffn_zero=0
SUCCEED (one forward pass done)"
4c_high,4,scheduler,all_0.6,4,"60,61,62,63","70,80,90,100",ok,21.7213,46.0378,0.7057323455810547,"llama_context: graph splits = 1
attach_threadpool: call
threads: decode=4 batch=4
prompt tokens: 4
running one forward pass (llama_decode) ...
Top-5 next-token candidates:
  id=548 logit=12.187 piece="" pr""
  id=62 logit=11.6986 piece=""_""
  id=512 logit=11.4494 piece="" le""
  id=9985 logit=11.4267 piece=""CM""
  id=1315 logit=11.4123 piece=""ait""
Autoregressive generation:
Generated text:  pr
Decode-only throughput: 21.7213 tokens/s (1 tokens in 0.0460378 s of llama_decode)
End-to-end throughput: 21.5778 tokens/s (1 tokens in 0.0463439 s)
[decode-stage-profile] model_load=382.341 ms context_create=57.5149 ms tokenize=0.463453 ms prefill_decode=56.551 ms generation_decode=46.0378 ms generation_total=46.3439 ms program_total=559.794 ms
[svd-local-op-profile] up_ops=56 gate_ops=56 down_ops=56 up_total=29.734 ms gate_total=24.269 ms down_total=14.196 ms up_v=3.120 ms gate_v=3.361 ms down_v=10.159 ms up_u=26.608 ms gate_u=20.903 ms down_u=4.033 ms
[svd-local-stage-profile] attention_total=1.331 ms ffn_total=70.961 ms ffn_svd_total=68.199 ms ffn_svd_v=16.640 ms ffn_svd_u=51.544 ms
[svd-offload-zero-profile] up_finish=0 up_cache=0 up_no_request=27 gate_finish=0 gate_cache=0 gate_no_request=27 down_finish=0 down_cache=0 down_no_request=27 other_finish=0 other_cache=0 other_no_request=0
[svd-local-timeout-profile] up_keep=0 up_drop=0 up_wait=0.000 ms gate_keep=0 gate_drop=0 gate_wait=0.000 ms down_keep=0 down_drop=0 down_wait=0.000 ms other_keep=0 other_drop=0 other_wait=0.000 ms
[svd-offload-client] up_gate_req=0 down_req=0 other_mat_req=0 ffn_req=0 gate_cache_hits=0 gate_cache_checks=0 miss_invalid=0 miss_layer=0 miss_rank=0 miss_hash=0 miss_output=0 miss_data=0 send_up_gate=0.000 ms send_down=0.000 ms send_other=0.000 ms send_ffn=0.000 ms wait_up_gate=0.000 ms wait_down=0.000 ms wait_other=0.000 ms wait_ffn=0.000 ms
[svd-offload-client-stage-profile] rpc_send_total=0.000 ms rpc_wait_total=0.000 ms
[svd-offload-client-debug] finish_fail_up_gate=0 finish_fail_down=0 finish_fail_other=0 finish_fail_ffn=0 cache_take_fail_up=0 cache_take_fail_gate=0 recv_up_sum_abs=0.000000e+00 recv_up_max_abs=0.000000e+00 recv_up_zero=0 recv_gate_sum_abs=0.000000e+00 recv_gate_max_abs=0.000000e+00 recv_gate_zero=0 recv_down_sum_abs=0.000000e+00 recv_down_max_abs=0.000000e+00 recv_down_zero=0 recv_other_sum_abs=0.000000e+00 recv_other_max_abs=0.000000e+00 recv_other_zero=0 recv_ffn_sum_abs=0.000000e+00 recv_ffn_max_abs=0.000000e+00 recv_ffn_zero=0
SUCCEED (one forward pass done)"
4c_high,5,baseline,all_0.6,4,"60,61,62,63","70,80,90,100",ok,21.1728,47.2305,2.5582849979400635,"llama_context: graph splits = 1
attach_threadpool: call
threads: decode=4 batch=4
prompt tokens: 4
running one forward pass (llama_decode) ...
Top-5 next-token candidates:
  id=11 logit=20.2053 piece="",""
  id=304 logit=18.9277 piece="" in""
  id=3837 logit=18.7558 piece=""，""
  id=1052 logit=18.5616 piece="" there""
  id=358 logit=17.8374 piece="" I""
Autoregressive generation:
Generated text: ,
Decode-only throughput: 21.1728 tokens/s (1 tokens in 0.0472305 s of llama_decode)
End-to-end throughput: 21.0319 tokens/s (1 tokens in 0.0475469 s)
[decode-stage-profile] model_load=381.767 ms context_create=57.4029 ms tokenize=0.440465 ms prefill_decode=1908.13 ms generation_decode=47.2305 ms generation_total=47.5469 ms program_total=2412.11 ms
[svd-local-op-profile] up_ops=56 gate_ops=56 down_ops=56 up_total=127.928 ms gate_total=116.531 ms down_total=116.213 ms up_v=38.097 ms gate_v=34.979 ms down_v=53.655 ms up_u=89.827 ms gate_u=81.542 ms down_u=62.552 ms
[svd-local-stage-profile] attention_total=267.186 ms ffn_total=499.281 ms ffn_svd_total=360.672 ms ffn_svd_v=126.731 ms ffn_svd_u=233.921 ms
[svd-offload-zero-profile] up_finish=0 up_cache=0 up_no_request=27 gate_finish=0 gate_cache=0 gate_no_request=27 down_finish=0 down_cache=0 down_no_request=27 other_finish=0 other_cache=0 other_no_request=0
[svd-local-timeout-profile] up_keep=0 up_drop=0 up_wait=0.000 ms gate_keep=0 gate_drop=0 gate_wait=0.000 ms down_keep=0 down_drop=0 down_wait=0.000 ms other_keep=0 other_drop=0 other_wait=0.000 ms
[svd-offload-client] up_gate_req=0 down_req=0 other_mat_req=0 ffn_req=0 gate_cache_hits=0 gate_cache_checks=0 miss_invalid=0 miss_layer=0 miss_rank=0 miss_hash=0 miss_output=0 miss_data=0 send_up_gate=0.000 ms send_down=0.000 ms send_other=0.000 ms send_ffn=0.000 ms wait_up_gate=0.000 ms wait_down=0.000 ms wait_other=0.000 ms wait_ffn=0.000 ms
[svd-offload-client-stage-profile] rpc_send_total=0.000 ms rpc_wait_total=0.000 ms
[svd-offload-client-debug] finish_fail_up_gate=0 finish_fail_down=0 finish_fail_other=0 finish_fail_ffn=0 cache_take_fail_up=0 cache_take_fail_gate=0 recv_up_sum_abs=0.000000e+00 recv_up_max_abs=0.000000e+00 recv_up_zero=0 recv_gate_sum_abs=0.000000e+00 recv_gate_max_abs=0.000000e+00 recv_gate_zero=0 recv_down_sum_abs=0.000000e+00 recv_down_max_abs=0.000000e+00 recv_down_zero=0 recv_other_sum_abs=0.000000e+00 recv_other_max_abs=0.000000e+00 recv_other_zero=0 recv_ffn_sum_abs=0.000000e+00 recv_ffn_max_abs=0.000000e+00 recv_ffn_zero=0
SUCCEED (one forward pass done)"
4c_high,5,scheduler,all_0.6,4,"60,61,62,63","70,80,90,100",ok,24.8209,40.2886,0.8610985279083252,"llama_context: graph splits = 1
attach_threadpool: call
threads: decode=4 batch=4
prompt tokens: 4
running one forward pass (llama_decode) ...
Top-5 next-token candidates:
  id=548 logit=12.187 piece="" pr""
  id=62 logit=11.6986 piece=""_""
  id=512 logit=11.4494 piece="" le""
  id=9985 logit=11.4267 piece=""CM""
  id=1315 logit=11.4123 piece=""ait""
Autoregressive generation:
Generated text:  pr
Decode-only throughput: 24.8209 tokens/s (1 tokens in 0.0402886 s of llama_decode)
End-to-end throughput: 24.6315 tokens/s (1 tokens in 0.0405985 s)
[decode-stage-profile] model_load=401.306 ms context_create=56.8446 ms tokenize=0.448893 ms prefill_decode=200.488 ms generation_decode=40.2886 ms generation_total=40.5985 ms program_total=716.116 ms
[svd-local-op-profile] up_ops=56 gate_ops=56 down_ops=56 up_total=29.437 ms gate_total=24.084 ms down_total=13.930 ms up_v=3.139 ms gate_v=3.247 ms down_v=9.990 ms up_u=26.293 ms gate_u=20.834 ms down_u=3.939 ms
[svd-local-stage-profile] attention_total=69.713 ms ffn_total=68.525 ms ffn_svd_total=67.451 ms ffn_svd_v=16.376 ms ffn_svd_u=51.066 ms
[svd-offload-zero-profile] up_finish=0 up_cache=0 up_no_request=27 gate_finish=0 gate_cache=0 gate_no_request=27 down_finish=0 down_cache=0 down_no_request=27 other_finish=0 other_cache=0 other_no_request=0
[svd-local-timeout-profile] up_keep=0 up_drop=0 up_wait=0.000 ms gate_keep=0 gate_drop=0 gate_wait=0.000 ms down_keep=0 down_drop=0 down_wait=0.000 ms other_keep=0 other_drop=0 other_wait=0.000 ms
[svd-offload-client] up_gate_req=0 down_req=0 other_mat_req=0 ffn_req=0 gate_cache_hits=0 gate_cache_checks=0 miss_invalid=0 miss_layer=0 miss_rank=0 miss_hash=0 miss_output=0 miss_data=0 send_up_gate=0.000 ms send_down=0.000 ms send_other=0.000 ms send_ffn=0.000 ms wait_up_gate=0.000 ms wait_down=0.000 ms wait_other=0.000 ms wait_ffn=0.000 ms
[svd-offload-client-stage-profile] rpc_send_total=0.000 ms rpc_wait_total=0.000 ms
[svd-offload-client-debug] finish_fail_up_gate=0 finish_fail_down=0 finish_fail_other=0 finish_fail_ffn=0 cache_take_fail_up=0 cache_take_fail_gate=0 recv_up_sum_abs=0.000000e+00 recv_up_max_abs=0.000000e+00 recv_up_zero=0 recv_gate_sum_abs=0.000000e+00 recv_gate_max_abs=0.000000e+00 recv_gate_zero=0 recv_down_sum_abs=0.000000e+00 recv_down_max_abs=0.000000e+00 recv_down_zero=0 recv_other_sum_abs=0.000000e+00 recv_other_max_abs=0.000000e+00 recv_other_zero=0 recv_ffn_sum_abs=0.000000e+00 recv_ffn_max_abs=0.000000e+00 recv_ffn_zero=0
SUCCEED (one forward pass done)"
4c_high,6,baseline,all_0.6,4,"60,61,62,63","70,80,90,100",ok,19.76,50.6073,0.7448596954345703,"llama_context: graph splits = 1
attach_threadpool: call
threads: decode=4 batch=4
prompt tokens: 4
running one forward pass (llama_decode) ...
Top-5 next-token candidates:
  id=11 logit=20.2053 piece="",""
  id=304 logit=18.9277 piece="" in""
  id=3837 logit=18.7558 piece=""，""
  id=1052 logit=18.5616 piece="" there""
  id=358 logit=17.8374 piece="" I""
Autoregressive generation:
Generated text: ,
Decode-only throughput: 19.76 tokens/s (1 tokens in 0.0506073 s of llama_decode)
End-to-end throughput: 19.6389 tokens/s (1 tokens in 0.0509194 s)
[decode-stage-profile] model_load=392.524 ms context_create=57.2779 ms tokenize=0.462236 ms prefill_decode=87.2297 ms generation_decode=50.6073 ms generation_total=50.9194 ms program_total=604.799 ms
[svd-local-op-profile] up_ops=56 gate_ops=56 down_ops=56 up_total=34.046 ms gate_total=37.511 ms down_total=27.975 ms up_v=5.374 ms gate_v=5.543 ms down_v=22.177 ms up_u=28.667 ms gate_u=31.965 ms down_u=5.791 ms
[svd-local-stage-profile] attention_total=1.331 ms ffn_total=100.818 ms ffn_svd_total=99.532 ms ffn_svd_v=33.094 ms ffn_svd_u=66.423 ms
[svd-offload-zero-profile] up_finish=0 up_cache=0 up_no_request=27 gate_finish=0 gate_cache=0 gate_no_request=27 down_finish=0 down_cache=0 down_no_request=27 other_finish=0 other_cache=0 other_no_request=0
[svd-local-timeout-profile] up_keep=0 up_drop=0 up_wait=0.000 ms gate_keep=0 gate_drop=0 gate_wait=0.000 ms down_keep=0 down_drop=0 down_wait=0.000 ms other_keep=0 other_drop=0 other_wait=0.000 ms
[svd-offload-client] up_gate_req=0 down_req=0 other_mat_req=0 ffn_req=0 gate_cache_hits=0 gate_cache_checks=0 miss_invalid=0 miss_layer=0 miss_rank=0 miss_hash=0 miss_output=0 miss_data=0 send_up_gate=0.000 ms send_down=0.000 ms send_other=0.000 ms send_ffn=0.000 ms wait_up_gate=0.000 ms wait_down=0.000 ms wait_other=0.000 ms wait_ffn=0.000 ms
[svd-offload-client-stage-profile] rpc_send_total=0.000 ms rpc_wait_total=0.000 ms
[svd-offload-client-debug] finish_fail_up_gate=0 finish_fail_down=0 finish_fail_other=0 finish_fail_ffn=0 cache_take_fail_up=0 cache_take_fail_gate=0 recv_up_sum_abs=0.000000e+00 recv_up_max_abs=0.000000e+00 recv_up_zero=0 recv_gate_sum_abs=0.000000e+00 recv_gate_max_abs=0.000000e+00 recv_gate_zero=0 recv_down_sum_abs=0.000000e+00 recv_down_max_abs=0.000000e+00 recv_down_zero=0 recv_other_sum_abs=0.000000e+00 recv_other_max_abs=0.000000e+00 recv_other_zero=0 recv_ffn_sum_abs=0.000000e+00 recv_ffn_max_abs=0.000000e+00 recv_ffn_zero=0
SUCCEED (one forward pass done)"
4c_high,6,scheduler,all_0.6,4,"60,61,62,63","70,80,90,100",ok,22.8288,43.8044,0.7194240093231201,"llama_context: graph splits = 1
attach_threadpool: call
threads: decode=4 batch=4
prompt tokens: 4
running one forward pass (llama_decode) ...
Top-5 next-token candidates:
  id=548 logit=12.187 piece="" pr""
  id=62 logit=11.6986 piece=""_""
  id=512 logit=11.4494 piece="" le""
  id=9985 logit=11.4267 piece=""CM""
  id=1315 logit=11.4123 piece=""ait""
Autoregressive generation:
Generated text:  pr
Decode-only throughput: 22.8288 tokens/s (1 tokens in 0.0438044 s of llama_decode)
End-to-end throughput: 22.6649 tokens/s (1 tokens in 0.0441211 s)
[decode-stage-profile] model_load=385.431 ms context_create=58.5974 ms tokenize=0.487779 ms prefill_decode=66.6894 ms generation_decode=43.8044 ms generation_total=44.1211 ms program_total=571.844 ms
[svd-local-op-profile] up_ops=56 gate_ops=56 down_ops=56 up_total=26.329 ms gate_total=26.216 ms down_total=15.845 ms up_v=3.408 ms gate_v=3.410 ms down_v=11.477 ms up_u=22.911 ms gate_u=22.796 ms down_u=4.362 ms
[svd-local-stage-profile] attention_total=1.389 ms ffn_total=69.612 ms ffn_svd_total=68.390 ms ffn_svd_v=18.295 ms ffn_svd_u=50.069 ms
[svd-offload-zero-profile] up_finish=0 up_cache=0 up_no_request=27 gate_finish=0 gate_cache=0 gate_no_request=27 down_finish=0 down_cache=0 down_no_request=27 other_finish=0 other_cache=0 other_no_request=0
[svd-local-timeout-profile] up_keep=0 up_drop=0 up_wait=0.000 ms gate_keep=0 gate_drop=0 gate_wait=0.000 ms down_keep=0 down_drop=0 down_wait=0.000 ms other_keep=0 other_drop=0 other_wait=0.000 ms
[svd-offload-client] up_gate_req=0 down_req=0 other_mat_req=0 ffn_req=0 gate_cache_hits=0 gate_cache_checks=0 miss_invalid=0 miss_layer=0 miss_rank=0 miss_hash=0 miss_output=0 miss_data=0 send_up_gate=0.000 ms send_down=0.000 ms send_other=0.000 ms send_ffn=0.000 ms wait_up_gate=0.000 ms wait_down=0.000 ms wait_other=0.000 ms wait_ffn=0.000 ms
[svd-offload-client-stage-profile] rpc_send_total=0.000 ms rpc_wait_total=0.000 ms
[svd-offload-client-debug] finish_fail_up_gate=0 finish_fail_down=0 finish_fail_other=0 finish_fail_ffn=0 cache_take_fail_up=0 cache_take_fail_gate=0 recv_up_sum_abs=0.000000e+00 recv_up_max_abs=0.000000e+00 recv_up_zero=0 recv_gate_sum_abs=0.000000e+00 recv_gate_max_abs=0.000000e+00 recv_gate_zero=0 recv_down_sum_abs=0.000000e+00 recv_down_max_abs=0.000000e+00 recv_down_zero=0 recv_other_sum_abs=0.000000e+00 recv_other_max_abs=0.000000e+00 recv_other_zero=0 recv_ffn_sum_abs=0.000000e+00 recv_ffn_max_abs=0.000000e+00 recv_ffn_zero=0
SUCCEED (one forward pass done)"
4c_high,7,baseline,all_0.6,4,"60,61,62,63","70,80,90,100",ok,19.74,50.6585,0.8065075874328613,"llama_context: graph splits = 1
attach_threadpool: call
threads: decode=4 batch=4
prompt tokens: 4
running one forward pass (llama_decode) ...
Top-5 next-token candidates:
  id=11 logit=20.2053 piece="",""
  id=304 logit=18.9277 piece="" in""
  id=3837 logit=18.7558 piece=""，""
  id=1052 logit=18.5616 piece="" there""
  id=358 logit=17.8374 piece="" I""
Autoregressive generation:
Generated text: ,
Decode-only throughput: 19.74 tokens/s (1 tokens in 0.0506585 s of llama_decode)
End-to-end throughput: 19.62 tokens/s (1 tokens in 0.0509685 s)
[decode-stage-profile] model_load=408.765 ms context_create=56.4392 ms tokenize=0.468872 ms prefill_decode=91.1491 ms generation_decode=50.6585 ms generation_total=50.9685 ms program_total=624.341 ms
[svd-local-op-profile] up_ops=56 gate_ops=56 down_ops=56 up_total=34.978 ms gate_total=43.274 ms down_total=31.802 ms up_v=5.605 ms gate_v=5.559 ms down_v=25.838 ms up_u=29.367 ms gate_u=37.712 ms down_u=5.956 ms
[svd-local-stage-profile] attention_total=1.353 ms ffn_total=111.355 ms ffn_svd_total=110.054 ms ffn_svd_v=37.002 ms ffn_svd_u=73.035 ms
[svd-offload-zero-profile] up_finish=0 up_cache=0 up_no_request=27 gate_finish=0 gate_cache=0 gate_no_request=27 down_finish=0 down_cache=0 down_no_request=27 other_finish=0 other_cache=0 other_no_request=0
[svd-local-timeout-profile] up_keep=0 up_drop=0 up_wait=0.000 ms gate_keep=0 gate_drop=0 gate_wait=0.000 ms down_keep=0 down_drop=0 down_wait=0.000 ms other_keep=0 other_drop=0 other_wait=0.000 ms
[svd-offload-client] up_gate_req=0 down_req=0 other_mat_req=0 ffn_req=0 gate_cache_hits=0 gate_cache_checks=0 miss_invalid=0 miss_layer=0 miss_rank=0 miss_hash=0 miss_output=0 miss_data=0 send_up_gate=0.000 ms send_down=0.000 ms send_other=0.000 ms send_ffn=0.000 ms wait_up_gate=0.000 ms wait_down=0.000 ms wait_other=0.000 ms wait_ffn=0.000 ms
[svd-offload-client-stage-profile] rpc_send_total=0.000 ms rpc_wait_total=0.000 ms
[svd-offload-client-debug] finish_fail_up_gate=0 finish_fail_down=0 finish_fail_other=0 finish_fail_ffn=0 cache_take_fail_up=0 cache_take_fail_gate=0 recv_up_sum_abs=0.000000e+00 recv_up_max_abs=0.000000e+00 recv_up_zero=0 recv_gate_sum_abs=0.000000e+00 recv_gate_max_abs=0.000000e+00 recv_gate_zero=0 recv_down_sum_abs=0.000000e+00 recv_down_max_abs=0.000000e+00 recv_down_zero=0 recv_other_sum_abs=0.000000e+00 recv_other_max_abs=0.000000e+00 recv_other_zero=0 recv_ffn_sum_abs=0.000000e+00 recv_ffn_max_abs=0.000000e+00 recv_ffn_zero=0
SUCCEED (one forward pass done)"
4c_high,7,scheduler,all_0.6,4,"60,61,62,63","70,80,90,100",ok,22.4187,44.6056,0.7238752841949463,"llama_context: graph splits = 1
attach_threadpool: call
threads: decode=4 batch=4
prompt tokens: 4
running one forward pass (llama_decode) ...
Top-5 next-token candidates:
  id=548 logit=12.187 piece="" pr""
  id=62 logit=11.6986 piece=""_""
  id=512 logit=11.4494 piece="" le""
  id=9985 logit=11.4267 piece=""CM""
  id=1315 logit=11.4123 piece=""ait""
Autoregressive generation:
Generated text:  pr
Decode-only throughput: 22.4187 tokens/s (1 tokens in 0.0446056 s of llama_decode)
End-to-end throughput: 22.2628 tokens/s (1 tokens in 0.0449179 s)
[decode-stage-profile] model_load=385.382 ms context_create=57.3696 ms tokenize=0.452513 ms prefill_decode=71.0478 ms generation_decode=44.6056 ms generation_total=44.9179 ms program_total=575.606 ms
[svd-local-op-profile] up_ops=56 gate_ops=56 down_ops=56 up_total=30.069 ms gate_total=29.284 ms down_total=16.628 ms up_v=3.662 ms gate_v=3.369 ms down_v=11.923 ms up_u=26.388 ms gate_u=25.908 ms down_u=4.700 ms
[svd-local-stage-profile] attention_total=1.389 ms ffn_total=77.185 ms ffn_svd_total=75.981 ms ffn_svd_v=18.954 ms ffn_svd_u=56.996 ms
[svd-offload-zero-profile] up_finish=0 up_cache=0 up_no_request=27 gate_finish=0 gate_cache=0 gate_no_request=27 down_finish=0 down_cache=0 down_no_request=27 other_finish=0 other_cache=0 other_no_request=0
[svd-local-timeout-profile] up_keep=0 up_drop=0 up_wait=0.000 ms gate_keep=0 gate_drop=0 gate_wait=0.000 ms down_keep=0 down_drop=0 down_wait=0.000 ms other_keep=0 other_drop=0 other_wait=0.000 ms
[svd-offload-client] up_gate_req=0 down_req=0 other_mat_req=0 ffn_req=0 gate_cache_hits=0 gate_cache_checks=0 miss_invalid=0 miss_layer=0 miss_rank=0 miss_hash=0 miss_output=0 miss_data=0 send_up_gate=0.000 ms send_down=0.000 ms send_other=0.000 ms send_ffn=0.000 ms wait_up_gate=0.000 ms wait_down=0.000 ms wait_other=0.000 ms wait_ffn=0.000 ms
[svd-offload-client-stage-profile] rpc_send_total=0.000 ms rpc_wait_total=0.000 ms
[svd-offload-client-debug] finish_fail_up_gate=0 finish_fail_down=0 finish_fail_other=0 finish_fail_ffn=0 cache_take_fail_up=0 cache_take_fail_gate=0 recv_up_sum_abs=0.000000e+00 recv_up_max_abs=0.000000e+00 recv_up_zero=0 recv_gate_sum_abs=0.000000e+00 recv_gate_max_abs=0.000000e+00 recv_gate_zero=0 recv_down_sum_abs=0.000000e+00 recv_down_max_abs=0.000000e+00 recv_down_zero=0 recv_other_sum_abs=0.000000e+00 recv_other_max_abs=0.000000e+00 recv_other_zero=0 recv_ffn_sum_abs=0.000000e+00 recv_ffn_max_abs=0.000000e+00 recv_ffn_zero=0
SUCCEED (one forward pass done)"
4c_high,8,baseline,all_0.6,4,"60,61,62,63","70,80,90,100",ok,17.8443,56.0402,0.7641232013702393,"llama_context: graph splits = 1
attach_threadpool: call
threads: decode=4 batch=4
prompt tokens: 4
running one forward pass (llama_decode) ...
Top-5 next-token candidates:
  id=11 logit=20.2053 piece="",""
  id=304 logit=18.9277 piece="" in""
  id=3837 logit=18.7558 piece=""，""
  id=1052 logit=18.5616 piece="" there""
  id=358 logit=17.8374 piece="" I""
Autoregressive generation:
Generated text: ,
Decode-only throughput: 17.8443 tokens/s (1 tokens in 0.0560402 s of llama_decode)
End-to-end throughput: 17.7483 tokens/s (1 tokens in 0.0563434 s)
[decode-stage-profile] model_load=377.509 ms context_create=55.9693 ms tokenize=0.460652 ms prefill_decode=116.877 ms generation_decode=56.0402 ms generation_total=56.3434 ms program_total=623.389 ms
[svd-local-op-profile] up_ops=56 gate_ops=56 down_ops=56 up_total=45.720 ms gate_total=45.918 ms down_total=37.797 ms up_v=7.204 ms gate_v=7.138 ms down_v=30.525 ms up_u=38.514 ms gate_u=38.776 ms down_u=7.269 ms
[svd-local-stage-profile] attention_total=1.475 ms ffn_total=130.672 ms ffn_svd_total=129.435 ms ffn_svd_v=44.867 ms ffn_svd_u=84.559 ms
[svd-offload-zero-profile] up_finish=0 up_cache=0 up_no_request=27 gate_finish=0 gate_cache=0 gate_no_request=27 down_finish=0 down_cache=0 down_no_request=27 other_finish=0 other_cache=0 other_no_request=0
[svd-local-timeout-profile] up_keep=0 up_drop=0 up_wait=0.000 ms gate_keep=0 gate_drop=0 gate_wait=0.000 ms down_keep=0 down_drop=0 down_wait=0.000 ms other_keep=0 other_drop=0 other_wait=0.000 ms
[svd-offload-client] up_gate_req=0 down_req=0 other_mat_req=0 ffn_req=0 gate_cache_hits=0 gate_cache_checks=0 miss_invalid=0 miss_layer=0 miss_rank=0 miss_hash=0 miss_output=0 miss_data=0 send_up_gate=0.000 ms send_down=0.000 ms send_other=0.000 ms send_ffn=0.000 ms wait_up_gate=0.000 ms wait_down=0.000 ms wait_other=0.000 ms wait_ffn=0.000 ms
[svd-offload-client-stage-profile] rpc_send_total=0.000 ms rpc_wait_total=0.000 ms
[svd-offload-client-debug] finish_fail_up_gate=0 finish_fail_down=0 finish_fail_other=0 finish_fail_ffn=0 cache_take_fail_up=0 cache_take_fail_gate=0 recv_up_sum_abs=0.000000e+00 recv_up_max_abs=0.000000e+00 recv_up_zero=0 recv_gate_sum_abs=0.000000e+00 recv_gate_max_abs=0.000000e+00 recv_gate_zero=0 recv_down_sum_abs=0.000000e+00 recv_down_max_abs=0.000000e+00 recv_down_zero=0 recv_other_sum_abs=0.000000e+00 recv_other_max_abs=0.000000e+00 recv_other_zero=0 recv_ffn_sum_abs=0.000000e+00 recv_ffn_max_abs=0.000000e+00 recv_ffn_zero=0
SUCCEED (one forward pass done)"
4c_high,8,scheduler,all_0.6,4,"60,61,62,63","70,80,90,100",ok,19.5866,51.0554,0.8101680278778076,"llama_context: graph splits = 1
attach_threadpool: call
threads: decode=4 batch=4
prompt tokens: 4
running one forward pass (llama_decode) ...
Top-5 next-token candidates:
  id=548 logit=12.187 piece="" pr""
  id=62 logit=11.6986 piece=""_""
  id=512 logit=11.4494 piece="" le""
  id=9985 logit=11.4267 piece=""CM""
  id=1315 logit=11.4123 piece=""ait""
Autoregressive generation:
Generated text:  pr
Decode-only throughput: 19.5866 tokens/s (1 tokens in 0.0510554 s of llama_decode)
End-to-end throughput: 19.4667 tokens/s (1 tokens in 0.0513699 s)
[decode-stage-profile] model_load=419.051 ms context_create=69.9915 ms tokenize=0.893546 ms prefill_decode=72.0878 ms generation_decode=51.0554 ms generation_total=51.3699 ms program_total=630.231 ms
[svd-local-op-profile] up_ops=56 gate_ops=56 down_ops=56 up_total=35.716 ms gate_total=29.667 ms down_total=17.691 ms up_v=3.599 ms gate_v=3.605 ms down_v=13.022 ms up_u=32.115 ms gate_u=26.055 ms down_u=4.663 ms
[svd-local-stage-profile] attention_total=1.492 ms ffn_total=84.432 ms ffn_svd_total=83.074 ms ffn_svd_v=20.226 ms ffn_svd_u=62.833 ms
[svd-offload-zero-profile] up_finish=0 up_cache=0 up_no_request=27 gate_finish=0 gate_cache=0 gate_no_request=27 down_finish=0 down_cache=0 down_no_request=27 other_finish=0 other_cache=0 other_no_request=0
[svd-local-timeout-profile] up_keep=0 up_drop=0 up_wait=0.000 ms gate_keep=0 gate_drop=0 gate_wait=0.000 ms down_keep=0 down_drop=0 down_wait=0.000 ms other_keep=0 other_drop=0 other_wait=0.000 ms
[svd-offload-client] up_gate_req=0 down_req=0 other_mat_req=0 ffn_req=0 gate_cache_hits=0 gate_cache_checks=0 miss_invalid=0 miss_layer=0 miss_rank=0 miss_hash=0 miss_output=0 miss_data=0 send_up_gate=0.000 ms send_down=0.000 ms send_other=0.000 ms send_ffn=0.000 ms wait_up_gate=0.000 ms wait_down=0.000 ms wait_other=0.000 ms wait_ffn=0.000 ms
[svd-offload-client-stage-profile] rpc_send_total=0.000 ms rpc_wait_total=0.000 ms
[svd-offload-client-debug] finish_fail_up_gate=0 finish_fail_down=0 finish_fail_other=0 finish_fail_ffn=0 cache_take_fail_up=0 cache_take_fail_gate=0 recv_up_sum_abs=0.000000e+00 recv_up_max_abs=0.000000e+00 recv_up_zero=0 recv_gate_sum_abs=0.000000e+00 recv_gate_max_abs=0.000000e+00 recv_gate_zero=0 recv_down_sum_abs=0.000000e+00 recv_down_max_abs=0.000000e+00 recv_down_zero=0 recv_other_sum_abs=0.000000e+00 recv_other_max_abs=0.000000e+00 recv_other_zero=0 recv_ffn_sum_abs=0.000000e+00 recv_ffn_max_abs=0.000000e+00 recv_ffn_zero=0
SUCCEED (one forward pass done)"
