scenario,repeat,cpus,loads,policy,status,decode_tok_s,generation_decode_ms,elapsed_s,output_tail
2c_balanced_mid,0,"60,61","50,50",baseline_no_svd,ok,9.25238,108.08,0.9123258590698242,"llama_context: graph splits = 1
attach_threadpool: call
threads: decode=2 batch=2
prompt tokens: 4
running one forward pass (llama_decode) ...
Top-5 next-token candidates:
  id=11 logit=20.2053 piece="",""
  id=304 logit=18.9277 piece="" in""
  id=3837 logit=18.7558 piece=""，""
  id=1052 logit=18.5616 piece="" there""
  id=358 logit=17.8374 piece="" I""
Autoregressive generation:
Generated text: ,
Decode-only throughput: 9.25238 tokens/s (1 tokens in 0.10808 s of llama_decode)
End-to-end throughput: 9.22634 tokens/s (1 tokens in 0.108385 s)
[decode-stage-profile] model_load=391.985 ms context_create=60.5426 ms tokenize=0.453489 ms prefill_decode=183.668 ms generation_decode=108.08 ms generation_total=108.385 ms program_total=761.8 ms
[svd-local-op-profile] up_ops=56 gate_ops=56 down_ops=56 up_total=88.159 ms gate_total=81.689 ms down_total=68.532 ms up_v=19.456 ms gate_v=12.317 ms down_v=56.243 ms up_u=68.698 ms gate_u=69.365 ms down_u=12.284 ms
[svd-local-stage-profile] attention_total=1.609 ms ffn_total=240.178 ms ffn_svd_total=238.380 ms ffn_svd_v=88.016 ms ffn_svd_u=150.347 ms
[svd-offload-zero-profile] up_finish=0 up_cache=0 up_no_request=27 gate_finish=0 gate_cache=0 gate_no_request=27 down_finish=0 down_cache=0 down_no_request=27 other_finish=0 other_cache=0 other_no_request=0
[svd-local-timeout-profile] up_keep=0 up_drop=0 up_wait=0.000 ms gate_keep=0 gate_drop=0 gate_wait=0.000 ms down_keep=0 down_drop=0 down_wait=0.000 ms other_keep=0 other_drop=0 other_wait=0.000 ms
[svd-offload-client] up_gate_req=0 down_req=0 other_mat_req=0 ffn_req=0 gate_cache_hits=0 gate_cache_checks=0 miss_invalid=0 miss_layer=0 miss_rank=0 miss_hash=0 miss_output=0 miss_data=0 send_up_gate=0.000 ms send_down=0.000 ms send_other=0.000 ms send_ffn=0.000 ms wait_up_gate=0.000 ms wait_down=0.000 ms wait_other=0.000 ms wait_ffn=0.000 ms
[svd-offload-client-stage-profile] rpc_send_total=0.000 ms rpc_wait_total=0.000 ms
[svd-offload-client-debug] finish_fail_up_gate=0 finish_fail_down=0 finish_fail_other=0 finish_fail_ffn=0 cache_take_fail_up=0 cache_take_fail_gate=0 recv_up_sum_abs=0.000000e+00 recv_up_max_abs=0.000000e+00 recv_up_zero=0 recv_gate_sum_abs=0.000000e+00 recv_gate_max_abs=0.000000e+00 recv_gate_zero=0 recv_down_sum_abs=0.000000e+00 recv_down_max_abs=0.000000e+00 recv_down_zero=0 recv_other_sum_abs=0.000000e+00 recv_other_max_abs=0.000000e+00 recv_other_zero=0 recv_ffn_sum_abs=0.000000e+00 recv_ffn_max_abs=0.000000e+00 recv_ffn_zero=0
SUCCEED (one forward pass done)"
2c_balanced_mid,0,"60,61","50,50",all_0.4,ok,12.0995,82.6478,0.8764228820800781,"llama_context: graph splits = 1
attach_threadpool: call
threads: decode=2 batch=2
prompt tokens: 4
running one forward pass (llama_decode) ...
Top-5 next-token candidates:
  id=3 logit=0 piece=""$""
  id=4 logit=0 piece=""%""
  id=1 logit=0 piece=""""""
  id=0 logit=0 piece=""!""
  id=2 logit=0 piece=""#""
Autoregressive generation:
Generated text: !
Decode-only throughput: 12.0995 tokens/s (1 tokens in 0.0826478 s of llama_decode)
End-to-end throughput: 12.0524 tokens/s (1 tokens in 0.0829711 s)
[decode-stage-profile] model_load=404.493 ms context_create=67.6551 ms tokenize=0.850306 ms prefill_decode=147.505 ms generation_decode=82.6478 ms generation_total=82.9711 ms program_total=720.059 ms
[svd-local-op-profile] up_ops=56 gate_ops=56 down_ops=56 up_total=66.254 ms gate_total=62.918 ms down_total=44.524 ms up_v=7.932 ms gate_v=7.886 ms down_v=34.751 ms up_u=58.317 ms gate_u=55.027 ms down_u=9.769 ms
[svd-local-stage-profile] attention_total=1.609 ms ffn_total=175.502 ms ffn_svd_total=173.696 ms ffn_svd_v=50.569 ms ffn_svd_u=123.113 ms
[svd-offload-zero-profile] up_finish=0 up_cache=0 up_no_request=27 gate_finish=0 gate_cache=0 gate_no_request=27 down_finish=0 down_cache=0 down_no_request=27 other_finish=0 other_cache=0 other_no_request=0
[svd-local-timeout-profile] up_keep=0 up_drop=0 up_wait=0.000 ms gate_keep=0 gate_drop=0 gate_wait=0.000 ms down_keep=0 down_drop=0 down_wait=0.000 ms other_keep=0 other_drop=0 other_wait=0.000 ms
[svd-offload-client] up_gate_req=0 down_req=0 other_mat_req=0 ffn_req=0 gate_cache_hits=0 gate_cache_checks=0 miss_invalid=0 miss_layer=0 miss_rank=0 miss_hash=0 miss_output=0 miss_data=0 send_up_gate=0.000 ms send_down=0.000 ms send_other=0.000 ms send_ffn=0.000 ms wait_up_gate=0.000 ms wait_down=0.000 ms wait_other=0.000 ms wait_ffn=0.000 ms
[svd-offload-client-stage-profile] rpc_send_total=0.000 ms rpc_wait_total=0.000 ms
[svd-offload-client-debug] finish_fail_up_gate=0 finish_fail_down=0 finish_fail_other=0 finish_fail_ffn=0 cache_take_fail_up=0 cache_take_fail_gate=0 recv_up_sum_abs=0.000000e+00 recv_up_max_abs=0.000000e+00 recv_up_zero=0 recv_gate_sum_abs=0.000000e+00 recv_gate_max_abs=0.000000e+00 recv_gate_zero=0 recv_down_sum_abs=0.000000e+00 recv_down_max_abs=0.000000e+00 recv_down_zero=0 recv_other_sum_abs=0.000000e+00 recv_other_max_abs=0.000000e+00 recv_other_zero=0 recv_ffn_sum_abs=0.000000e+00 recv_ffn_max_abs=0.000000e+00 recv_ffn_zero=0
SUCCEED (one forward pass done)"
2c_balanced_mid,0,"60,61","50,50",all_0.5,ok,12.5126,79.9192,0.8024473190307617,"llama_context: graph splits = 1
attach_threadpool: call
threads: decode=2 batch=2
prompt tokens: 4
running one forward pass (llama_decode) ...
Top-5 next-token candidates:
  id=11 logit=15.272 piece="",""
  id=12 logit=14.9123 piece=""-""
  id=51730 logit=14.8613 piece="" Ri""
  id=6216 logit=14.8165 piece="" ir""
  id=472 logit=14.5534 piece="" H""
Autoregressive generation:
Generated text: ,
Decode-only throughput: 12.5126 tokens/s (1 tokens in 0.0799192 s of llama_decode)
End-to-end throughput: 12.4654 tokens/s (1 tokens in 0.0802221 s)
[decode-stage-profile] model_load=368.127 ms context_create=58.6939 ms tokenize=0.41331 ms prefill_decode=130.398 ms generation_decode=79.9192 ms generation_total=80.2221 ms program_total=654.31 ms
[svd-local-op-profile] up_ops=56 gate_ops=56 down_ops=56 up_total=61.537 ms gate_total=57.443 ms down_total=37.754 ms up_v=6.653 ms gate_v=6.438 ms down_v=28.574 ms up_u=54.877 ms gate_u=50.997 ms down_u=9.174 ms
[svd-local-stage-profile] attention_total=1.662 ms ffn_total=158.441 ms ffn_svd_total=156.734 ms ffn_svd_v=41.665 ms ffn_svd_u=115.048 ms
[svd-offload-zero-profile] up_finish=0 up_cache=0 up_no_request=27 gate_finish=0 gate_cache=0 gate_no_request=27 down_finish=0 down_cache=0 down_no_request=27 other_finish=0 other_cache=0 other_no_request=0
[svd-local-timeout-profile] up_keep=0 up_drop=0 up_wait=0.000 ms gate_keep=0 gate_drop=0 gate_wait=0.000 ms down_keep=0 down_drop=0 down_wait=0.000 ms other_keep=0 other_drop=0 other_wait=0.000 ms
[svd-offload-client] up_gate_req=0 down_req=0 other_mat_req=0 ffn_req=0 gate_cache_hits=0 gate_cache_checks=0 miss_invalid=0 miss_layer=0 miss_rank=0 miss_hash=0 miss_output=0 miss_data=0 send_up_gate=0.000 ms send_down=0.000 ms send_other=0.000 ms send_ffn=0.000 ms wait_up_gate=0.000 ms wait_down=0.000 ms wait_other=0.000 ms wait_ffn=0.000 ms
[svd-offload-client-stage-profile] rpc_send_total=0.000 ms rpc_wait_total=0.000 ms
[svd-offload-client-debug] finish_fail_up_gate=0 finish_fail_down=0 finish_fail_other=0 finish_fail_ffn=0 cache_take_fail_up=0 cache_take_fail_gate=0 recv_up_sum_abs=0.000000e+00 recv_up_max_abs=0.000000e+00 recv_up_zero=0 recv_gate_sum_abs=0.000000e+00 recv_gate_max_abs=0.000000e+00 recv_gate_zero=0 recv_down_sum_abs=0.000000e+00 recv_down_max_abs=0.000000e+00 recv_down_zero=0 recv_other_sum_abs=0.000000e+00 recv_other_max_abs=0.000000e+00 recv_other_zero=0 recv_ffn_sum_abs=0.000000e+00 recv_ffn_max_abs=0.000000e+00 recv_ffn_zero=0
SUCCEED (one forward pass done)"
2c_balanced_mid,0,"60,61","50,50",all_0.6,ok,12.899,77.5255,0.8588073253631592,"llama_context: graph splits = 1
attach_threadpool: call
threads: decode=2 batch=2
prompt tokens: 4
running one forward pass (llama_decode) ...
Top-5 next-token candidates:
  id=548 logit=12.187 piece="" pr""
  id=62 logit=11.6986 piece=""_""
  id=512 logit=11.4494 piece="" le""
  id=9985 logit=11.4267 piece=""CM""
  id=1315 logit=11.4123 piece=""ait""
Autoregressive generation:
Generated text:  pr
Decode-only throughput: 12.899 tokens/s (1 tokens in 0.0775255 s of llama_decode)
End-to-end throughput: 12.8483 tokens/s (1 tokens in 0.0778315 s)
[decode-stage-profile] model_load=458.394 ms context_create=55.3718 ms tokenize=0.436723 ms prefill_decode=93.8398 ms generation_decode=77.5255 ms generation_total=77.8315 ms program_total=706.253 ms
[svd-local-op-profile] up_ops=56 gate_ops=56 down_ops=56 up_total=45.892 ms gate_total=46.223 ms down_total=25.507 ms up_v=4.413 ms gate_v=4.208 ms down_v=18.211 ms up_u=41.478 ms gate_u=42.013 ms down_u=7.289 ms
[svd-local-stage-profile] attention_total=1.468 ms ffn_total=119.312 ms ffn_svd_total=117.622 ms ffn_svd_v=26.832 ms ffn_svd_u=90.780 ms
[svd-offload-zero-profile] up_finish=0 up_cache=0 up_no_request=27 gate_finish=0 gate_cache=0 gate_no_request=27 down_finish=0 down_cache=0 down_no_request=27 other_finish=0 other_cache=0 other_no_request=0
[svd-local-timeout-profile] up_keep=0 up_drop=0 up_wait=0.000 ms gate_keep=0 gate_drop=0 gate_wait=0.000 ms down_keep=0 down_drop=0 down_wait=0.000 ms other_keep=0 other_drop=0 other_wait=0.000 ms
[svd-offload-client] up_gate_req=0 down_req=0 other_mat_req=0 ffn_req=0 gate_cache_hits=0 gate_cache_checks=0 miss_invalid=0 miss_layer=0 miss_rank=0 miss_hash=0 miss_output=0 miss_data=0 send_up_gate=0.000 ms send_down=0.000 ms send_other=0.000 ms send_ffn=0.000 ms wait_up_gate=0.000 ms wait_down=0.000 ms wait_other=0.000 ms wait_ffn=0.000 ms
[svd-offload-client-stage-profile] rpc_send_total=0.000 ms rpc_wait_total=0.000 ms
[svd-offload-client-debug] finish_fail_up_gate=0 finish_fail_down=0 finish_fail_other=0 finish_fail_ffn=0 cache_take_fail_up=0 cache_take_fail_gate=0 recv_up_sum_abs=0.000000e+00 recv_up_max_abs=0.000000e+00 recv_up_zero=0 recv_gate_sum_abs=0.000000e+00 recv_gate_max_abs=0.000000e+00 recv_gate_zero=0 recv_down_sum_abs=0.000000e+00 recv_down_max_abs=0.000000e+00 recv_down_zero=0 recv_other_sum_abs=0.000000e+00 recv_other_max_abs=0.000000e+00 recv_other_zero=0 recv_ffn_sum_abs=0.000000e+00 recv_ffn_max_abs=0.000000e+00 recv_ffn_zero=0
SUCCEED (one forward pass done)"
2c_balanced_mid,0,"60,61","50,50",all_0.7,ok,13.119,76.2254,0.7673296928405762,"llama_context: graph splits = 1
attach_threadpool: call
threads: decode=2 batch=2
prompt tokens: 4
running one forward pass (llama_decode) ...
Top-5 next-token candidates:
  id=3055 logit=13.2411 piece="" once""
  id=107410 logit=12.3029 piece=""此后""
  id=32671 logit=12.0834 piece="" ______""
  id=106977 logit=11.1389 piece=""这一次""
  id=13184 logit=10.774 piece=""once""
Autoregressive generation:
Generated text:  once
Decode-only throughput: 13.119 tokens/s (1 tokens in 0.0762254 s of llama_decode)
End-to-end throughput: 13.0667 tokens/s (1 tokens in 0.0765305 s)
[decode-stage-profile] model_load=366.804 ms context_create=59.2588 ms tokenize=0.418941 ms prefill_decode=97.6118 ms generation_decode=76.2254 ms generation_total=76.5305 ms program_total=616.481 ms
[svd-local-op-profile] up_ops=56 gate_ops=56 down_ops=56 up_total=48.777 ms gate_total=48.430 ms down_total=24.897 ms up_v=4.187 ms gate_v=3.955 ms down_v=17.051 ms up_u=44.586 ms gate_u=44.469 ms down_u=7.840 ms
[svd-local-stage-profile] attention_total=1.594 ms ffn_total=123.884 ms ffn_svd_total=122.104 ms ffn_svd_v=25.193 ms ffn_svd_u=96.895 ms
[svd-offload-zero-profile] up_finish=0 up_cache=0 up_no_request=27 gate_finish=0 gate_cache=0 gate_no_request=27 down_finish=0 down_cache=0 down_no_request=27 other_finish=0 other_cache=0 other_no_request=0
[svd-local-timeout-profile] up_keep=0 up_drop=0 up_wait=0.000 ms gate_keep=0 gate_drop=0 gate_wait=0.000 ms down_keep=0 down_drop=0 down_wait=0.000 ms other_keep=0 other_drop=0 other_wait=0.000 ms
[svd-offload-client] up_gate_req=0 down_req=0 other_mat_req=0 ffn_req=0 gate_cache_hits=0 gate_cache_checks=0 miss_invalid=0 miss_layer=0 miss_rank=0 miss_hash=0 miss_output=0 miss_data=0 send_up_gate=0.000 ms send_down=0.000 ms send_other=0.000 ms send_ffn=0.000 ms wait_up_gate=0.000 ms wait_down=0.000 ms wait_other=0.000 ms wait_ffn=0.000 ms
[svd-offload-client-stage-profile] rpc_send_total=0.000 ms rpc_wait_total=0.000 ms
[svd-offload-client-debug] finish_fail_up_gate=0 finish_fail_down=0 finish_fail_other=0 finish_fail_ffn=0 cache_take_fail_up=0 cache_take_fail_gate=0 recv_up_sum_abs=0.000000e+00 recv_up_max_abs=0.000000e+00 recv_up_zero=0 recv_gate_sum_abs=0.000000e+00 recv_gate_max_abs=0.000000e+00 recv_gate_zero=0 recv_down_sum_abs=0.000000e+00 recv_down_max_abs=0.000000e+00 recv_down_zero=0 recv_other_sum_abs=0.000000e+00 recv_other_max_abs=0.000000e+00 recv_other_zero=0 recv_ffn_sum_abs=0.000000e+00 recv_ffn_max_abs=0.000000e+00 recv_ffn_zero=0
SUCCEED (one forward pass done)"
2c_balanced_mid,0,"60,61","50,50",all_0.8,ok,13.3729,74.7781,0.8402743339538574,"llama_context: graph splits = 1
attach_threadpool: call
threads: decode=2 batch=2
prompt tokens: 4
running one forward pass (llama_decode) ...
Top-5 next-token candidates:
  id=11756 logit=10.845 piece="" fo""
  id=3761 logit=9.91297 piece="" ce""
  id=77 logit=9.83331 piece=""n""
  id=3055 logit=9.68496 piece="" once""
  id=87896 logit=9.28999 piece=""​​""
Autoregressive generation:
Generated text:  fo
Decode-only throughput: 13.3729 tokens/s (1 tokens in 0.0747781 s of llama_decode)
End-to-end throughput: 13.3164 tokens/s (1 tokens in 0.0750952 s)
[decode-stage-profile] model_load=410.401 ms context_create=67.6118 ms tokenize=0.735991 ms prefill_decode=89.9236 ms generation_decode=74.7781 ms generation_total=75.0952 ms program_total=660.728 ms
[svd-local-op-profile] up_ops=56 gate_ops=56 down_ops=56 up_total=43.275 ms gate_total=46.615 ms down_total=19.456 ms up_v=3.315 ms gate_v=3.026 ms down_v=12.451 ms up_u=39.954 ms gate_u=43.585 ms down_u=7.001 ms
[svd-local-stage-profile] attention_total=1.702 ms ffn_total=111.380 ms ffn_svd_total=109.346 ms ffn_svd_v=18.792 ms ffn_svd_u=90.540 ms
[svd-offload-zero-profile] up_finish=0 up_cache=0 up_no_request=27 gate_finish=0 gate_cache=0 gate_no_request=27 down_finish=0 down_cache=0 down_no_request=27 other_finish=0 other_cache=0 other_no_request=0
[svd-local-timeout-profile] up_keep=0 up_drop=0 up_wait=0.000 ms gate_keep=0 gate_drop=0 gate_wait=0.000 ms down_keep=0 down_drop=0 down_wait=0.000 ms other_keep=0 other_drop=0 other_wait=0.000 ms
[svd-offload-client] up_gate_req=0 down_req=0 other_mat_req=0 ffn_req=0 gate_cache_hits=0 gate_cache_checks=0 miss_invalid=0 miss_layer=0 miss_rank=0 miss_hash=0 miss_output=0 miss_data=0 send_up_gate=0.000 ms send_down=0.000 ms send_other=0.000 ms send_ffn=0.000 ms wait_up_gate=0.000 ms wait_down=0.000 ms wait_other=0.000 ms wait_ffn=0.000 ms
[svd-offload-client-stage-profile] rpc_send_total=0.000 ms rpc_wait_total=0.000 ms
[svd-offload-client-debug] finish_fail_up_gate=0 finish_fail_down=0 finish_fail_other=0 finish_fail_ffn=0 cache_take_fail_up=0 cache_take_fail_gate=0 recv_up_sum_abs=0.000000e+00 recv_up_max_abs=0.000000e+00 recv_up_zero=0 recv_gate_sum_abs=0.000000e+00 recv_gate_max_abs=0.000000e+00 recv_gate_zero=0 recv_down_sum_abs=0.000000e+00 recv_down_max_abs=0.000000e+00 recv_down_zero=0 recv_other_sum_abs=0.000000e+00 recv_other_max_abs=0.000000e+00 recv_other_zero=0 recv_ffn_sum_abs=0.000000e+00 recv_ffn_max_abs=0.000000e+00 recv_ffn_zero=0
SUCCEED (one forward pass done)"
2c_balanced_mid,0,"60,61","50,50",all_0.85,ok,14.3551,69.6619,0.7408969402313232,"prompt tokens: 4
running one forward pass (llama_decode) ...
Top-5 next-token candidates:
  id=3055 logit=12.7512 piece="" once""
  id=1440 logit=11.4885 piece=""ren""
  id=77 logit=11.3741 piece=""n""
  id=51030 logit=11.2286 piece=""...


""
  id=3761 logit=11.088 piece="" ce""
Autoregressive generation:
Generated text:  once
Decode-only throughput: 14.3551 tokens/s (1 tokens in 0.0696619 s of llama_decode)
End-to-end throughput: 14.2972 tokens/s (1 tokens in 0.069944 s)
[decode-stage-profile] model_load=378.207 ms context_create=56.0748 ms tokenize=0.420369 ms prefill_decode=76.7279 ms generation_decode=69.6619 ms generation_total=69.944 ms program_total=597.761 ms
[svd-local-op-profile] up_ops=56 gate_ops=56 down_ops=56 up_total=38.068 ms gate_total=39.839 ms down_total=15.288 ms up_v=2.528 ms gate_v=2.271 ms down_v=9.069 ms up_u=35.534 ms gate_u=37.565 ms down_u=6.209 ms
[svd-local-stage-profile] attention_total=1.586 ms ffn_total=95.053 ms ffn_svd_total=93.195 ms ffn_svd_v=13.868 ms ffn_svd_u=79.308 ms
[svd-offload-zero-profile] up_finish=0 up_cache=0 up_no_request=27 gate_finish=0 gate_cache=0 gate_no_request=27 down_finish=0 down_cache=0 down_no_request=27 other_finish=0 other_cache=0 other_no_request=0
[svd-local-timeout-profile] up_keep=0 up_drop=0 up_wait=0.000 ms gate_keep=0 gate_drop=0 gate_wait=0.000 ms down_keep=0 down_drop=0 down_wait=0.000 ms other_keep=0 other_drop=0 other_wait=0.000 ms
[svd-offload-client] up_gate_req=0 down_req=0 other_mat_req=0 ffn_req=0 gate_cache_hits=0 gate_cache_checks=0 miss_invalid=0 miss_layer=0 miss_rank=0 miss_hash=0 miss_output=0 miss_data=0 send_up_gate=0.000 ms send_down=0.000 ms send_other=0.000 ms send_ffn=0.000 ms wait_up_gate=0.000 ms wait_down=0.000 ms wait_other=0.000 ms wait_ffn=0.000 ms
[svd-offload-client-stage-profile] rpc_send_total=0.000 ms rpc_wait_total=0.000 ms
[svd-offload-client-debug] finish_fail_up_gate=0 finish_fail_down=0 finish_fail_other=0 finish_fail_ffn=0 cache_take_fail_up=0 cache_take_fail_gate=0 recv_up_sum_abs=0.000000e+00 recv_up_max_abs=0.000000e+00 recv_up_zero=0 recv_gate_sum_abs=0.000000e+00 recv_gate_max_abs=0.000000e+00 recv_gate_zero=0 recv_down_sum_abs=0.000000e+00 recv_down_max_abs=0.000000e+00 recv_down_zero=0 recv_other_sum_abs=0.000000e+00 recv_other_max_abs=0.000000e+00 recv_other_zero=0 recv_ffn_sum_abs=0.000000e+00 recv_ffn_max_abs=0.000000e+00 recv_ffn_zero=0
SUCCEED (one forward pass done)"
2c_balanced_mid,0,"60,61","50,50",all_0.9,ok,16.5637,60.3729,0.706214189529419,"llama_context: graph splits = 1
attach_threadpool: call
threads: decode=2 batch=2
prompt tokens: 4
running one forward pass (llama_decode) ...
Top-5 next-token candidates:
  id=3 logit=0 piece=""$""
  id=4 logit=0 piece=""%""
  id=1 logit=0 piece=""""""
  id=0 logit=0 piece=""!""
  id=2 logit=0 piece=""#""
Autoregressive generation:
Generated text: !
Decode-only throughput: 16.5637 tokens/s (1 tokens in 0.0603729 s of llama_decode)
End-to-end throughput: 16.4804 tokens/s (1 tokens in 0.060678 s)
[decode-stage-profile] model_load=370.757 ms context_create=55.8047 ms tokenize=0.443071 ms prefill_decode=56.6013 ms generation_decode=60.3729 ms generation_total=60.678 ms program_total=560.212 ms
[svd-local-op-profile] up_ops=56 gate_ops=56 down_ops=56 up_total=31.159 ms gate_total=27.575 ms down_total=9.639 ms up_v=1.363 ms gate_v=1.263 ms down_v=5.000 ms up_u=29.791 ms gate_u=26.288 ms down_u=4.634 ms
[svd-local-stage-profile] attention_total=1.369 ms ffn_total=69.907 ms ffn_svd_total=68.373 ms ffn_svd_v=7.626 ms ffn_svd_u=60.713 ms
[svd-offload-zero-profile] up_finish=0 up_cache=0 up_no_request=27 gate_finish=0 gate_cache=0 gate_no_request=27 down_finish=0 down_cache=0 down_no_request=27 other_finish=0 other_cache=0 other_no_request=0
[svd-local-timeout-profile] up_keep=0 up_drop=0 up_wait=0.000 ms gate_keep=0 gate_drop=0 gate_wait=0.000 ms down_keep=0 down_drop=0 down_wait=0.000 ms other_keep=0 other_drop=0 other_wait=0.000 ms
[svd-offload-client] up_gate_req=0 down_req=0 other_mat_req=0 ffn_req=0 gate_cache_hits=0 gate_cache_checks=0 miss_invalid=0 miss_layer=0 miss_rank=0 miss_hash=0 miss_output=0 miss_data=0 send_up_gate=0.000 ms send_down=0.000 ms send_other=0.000 ms send_ffn=0.000 ms wait_up_gate=0.000 ms wait_down=0.000 ms wait_other=0.000 ms wait_ffn=0.000 ms
[svd-offload-client-stage-profile] rpc_send_total=0.000 ms rpc_wait_total=0.000 ms
[svd-offload-client-debug] finish_fail_up_gate=0 finish_fail_down=0 finish_fail_other=0 finish_fail_ffn=0 cache_take_fail_up=0 cache_take_fail_gate=0 recv_up_sum_abs=0.000000e+00 recv_up_max_abs=0.000000e+00 recv_up_zero=0 recv_gate_sum_abs=0.000000e+00 recv_gate_max_abs=0.000000e+00 recv_gate_zero=0 recv_down_sum_abs=0.000000e+00 recv_down_max_abs=0.000000e+00 recv_down_zero=0 recv_other_sum_abs=0.000000e+00 recv_other_max_abs=0.000000e+00 recv_other_zero=0 recv_ffn_sum_abs=0.000000e+00 recv_ffn_max_abs=0.000000e+00 recv_ffn_zero=0
SUCCEED (one forward pass done)"
2c_balanced_mid,0,"60,61","50,50",odd_0.4,ok,12.7873,78.2027,0.7921054363250732,"llama_context: graph splits = 1
attach_threadpool: call
threads: decode=2 batch=2
prompt tokens: 4
running one forward pass (llama_decode) ...
Top-5 next-token candidates:
  id=3 logit=0 piece=""$""
  id=4 logit=0 piece=""%""
  id=1 logit=0 piece=""""""
  id=0 logit=0 piece=""!""
  id=2 logit=0 piece=""#""
Autoregressive generation:
Generated text: !
Decode-only throughput: 12.7873 tokens/s (1 tokens in 0.0782027 s of llama_decode)
End-to-end throughput: 12.737 tokens/s (1 tokens in 0.0785115 s)
[decode-stage-profile] model_load=365.179 ms context_create=55.0663 ms tokenize=0.442159 ms prefill_decode=129.661 ms generation_decode=78.2027 ms generation_total=78.5115 ms program_total=644.895 ms
[svd-local-op-profile] up_ops=56 gate_ops=56 down_ops=56 up_total=55.819 ms gate_total=55.352 ms down_total=41.205 ms up_v=7.816 ms gate_v=7.615 ms down_v=32.483 ms up_u=47.995 ms gate_u=47.733 ms down_u=8.721 ms
[svd-local-stage-profile] attention_total=1.388 ms ffn_total=154.068 ms ffn_svd_total=152.376 ms ffn_svd_v=47.914 ms ffn_svd_u=104.449 ms
[svd-offload-zero-profile] up_finish=0 up_cache=0 up_no_request=27 gate_finish=0 gate_cache=0 gate_no_request=27 down_finish=0 down_cache=0 down_no_request=27 other_finish=0 other_cache=0 other_no_request=0
[svd-local-timeout-profile] up_keep=0 up_drop=0 up_wait=0.000 ms gate_keep=0 gate_drop=0 gate_wait=0.000 ms down_keep=0 down_drop=0 down_wait=0.000 ms other_keep=0 other_drop=0 other_wait=0.000 ms
[svd-offload-client] up_gate_req=0 down_req=0 other_mat_req=0 ffn_req=0 gate_cache_hits=0 gate_cache_checks=0 miss_invalid=0 miss_layer=0 miss_rank=0 miss_hash=0 miss_output=0 miss_data=0 send_up_gate=0.000 ms send_down=0.000 ms send_other=0.000 ms send_ffn=0.000 ms wait_up_gate=0.000 ms wait_down=0.000 ms wait_other=0.000 ms wait_ffn=0.000 ms
[svd-offload-client-stage-profile] rpc_send_total=0.000 ms rpc_wait_total=0.000 ms
[svd-offload-client-debug] finish_fail_up_gate=0 finish_fail_down=0 finish_fail_other=0 finish_fail_ffn=0 cache_take_fail_up=0 cache_take_fail_gate=0 recv_up_sum_abs=0.000000e+00 recv_up_max_abs=0.000000e+00 recv_up_zero=0 recv_gate_sum_abs=0.000000e+00 recv_gate_max_abs=0.000000e+00 recv_gate_zero=0 recv_down_sum_abs=0.000000e+00 recv_down_max_abs=0.000000e+00 recv_down_zero=0 recv_other_sum_abs=0.000000e+00 recv_other_max_abs=0.000000e+00 recv_other_zero=0 recv_ffn_sum_abs=0.000000e+00 recv_ffn_max_abs=0.000000e+00 recv_ffn_zero=0
SUCCEED (one forward pass done)"
2c_balanced_mid,0,"60,61","50,50",odd_0.5,ok,12.3587,80.915,0.7910711765289307,"llama_context: graph splits = 1
attach_threadpool: call
threads: decode=2 batch=2
prompt tokens: 4
running one forward pass (llama_decode) ...
Top-5 next-token candidates:
  id=11 logit=16.8554 piece="",""
  id=304 logit=16.48 piece="" in""
  id=311 logit=16.0556 piece="" to""
  id=279 logit=15.9894 piece="" the""
  id=979 logit=15.8892 piece="" when""
Autoregressive generation:
Generated text: ,
Decode-only throughput: 12.3587 tokens/s (1 tokens in 0.080915 s of llama_decode)
End-to-end throughput: 12.3129 tokens/s (1 tokens in 0.0812154 s)
[decode-stage-profile] model_load=372.392 ms context_create=57.5876 ms tokenize=0.420852 ms prefill_decode=122.008 ms generation_decode=80.915 ms generation_total=81.2154 ms program_total=649.618 ms
[svd-local-op-profile] up_ops=56 gate_ops=56 down_ops=56 up_total=54.491 ms gate_total=53.954 ms down_total=42.174 ms up_v=7.399 ms gate_v=7.087 ms down_v=33.616 ms up_u=47.088 ms gate_u=46.864 ms down_u=8.552 ms
[svd-local-stage-profile] attention_total=1.385 ms ffn_total=152.215 ms ffn_svd_total=150.619 ms ffn_svd_v=48.102 ms ffn_svd_u=102.504 ms
[svd-offload-zero-profile] up_finish=0 up_cache=0 up_no_request=27 gate_finish=0 gate_cache=0 gate_no_request=27 down_finish=0 down_cache=0 down_no_request=27 other_finish=0 other_cache=0 other_no_request=0
[svd-local-timeout-profile] up_keep=0 up_drop=0 up_wait=0.000 ms gate_keep=0 gate_drop=0 gate_wait=0.000 ms down_keep=0 down_drop=0 down_wait=0.000 ms other_keep=0 other_drop=0 other_wait=0.000 ms
[svd-offload-client] up_gate_req=0 down_req=0 other_mat_req=0 ffn_req=0 gate_cache_hits=0 gate_cache_checks=0 miss_invalid=0 miss_layer=0 miss_rank=0 miss_hash=0 miss_output=0 miss_data=0 send_up_gate=0.000 ms send_down=0.000 ms send_other=0.000 ms send_ffn=0.000 ms wait_up_gate=0.000 ms wait_down=0.000 ms wait_other=0.000 ms wait_ffn=0.000 ms
[svd-offload-client-stage-profile] rpc_send_total=0.000 ms rpc_wait_total=0.000 ms
[svd-offload-client-debug] finish_fail_up_gate=0 finish_fail_down=0 finish_fail_other=0 finish_fail_ffn=0 cache_take_fail_up=0 cache_take_fail_gate=0 recv_up_sum_abs=0.000000e+00 recv_up_max_abs=0.000000e+00 recv_up_zero=0 recv_gate_sum_abs=0.000000e+00 recv_gate_max_abs=0.000000e+00 recv_gate_zero=0 recv_down_sum_abs=0.000000e+00 recv_down_max_abs=0.000000e+00 recv_down_zero=0 recv_other_sum_abs=0.000000e+00 recv_other_max_abs=0.000000e+00 recv_other_zero=0 recv_ffn_sum_abs=0.000000e+00 recv_ffn_max_abs=0.000000e+00 recv_ffn_zero=0
SUCCEED (one forward pass done)"
2c_balanced_mid,0,"60,61","50,50",odd_0.6,ok,11.732,85.2372,0.7913403511047363,"llama_context: graph splits = 1
attach_threadpool: call
threads: decode=2 batch=2
prompt tokens: 4
running one forward pass (llama_decode) ...
Top-5 next-token candidates:
  id=3 logit=0 piece=""$""
  id=4 logit=0 piece=""%""
  id=1 logit=0 piece=""""""
  id=0 logit=0 piece=""!""
  id=2 logit=0 piece=""#""
Autoregressive generation:
Generated text: !
Decode-only throughput: 11.732 tokens/s (1 tokens in 0.0852372 s of llama_decode)
End-to-end throughput: 11.6909 tokens/s (1 tokens in 0.0855365 s)
[decode-stage-profile] model_load=372.928 ms context_create=55.5219 ms tokenize=0.437242 ms prefill_decode=117.973 ms generation_decode=85.2372 ms generation_total=85.5365 ms program_total=648.474 ms
[svd-local-op-profile] up_ops=56 gate_ops=56 down_ops=56 up_total=60.358 ms gate_total=53.966 ms down_total=37.515 ms up_v=6.986 ms gate_v=6.846 ms down_v=28.995 ms up_u=53.368 ms gate_u=47.117 ms down_u=8.514 ms
[svd-local-stage-profile] attention_total=1.631 ms ffn_total=153.610 ms ffn_svd_total=151.839 ms ffn_svd_v=42.827 ms ffn_svd_u=108.999 ms
[svd-offload-zero-profile] up_finish=0 up_cache=0 up_no_request=27 gate_finish=0 gate_cache=0 gate_no_request=27 down_finish=0 down_cache=0 down_no_request=27 other_finish=0 other_cache=0 other_no_request=0
[svd-local-timeout-profile] up_keep=0 up_drop=0 up_wait=0.000 ms gate_keep=0 gate_drop=0 gate_wait=0.000 ms down_keep=0 down_drop=0 down_wait=0.000 ms other_keep=0 other_drop=0 other_wait=0.000 ms
[svd-offload-client] up_gate_req=0 down_req=0 other_mat_req=0 ffn_req=0 gate_cache_hits=0 gate_cache_checks=0 miss_invalid=0 miss_layer=0 miss_rank=0 miss_hash=0 miss_output=0 miss_data=0 send_up_gate=0.000 ms send_down=0.000 ms send_other=0.000 ms send_ffn=0.000 ms wait_up_gate=0.000 ms wait_down=0.000 ms wait_other=0.000 ms wait_ffn=0.000 ms
[svd-offload-client-stage-profile] rpc_send_total=0.000 ms rpc_wait_total=0.000 ms
[svd-offload-client-debug] finish_fail_up_gate=0 finish_fail_down=0 finish_fail_other=0 finish_fail_ffn=0 cache_take_fail_up=0 cache_take_fail_gate=0 recv_up_sum_abs=0.000000e+00 recv_up_max_abs=0.000000e+00 recv_up_zero=0 recv_gate_sum_abs=0.000000e+00 recv_gate_max_abs=0.000000e+00 recv_gate_zero=0 recv_down_sum_abs=0.000000e+00 recv_down_max_abs=0.000000e+00 recv_down_zero=0 recv_other_sum_abs=0.000000e+00 recv_other_max_abs=0.000000e+00 recv_other_zero=0 recv_ffn_sum_abs=0.000000e+00 recv_ffn_max_abs=0.000000e+00 recv_ffn_zero=0
SUCCEED (one forward pass done)"
2c_balanced_mid,0,"60,61","50,50",odd_0.7,ok,11.6859,85.573,0.7762739658355713,"llama_context: graph splits = 1
attach_threadpool: call
threads: decode=2 batch=2
prompt tokens: 4
running one forward pass (llama_decode) ...
Top-5 next-token candidates:
  id=3 logit=0 piece=""$""
  id=4 logit=0 piece=""%""
  id=1 logit=0 piece=""""""
  id=0 logit=0 piece=""!""
  id=2 logit=0 piece=""#""
Autoregressive generation:
Generated text: !
Decode-only throughput: 11.6859 tokens/s (1 tokens in 0.085573 s of llama_decode)
End-to-end throughput: 11.6441 tokens/s (1 tokens in 0.0858802 s)
[decode-stage-profile] model_load=371.378 ms context_create=54.8515 ms tokenize=0.426013 ms prefill_decode=111.611 ms generation_decode=85.573 ms generation_total=85.8802 ms program_total=639.562 ms
[svd-local-op-profile] up_ops=56 gate_ops=56 down_ops=56 up_total=53.437 ms gate_total=59.634 ms down_total=35.542 ms up_v=6.545 ms gate_v=10.292 ms down_v=27.116 ms up_u=46.888 ms gate_u=49.335 ms down_u=8.419 ms
[svd-local-stage-profile] attention_total=1.424 ms ffn_total=150.196 ms ffn_svd_total=148.613 ms ffn_svd_v=43.953 ms ffn_svd_u=104.642 ms
[svd-offload-zero-profile] up_finish=0 up_cache=0 up_no_request=27 gate_finish=0 gate_cache=0 gate_no_request=27 down_finish=0 down_cache=0 down_no_request=27 other_finish=0 other_cache=0 other_no_request=0
[svd-local-timeout-profile] up_keep=0 up_drop=0 up_wait=0.000 ms gate_keep=0 gate_drop=0 gate_wait=0.000 ms down_keep=0 down_drop=0 down_wait=0.000 ms other_keep=0 other_drop=0 other_wait=0.000 ms
[svd-offload-client] up_gate_req=0 down_req=0 other_mat_req=0 ffn_req=0 gate_cache_hits=0 gate_cache_checks=0 miss_invalid=0 miss_layer=0 miss_rank=0 miss_hash=0 miss_output=0 miss_data=0 send_up_gate=0.000 ms send_down=0.000 ms send_other=0.000 ms send_ffn=0.000 ms wait_up_gate=0.000 ms wait_down=0.000 ms wait_other=0.000 ms wait_ffn=0.000 ms
[svd-offload-client-stage-profile] rpc_send_total=0.000 ms rpc_wait_total=0.000 ms
[svd-offload-client-debug] finish_fail_up_gate=0 finish_fail_down=0 finish_fail_other=0 finish_fail_ffn=0 cache_take_fail_up=0 cache_take_fail_gate=0 recv_up_sum_abs=0.000000e+00 recv_up_max_abs=0.000000e+00 recv_up_zero=0 recv_gate_sum_abs=0.000000e+00 recv_gate_max_abs=0.000000e+00 recv_gate_zero=0 recv_down_sum_abs=0.000000e+00 recv_down_max_abs=0.000000e+00 recv_down_zero=0 recv_other_sum_abs=0.000000e+00 recv_other_max_abs=0.000000e+00 recv_other_zero=0 recv_ffn_sum_abs=0.000000e+00 recv_ffn_max_abs=0.000000e+00 recv_ffn_zero=0
SUCCEED (one forward pass done)"
2c_balanced_mid,0,"60,61","50,50",odd_0.8,ok,13.2317,75.5761,0.7918226718902588,"llama_context: graph splits = 1
attach_threadpool: call
threads: decode=2 batch=2
prompt tokens: 4
running one forward pass (llama_decode) ...
Top-5 next-token candidates:
  id=3 logit=0 piece=""$""
  id=4 logit=0 piece=""%""
  id=1 logit=0 piece=""""""
  id=0 logit=0 piece=""!""
  id=2 logit=0 piece=""#""
Autoregressive generation:
Generated text: !
Decode-only throughput: 13.2317 tokens/s (1 tokens in 0.0755761 s of llama_decode)
End-to-end throughput: 13.1736 tokens/s (1 tokens in 0.0759092 s)
[decode-stage-profile] model_load=369.98 ms context_create=57.0954 ms tokenize=0.461749 ms prefill_decode=115.125 ms generation_decode=75.5761 ms generation_total=75.9092 ms program_total=634.907 ms
[svd-local-op-profile] up_ops=56 gate_ops=56 down_ops=56 up_total=50.693 ms gate_total=54.148 ms down_total=33.050 ms up_v=6.187 ms gate_v=5.864 ms down_v=25.142 ms up_u=44.501 ms gate_u=48.274 ms down_u=7.905 ms
[svd-local-stage-profile] attention_total=1.441 ms ffn_total=139.682 ms ffn_svd_total=137.891 ms ffn_svd_v=37.193 ms ffn_svd_u=100.680 ms
[svd-offload-zero-profile] up_finish=0 up_cache=0 up_no_request=27 gate_finish=0 gate_cache=0 gate_no_request=27 down_finish=0 down_cache=0 down_no_request=27 other_finish=0 other_cache=0 other_no_request=0
[svd-local-timeout-profile] up_keep=0 up_drop=0 up_wait=0.000 ms gate_keep=0 gate_drop=0 gate_wait=0.000 ms down_keep=0 down_drop=0 down_wait=0.000 ms other_keep=0 other_drop=0 other_wait=0.000 ms
[svd-offload-client] up_gate_req=0 down_req=0 other_mat_req=0 ffn_req=0 gate_cache_hits=0 gate_cache_checks=0 miss_invalid=0 miss_layer=0 miss_rank=0 miss_hash=0 miss_output=0 miss_data=0 send_up_gate=0.000 ms send_down=0.000 ms send_other=0.000 ms send_ffn=0.000 ms wait_up_gate=0.000 ms wait_down=0.000 ms wait_other=0.000 ms wait_ffn=0.000 ms
[svd-offload-client-stage-profile] rpc_send_total=0.000 ms rpc_wait_total=0.000 ms
[svd-offload-client-debug] finish_fail_up_gate=0 finish_fail_down=0 finish_fail_other=0 finish_fail_ffn=0 cache_take_fail_up=0 cache_take_fail_gate=0 recv_up_sum_abs=0.000000e+00 recv_up_max_abs=0.000000e+00 recv_up_zero=0 recv_gate_sum_abs=0.000000e+00 recv_gate_max_abs=0.000000e+00 recv_gate_zero=0 recv_down_sum_abs=0.000000e+00 recv_down_max_abs=0.000000e+00 recv_down_zero=0 recv_other_sum_abs=0.000000e+00 recv_other_max_abs=0.000000e+00 recv_other_zero=0 recv_ffn_sum_abs=0.000000e+00 recv_ffn_max_abs=0.000000e+00 recv_ffn_zero=0
SUCCEED (one forward pass done)"
2c_balanced_mid,0,"60,61","50,50",odd_0.85,ok,13.6647,73.1815,0.7730252742767334,"llama_context: graph splits = 1
attach_threadpool: call
threads: decode=2 batch=2
prompt tokens: 4
running one forward pass (llama_decode) ...
Top-5 next-token candidates:
  id=3 logit=0 piece=""$""
  id=4 logit=0 piece=""%""
  id=1 logit=0 piece=""""""
  id=0 logit=0 piece=""!""
  id=2 logit=0 piece=""#""
Autoregressive generation:
Generated text: !
Decode-only throughput: 13.6647 tokens/s (1 tokens in 0.0731815 s of llama_decode)
End-to-end throughput: 13.609 tokens/s (1 tokens in 0.0734809 s)
[decode-stage-profile] model_load=369.864 ms context_create=55.307 ms tokenize=0.425358 ms prefill_decode=107.697 ms generation_decode=73.1815 ms generation_total=73.4809 ms program_total=626.573 ms
[svd-local-op-profile] up_ops=56 gate_ops=56 down_ops=56 up_total=48.789 ms gate_total=48.888 ms down_total=35.877 ms up_v=5.841 ms gate_v=5.940 ms down_v=28.138 ms up_u=42.942 ms gate_u=42.942 ms down_u=7.731 ms
[svd-local-stage-profile] attention_total=1.421 ms ffn_total=135.053 ms ffn_svd_total=133.554 ms ffn_svd_v=39.919 ms ffn_svd_u=93.615 ms
[svd-offload-zero-profile] up_finish=0 up_cache=0 up_no_request=27 gate_finish=0 gate_cache=0 gate_no_request=27 down_finish=0 down_cache=0 down_no_request=27 other_finish=0 other_cache=0 other_no_request=0
[svd-local-timeout-profile] up_keep=0 up_drop=0 up_wait=0.000 ms gate_keep=0 gate_drop=0 gate_wait=0.000 ms down_keep=0 down_drop=0 down_wait=0.000 ms other_keep=0 other_drop=0 other_wait=0.000 ms
[svd-offload-client] up_gate_req=0 down_req=0 other_mat_req=0 ffn_req=0 gate_cache_hits=0 gate_cache_checks=0 miss_invalid=0 miss_layer=0 miss_rank=0 miss_hash=0 miss_output=0 miss_data=0 send_up_gate=0.000 ms send_down=0.000 ms send_other=0.000 ms send_ffn=0.000 ms wait_up_gate=0.000 ms wait_down=0.000 ms wait_other=0.000 ms wait_ffn=0.000 ms
[svd-offload-client-stage-profile] rpc_send_total=0.000 ms rpc_wait_total=0.000 ms
[svd-offload-client-debug] finish_fail_up_gate=0 finish_fail_down=0 finish_fail_other=0 finish_fail_ffn=0 cache_take_fail_up=0 cache_take_fail_gate=0 recv_up_sum_abs=0.000000e+00 recv_up_max_abs=0.000000e+00 recv_up_zero=0 recv_gate_sum_abs=0.000000e+00 recv_gate_max_abs=0.000000e+00 recv_gate_zero=0 recv_down_sum_abs=0.000000e+00 recv_down_max_abs=0.000000e+00 recv_down_zero=0 recv_other_sum_abs=0.000000e+00 recv_other_max_abs=0.000000e+00 recv_other_zero=0 recv_ffn_sum_abs=0.000000e+00 recv_ffn_max_abs=0.000000e+00 recv_ffn_zero=0
SUCCEED (one forward pass done)"
2c_balanced_mid,0,"60,61","50,50",odd_0.9,ok,15.2218,65.6953,0.780170202255249,"llama_context: graph splits = 1
attach_threadpool: call
threads: decode=2 batch=2
prompt tokens: 4
running one forward pass (llama_decode) ...
Top-5 next-token candidates:
  id=3 logit=0 piece=""$""
  id=4 logit=0 piece=""%""
  id=1 logit=0 piece=""""""
  id=0 logit=0 piece=""!""
  id=2 logit=0 piece=""#""
Autoregressive generation:
Generated text: !
Decode-only throughput: 15.2218 tokens/s (1 tokens in 0.0656953 s of llama_decode)
End-to-end throughput: 15.1531 tokens/s (1 tokens in 0.065993 s)
[decode-stage-profile] model_load=376.785 ms context_create=59.14 ms tokenize=0.437299 ms prefill_decode=107.502 ms generation_decode=65.6953 ms generation_total=65.993 ms program_total=625.624 ms
[svd-local-op-profile] up_ops=56 gate_ops=56 down_ops=56 up_total=44.624 ms gate_total=43.489 ms down_total=33.048 ms up_v=5.506 ms gate_v=5.394 ms down_v=26.098 ms up_u=39.114 ms gate_u=38.093 ms down_u=6.943 ms
[svd-local-stage-profile] attention_total=1.432 ms ffn_total=122.631 ms ffn_svd_total=121.161 ms ffn_svd_v=36.998 ms ffn_svd_u=84.150 ms
[svd-offload-zero-profile] up_finish=0 up_cache=0 up_no_request=27 gate_finish=0 gate_cache=0 gate_no_request=27 down_finish=0 down_cache=0 down_no_request=27 other_finish=0 other_cache=0 other_no_request=0
[svd-local-timeout-profile] up_keep=0 up_drop=0 up_wait=0.000 ms gate_keep=0 gate_drop=0 gate_wait=0.000 ms down_keep=0 down_drop=0 down_wait=0.000 ms other_keep=0 other_drop=0 other_wait=0.000 ms
[svd-offload-client] up_gate_req=0 down_req=0 other_mat_req=0 ffn_req=0 gate_cache_hits=0 gate_cache_checks=0 miss_invalid=0 miss_layer=0 miss_rank=0 miss_hash=0 miss_output=0 miss_data=0 send_up_gate=0.000 ms send_down=0.000 ms send_other=0.000 ms send_ffn=0.000 ms wait_up_gate=0.000 ms wait_down=0.000 ms wait_other=0.000 ms wait_ffn=0.000 ms
[svd-offload-client-stage-profile] rpc_send_total=0.000 ms rpc_wait_total=0.000 ms
[svd-offload-client-debug] finish_fail_up_gate=0 finish_fail_down=0 finish_fail_other=0 finish_fail_ffn=0 cache_take_fail_up=0 cache_take_fail_gate=0 recv_up_sum_abs=0.000000e+00 recv_up_max_abs=0.000000e+00 recv_up_zero=0 recv_gate_sum_abs=0.000000e+00 recv_gate_max_abs=0.000000e+00 recv_gate_zero=0 recv_down_sum_abs=0.000000e+00 recv_down_max_abs=0.000000e+00 recv_down_zero=0 recv_other_sum_abs=0.000000e+00 recv_other_max_abs=0.000000e+00 recv_other_zero=0 recv_ffn_sum_abs=0.000000e+00 recv_ffn_max_abs=0.000000e+00 recv_ffn_zero=0
SUCCEED (one forward pass done)"
2c_balanced_mid,0,"60,61","50,50",even_0.4,ok,12.7875,78.2013,0.8100402355194092,"llama_context: graph splits = 1
attach_threadpool: call
threads: decode=2 batch=2
prompt tokens: 4
running one forward pass (llama_decode) ...
Top-5 next-token candidates:
  id=3 logit=0 piece=""$""
  id=4 logit=0 piece=""%""
  id=1 logit=0 piece=""""""
  id=0 logit=0 piece=""!""
  id=2 logit=0 piece=""#""
Autoregressive generation:
Generated text: !
Decode-only throughput: 12.7875 tokens/s (1 tokens in 0.0782013 s of llama_decode)
End-to-end throughput: 12.7389 tokens/s (1 tokens in 0.0784999 s)
[decode-stage-profile] model_load=375.953 ms context_create=58.9279 ms tokenize=0.438185 ms prefill_decode=127.236 ms generation_decode=78.2013 ms generation_total=78.4999 ms program_total=657.036 ms
[svd-local-op-profile] up_ops=56 gate_ops=56 down_ops=56 up_total=55.901 ms gate_total=55.523 ms down_total=45.711 ms up_v=7.823 ms gate_v=7.704 ms down_v=34.090 ms up_u=48.072 ms gate_u=47.812 ms down_u=11.610 ms
[svd-local-stage-profile] attention_total=1.456 ms ffn_total=158.873 ms ffn_svd_total=157.135 ms ffn_svd_v=49.617 ms ffn_svd_u=107.494 ms
[svd-offload-zero-profile] up_finish=0 up_cache=0 up_no_request=27 gate_finish=0 gate_cache=0 gate_no_request=27 down_finish=0 down_cache=0 down_no_request=27 other_finish=0 other_cache=0 other_no_request=0
[svd-local-timeout-profile] up_keep=0 up_drop=0 up_wait=0.000 ms gate_keep=0 gate_drop=0 gate_wait=0.000 ms down_keep=0 down_drop=0 down_wait=0.000 ms other_keep=0 other_drop=0 other_wait=0.000 ms
[svd-offload-client] up_gate_req=0 down_req=0 other_mat_req=0 ffn_req=0 gate_cache_hits=0 gate_cache_checks=0 miss_invalid=0 miss_layer=0 miss_rank=0 miss_hash=0 miss_output=0 miss_data=0 send_up_gate=0.000 ms send_down=0.000 ms send_other=0.000 ms send_ffn=0.000 ms wait_up_gate=0.000 ms wait_down=0.000 ms wait_other=0.000 ms wait_ffn=0.000 ms
[svd-offload-client-stage-profile] rpc_send_total=0.000 ms rpc_wait_total=0.000 ms
[svd-offload-client-debug] finish_fail_up_gate=0 finish_fail_down=0 finish_fail_other=0 finish_fail_ffn=0 cache_take_fail_up=0 cache_take_fail_gate=0 recv_up_sum_abs=0.000000e+00 recv_up_max_abs=0.000000e+00 recv_up_zero=0 recv_gate_sum_abs=0.000000e+00 recv_gate_max_abs=0.000000e+00 recv_gate_zero=0 recv_down_sum_abs=0.000000e+00 recv_down_max_abs=0.000000e+00 recv_down_zero=0 recv_other_sum_abs=0.000000e+00 recv_other_max_abs=0.000000e+00 recv_other_zero=0 recv_ffn_sum_abs=0.000000e+00 recv_ffn_max_abs=0.000000e+00 recv_ffn_zero=0
SUCCEED (one forward pass done)"
2c_balanced_mid,0,"60,61","50,50",even_0.5,ok,12.5057,79.9638,0.7967479228973389,"attach_threadpool: call
threads: decode=2 batch=2
prompt tokens: 4
running one forward pass (llama_decode) ...
Top-5 next-token candidates:
  id=3837 logit=20.3897 piece=""，""
  id=41453 logit=19.3109 piece=""，
""
  id=11 logit=18.7653 piece="",""
  id=304 logit=18.5229 piece="" in""
  id=389 logit=18.2494 piece="" on""
Autoregressive generation:
Generated text: ，
Decode-only throughput: 12.5057 tokens/s (1 tokens in 0.0799638 s of llama_decode)
End-to-end throughput: 12.4576 tokens/s (1 tokens in 0.0802722 s)
[decode-stage-profile] model_load=369.498 ms context_create=55.757 ms tokenize=0.441827 ms prefill_decode=122.375 ms generation_decode=79.9638 ms generation_total=80.2722 ms program_total=644.155 ms
[svd-local-op-profile] up_ops=56 gate_ops=56 down_ops=56 up_total=54.569 ms gate_total=57.208 ms down_total=39.856 ms up_v=7.416 ms gate_v=7.100 ms down_v=31.347 ms up_u=47.148 ms gate_u=50.101 ms down_u=8.507 ms
[svd-local-stage-profile] attention_total=1.454 ms ffn_total=153.302 ms ffn_svd_total=151.633 ms ffn_svd_v=45.863 ms ffn_svd_u=105.756 ms
[svd-offload-zero-profile] up_finish=0 up_cache=0 up_no_request=27 gate_finish=0 gate_cache=0 gate_no_request=27 down_finish=0 down_cache=0 down_no_request=27 other_finish=0 other_cache=0 other_no_request=0
[svd-local-timeout-profile] up_keep=0 up_drop=0 up_wait=0.000 ms gate_keep=0 gate_drop=0 gate_wait=0.000 ms down_keep=0 down_drop=0 down_wait=0.000 ms other_keep=0 other_drop=0 other_wait=0.000 ms
[svd-offload-client] up_gate_req=0 down_req=0 other_mat_req=0 ffn_req=0 gate_cache_hits=0 gate_cache_checks=0 miss_invalid=0 miss_layer=0 miss_rank=0 miss_hash=0 miss_output=0 miss_data=0 send_up_gate=0.000 ms send_down=0.000 ms send_other=0.000 ms send_ffn=0.000 ms wait_up_gate=0.000 ms wait_down=0.000 ms wait_other=0.000 ms wait_ffn=0.000 ms
[svd-offload-client-stage-profile] rpc_send_total=0.000 ms rpc_wait_total=0.000 ms
[svd-offload-client-debug] finish_fail_up_gate=0 finish_fail_down=0 finish_fail_other=0 finish_fail_ffn=0 cache_take_fail_up=0 cache_take_fail_gate=0 recv_up_sum_abs=0.000000e+00 recv_up_max_abs=0.000000e+00 recv_up_zero=0 recv_gate_sum_abs=0.000000e+00 recv_gate_max_abs=0.000000e+00 recv_gate_zero=0 recv_down_sum_abs=0.000000e+00 recv_down_max_abs=0.000000e+00 recv_down_zero=0 recv_other_sum_abs=0.000000e+00 recv_other_max_abs=0.000000e+00 recv_other_zero=0 recv_ffn_sum_abs=0.000000e+00 recv_ffn_max_abs=0.000000e+00 recv_ffn_zero=0
SUCCEED (one forward pass done)"
2c_balanced_mid,0,"60,61","50,50",even_0.6,ok,12.3345,81.0735,0.78411865234375,"llama_context: graph splits = 1
attach_threadpool: call
threads: decode=2 batch=2
prompt tokens: 4
running one forward pass (llama_decode) ...
Top-5 next-token candidates:
  id=3 logit=0 piece=""$""
  id=4 logit=0 piece=""%""
  id=1 logit=0 piece=""""""
  id=0 logit=0 piece=""!""
  id=2 logit=0 piece=""#""
Autoregressive generation:
Generated text: !
Decode-only throughput: 12.3345 tokens/s (1 tokens in 0.0810735 s of llama_decode)
End-to-end throughput: 12.2887 tokens/s (1 tokens in 0.0813754 s)
[decode-stage-profile] model_load=371.675 ms context_create=56.0446 ms tokenize=0.435858 ms prefill_decode=119.543 ms generation_decode=81.0735 ms generation_total=81.3754 ms program_total=644.554 ms
[svd-local-op-profile] up_ops=56 gate_ops=56 down_ops=56 up_total=53.515 ms gate_total=57.283 ms down_total=41.582 ms up_v=6.957 ms gate_v=6.762 ms down_v=33.212 ms up_u=46.553 ms gate_u=50.515 ms down_u=8.366 ms
[svd-local-stage-profile] attention_total=1.444 ms ffn_total=154.103 ms ffn_svd_total=152.380 ms ffn_svd_v=46.931 ms ffn_svd_u=105.434 ms
[svd-offload-zero-profile] up_finish=0 up_cache=0 up_no_request=27 gate_finish=0 gate_cache=0 gate_no_request=27 down_finish=0 down_cache=0 down_no_request=27 other_finish=0 other_cache=0 other_no_request=0
[svd-local-timeout-profile] up_keep=0 up_drop=0 up_wait=0.000 ms gate_keep=0 gate_drop=0 gate_wait=0.000 ms down_keep=0 down_drop=0 down_wait=0.000 ms other_keep=0 other_drop=0 other_wait=0.000 ms
[svd-offload-client] up_gate_req=0 down_req=0 other_mat_req=0 ffn_req=0 gate_cache_hits=0 gate_cache_checks=0 miss_invalid=0 miss_layer=0 miss_rank=0 miss_hash=0 miss_output=0 miss_data=0 send_up_gate=0.000 ms send_down=0.000 ms send_other=0.000 ms send_ffn=0.000 ms wait_up_gate=0.000 ms wait_down=0.000 ms wait_other=0.000 ms wait_ffn=0.000 ms
[svd-offload-client-stage-profile] rpc_send_total=0.000 ms rpc_wait_total=0.000 ms
[svd-offload-client-debug] finish_fail_up_gate=0 finish_fail_down=0 finish_fail_other=0 finish_fail_ffn=0 cache_take_fail_up=0 cache_take_fail_gate=0 recv_up_sum_abs=0.000000e+00 recv_up_max_abs=0.000000e+00 recv_up_zero=0 recv_gate_sum_abs=0.000000e+00 recv_gate_max_abs=0.000000e+00 recv_gate_zero=0 recv_down_sum_abs=0.000000e+00 recv_down_max_abs=0.000000e+00 recv_down_zero=0 recv_other_sum_abs=0.000000e+00 recv_other_max_abs=0.000000e+00 recv_other_zero=0 recv_ffn_sum_abs=0.000000e+00 recv_ffn_max_abs=0.000000e+00 recv_ffn_zero=0
SUCCEED (one forward pass done)"
2c_balanced_mid,0,"60,61","50,50",even_0.7,ok,11.7329,85.2303,0.7967360019683838,"llama_context: graph splits = 1
attach_threadpool: call
threads: decode=2 batch=2
prompt tokens: 4
running one forward pass (llama_decode) ...
Top-5 next-token candidates:
  id=3 logit=0 piece=""$""
  id=4 logit=0 piece=""%""
  id=1 logit=0 piece=""""""
  id=0 logit=0 piece=""!""
  id=2 logit=0 piece=""#""
Autoregressive generation:
Generated text: !
Decode-only throughput: 11.7329 tokens/s (1 tokens in 0.0852303 s of llama_decode)
End-to-end throughput: 11.6918 tokens/s (1 tokens in 0.0855298 s)
[decode-stage-profile] model_load=372.221 ms context_create=56.4756 ms tokenize=0.435651 ms prefill_decode=111.182 ms generation_decode=85.2303 ms generation_total=85.5298 ms program_total=641.657 ms
[svd-local-op-profile] up_ops=56 gate_ops=56 down_ops=56 up_total=52.218 ms gate_total=53.784 ms down_total=38.081 ms up_v=6.513 ms gate_v=6.259 ms down_v=29.954 ms up_u=45.702 ms gate_u=47.521 ms down_u=8.123 ms
[svd-local-stage-profile] attention_total=1.379 ms ffn_total=145.681 ms ffn_svd_total=144.083 ms ffn_svd_v=42.726 ms ffn_svd_u=101.346 ms
[svd-offload-zero-profile] up_finish=0 up_cache=0 up_no_request=27 gate_finish=0 gate_cache=0 gate_no_request=27 down_finish=0 down_cache=0 down_no_request=27 other_finish=0 other_cache=0 other_no_request=0
[svd-local-timeout-profile] up_keep=0 up_drop=0 up_wait=0.000 ms gate_keep=0 gate_drop=0 gate_wait=0.000 ms down_keep=0 down_drop=0 down_wait=0.000 ms other_keep=0 other_drop=0 other_wait=0.000 ms
[svd-offload-client] up_gate_req=0 down_req=0 other_mat_req=0 ffn_req=0 gate_cache_hits=0 gate_cache_checks=0 miss_invalid=0 miss_layer=0 miss_rank=0 miss_hash=0 miss_output=0 miss_data=0 send_up_gate=0.000 ms send_down=0.000 ms send_other=0.000 ms send_ffn=0.000 ms wait_up_gate=0.000 ms wait_down=0.000 ms wait_other=0.000 ms wait_ffn=0.000 ms
[svd-offload-client-stage-profile] rpc_send_total=0.000 ms rpc_wait_total=0.000 ms
[svd-offload-client-debug] finish_fail_up_gate=0 finish_fail_down=0 finish_fail_other=0 finish_fail_ffn=0 cache_take_fail_up=0 cache_take_fail_gate=0 recv_up_sum_abs=0.000000e+00 recv_up_max_abs=0.000000e+00 recv_up_zero=0 recv_gate_sum_abs=0.000000e+00 recv_gate_max_abs=0.000000e+00 recv_gate_zero=0 recv_down_sum_abs=0.000000e+00 recv_down_max_abs=0.000000e+00 recv_down_zero=0 recv_other_sum_abs=0.000000e+00 recv_other_max_abs=0.000000e+00 recv_other_zero=0 recv_ffn_sum_abs=0.000000e+00 recv_ffn_max_abs=0.000000e+00 recv_ffn_zero=0
SUCCEED (one forward pass done)"
2c_balanced_mid,0,"60,61","50,50",even_0.8,ok,2.43844,410.098,1.1182069778442383,"llama_context: graph splits = 1
attach_threadpool: call
threads: decode=2 batch=2
prompt tokens: 4
running one forward pass (llama_decode) ...
Top-5 next-token candidates:
  id=3 logit=0 piece=""$""
  id=4 logit=0 piece=""%""
  id=1 logit=0 piece=""""""
  id=0 logit=0 piece=""!""
  id=2 logit=0 piece=""#""
Autoregressive generation:
Generated text: !
Decode-only throughput: 2.43844 tokens/s (1 tokens in 0.410098 s of llama_decode)
End-to-end throughput: 2.43664 tokens/s (1 tokens in 0.410402 s)
[decode-stage-profile] model_load=374.956 ms context_create=55.8342 ms tokenize=0.442876 ms prefill_decode=104.974 ms generation_decode=410.098 ms generation_total=410.402 ms program_total=962.198 ms
[svd-local-op-profile] up_ops=56 gate_ops=56 down_ops=56 up_total=63.994 ms gate_total=56.765 ms down_total=50.816 ms up_v=13.147 ms gate_v=5.872 ms down_v=29.561 ms up_u=50.843 ms gate_u=50.887 ms down_u=21.248 ms
[svd-local-stage-profile] attention_total=89.713 ms ffn_total=235.363 ms ffn_svd_total=171.575 ms ffn_svd_v=48.580 ms ffn_svd_u=122.978 ms
[svd-offload-zero-profile] up_finish=0 up_cache=0 up_no_request=27 gate_finish=0 gate_cache=0 gate_no_request=27 down_finish=0 down_cache=0 down_no_request=27 other_finish=0 other_cache=0 other_no_request=0
[svd-local-timeout-profile] up_keep=0 up_drop=0 up_wait=0.000 ms gate_keep=0 gate_drop=0 gate_wait=0.000 ms down_keep=0 down_drop=0 down_wait=0.000 ms other_keep=0 other_drop=0 other_wait=0.000 ms
[svd-offload-client] up_gate_req=0 down_req=0 other_mat_req=0 ffn_req=0 gate_cache_hits=0 gate_cache_checks=0 miss_invalid=0 miss_layer=0 miss_rank=0 miss_hash=0 miss_output=0 miss_data=0 send_up_gate=0.000 ms send_down=0.000 ms send_other=0.000 ms send_ffn=0.000 ms wait_up_gate=0.000 ms wait_down=0.000 ms wait_other=0.000 ms wait_ffn=0.000 ms
[svd-offload-client-stage-profile] rpc_send_total=0.000 ms rpc_wait_total=0.000 ms
[svd-offload-client-debug] finish_fail_up_gate=0 finish_fail_down=0 finish_fail_other=0 finish_fail_ffn=0 cache_take_fail_up=0 cache_take_fail_gate=0 recv_up_sum_abs=0.000000e+00 recv_up_max_abs=0.000000e+00 recv_up_zero=0 recv_gate_sum_abs=0.000000e+00 recv_gate_max_abs=0.000000e+00 recv_gate_zero=0 recv_down_sum_abs=0.000000e+00 recv_down_max_abs=0.000000e+00 recv_down_zero=0 recv_other_sum_abs=0.000000e+00 recv_other_max_abs=0.000000e+00 recv_other_zero=0 recv_ffn_sum_abs=0.000000e+00 recv_ffn_max_abs=0.000000e+00 recv_ffn_zero=0
SUCCEED (one forward pass done)"
2c_balanced_mid,0,"60,61","50,50",even_0.85,ok,13.4918,74.1191,0.7816476821899414,"llama_context: graph splits = 1
attach_threadpool: call
threads: decode=2 batch=2
prompt tokens: 4
running one forward pass (llama_decode) ...
Top-5 next-token candidates:
  id=3 logit=0 piece=""$""
  id=4 logit=0 piece=""%""
  id=1 logit=0 piece=""""""
  id=0 logit=0 piece=""!""
  id=2 logit=0 piece=""#""
Autoregressive generation:
Generated text: !
Decode-only throughput: 13.4918 tokens/s (1 tokens in 0.0741191 s of llama_decode)
End-to-end throughput: 13.436 tokens/s (1 tokens in 0.0744268 s)
[decode-stage-profile] model_load=384.854 ms context_create=55.2954 ms tokenize=0.43565 ms prefill_decode=103.757 ms generation_decode=74.1191 ms generation_total=74.4268 ms program_total=634.838 ms
[svd-local-op-profile] up_ops=56 gate_ops=56 down_ops=56 up_total=48.010 ms gate_total=49.779 ms down_total=31.766 ms up_v=5.687 ms gate_v=5.601 ms down_v=24.152 ms up_u=42.318 ms gate_u=44.175 ms down_u=7.606 ms
[svd-local-stage-profile] attention_total=1.483 ms ffn_total=131.110 ms ffn_svd_total=129.555 ms ffn_svd_v=35.440 ms ffn_svd_u=94.099 ms
[svd-offload-zero-profile] up_finish=0 up_cache=0 up_no_request=27 gate_finish=0 gate_cache=0 gate_no_request=27 down_finish=0 down_cache=0 down_no_request=27 other_finish=0 other_cache=0 other_no_request=0
[svd-local-timeout-profile] up_keep=0 up_drop=0 up_wait=0.000 ms gate_keep=0 gate_drop=0 gate_wait=0.000 ms down_keep=0 down_drop=0 down_wait=0.000 ms other_keep=0 other_drop=0 other_wait=0.000 ms
[svd-offload-client] up_gate_req=0 down_req=0 other_mat_req=0 ffn_req=0 gate_cache_hits=0 gate_cache_checks=0 miss_invalid=0 miss_layer=0 miss_rank=0 miss_hash=0 miss_output=0 miss_data=0 send_up_gate=0.000 ms send_down=0.000 ms send_other=0.000 ms send_ffn=0.000 ms wait_up_gate=0.000 ms wait_down=0.000 ms wait_other=0.000 ms wait_ffn=0.000 ms
[svd-offload-client-stage-profile] rpc_send_total=0.000 ms rpc_wait_total=0.000 ms
[svd-offload-client-debug] finish_fail_up_gate=0 finish_fail_down=0 finish_fail_other=0 finish_fail_ffn=0 cache_take_fail_up=0 cache_take_fail_gate=0 recv_up_sum_abs=0.000000e+00 recv_up_max_abs=0.000000e+00 recv_up_zero=0 recv_gate_sum_abs=0.000000e+00 recv_gate_max_abs=0.000000e+00 recv_gate_zero=0 recv_down_sum_abs=0.000000e+00 recv_down_max_abs=0.000000e+00 recv_down_zero=0 recv_other_sum_abs=0.000000e+00 recv_other_max_abs=0.000000e+00 recv_other_zero=0 recv_ffn_sum_abs=0.000000e+00 recv_ffn_max_abs=0.000000e+00 recv_ffn_zero=0
SUCCEED (one forward pass done)"
2c_balanced_mid,0,"60,61","50,50",even_0.9,ok,13.9259,71.8088,0.7629218101501465,"llama_context: graph splits = 1
attach_threadpool: call
threads: decode=2 batch=2
prompt tokens: 4
running one forward pass (llama_decode) ...
Top-5 next-token candidates:
  id=3 logit=0 piece=""$""
  id=4 logit=0 piece=""%""
  id=1 logit=0 piece=""""""
  id=0 logit=0 piece=""!""
  id=2 logit=0 piece=""#""
Autoregressive generation:
Generated text: !
Decode-only throughput: 13.9259 tokens/s (1 tokens in 0.0718088 s of llama_decode)
End-to-end throughput: 13.8687 tokens/s (1 tokens in 0.0721049 s)
[decode-stage-profile] model_load=374.095 ms context_create=57.6298 ms tokenize=0.463368 ms prefill_decode=97.4719 ms generation_decode=71.8088 ms generation_total=72.1049 ms program_total=617.786 ms
[svd-local-op-profile] up_ops=56 gate_ops=56 down_ops=56 up_total=42.787 ms gate_total=42.628 ms down_total=33.907 ms up_v=5.429 ms gate_v=5.255 ms down_v=22.996 ms up_u=37.349 ms gate_u=37.367 ms down_u=10.905 ms
[svd-local-stage-profile] attention_total=1.467 ms ffn_total=120.832 ms ffn_svd_total=119.322 ms ffn_svd_v=33.680 ms ffn_svd_u=85.621 ms
[svd-offload-zero-profile] up_finish=0 up_cache=0 up_no_request=27 gate_finish=0 gate_cache=0 gate_no_request=27 down_finish=0 down_cache=0 down_no_request=27 other_finish=0 other_cache=0 other_no_request=0
[svd-local-timeout-profile] up_keep=0 up_drop=0 up_wait=0.000 ms gate_keep=0 gate_drop=0 gate_wait=0.000 ms down_keep=0 down_drop=0 down_wait=0.000 ms other_keep=0 other_drop=0 other_wait=0.000 ms
[svd-offload-client] up_gate_req=0 down_req=0 other_mat_req=0 ffn_req=0 gate_cache_hits=0 gate_cache_checks=0 miss_invalid=0 miss_layer=0 miss_rank=0 miss_hash=0 miss_output=0 miss_data=0 send_up_gate=0.000 ms send_down=0.000 ms send_other=0.000 ms send_ffn=0.000 ms wait_up_gate=0.000 ms wait_down=0.000 ms wait_other=0.000 ms wait_ffn=0.000 ms
[svd-offload-client-stage-profile] rpc_send_total=0.000 ms rpc_wait_total=0.000 ms
[svd-offload-client-debug] finish_fail_up_gate=0 finish_fail_down=0 finish_fail_other=0 finish_fail_ffn=0 cache_take_fail_up=0 cache_take_fail_gate=0 recv_up_sum_abs=0.000000e+00 recv_up_max_abs=0.000000e+00 recv_up_zero=0 recv_gate_sum_abs=0.000000e+00 recv_gate_max_abs=0.000000e+00 recv_gate_zero=0 recv_down_sum_abs=0.000000e+00 recv_down_max_abs=0.000000e+00 recv_down_zero=0 recv_other_sum_abs=0.000000e+00 recv_other_max_abs=0.000000e+00 recv_other_zero=0 recv_ffn_sum_abs=0.000000e+00 recv_ffn_max_abs=0.000000e+00 recv_ffn_zero=0
SUCCEED (one forward pass done)"
2c_balanced_mid,0,"60,61","50,50",mod3_0_0.4,ok,12.2992,81.3063,0.8118045330047607,"llama_context: graph splits = 1
attach_threadpool: call
threads: decode=2 batch=2
prompt tokens: 4
running one forward pass (llama_decode) ...
Top-5 next-token candidates:
  id=44028 logit=19.3422 piece=""ató""
  id=93918 logit=17.3997 piece=""arov""
  id=98657 logit=16.898 piece=""ôme""
  id=49561 logit=16.6052 piece=""phinx""
  id=31889 logit=16.1291 piece=""DMI""
Autoregressive generation:
Generated text: ató
Decode-only throughput: 12.2992 tokens/s (1 tokens in 0.0813063 s of llama_decode)
End-to-end throughput: 12.2526 tokens/s (1 tokens in 0.0816156 s)
[decode-stage-profile] model_load=377.045 ms context_create=58.2513 ms tokenize=0.442907 ms prefill_decode=138.71 ms generation_decode=81.3063 ms generation_total=81.6156 ms program_total=672.08 ms
[svd-local-op-profile] up_ops=56 gate_ops=56 down_ops=56 up_total=62.622 ms gate_total=62.736 ms down_total=45.174 ms up_v=12.459 ms gate_v=8.230 ms down_v=36.147 ms up_u=50.158 ms gate_u=54.502 ms down_u=9.022 ms
[svd-local-stage-profile] attention_total=1.540 ms ffn_total=172.285 ms ffn_svd_total=170.532 ms ffn_svd_v=56.836 ms ffn_svd_u=113.682 ms
[svd-offload-zero-profile] up_finish=0 up_cache=0 up_no_request=27 gate_finish=0 gate_cache=0 gate_no_request=27 down_finish=0 down_cache=0 down_no_request=27 other_finish=0 other_cache=0 other_no_request=0
[svd-local-timeout-profile] up_keep=0 up_drop=0 up_wait=0.000 ms gate_keep=0 gate_drop=0 gate_wait=0.000 ms down_keep=0 down_drop=0 down_wait=0.000 ms other_keep=0 other_drop=0 other_wait=0.000 ms
[svd-offload-client] up_gate_req=0 down_req=0 other_mat_req=0 ffn_req=0 gate_cache_hits=0 gate_cache_checks=0 miss_invalid=0 miss_layer=0 miss_rank=0 miss_hash=0 miss_output=0 miss_data=0 send_up_gate=0.000 ms send_down=0.000 ms send_other=0.000 ms send_ffn=0.000 ms wait_up_gate=0.000 ms wait_down=0.000 ms wait_other=0.000 ms wait_ffn=0.000 ms
[svd-offload-client-stage-profile] rpc_send_total=0.000 ms rpc_wait_total=0.000 ms
[svd-offload-client-debug] finish_fail_up_gate=0 finish_fail_down=0 finish_fail_other=0 finish_fail_ffn=0 cache_take_fail_up=0 cache_take_fail_gate=0 recv_up_sum_abs=0.000000e+00 recv_up_max_abs=0.000000e+00 recv_up_zero=0 recv_gate_sum_abs=0.000000e+00 recv_gate_max_abs=0.000000e+00 recv_gate_zero=0 recv_down_sum_abs=0.000000e+00 recv_down_max_abs=0.000000e+00 recv_down_zero=0 recv_other_sum_abs=0.000000e+00 recv_other_max_abs=0.000000e+00 recv_other_zero=0 recv_ffn_sum_abs=0.000000e+00 recv_ffn_max_abs=0.000000e+00 recv_ffn_zero=0
SUCCEED (one forward pass done)"
2c_balanced_mid,0,"60,61","50,50",mod3_0_0.5,ok,12.3989,80.6522,0.8229007720947266,"llama_context: graph splits = 1
attach_threadpool: call
threads: decode=2 batch=2
prompt tokens: 4
running one forward pass (llama_decode) ...
Top-5 next-token candidates:
  id=304 logit=17.3063 piece="" in""
  id=11 logit=17.1614 piece="",""
  id=1052 logit=16.6123 piece="" there""
  id=572 logit=16.0526 piece="" was""
  id=358 logit=16.0227 piece="" I""
Autoregressive generation:
Generated text:  in
Decode-only throughput: 12.3989 tokens/s (1 tokens in 0.0806522 s of llama_decode)
End-to-end throughput: 12.3529 tokens/s (1 tokens in 0.0809529 s)
[decode-stage-profile] model_load=377.906 ms context_create=56.9255 ms tokenize=0.438783 ms prefill_decode=135.242 ms generation_decode=80.6522 ms generation_total=80.9529 ms program_total=671.669 ms
[svd-local-op-profile] up_ops=56 gate_ops=56 down_ops=56 up_total=57.937 ms gate_total=63.824 ms down_total=43.709 ms up_v=8.219 ms gate_v=8.277 ms down_v=34.683 ms up_u=49.716 ms gate_u=55.544 ms down_u=9.017 ms
[svd-local-stage-profile] attention_total=1.613 ms ffn_total=167.366 ms ffn_svd_total=165.470 ms ffn_svd_v=51.179 ms ffn_svd_u=114.277 ms
[svd-offload-zero-profile] up_finish=0 up_cache=0 up_no_request=27 gate_finish=0 gate_cache=0 gate_no_request=27 down_finish=0 down_cache=0 down_no_request=27 other_finish=0 other_cache=0 other_no_request=0
[svd-local-timeout-profile] up_keep=0 up_drop=0 up_wait=0.000 ms gate_keep=0 gate_drop=0 gate_wait=0.000 ms down_keep=0 down_drop=0 down_wait=0.000 ms other_keep=0 other_drop=0 other_wait=0.000 ms
[svd-offload-client] up_gate_req=0 down_req=0 other_mat_req=0 ffn_req=0 gate_cache_hits=0 gate_cache_checks=0 miss_invalid=0 miss_layer=0 miss_rank=0 miss_hash=0 miss_output=0 miss_data=0 send_up_gate=0.000 ms send_down=0.000 ms send_other=0.000 ms send_ffn=0.000 ms wait_up_gate=0.000 ms wait_down=0.000 ms wait_other=0.000 ms wait_ffn=0.000 ms
[svd-offload-client-stage-profile] rpc_send_total=0.000 ms rpc_wait_total=0.000 ms
[svd-offload-client-debug] finish_fail_up_gate=0 finish_fail_down=0 finish_fail_other=0 finish_fail_ffn=0 cache_take_fail_up=0 cache_take_fail_gate=0 recv_up_sum_abs=0.000000e+00 recv_up_max_abs=0.000000e+00 recv_up_zero=0 recv_gate_sum_abs=0.000000e+00 recv_gate_max_abs=0.000000e+00 recv_gate_zero=0 recv_down_sum_abs=0.000000e+00 recv_down_max_abs=0.000000e+00 recv_down_zero=0 recv_other_sum_abs=0.000000e+00 recv_other_max_abs=0.000000e+00 recv_other_zero=0 recv_ffn_sum_abs=0.000000e+00 recv_ffn_max_abs=0.000000e+00 recv_ffn_zero=0
SUCCEED (one forward pass done)"
2c_balanced_mid,0,"60,61","50,50",mod3_0_0.6,ok,11.9048,83.9997,0.8228542804718018,"llama_context: graph splits = 1
attach_threadpool: call
threads: decode=2 batch=2
prompt tokens: 4
running one forward pass (llama_decode) ...
Top-5 next-token candidates:
  id=3 logit=0 piece=""$""
  id=4 logit=0 piece=""%""
  id=1 logit=0 piece=""""""
  id=0 logit=0 piece=""!""
  id=2 logit=0 piece=""#""
Autoregressive generation:
Generated text: !
Decode-only throughput: 11.9048 tokens/s (1 tokens in 0.0839997 s of llama_decode)
End-to-end throughput: 11.8613 tokens/s (1 tokens in 0.0843075 s)
[decode-stage-profile] model_load=372.284 ms context_create=60.2373 ms tokenize=0.447475 ms prefill_decode=130.355 ms generation_decode=83.9997 ms generation_total=84.3075 ms program_total=663.691 ms
[svd-local-op-profile] up_ops=56 gate_ops=56 down_ops=56 up_total=57.277 ms gate_total=61.501 ms down_total=41.981 ms up_v=7.959 ms gate_v=7.757 ms down_v=33.197 ms up_u=49.303 ms gate_u=53.739 ms down_u=8.776 ms
[svd-local-stage-profile] attention_total=1.518 ms ffn_total=162.584 ms ffn_svd_total=160.759 ms ffn_svd_v=48.913 ms ffn_svd_u=111.818 ms
[svd-offload-zero-profile] up_finish=0 up_cache=0 up_no_request=27 gate_finish=0 gate_cache=0 gate_no_request=27 down_finish=0 down_cache=0 down_no_request=27 other_finish=0 other_cache=0 other_no_request=0
[svd-local-timeout-profile] up_keep=0 up_drop=0 up_wait=0.000 ms gate_keep=0 gate_drop=0 gate_wait=0.000 ms down_keep=0 down_drop=0 down_wait=0.000 ms other_keep=0 other_drop=0 other_wait=0.000 ms
[svd-offload-client] up_gate_req=0 down_req=0 other_mat_req=0 ffn_req=0 gate_cache_hits=0 gate_cache_checks=0 miss_invalid=0 miss_layer=0 miss_rank=0 miss_hash=0 miss_output=0 miss_data=0 send_up_gate=0.000 ms send_down=0.000 ms send_other=0.000 ms send_ffn=0.000 ms wait_up_gate=0.000 ms wait_down=0.000 ms wait_other=0.000 ms wait_ffn=0.000 ms
[svd-offload-client-stage-profile] rpc_send_total=0.000 ms rpc_wait_total=0.000 ms
[svd-offload-client-debug] finish_fail_up_gate=0 finish_fail_down=0 finish_fail_other=0 finish_fail_ffn=0 cache_take_fail_up=0 cache_take_fail_gate=0 recv_up_sum_abs=0.000000e+00 recv_up_max_abs=0.000000e+00 recv_up_zero=0 recv_gate_sum_abs=0.000000e+00 recv_gate_max_abs=0.000000e+00 recv_gate_zero=0 recv_down_sum_abs=0.000000e+00 recv_down_max_abs=0.000000e+00 recv_down_zero=0 recv_other_sum_abs=0.000000e+00 recv_other_max_abs=0.000000e+00 recv_other_zero=0 recv_ffn_sum_abs=0.000000e+00 recv_ffn_max_abs=0.000000e+00 recv_ffn_zero=0
SUCCEED (one forward pass done)"
2c_balanced_mid,0,"60,61","50,50",mod3_0_0.7,ok,12.3338,81.0778,0.8047916889190674,"llama_context: graph splits = 1
attach_threadpool: call
threads: decode=2 batch=2
prompt tokens: 4
running one forward pass (llama_decode) ...
Top-5 next-token candidates:
  id=3 logit=0 piece=""$""
  id=4 logit=0 piece=""%""
  id=1 logit=0 piece=""""""
  id=0 logit=0 piece=""!""
  id=2 logit=0 piece=""#""
Autoregressive generation:
Generated text: !
Decode-only throughput: 12.3338 tokens/s (1 tokens in 0.0810778 s of llama_decode)
End-to-end throughput: 12.2864 tokens/s (1 tokens in 0.0813909 s)
[decode-stage-profile] model_load=381.081 ms context_create=58.5671 ms tokenize=0.444399 ms prefill_decode=124.978 ms generation_decode=81.0778 ms generation_total=81.3909 ms program_total=662.473 ms
[svd-local-op-profile] up_ops=56 gate_ops=56 down_ops=56 up_total=56.334 ms gate_total=60.339 ms down_total=39.789 ms up_v=7.540 ms gate_v=7.308 ms down_v=31.085 ms up_u=48.791 ms gate_u=53.028 ms down_u=8.701 ms
[svd-local-stage-profile] attention_total=1.493 ms ffn_total=158.205 ms ffn_svd_total=156.462 ms ffn_svd_v=45.933 ms ffn_svd_u=110.520 ms
[svd-offload-zero-profile] up_finish=0 up_cache=0 up_no_request=27 gate_finish=0 gate_cache=0 gate_no_request=27 down_finish=0 down_cache=0 down_no_request=27 other_finish=0 other_cache=0 other_no_request=0
[svd-local-timeout-profile] up_keep=0 up_drop=0 up_wait=0.000 ms gate_keep=0 gate_drop=0 gate_wait=0.000 ms down_keep=0 down_drop=0 down_wait=0.000 ms other_keep=0 other_drop=0 other_wait=0.000 ms
[svd-offload-client] up_gate_req=0 down_req=0 other_mat_req=0 ffn_req=0 gate_cache_hits=0 gate_cache_checks=0 miss_invalid=0 miss_layer=0 miss_rank=0 miss_hash=0 miss_output=0 miss_data=0 send_up_gate=0.000 ms send_down=0.000 ms send_other=0.000 ms send_ffn=0.000 ms wait_up_gate=0.000 ms wait_down=0.000 ms wait_other=0.000 ms wait_ffn=0.000 ms
[svd-offload-client-stage-profile] rpc_send_total=0.000 ms rpc_wait_total=0.000 ms
[svd-offload-client-debug] finish_fail_up_gate=0 finish_fail_down=0 finish_fail_other=0 finish_fail_ffn=0 cache_take_fail_up=0 cache_take_fail_gate=0 recv_up_sum_abs=0.000000e+00 recv_up_max_abs=0.000000e+00 recv_up_zero=0 recv_gate_sum_abs=0.000000e+00 recv_gate_max_abs=0.000000e+00 recv_gate_zero=0 recv_down_sum_abs=0.000000e+00 recv_down_max_abs=0.000000e+00 recv_down_zero=0 recv_other_sum_abs=0.000000e+00 recv_other_max_abs=0.000000e+00 recv_other_zero=0 recv_ffn_sum_abs=0.000000e+00 recv_ffn_max_abs=0.000000e+00 recv_ffn_zero=0
SUCCEED (one forward pass done)"
2c_balanced_mid,0,"60,61","50,50",mod3_0_0.8,ok,11.8841,84.1462,0.803570032119751,"llama_context: graph splits = 1
attach_threadpool: call
threads: decode=2 batch=2
prompt tokens: 4
running one forward pass (llama_decode) ...
Top-5 next-token candidates:
  id=3 logit=0 piece=""$""
  id=4 logit=0 piece=""%""
  id=1 logit=0 piece=""""""
  id=0 logit=0 piece=""!""
  id=2 logit=0 piece=""#""
Autoregressive generation:
Generated text: !
Decode-only throughput: 11.8841 tokens/s (1 tokens in 0.0841462 s of llama_decode)
End-to-end throughput: 11.8392 tokens/s (1 tokens in 0.0844655 s)
[decode-stage-profile] model_load=375.744 ms context_create=56.1416 ms tokenize=0.449979 ms prefill_decode=118.971 ms generation_decode=84.1462 ms generation_total=84.4655 ms program_total=651.851 ms
[svd-local-op-profile] up_ops=56 gate_ops=56 down_ops=56 up_total=54.492 ms gate_total=56.393 ms down_total=42.426 ms up_v=7.285 ms gate_v=6.994 ms down_v=33.942 ms up_u=47.204 ms gate_u=49.394 ms down_u=8.477 ms
[svd-local-stage-profile] attention_total=1.473 ms ffn_total=155.119 ms ffn_svd_total=153.311 ms ffn_svd_v=48.221 ms ffn_svd_u=105.075 ms
[svd-offload-zero-profile] up_finish=0 up_cache=0 up_no_request=27 gate_finish=0 gate_cache=0 gate_no_request=27 down_finish=0 down_cache=0 down_no_request=27 other_finish=0 other_cache=0 other_no_request=0
[svd-local-timeout-profile] up_keep=0 up_drop=0 up_wait=0.000 ms gate_keep=0 gate_drop=0 gate_wait=0.000 ms down_keep=0 down_drop=0 down_wait=0.000 ms other_keep=0 other_drop=0 other_wait=0.000 ms
[svd-offload-client] up_gate_req=0 down_req=0 other_mat_req=0 ffn_req=0 gate_cache_hits=0 gate_cache_checks=0 miss_invalid=0 miss_layer=0 miss_rank=0 miss_hash=0 miss_output=0 miss_data=0 send_up_gate=0.000 ms send_down=0.000 ms send_other=0.000 ms send_ffn=0.000 ms wait_up_gate=0.000 ms wait_down=0.000 ms wait_other=0.000 ms wait_ffn=0.000 ms
[svd-offload-client-stage-profile] rpc_send_total=0.000 ms rpc_wait_total=0.000 ms
[svd-offload-client-debug] finish_fail_up_gate=0 finish_fail_down=0 finish_fail_other=0 finish_fail_ffn=0 cache_take_fail_up=0 cache_take_fail_gate=0 recv_up_sum_abs=0.000000e+00 recv_up_max_abs=0.000000e+00 recv_up_zero=0 recv_gate_sum_abs=0.000000e+00 recv_gate_max_abs=0.000000e+00 recv_gate_zero=0 recv_down_sum_abs=0.000000e+00 recv_down_max_abs=0.000000e+00 recv_down_zero=0 recv_other_sum_abs=0.000000e+00 recv_other_max_abs=0.000000e+00 recv_other_zero=0 recv_ffn_sum_abs=0.000000e+00 recv_ffn_max_abs=0.000000e+00 recv_ffn_zero=0
SUCCEED (one forward pass done)"
2c_balanced_mid,0,"60,61","50,50",mod3_0_0.85,ok,12.3967,80.6667,0.788672685623169,"llama_context: graph splits = 1
attach_threadpool: call
threads: decode=2 batch=2
prompt tokens: 4
running one forward pass (llama_decode) ...
Top-5 next-token candidates:
  id=2329 logit=8.80436 piece="" law""
  id=5302 logit=8.74699 piece="" states""
  id=1508 logit=8.6286 piece="" ob""
  id=112919 logit=8.47637 piece=""下面是小""
  id=45786 logit=8.30119 piece="" DataFrame""
Autoregressive generation:
Generated text:  law
Decode-only throughput: 12.3967 tokens/s (1 tokens in 0.0806667 s of llama_decode)
End-to-end throughput: 12.3487 tokens/s (1 tokens in 0.0809802 s)
[decode-stage-profile] model_load=373.931 ms context_create=56.2752 ms tokenize=0.440712 ms prefill_decode=118.908 ms generation_decode=80.6667 ms generation_total=80.9802 ms program_total=646.439 ms
[svd-local-op-profile] up_ops=56 gate_ops=56 down_ops=56 up_total=60.259 ms gate_total=52.981 ms down_total=37.704 ms up_v=10.000 ms gate_v=6.882 ms down_v=29.326 ms up_u=50.256 ms gate_u=46.091 ms down_u=8.374 ms
[svd-local-stage-profile] attention_total=1.545 ms ffn_total=152.636 ms ffn_svd_total=150.944 ms ffn_svd_v=46.208 ms ffn_svd_u=104.721 ms
[svd-offload-zero-profile] up_finish=0 up_cache=0 up_no_request=27 gate_finish=0 gate_cache=0 gate_no_request=27 down_finish=0 down_cache=0 down_no_request=27 other_finish=0 other_cache=0 other_no_request=0
[svd-local-timeout-profile] up_keep=0 up_drop=0 up_wait=0.000 ms gate_keep=0 gate_drop=0 gate_wait=0.000 ms down_keep=0 down_drop=0 down_wait=0.000 ms other_keep=0 other_drop=0 other_wait=0.000 ms
[svd-offload-client] up_gate_req=0 down_req=0 other_mat_req=0 ffn_req=0 gate_cache_hits=0 gate_cache_checks=0 miss_invalid=0 miss_layer=0 miss_rank=0 miss_hash=0 miss_output=0 miss_data=0 send_up_gate=0.000 ms send_down=0.000 ms send_other=0.000 ms send_ffn=0.000 ms wait_up_gate=0.000 ms wait_down=0.000 ms wait_other=0.000 ms wait_ffn=0.000 ms
[svd-offload-client-stage-profile] rpc_send_total=0.000 ms rpc_wait_total=0.000 ms
[svd-offload-client-debug] finish_fail_up_gate=0 finish_fail_down=0 finish_fail_other=0 finish_fail_ffn=0 cache_take_fail_up=0 cache_take_fail_gate=0 recv_up_sum_abs=0.000000e+00 recv_up_max_abs=0.000000e+00 recv_up_zero=0 recv_gate_sum_abs=0.000000e+00 recv_gate_max_abs=0.000000e+00 recv_gate_zero=0 recv_down_sum_abs=0.000000e+00 recv_down_max_abs=0.000000e+00 recv_down_zero=0 recv_other_sum_abs=0.000000e+00 recv_other_max_abs=0.000000e+00 recv_other_zero=0 recv_ffn_sum_abs=0.000000e+00 recv_ffn_max_abs=0.000000e+00 recv_ffn_zero=0
SUCCEED (one forward pass done)"
2c_balanced_mid,0,"60,61","50,50",mod3_0_0.9,ok,13.3668,74.8122,0.790346622467041,"llama_context: graph splits = 1
attach_threadpool: call
threads: decode=2 batch=2
prompt tokens: 4
running one forward pass (llama_decode) ...
Top-5 next-token candidates:
  id=3 logit=0 piece=""$""
  id=4 logit=0 piece=""%""
  id=1 logit=0 piece=""""""
  id=0 logit=0 piece=""!""
  id=2 logit=0 piece=""#""
Autoregressive generation:
Generated text: !
Decode-only throughput: 13.3668 tokens/s (1 tokens in 0.0748122 s of llama_decode)
End-to-end throughput: 13.3127 tokens/s (1 tokens in 0.0751164 s)
[decode-stage-profile] model_load=376.62 ms context_create=57.3122 ms tokenize=0.465292 ms prefill_decode=114.721 ms generation_decode=74.8122 ms generation_total=75.1164 ms program_total=640.175 ms
[svd-local-op-profile] up_ops=56 gate_ops=56 down_ops=56 up_total=56.243 ms gate_total=49.165 ms down_total=36.207 ms up_v=6.698 ms gate_v=6.651 ms down_v=28.447 ms up_u=49.536 ms gate_u=42.511 ms down_u=7.750 ms
[svd-local-stage-profile] attention_total=1.482 ms ffn_total=143.174 ms ffn_svd_total=141.615 ms ffn_svd_v=41.796 ms ffn_svd_u=99.797 ms
[svd-offload-zero-profile] up_finish=0 up_cache=0 up_no_request=27 gate_finish=0 gate_cache=0 gate_no_request=27 down_finish=0 down_cache=0 down_no_request=27 other_finish=0 other_cache=0 other_no_request=0
[svd-local-timeout-profile] up_keep=0 up_drop=0 up_wait=0.000 ms gate_keep=0 gate_drop=0 gate_wait=0.000 ms down_keep=0 down_drop=0 down_wait=0.000 ms other_keep=0 other_drop=0 other_wait=0.000 ms
[svd-offload-client] up_gate_req=0 down_req=0 other_mat_req=0 ffn_req=0 gate_cache_hits=0 gate_cache_checks=0 miss_invalid=0 miss_layer=0 miss_rank=0 miss_hash=0 miss_output=0 miss_data=0 send_up_gate=0.000 ms send_down=0.000 ms send_other=0.000 ms send_ffn=0.000 ms wait_up_gate=0.000 ms wait_down=0.000 ms wait_other=0.000 ms wait_ffn=0.000 ms
[svd-offload-client-stage-profile] rpc_send_total=0.000 ms rpc_wait_total=0.000 ms
[svd-offload-client-debug] finish_fail_up_gate=0 finish_fail_down=0 finish_fail_other=0 finish_fail_ffn=0 cache_take_fail_up=0 cache_take_fail_gate=0 recv_up_sum_abs=0.000000e+00 recv_up_max_abs=0.000000e+00 recv_up_zero=0 recv_gate_sum_abs=0.000000e+00 recv_gate_max_abs=0.000000e+00 recv_gate_zero=0 recv_down_sum_abs=0.000000e+00 recv_down_max_abs=0.000000e+00 recv_down_zero=0 recv_other_sum_abs=0.000000e+00 recv_other_max_abs=0.000000e+00 recv_other_zero=0 recv_ffn_sum_abs=0.000000e+00 recv_ffn_max_abs=0.000000e+00 recv_ffn_zero=0
SUCCEED (one forward pass done)"
2c_balanced_mid,0,"60,61","50,50",mod3_1_0.4,ok,12.5382,79.7561,0.8301293849945068,"llama_context: graph splits = 1
attach_threadpool: call
threads: decode=2 batch=2
prompt tokens: 4
running one forward pass (llama_decode) ...
Top-5 next-token candidates:
  id=3 logit=0 piece=""$""
  id=4 logit=0 piece=""%""
  id=1 logit=0 piece=""""""
  id=0 logit=0 piece=""!""
  id=2 logit=0 piece=""#""
Autoregressive generation:
Generated text: !
Decode-only throughput: 12.5382 tokens/s (1 tokens in 0.0797561 s of llama_decode)
End-to-end throughput: 12.4901 tokens/s (1 tokens in 0.0800632 s)
[decode-stage-profile] model_load=375.248 ms context_create=55.3196 ms tokenize=0.450522 ms prefill_decode=134.921 ms generation_decode=79.7561 ms generation_total=80.0632 ms program_total=661.48 ms
[svd-local-op-profile] up_ops=56 gate_ops=56 down_ops=56 up_total=64.671 ms gate_total=57.397 ms down_total=44.183 ms up_v=8.391 ms gate_v=8.176 ms down_v=35.339 ms up_u=56.278 ms gate_u=49.217 ms down_u=8.839 ms
[svd-local-stage-profile] attention_total=1.429 ms ffn_total=167.976 ms ffn_svd_total=166.251 ms ffn_svd_v=51.906 ms ffn_svd_u=114.334 ms
[svd-offload-zero-profile] up_finish=0 up_cache=0 up_no_request=27 gate_finish=0 gate_cache=0 gate_no_request=27 down_finish=0 down_cache=0 down_no_request=27 other_finish=0 other_cache=0 other_no_request=0
[svd-local-timeout-profile] up_keep=0 up_drop=0 up_wait=0.000 ms gate_keep=0 gate_drop=0 gate_wait=0.000 ms down_keep=0 down_drop=0 down_wait=0.000 ms other_keep=0 other_drop=0 other_wait=0.000 ms
[svd-offload-client] up_gate_req=0 down_req=0 other_mat_req=0 ffn_req=0 gate_cache_hits=0 gate_cache_checks=0 miss_invalid=0 miss_layer=0 miss_rank=0 miss_hash=0 miss_output=0 miss_data=0 send_up_gate=0.000 ms send_down=0.000 ms send_other=0.000 ms send_ffn=0.000 ms wait_up_gate=0.000 ms wait_down=0.000 ms wait_other=0.000 ms wait_ffn=0.000 ms
[svd-offload-client-stage-profile] rpc_send_total=0.000 ms rpc_wait_total=0.000 ms
[svd-offload-client-debug] finish_fail_up_gate=0 finish_fail_down=0 finish_fail_other=0 finish_fail_ffn=0 cache_take_fail_up=0 cache_take_fail_gate=0 recv_up_sum_abs=0.000000e+00 recv_up_max_abs=0.000000e+00 recv_up_zero=0 recv_gate_sum_abs=0.000000e+00 recv_gate_max_abs=0.000000e+00 recv_gate_zero=0 recv_down_sum_abs=0.000000e+00 recv_down_max_abs=0.000000e+00 recv_down_zero=0 recv_other_sum_abs=0.000000e+00 recv_other_max_abs=0.000000e+00 recv_other_zero=0 recv_ffn_sum_abs=0.000000e+00 recv_ffn_max_abs=0.000000e+00 recv_ffn_zero=0
SUCCEED (one forward pass done)"
2c_balanced_mid,0,"60,61","50,50",mod3_1_0.5,ok,12.4759,80.1544,0.8032572269439697,"llama_context: graph splits = 1
attach_threadpool: call
threads: decode=2 batch=2
prompt tokens: 4
running one forward pass (llama_decode) ...
Top-5 next-token candidates:
  id=11 logit=19.194 piece="",""
  id=264 logit=17.0014 piece="" a""
  id=279 logit=16.3415 piece="" the""
  id=1052 logit=16.2687 piece="" there""
  id=304 logit=15.8068 piece="" in""
Autoregressive generation:
Generated text: ,
Decode-only throughput: 12.4759 tokens/s (1 tokens in 0.0801544 s of llama_decode)
End-to-end throughput: 12.4276 tokens/s (1 tokens in 0.0804662 s)
[decode-stage-profile] model_load=379.571 ms context_create=56.6559 ms tokenize=0.443395 ms prefill_decode=131.675 ms generation_decode=80.1544 ms generation_total=80.4662 ms program_total=668.629 ms
[svd-local-op-profile] up_ops=56 gate_ops=56 down_ops=56 up_total=57.763 ms gate_total=61.664 ms down_total=43.736 ms up_v=8.263 ms gate_v=8.180 ms down_v=34.746 ms up_u=49.485 ms gate_u=53.476 ms down_u=8.986 ms
[svd-local-stage-profile] attention_total=1.442 ms ffn_total=164.951 ms ffn_svd_total=163.163 ms ffn_svd_v=51.189 ms ffn_svd_u=111.947 ms
[svd-offload-zero-profile] up_finish=0 up_cache=0 up_no_request=27 gate_finish=0 gate_cache=0 gate_no_request=27 down_finish=0 down_cache=0 down_no_request=27 other_finish=0 other_cache=0 other_no_request=0
[svd-local-timeout-profile] up_keep=0 up_drop=0 up_wait=0.000 ms gate_keep=0 gate_drop=0 gate_wait=0.000 ms down_keep=0 down_drop=0 down_wait=0.000 ms other_keep=0 other_drop=0 other_wait=0.000 ms
[svd-offload-client] up_gate_req=0 down_req=0 other_mat_req=0 ffn_req=0 gate_cache_hits=0 gate_cache_checks=0 miss_invalid=0 miss_layer=0 miss_rank=0 miss_hash=0 miss_output=0 miss_data=0 send_up_gate=0.000 ms send_down=0.000 ms send_other=0.000 ms send_ffn=0.000 ms wait_up_gate=0.000 ms wait_down=0.000 ms wait_other=0.000 ms wait_ffn=0.000 ms
[svd-offload-client-stage-profile] rpc_send_total=0.000 ms rpc_wait_total=0.000 ms
[svd-offload-client-debug] finish_fail_up_gate=0 finish_fail_down=0 finish_fail_other=0 finish_fail_ffn=0 cache_take_fail_up=0 cache_take_fail_gate=0 recv_up_sum_abs=0.000000e+00 recv_up_max_abs=0.000000e+00 recv_up_zero=0 recv_gate_sum_abs=0.000000e+00 recv_gate_max_abs=0.000000e+00 recv_gate_zero=0 recv_down_sum_abs=0.000000e+00 recv_down_max_abs=0.000000e+00 recv_down_zero=0 recv_other_sum_abs=0.000000e+00 recv_other_max_abs=0.000000e+00 recv_other_zero=0 recv_ffn_sum_abs=0.000000e+00 recv_ffn_max_abs=0.000000e+00 recv_ffn_zero=0
SUCCEED (one forward pass done)"
2c_balanced_mid,0,"60,61","50,50",mod3_1_0.6,ok,12.3441,81.0104,0.80373215675354,"llama_context: graph splits = 1
attach_threadpool: call
threads: decode=2 batch=2
prompt tokens: 4
running one forward pass (llama_decode) ...
Top-5 next-token candidates:
  id=11 logit=16.53 piece="",""
  id=429 logit=16.4693 piece="" that""
  id=5023 logit=15.9575 piece="" currently""
  id=518 logit=15.2997 piece="" at""
  id=315 logit=15.1422 piece="" of""
Autoregressive generation:
Generated text: ,
Decode-only throughput: 12.3441 tokens/s (1 tokens in 0.0810104 s of llama_decode)
End-to-end throughput: 12.2974 tokens/s (1 tokens in 0.0813183 s)
[decode-stage-profile] model_load=370.55 ms context_create=58.4435 ms tokenize=0.470003 ms prefill_decode=133.651 ms generation_decode=81.0104 ms generation_total=81.3183 ms program_total=660.593 ms
[svd-local-op-profile] up_ops=56 gate_ops=56 down_ops=56 up_total=57.280 ms gate_total=61.431 ms down_total=46.819 ms up_v=8.044 ms gate_v=11.857 ms down_v=37.967 ms up_u=49.232 ms gate_u=49.569 ms down_u=8.848 ms
[svd-local-stage-profile] attention_total=1.491 ms ffn_total=167.322 ms ffn_svd_total=165.530 ms ffn_svd_v=57.868 ms ffn_svd_u=107.649 ms
[svd-offload-zero-profile] up_finish=0 up_cache=0 up_no_request=27 gate_finish=0 gate_cache=0 gate_no_request=27 down_finish=0 down_cache=0 down_no_request=27 other_finish=0 other_cache=0 other_no_request=0
[svd-local-timeout-profile] up_keep=0 up_drop=0 up_wait=0.000 ms gate_keep=0 gate_drop=0 gate_wait=0.000 ms down_keep=0 down_drop=0 down_wait=0.000 ms other_keep=0 other_drop=0 other_wait=0.000 ms
[svd-offload-client] up_gate_req=0 down_req=0 other_mat_req=0 ffn_req=0 gate_cache_hits=0 gate_cache_checks=0 miss_invalid=0 miss_layer=0 miss_rank=0 miss_hash=0 miss_output=0 miss_data=0 send_up_gate=0.000 ms send_down=0.000 ms send_other=0.000 ms send_ffn=0.000 ms wait_up_gate=0.000 ms wait_down=0.000 ms wait_other=0.000 ms wait_ffn=0.000 ms
[svd-offload-client-stage-profile] rpc_send_total=0.000 ms rpc_wait_total=0.000 ms
[svd-offload-client-debug] finish_fail_up_gate=0 finish_fail_down=0 finish_fail_other=0 finish_fail_ffn=0 cache_take_fail_up=0 cache_take_fail_gate=0 recv_up_sum_abs=0.000000e+00 recv_up_max_abs=0.000000e+00 recv_up_zero=0 recv_gate_sum_abs=0.000000e+00 recv_gate_max_abs=0.000000e+00 recv_gate_zero=0 recv_down_sum_abs=0.000000e+00 recv_down_max_abs=0.000000e+00 recv_down_zero=0 recv_other_sum_abs=0.000000e+00 recv_other_max_abs=0.000000e+00 recv_other_zero=0 recv_ffn_sum_abs=0.000000e+00 recv_ffn_max_abs=0.000000e+00 recv_ffn_zero=0
SUCCEED (one forward pass done)"
2c_balanced_mid,0,"60,61","50,50",mod3_1_0.7,ok,12.577,79.5103,0.8062729835510254,"llama_context: graph splits = 1
attach_threadpool: call
threads: decode=2 batch=2
prompt tokens: 4
running one forward pass (llama_decode) ...
Top-5 next-token candidates:
  id=3 logit=0 piece=""$""
  id=4 logit=0 piece=""%""
  id=1 logit=0 piece=""""""
  id=0 logit=0 piece=""!""
  id=2 logit=0 piece=""#""
Autoregressive generation:
Generated text: !
Decode-only throughput: 12.577 tokens/s (1 tokens in 0.0795103 s of llama_decode)
End-to-end throughput: 12.5279 tokens/s (1 tokens in 0.0798217 s)
[decode-stage-profile] model_load=376.611 ms context_create=58.7981 ms tokenize=0.451919 ms prefill_decode=123.848 ms generation_decode=79.5103 ms generation_total=79.8217 ms program_total=655.922 ms
[svd-local-op-profile] up_ops=56 gate_ops=56 down_ops=56 up_total=59.090 ms gate_total=55.748 ms down_total=40.413 ms up_v=7.585 ms gate_v=7.358 ms down_v=31.792 ms up_u=51.502 ms gate_u=48.384 ms down_u=8.615 ms
[svd-local-stage-profile] attention_total=1.441 ms ffn_total=156.876 ms ffn_svd_total=155.251 ms ffn_svd_v=46.735 ms ffn_svd_u=108.501 ms
[svd-offload-zero-profile] up_finish=0 up_cache=0 up_no_request=27 gate_finish=0 gate_cache=0 gate_no_request=27 down_finish=0 down_cache=0 down_no_request=27 other_finish=0 other_cache=0 other_no_request=0
[svd-local-timeout-profile] up_keep=0 up_drop=0 up_wait=0.000 ms gate_keep=0 gate_drop=0 gate_wait=0.000 ms down_keep=0 down_drop=0 down_wait=0.000 ms other_keep=0 other_drop=0 other_wait=0.000 ms
[svd-offload-client] up_gate_req=0 down_req=0 other_mat_req=0 ffn_req=0 gate_cache_hits=0 gate_cache_checks=0 miss_invalid=0 miss_layer=0 miss_rank=0 miss_hash=0 miss_output=0 miss_data=0 send_up_gate=0.000 ms send_down=0.000 ms send_other=0.000 ms send_ffn=0.000 ms wait_up_gate=0.000 ms wait_down=0.000 ms wait_other=0.000 ms wait_ffn=0.000 ms
[svd-offload-client-stage-profile] rpc_send_total=0.000 ms rpc_wait_total=0.000 ms
[svd-offload-client-debug] finish_fail_up_gate=0 finish_fail_down=0 finish_fail_other=0 finish_fail_ffn=0 cache_take_fail_up=0 cache_take_fail_gate=0 recv_up_sum_abs=0.000000e+00 recv_up_max_abs=0.000000e+00 recv_up_zero=0 recv_gate_sum_abs=0.000000e+00 recv_gate_max_abs=0.000000e+00 recv_gate_zero=0 recv_down_sum_abs=0.000000e+00 recv_down_max_abs=0.000000e+00 recv_down_zero=0 recv_other_sum_abs=0.000000e+00 recv_other_max_abs=0.000000e+00 recv_other_zero=0 recv_ffn_sum_abs=0.000000e+00 recv_ffn_max_abs=0.000000e+00 recv_ffn_zero=0
SUCCEED (one forward pass done)"
2c_balanced_mid,0,"60,61","50,50",mod3_1_0.8,ok,11.4949,86.9954,0.8076174259185791,"llama_context: graph splits = 1
attach_threadpool: call
threads: decode=2 batch=2
prompt tokens: 4
running one forward pass (llama_decode) ...
Top-5 next-token candidates:
  id=3 logit=0 piece=""$""
  id=4 logit=0 piece=""%""
  id=1 logit=0 piece=""""""
  id=0 logit=0 piece=""!""
  id=2 logit=0 piece=""#""
Autoregressive generation:
Generated text: !
Decode-only throughput: 11.4949 tokens/s (1 tokens in 0.0869954 s of llama_decode)
End-to-end throughput: 11.4542 tokens/s (1 tokens in 0.0873042 s)
[decode-stage-profile] model_load=373.677 ms context_create=57.7642 ms tokenize=0.456291 ms prefill_decode=117.598 ms generation_decode=86.9954 ms generation_total=87.3042 ms program_total=652.865 ms
[svd-local-op-profile] up_ops=56 gate_ops=56 down_ops=56 up_total=54.325 ms gate_total=58.194 ms down_total=42.636 ms up_v=7.281 ms gate_v=7.033 ms down_v=31.136 ms up_u=47.038 ms gate_u=51.153 ms down_u=11.497 ms
[svd-local-stage-profile] attention_total=1.489 ms ffn_total=156.968 ms ffn_svd_total=155.155 ms ffn_svd_v=45.450 ms ffn_svd_u=109.688 ms
[svd-offload-zero-profile] up_finish=0 up_cache=0 up_no_request=27 gate_finish=0 gate_cache=0 gate_no_request=27 down_finish=0 down_cache=0 down_no_request=27 other_finish=0 other_cache=0 other_no_request=0
[svd-local-timeout-profile] up_keep=0 up_drop=0 up_wait=0.000 ms gate_keep=0 gate_drop=0 gate_wait=0.000 ms down_keep=0 down_drop=0 down_wait=0.000 ms other_keep=0 other_drop=0 other_wait=0.000 ms
[svd-offload-client] up_gate_req=0 down_req=0 other_mat_req=0 ffn_req=0 gate_cache_hits=0 gate_cache_checks=0 miss_invalid=0 miss_layer=0 miss_rank=0 miss_hash=0 miss_output=0 miss_data=0 send_up_gate=0.000 ms send_down=0.000 ms send_other=0.000 ms send_ffn=0.000 ms wait_up_gate=0.000 ms wait_down=0.000 ms wait_other=0.000 ms wait_ffn=0.000 ms
[svd-offload-client-stage-profile] rpc_send_total=0.000 ms rpc_wait_total=0.000 ms
[svd-offload-client-debug] finish_fail_up_gate=0 finish_fail_down=0 finish_fail_other=0 finish_fail_ffn=0 cache_take_fail_up=0 cache_take_fail_gate=0 recv_up_sum_abs=0.000000e+00 recv_up_max_abs=0.000000e+00 recv_up_zero=0 recv_gate_sum_abs=0.000000e+00 recv_gate_max_abs=0.000000e+00 recv_gate_zero=0 recv_down_sum_abs=0.000000e+00 recv_down_max_abs=0.000000e+00 recv_down_zero=0 recv_other_sum_abs=0.000000e+00 recv_other_max_abs=0.000000e+00 recv_other_zero=0 recv_ffn_sum_abs=0.000000e+00 recv_ffn_max_abs=0.000000e+00 recv_ffn_zero=0
SUCCEED (one forward pass done)"
2c_balanced_mid,0,"60,61","50,50",mod3_1_0.85,ok,12.7419,78.4814,0.8093845844268799,"llama_context: graph splits = 1
attach_threadpool: call
threads: decode=2 batch=2
prompt tokens: 4
running one forward pass (llama_decode) ...
Top-5 next-token candidates:
  id=3 logit=0 piece=""$""
  id=4 logit=0 piece=""%""
  id=1 logit=0 piece=""""""
  id=0 logit=0 piece=""!""
  id=2 logit=0 piece=""#""
Autoregressive generation:
Generated text: !
Decode-only throughput: 12.7419 tokens/s (1 tokens in 0.0784814 s of llama_decode)
End-to-end throughput: 12.6927 tokens/s (1 tokens in 0.0787853 s)
[decode-stage-profile] model_load=379.733 ms context_create=56.671 ms tokenize=0.445178 ms prefill_decode=125.088 ms generation_decode=78.4814 ms generation_total=78.7853 ms program_total=656.641 ms
[svd-local-op-profile] up_ops=56 gate_ops=56 down_ops=56 up_total=57.866 ms gate_total=54.064 ms down_total=42.815 ms up_v=7.228 ms gate_v=7.080 ms down_v=34.326 ms up_u=50.633 ms gate_u=46.978 ms down_u=8.480 ms
[svd-local-stage-profile] attention_total=1.477 ms ffn_total=156.347 ms ffn_svd_total=154.745 ms ffn_svd_v=48.634 ms ffn_svd_u=106.091 ms
[svd-offload-zero-profile] up_finish=0 up_cache=0 up_no_request=27 gate_finish=0 gate_cache=0 gate_no_request=27 down_finish=0 down_cache=0 down_no_request=27 other_finish=0 other_cache=0 other_no_request=0
[svd-local-timeout-profile] up_keep=0 up_drop=0 up_wait=0.000 ms gate_keep=0 gate_drop=0 gate_wait=0.000 ms down_keep=0 down_drop=0 down_wait=0.000 ms other_keep=0 other_drop=0 other_wait=0.000 ms
[svd-offload-client] up_gate_req=0 down_req=0 other_mat_req=0 ffn_req=0 gate_cache_hits=0 gate_cache_checks=0 miss_invalid=0 miss_layer=0 miss_rank=0 miss_hash=0 miss_output=0 miss_data=0 send_up_gate=0.000 ms send_down=0.000 ms send_other=0.000 ms send_ffn=0.000 ms wait_up_gate=0.000 ms wait_down=0.000 ms wait_other=0.000 ms wait_ffn=0.000 ms
[svd-offload-client-stage-profile] rpc_send_total=0.000 ms rpc_wait_total=0.000 ms
[svd-offload-client-debug] finish_fail_up_gate=0 finish_fail_down=0 finish_fail_other=0 finish_fail_ffn=0 cache_take_fail_up=0 cache_take_fail_gate=0 recv_up_sum_abs=0.000000e+00 recv_up_max_abs=0.000000e+00 recv_up_zero=0 recv_gate_sum_abs=0.000000e+00 recv_gate_max_abs=0.000000e+00 recv_gate_zero=0 recv_down_sum_abs=0.000000e+00 recv_down_max_abs=0.000000e+00 recv_down_zero=0 recv_other_sum_abs=0.000000e+00 recv_other_max_abs=0.000000e+00 recv_other_zero=0 recv_ffn_sum_abs=0.000000e+00 recv_ffn_max_abs=0.000000e+00 recv_ffn_zero=0
SUCCEED (one forward pass done)"
2c_balanced_mid,0,"60,61","50,50",mod3_1_0.9,ok,13.8621,72.1392,0.7824604511260986,"llama_context: graph splits = 1
attach_threadpool: call
threads: decode=2 batch=2
prompt tokens: 4
running one forward pass (llama_decode) ...
Top-5 next-token candidates:
  id=3 logit=0 piece=""$""
  id=4 logit=0 piece=""%""
  id=1 logit=0 piece=""""""
  id=0 logit=0 piece=""!""
  id=2 logit=0 piece=""#""
Autoregressive generation:
Generated text: !
Decode-only throughput: 13.8621 tokens/s (1 tokens in 0.0721392 s of llama_decode)
End-to-end throughput: 13.804 tokens/s (1 tokens in 0.0724428 s)
[decode-stage-profile] model_load=371.602 ms context_create=56.1656 ms tokenize=0.436466 ms prefill_decode=121.916 ms generation_decode=72.1392 ms generation_total=72.4428 ms program_total=638.619 ms
[svd-local-op-profile] up_ops=56 gate_ops=56 down_ops=56 up_total=50.082 ms gate_total=49.741 ms down_total=41.576 ms up_v=6.924 ms gate_v=6.663 ms down_v=33.679 ms up_u=43.155 ms gate_u=43.077 ms down_u=7.888 ms
[svd-local-stage-profile] attention_total=1.490 ms ffn_total=143.083 ms ffn_svd_total=141.399 ms ffn_svd_v=47.266 ms ffn_svd_u=94.120 ms
[svd-offload-zero-profile] up_finish=0 up_cache=0 up_no_request=27 gate_finish=0 gate_cache=0 gate_no_request=27 down_finish=0 down_cache=0 down_no_request=27 other_finish=0 other_cache=0 other_no_request=0
[svd-local-timeout-profile] up_keep=0 up_drop=0 up_wait=0.000 ms gate_keep=0 gate_drop=0 gate_wait=0.000 ms down_keep=0 down_drop=0 down_wait=0.000 ms other_keep=0 other_drop=0 other_wait=0.000 ms
[svd-offload-client] up_gate_req=0 down_req=0 other_mat_req=0 ffn_req=0 gate_cache_hits=0 gate_cache_checks=0 miss_invalid=0 miss_layer=0 miss_rank=0 miss_hash=0 miss_output=0 miss_data=0 send_up_gate=0.000 ms send_down=0.000 ms send_other=0.000 ms send_ffn=0.000 ms wait_up_gate=0.000 ms wait_down=0.000 ms wait_other=0.000 ms wait_ffn=0.000 ms
[svd-offload-client-stage-profile] rpc_send_total=0.000 ms rpc_wait_total=0.000 ms
[svd-offload-client-debug] finish_fail_up_gate=0 finish_fail_down=0 finish_fail_other=0 finish_fail_ffn=0 cache_take_fail_up=0 cache_take_fail_gate=0 recv_up_sum_abs=0.000000e+00 recv_up_max_abs=0.000000e+00 recv_up_zero=0 recv_gate_sum_abs=0.000000e+00 recv_gate_max_abs=0.000000e+00 recv_gate_zero=0 recv_down_sum_abs=0.000000e+00 recv_down_max_abs=0.000000e+00 recv_down_zero=0 recv_other_sum_abs=0.000000e+00 recv_other_max_abs=0.000000e+00 recv_other_zero=0 recv_ffn_sum_abs=0.000000e+00 recv_ffn_max_abs=0.000000e+00 recv_ffn_zero=0
SUCCEED (one forward pass done)"
2c_balanced_mid,0,"60,61","50,50",mod3_2_0.4,ok,11.9391,83.7587,0.820631742477417,"llama_context: graph splits = 1
attach_threadpool: call
threads: decode=2 batch=2
prompt tokens: 4
running one forward pass (llama_decode) ...
Top-5 next-token candidates:
  id=3 logit=0 piece=""$""
  id=4 logit=0 piece=""%""
  id=1 logit=0 piece=""""""
  id=0 logit=0 piece=""!""
  id=2 logit=0 piece=""#""
Autoregressive generation:
Generated text: !
Decode-only throughput: 11.9391 tokens/s (1 tokens in 0.0837587 s of llama_decode)
End-to-end throughput: 11.8952 tokens/s (1 tokens in 0.0840677 s)
[decode-stage-profile] model_load=371.463 ms context_create=58.4688 ms tokenize=0.442921 ms prefill_decode=135.561 ms generation_decode=83.7587 ms generation_total=84.0677 ms program_total=665.993 ms
[svd-local-op-profile] up_ops=56 gate_ops=56 down_ops=56 up_total=62.716 ms gate_total=58.086 ms down_total=50.068 ms up_v=12.588 ms gate_v=8.358 ms down_v=41.068 ms up_u=50.118 ms gate_u=49.718 ms down_u=8.996 ms
[svd-local-stage-profile] attention_total=1.467 ms ffn_total=172.659 ms ffn_svd_total=170.870 ms ffn_svd_v=62.014 ms ffn_svd_u=108.832 ms
[svd-offload-zero-profile] up_finish=0 up_cache=0 up_no_request=27 gate_finish=0 gate_cache=0 gate_no_request=27 down_finish=0 down_cache=0 down_no_request=27 other_finish=0 other_cache=0 other_no_request=0
[svd-local-timeout-profile] up_keep=0 up_drop=0 up_wait=0.000 ms gate_keep=0 gate_drop=0 gate_wait=0.000 ms down_keep=0 down_drop=0 down_wait=0.000 ms other_keep=0 other_drop=0 other_wait=0.000 ms
[svd-offload-client] up_gate_req=0 down_req=0 other_mat_req=0 ffn_req=0 gate_cache_hits=0 gate_cache_checks=0 miss_invalid=0 miss_layer=0 miss_rank=0 miss_hash=0 miss_output=0 miss_data=0 send_up_gate=0.000 ms send_down=0.000 ms send_other=0.000 ms send_ffn=0.000 ms wait_up_gate=0.000 ms wait_down=0.000 ms wait_other=0.000 ms wait_ffn=0.000 ms
[svd-offload-client-stage-profile] rpc_send_total=0.000 ms rpc_wait_total=0.000 ms
[svd-offload-client-debug] finish_fail_up_gate=0 finish_fail_down=0 finish_fail_other=0 finish_fail_ffn=0 cache_take_fail_up=0 cache_take_fail_gate=0 recv_up_sum_abs=0.000000e+00 recv_up_max_abs=0.000000e+00 recv_up_zero=0 recv_gate_sum_abs=0.000000e+00 recv_gate_max_abs=0.000000e+00 recv_gate_zero=0 recv_down_sum_abs=0.000000e+00 recv_down_max_abs=0.000000e+00 recv_down_zero=0 recv_other_sum_abs=0.000000e+00 recv_other_max_abs=0.000000e+00 recv_other_zero=0 recv_ffn_sum_abs=0.000000e+00 recv_ffn_max_abs=0.000000e+00 recv_ffn_zero=0
SUCCEED (one forward pass done)"
2c_balanced_mid,0,"60,61","50,50",mod3_2_0.5,ok,11.9732,83.5196,0.8159868717193604,"llama_context: graph splits = 1
attach_threadpool: call
threads: decode=2 batch=2
prompt tokens: 4
running one forward pass (llama_decode) ...
Top-5 next-token candidates:
  id=11 logit=18.8488 piece="",""
  id=1112 logit=17.7091 piece=""...""
  id=3837 logit=16.9005 piece=""，""
  id=1940 logit=16.5211 piece=""…""
  id=13 logit=16.324 piece="".""
Autoregressive generation:
Generated text: ,
Decode-only throughput: 11.9732 tokens/s (1 tokens in 0.0835196 s of llama_decode)
End-to-end throughput: 11.9304 tokens/s (1 tokens in 0.0838193 s)
[decode-stage-profile] model_load=380.148 ms context_create=58.1122 ms tokenize=0.454845 ms prefill_decode=130.113 ms generation_decode=83.5196 ms generation_total=83.8193 ms program_total=668.703 ms
[svd-local-op-profile] up_ops=56 gate_ops=56 down_ops=56 up_total=59.774 ms gate_total=61.302 ms down_total=43.804 ms up_v=8.327 ms gate_v=8.033 ms down_v=34.809 ms up_u=51.440 ms gate_u=53.264 ms down_u=8.985 ms
[svd-local-stage-profile] attention_total=1.532 ms ffn_total=166.548 ms ffn_svd_total=164.880 ms ffn_svd_v=51.169 ms ffn_svd_u=113.689 ms
[svd-offload-zero-profile] up_finish=0 up_cache=0 up_no_request=27 gate_finish=0 gate_cache=0 gate_no_request=27 down_finish=0 down_cache=0 down_no_request=27 other_finish=0 other_cache=0 other_no_request=0
[svd-local-timeout-profile] up_keep=0 up_drop=0 up_wait=0.000 ms gate_keep=0 gate_drop=0 gate_wait=0.000 ms down_keep=0 down_drop=0 down_wait=0.000 ms other_keep=0 other_drop=0 other_wait=0.000 ms
[svd-offload-client] up_gate_req=0 down_req=0 other_mat_req=0 ffn_req=0 gate_cache_hits=0 gate_cache_checks=0 miss_invalid=0 miss_layer=0 miss_rank=0 miss_hash=0 miss_output=0 miss_data=0 send_up_gate=0.000 ms send_down=0.000 ms send_other=0.000 ms send_ffn=0.000 ms wait_up_gate=0.000 ms wait_down=0.000 ms wait_other=0.000 ms wait_ffn=0.000 ms
[svd-offload-client-stage-profile] rpc_send_total=0.000 ms rpc_wait_total=0.000 ms
[svd-offload-client-debug] finish_fail_up_gate=0 finish_fail_down=0 finish_fail_other=0 finish_fail_ffn=0 cache_take_fail_up=0 cache_take_fail_gate=0 recv_up_sum_abs=0.000000e+00 recv_up_max_abs=0.000000e+00 recv_up_zero=0 recv_gate_sum_abs=0.000000e+00 recv_gate_max_abs=0.000000e+00 recv_gate_zero=0 recv_down_sum_abs=0.000000e+00 recv_down_max_abs=0.000000e+00 recv_down_zero=0 recv_other_sum_abs=0.000000e+00 recv_other_max_abs=0.000000e+00 recv_other_zero=0 recv_ffn_sum_abs=0.000000e+00 recv_ffn_max_abs=0.000000e+00 recv_ffn_zero=0
SUCCEED (one forward pass done)"
2c_balanced_mid,0,"60,61","50,50",mod3_2_0.6,ok,11.7793,84.8949,0.8103129863739014,"llama_context: graph splits = 1
attach_threadpool: call
threads: decode=2 batch=2
prompt tokens: 4
running one forward pass (llama_decode) ...
Top-5 next-token candidates:
  id=11 logit=17.4801 piece="",""
  id=3837 logit=15.5663 piece=""，""
  id=13 logit=15.5177 piece="".""
  id=9089 logit=14.5366 piece="" sich""
  id=0 logit=13.9489 piece=""!""
Autoregressive generation:
Generated text: ,
Decode-only throughput: 11.7793 tokens/s (1 tokens in 0.0848949 s of llama_decode)
End-to-end throughput: 11.7338 tokens/s (1 tokens in 0.0852242 s)
[decode-stage-profile] model_load=374.528 ms context_create=56.6006 ms tokenize=0.454828 ms prefill_decode=130.674 ms generation_decode=84.8949 ms generation_total=85.2242 ms program_total=662.993 ms
[svd-local-op-profile] up_ops=56 gate_ops=56 down_ops=56 up_total=61.533 ms gate_total=57.673 ms down_total=46.591 ms up_v=8.076 ms gate_v=7.886 ms down_v=33.638 ms up_u=53.454 ms gate_u=49.782 ms down_u=12.951 ms
[svd-local-stage-profile] attention_total=1.689 ms ffn_total=167.658 ms ffn_svd_total=165.797 ms ffn_svd_v=49.600 ms ffn_svd_u=116.187 ms
[svd-offload-zero-profile] up_finish=0 up_cache=0 up_no_request=27 gate_finish=0 gate_cache=0 gate_no_request=27 down_finish=0 down_cache=0 down_no_request=27 other_finish=0 other_cache=0 other_no_request=0
[svd-local-timeout-profile] up_keep=0 up_drop=0 up_wait=0.000 ms gate_keep=0 gate_drop=0 gate_wait=0.000 ms down_keep=0 down_drop=0 down_wait=0.000 ms other_keep=0 other_drop=0 other_wait=0.000 ms
[svd-offload-client] up_gate_req=0 down_req=0 other_mat_req=0 ffn_req=0 gate_cache_hits=0 gate_cache_checks=0 miss_invalid=0 miss_layer=0 miss_rank=0 miss_hash=0 miss_output=0 miss_data=0 send_up_gate=0.000 ms send_down=0.000 ms send_other=0.000 ms send_ffn=0.000 ms wait_up_gate=0.000 ms wait_down=0.000 ms wait_other=0.000 ms wait_ffn=0.000 ms
[svd-offload-client-stage-profile] rpc_send_total=0.000 ms rpc_wait_total=0.000 ms
[svd-offload-client-debug] finish_fail_up_gate=0 finish_fail_down=0 finish_fail_other=0 finish_fail_ffn=0 cache_take_fail_up=0 cache_take_fail_gate=0 recv_up_sum_abs=0.000000e+00 recv_up_max_abs=0.000000e+00 recv_up_zero=0 recv_gate_sum_abs=0.000000e+00 recv_gate_max_abs=0.000000e+00 recv_gate_zero=0 recv_down_sum_abs=0.000000e+00 recv_down_max_abs=0.000000e+00 recv_down_zero=0 recv_other_sum_abs=0.000000e+00 recv_other_max_abs=0.000000e+00 recv_other_zero=0 recv_ffn_sum_abs=0.000000e+00 recv_ffn_max_abs=0.000000e+00 recv_ffn_zero=0
SUCCEED (one forward pass done)"
2c_balanced_mid,0,"60,61","50,50",mod3_2_0.7,ok,11.7932,84.7949,0.8048076629638672,"llama_context: graph splits = 1
attach_threadpool: call
threads: decode=2 batch=2
prompt tokens: 4
running one forward pass (llama_decode) ...
Top-5 next-token candidates:
  id=3 logit=0 piece=""$""
  id=4 logit=0 piece=""%""
  id=1 logit=0 piece=""""""
  id=0 logit=0 piece=""!""
  id=2 logit=0 piece=""#""
Autoregressive generation:
Generated text: !
Decode-only throughput: 11.7932 tokens/s (1 tokens in 0.0847949 s of llama_decode)
End-to-end throughput: 11.7517 tokens/s (1 tokens in 0.0850942 s)
[decode-stage-profile] model_load=376.322 ms context_create=55.8145 ms tokenize=0.460276 ms prefill_decode=123.517 ms generation_decode=84.7949 ms generation_total=85.0942 ms program_total=657.098 ms
[svd-local-op-profile] up_ops=56 gate_ops=56 down_ops=56 up_total=56.526 ms gate_total=59.954 ms down_total=43.047 ms up_v=7.603 ms gate_v=7.449 ms down_v=34.165 ms up_u=48.917 ms gate_u=52.502 ms down_u=8.881 ms
[svd-local-stage-profile] attention_total=1.699 ms ffn_total=161.170 ms ffn_svd_total=159.527 ms ffn_svd_v=49.217 ms ffn_svd_u=110.300 ms
[svd-offload-zero-profile] up_finish=0 up_cache=0 up_no_request=27 gate_finish=0 gate_cache=0 gate_no_request=27 down_finish=0 down_cache=0 down_no_request=27 other_finish=0 other_cache=0 other_no_request=0
[svd-local-timeout-profile] up_keep=0 up_drop=0 up_wait=0.000 ms gate_keep=0 gate_drop=0 gate_wait=0.000 ms down_keep=0 down_drop=0 down_wait=0.000 ms other_keep=0 other_drop=0 other_wait=0.000 ms
[svd-offload-client] up_gate_req=0 down_req=0 other_mat_req=0 ffn_req=0 gate_cache_hits=0 gate_cache_checks=0 miss_invalid=0 miss_layer=0 miss_rank=0 miss_hash=0 miss_output=0 miss_data=0 send_up_gate=0.000 ms send_down=0.000 ms send_other=0.000 ms send_ffn=0.000 ms wait_up_gate=0.000 ms wait_down=0.000 ms wait_other=0.000 ms wait_ffn=0.000 ms
[svd-offload-client-stage-profile] rpc_send_total=0.000 ms rpc_wait_total=0.000 ms
[svd-offload-client-debug] finish_fail_up_gate=0 finish_fail_down=0 finish_fail_other=0 finish_fail_ffn=0 cache_take_fail_up=0 cache_take_fail_gate=0 recv_up_sum_abs=0.000000e+00 recv_up_max_abs=0.000000e+00 recv_up_zero=0 recv_gate_sum_abs=0.000000e+00 recv_gate_max_abs=0.000000e+00 recv_gate_zero=0 recv_down_sum_abs=0.000000e+00 recv_down_max_abs=0.000000e+00 recv_down_zero=0 recv_other_sum_abs=0.000000e+00 recv_other_max_abs=0.000000e+00 recv_other_zero=0 recv_ffn_sum_abs=0.000000e+00 recv_ffn_max_abs=0.000000e+00 recv_ffn_zero=0
SUCCEED (one forward pass done)"
2c_balanced_mid,0,"60,61","50,50",mod3_2_0.8,ok,12.0903,82.7109,0.8041737079620361,"llama_context: graph splits = 1
attach_threadpool: call
threads: decode=2 batch=2
prompt tokens: 4
running one forward pass (llama_decode) ...
Top-5 next-token candidates:
  id=3 logit=0 piece=""$""
  id=4 logit=0 piece=""%""
  id=1 logit=0 piece=""""""
  id=0 logit=0 piece=""!""
  id=2 logit=0 piece=""#""
Autoregressive generation:
Generated text: !
Decode-only throughput: 12.0903 tokens/s (1 tokens in 0.0827109 s of llama_decode)
End-to-end throughput: 12.0459 tokens/s (1 tokens in 0.0830161 s)
[decode-stage-profile] model_load=373.658 ms context_create=57.3531 ms tokenize=0.457104 ms prefill_decode=121.414 ms generation_decode=82.7109 ms generation_total=83.0161 ms program_total=651.886 ms
[svd-local-op-profile] up_ops=56 gate_ops=56 down_ops=56 up_total=57.923 ms gate_total=54.654 ms down_total=39.163 ms up_v=7.569 ms gate_v=7.316 ms down_v=30.706 ms up_u=50.348 ms gate_u=47.332 ms down_u=8.452 ms
[svd-local-stage-profile] attention_total=1.348 ms ffn_total=153.480 ms ffn_svd_total=151.740 ms ffn_svd_v=45.591 ms ffn_svd_u=106.132 ms
[svd-offload-zero-profile] up_finish=0 up_cache=0 up_no_request=27 gate_finish=0 gate_cache=0 gate_no_request=27 down_finish=0 down_cache=0 down_no_request=27 other_finish=0 other_cache=0 other_no_request=0
[svd-local-timeout-profile] up_keep=0 up_drop=0 up_wait=0.000 ms gate_keep=0 gate_drop=0 gate_wait=0.000 ms down_keep=0 down_drop=0 down_wait=0.000 ms other_keep=0 other_drop=0 other_wait=0.000 ms
[svd-offload-client] up_gate_req=0 down_req=0 other_mat_req=0 ffn_req=0 gate_cache_hits=0 gate_cache_checks=0 miss_invalid=0 miss_layer=0 miss_rank=0 miss_hash=0 miss_output=0 miss_data=0 send_up_gate=0.000 ms send_down=0.000 ms send_other=0.000 ms send_ffn=0.000 ms wait_up_gate=0.000 ms wait_down=0.000 ms wait_other=0.000 ms wait_ffn=0.000 ms
[svd-offload-client-stage-profile] rpc_send_total=0.000 ms rpc_wait_total=0.000 ms
[svd-offload-client-debug] finish_fail_up_gate=0 finish_fail_down=0 finish_fail_other=0 finish_fail_ffn=0 cache_take_fail_up=0 cache_take_fail_gate=0 recv_up_sum_abs=0.000000e+00 recv_up_max_abs=0.000000e+00 recv_up_zero=0 recv_gate_sum_abs=0.000000e+00 recv_gate_max_abs=0.000000e+00 recv_gate_zero=0 recv_down_sum_abs=0.000000e+00 recv_down_max_abs=0.000000e+00 recv_down_zero=0 recv_other_sum_abs=0.000000e+00 recv_other_max_abs=0.000000e+00 recv_other_zero=0 recv_ffn_sum_abs=0.000000e+00 recv_ffn_max_abs=0.000000e+00 recv_ffn_zero=0
SUCCEED (one forward pass done)"
2c_balanced_mid,0,"60,61","50,50",mod3_2_0.85,ok,11.8678,84.2617,0.7922780513763428,"llama_context: graph splits = 1
attach_threadpool: call
threads: decode=2 batch=2
prompt tokens: 4
running one forward pass (llama_decode) ...
Top-5 next-token candidates:
  id=3 logit=0 piece=""$""
  id=4 logit=0 piece=""%""
  id=1 logit=0 piece=""""""
  id=0 logit=0 piece=""!""
  id=2 logit=0 piece=""#""
Autoregressive generation:
Generated text: !
Decode-only throughput: 11.8678 tokens/s (1 tokens in 0.0842617 s of llama_decode)
End-to-end throughput: 11.8252 tokens/s (1 tokens in 0.0845651 s)
[decode-stage-profile] model_load=379.173 ms context_create=55.3117 ms tokenize=0.435813 ms prefill_decode=117.999 ms generation_decode=84.2617 ms generation_total=84.5651 ms program_total=652.84 ms
[svd-local-op-profile] up_ops=56 gate_ops=56 down_ops=56 up_total=57.191 ms gate_total=56.345 ms down_total=40.607 ms up_v=7.096 ms gate_v=7.094 ms down_v=32.226 ms up_u=50.094 ms gate_u=49.249 ms down_u=8.377 ms
[svd-local-stage-profile] attention_total=1.472 ms ffn_total=155.776 ms ffn_svd_total=154.143 ms ffn_svd_v=46.416 ms ffn_svd_u=107.720 ms
[svd-offload-zero-profile] up_finish=0 up_cache=0 up_no_request=27 gate_finish=0 gate_cache=0 gate_no_request=27 down_finish=0 down_cache=0 down_no_request=27 other_finish=0 other_cache=0 other_no_request=0
[svd-local-timeout-profile] up_keep=0 up_drop=0 up_wait=0.000 ms gate_keep=0 gate_drop=0 gate_wait=0.000 ms down_keep=0 down_drop=0 down_wait=0.000 ms other_keep=0 other_drop=0 other_wait=0.000 ms
[svd-offload-client] up_gate_req=0 down_req=0 other_mat_req=0 ffn_req=0 gate_cache_hits=0 gate_cache_checks=0 miss_invalid=0 miss_layer=0 miss_rank=0 miss_hash=0 miss_output=0 miss_data=0 send_up_gate=0.000 ms send_down=0.000 ms send_other=0.000 ms send_ffn=0.000 ms wait_up_gate=0.000 ms wait_down=0.000 ms wait_other=0.000 ms wait_ffn=0.000 ms
[svd-offload-client-stage-profile] rpc_send_total=0.000 ms rpc_wait_total=0.000 ms
[svd-offload-client-debug] finish_fail_up_gate=0 finish_fail_down=0 finish_fail_other=0 finish_fail_ffn=0 cache_take_fail_up=0 cache_take_fail_gate=0 recv_up_sum_abs=0.000000e+00 recv_up_max_abs=0.000000e+00 recv_up_zero=0 recv_gate_sum_abs=0.000000e+00 recv_gate_max_abs=0.000000e+00 recv_gate_zero=0 recv_down_sum_abs=0.000000e+00 recv_down_max_abs=0.000000e+00 recv_down_zero=0 recv_other_sum_abs=0.000000e+00 recv_other_max_abs=0.000000e+00 recv_other_zero=0 recv_ffn_sum_abs=0.000000e+00 recv_ffn_max_abs=0.000000e+00 recv_ffn_zero=0
SUCCEED (one forward pass done)"
2c_balanced_mid,0,"60,61","50,50",mod3_2_0.9,ok,13.0653,76.5383,0.7921960353851318,"llama_context: graph splits = 1
attach_threadpool: call
threads: decode=2 batch=2
prompt tokens: 4
running one forward pass (llama_decode) ...
Top-5 next-token candidates:
  id=3 logit=0 piece=""$""
  id=4 logit=0 piece=""%""
  id=1 logit=0 piece=""""""
  id=0 logit=0 piece=""!""
  id=2 logit=0 piece=""#""
Autoregressive generation:
Generated text: !
Decode-only throughput: 13.0653 tokens/s (1 tokens in 0.0765383 s of llama_decode)
End-to-end throughput: 13.0136 tokens/s (1 tokens in 0.0768428 s)
[decode-stage-profile] model_load=372.607 ms context_create=57.6376 ms tokenize=0.451269 ms prefill_decode=116.696 ms generation_decode=76.5383 ms generation_total=76.8428 ms program_total=640.595 ms
[svd-local-op-profile] up_ops=56 gate_ops=56 down_ops=56 up_total=53.357 ms gate_total=50.151 ms down_total=41.237 ms up_v=6.999 ms gate_v=6.873 ms down_v=33.405 ms up_u=46.357 ms gate_u=43.273 ms down_u=7.827 ms
[svd-local-stage-profile] attention_total=1.503 ms ffn_total=146.417 ms ffn_svd_total=144.745 ms ffn_svd_v=47.277 ms ffn_svd_u=97.457 ms
[svd-offload-zero-profile] up_finish=0 up_cache=0 up_no_request=27 gate_finish=0 gate_cache=0 gate_no_request=27 down_finish=0 down_cache=0 down_no_request=27 other_finish=0 other_cache=0 other_no_request=0
[svd-local-timeout-profile] up_keep=0 up_drop=0 up_wait=0.000 ms gate_keep=0 gate_drop=0 gate_wait=0.000 ms down_keep=0 down_drop=0 down_wait=0.000 ms other_keep=0 other_drop=0 other_wait=0.000 ms
[svd-offload-client] up_gate_req=0 down_req=0 other_mat_req=0 ffn_req=0 gate_cache_hits=0 gate_cache_checks=0 miss_invalid=0 miss_layer=0 miss_rank=0 miss_hash=0 miss_output=0 miss_data=0 send_up_gate=0.000 ms send_down=0.000 ms send_other=0.000 ms send_ffn=0.000 ms wait_up_gate=0.000 ms wait_down=0.000 ms wait_other=0.000 ms wait_ffn=0.000 ms
[svd-offload-client-stage-profile] rpc_send_total=0.000 ms rpc_wait_total=0.000 ms
[svd-offload-client-debug] finish_fail_up_gate=0 finish_fail_down=0 finish_fail_other=0 finish_fail_ffn=0 cache_take_fail_up=0 cache_take_fail_gate=0 recv_up_sum_abs=0.000000e+00 recv_up_max_abs=0.000000e+00 recv_up_zero=0 recv_gate_sum_abs=0.000000e+00 recv_gate_max_abs=0.000000e+00 recv_gate_zero=0 recv_down_sum_abs=0.000000e+00 recv_down_max_abs=0.000000e+00 recv_down_zero=0 recv_other_sum_abs=0.000000e+00 recv_other_max_abs=0.000000e+00 recv_other_zero=0 recv_ffn_sum_abs=0.000000e+00 recv_ffn_max_abs=0.000000e+00 recv_ffn_zero=0
SUCCEED (one forward pass done)"
2c_balanced_mid,1,"60,61","50,50",baseline_no_svd,ok,11.2683,88.7443,0.8560097217559814,"llama_context: graph splits = 1
attach_threadpool: call
threads: decode=2 batch=2
prompt tokens: 4
running one forward pass (llama_decode) ...
Top-5 next-token candidates:
  id=11 logit=20.2053 piece="",""
  id=304 logit=18.9277 piece="" in""
  id=3837 logit=18.7558 piece=""，""
  id=1052 logit=18.5616 piece="" there""
  id=358 logit=17.8374 piece="" I""
Autoregressive generation:
Generated text: ,
Decode-only throughput: 11.2683 tokens/s (1 tokens in 0.0887443 s of llama_decode)
End-to-end throughput: 11.2273 tokens/s (1 tokens in 0.089069 s)
[decode-stage-profile] model_load=385.255 ms context_create=59.6475 ms tokenize=0.467503 ms prefill_decode=144.407 ms generation_decode=88.7443 ms generation_total=89.069 ms program_total=695.745 ms
[svd-local-op-profile] up_ops=56 gate_ops=56 down_ops=56 up_total=65.559 ms gate_total=67.095 ms down_total=50.990 ms up_v=9.855 ms gate_v=9.483 ms down_v=41.346 ms up_u=55.701 ms gate_u=57.607 ms down_u=9.639 ms
[svd-local-stage-profile] attention_total=1.453 ms ffn_total=185.383 ms ffn_svd_total=183.644 ms ffn_svd_v=60.684 ms ffn_svd_u=122.947 ms
[svd-offload-zero-profile] up_finish=0 up_cache=0 up_no_request=27 gate_finish=0 gate_cache=0 gate_no_request=27 down_finish=0 down_cache=0 down_no_request=27 other_finish=0 other_cache=0 other_no_request=0
[svd-local-timeout-profile] up_keep=0 up_drop=0 up_wait=0.000 ms gate_keep=0 gate_drop=0 gate_wait=0.000 ms down_keep=0 down_drop=0 down_wait=0.000 ms other_keep=0 other_drop=0 other_wait=0.000 ms
[svd-offload-client] up_gate_req=0 down_req=0 other_mat_req=0 ffn_req=0 gate_cache_hits=0 gate_cache_checks=0 miss_invalid=0 miss_layer=0 miss_rank=0 miss_hash=0 miss_output=0 miss_data=0 send_up_gate=0.000 ms send_down=0.000 ms send_other=0.000 ms send_ffn=0.000 ms wait_up_gate=0.000 ms wait_down=0.000 ms wait_other=0.000 ms wait_ffn=0.000 ms
[svd-offload-client-stage-profile] rpc_send_total=0.000 ms rpc_wait_total=0.000 ms
[svd-offload-client-debug] finish_fail_up_gate=0 finish_fail_down=0 finish_fail_other=0 finish_fail_ffn=0 cache_take_fail_up=0 cache_take_fail_gate=0 recv_up_sum_abs=0.000000e+00 recv_up_max_abs=0.000000e+00 recv_up_zero=0 recv_gate_sum_abs=0.000000e+00 recv_gate_max_abs=0.000000e+00 recv_gate_zero=0 recv_down_sum_abs=0.000000e+00 recv_down_max_abs=0.000000e+00 recv_down_zero=0 recv_other_sum_abs=0.000000e+00 recv_other_max_abs=0.000000e+00 recv_other_zero=0 recv_ffn_sum_abs=0.000000e+00 recv_ffn_max_abs=0.000000e+00 recv_ffn_zero=0
SUCCEED (one forward pass done)"
2c_balanced_mid,1,"60,61","50,50",all_0.4,ok,12.5418,79.7335,0.8023078441619873,"llama_context: graph splits = 1
attach_threadpool: call
threads: decode=2 batch=2
prompt tokens: 4
running one forward pass (llama_decode) ...
Top-5 next-token candidates:
  id=3 logit=0 piece=""$""
  id=4 logit=0 piece=""%""
  id=1 logit=0 piece=""""""
  id=0 logit=0 piece=""!""
  id=2 logit=0 piece=""#""
Autoregressive generation:
Generated text: !
Decode-only throughput: 12.5418 tokens/s (1 tokens in 0.0797335 s of llama_decode)
End-to-end throughput: 12.4921 tokens/s (1 tokens in 0.0800503 s)
[decode-stage-profile] model_load=379.924 ms context_create=59.4517 ms tokenize=0.478964 ms prefill_decode=109.71 ms generation_decode=79.7335 ms generation_total=80.0503 ms program_total=646.224 ms
[svd-local-op-profile] up_ops=56 gate_ops=56 down_ops=56 up_total=49.816 ms gate_total=53.230 ms down_total=33.189 ms up_v=6.094 ms gate_v=6.011 ms down_v=25.398 ms up_u=43.713 ms gate_u=47.216 ms down_u=7.786 ms
[svd-local-stage-profile] attention_total=1.521 ms ffn_total=138.000 ms ffn_svd_total=136.235 ms ffn_svd_v=37.503 ms ffn_svd_u=98.715 ms
[svd-offload-zero-profile] up_finish=0 up_cache=0 up_no_request=27 gate_finish=0 gate_cache=0 gate_no_request=27 down_finish=0 down_cache=0 down_no_request=27 other_finish=0 other_cache=0 other_no_request=0
[svd-local-timeout-profile] up_keep=0 up_drop=0 up_wait=0.000 ms gate_keep=0 gate_drop=0 gate_wait=0.000 ms down_keep=0 down_drop=0 down_wait=0.000 ms other_keep=0 other_drop=0 other_wait=0.000 ms
[svd-offload-client] up_gate_req=0 down_req=0 other_mat_req=0 ffn_req=0 gate_cache_hits=0 gate_cache_checks=0 miss_invalid=0 miss_layer=0 miss_rank=0 miss_hash=0 miss_output=0 miss_data=0 send_up_gate=0.000 ms send_down=0.000 ms send_other=0.000 ms send_ffn=0.000 ms wait_up_gate=0.000 ms wait_down=0.000 ms wait_other=0.000 ms wait_ffn=0.000 ms
[svd-offload-client-stage-profile] rpc_send_total=0.000 ms rpc_wait_total=0.000 ms
[svd-offload-client-debug] finish_fail_up_gate=0 finish_fail_down=0 finish_fail_other=0 finish_fail_ffn=0 cache_take_fail_up=0 cache_take_fail_gate=0 recv_up_sum_abs=0.000000e+00 recv_up_max_abs=0.000000e+00 recv_up_zero=0 recv_gate_sum_abs=0.000000e+00 recv_gate_max_abs=0.000000e+00 recv_gate_zero=0 recv_down_sum_abs=0.000000e+00 recv_down_max_abs=0.000000e+00 recv_down_zero=0 recv_other_sum_abs=0.000000e+00 recv_other_max_abs=0.000000e+00 recv_other_zero=0 recv_ffn_sum_abs=0.000000e+00 recv_ffn_max_abs=0.000000e+00 recv_ffn_zero=0
SUCCEED (one forward pass done)"
2c_balanced_mid,1,"60,61","50,50",all_0.5,ok,13.2659,75.3813,0.7804028987884521,"llama_context: graph splits = 1
attach_threadpool: call
threads: decode=2 batch=2
prompt tokens: 4
running one forward pass (llama_decode) ...
Top-5 next-token candidates:
  id=11 logit=15.272 piece="",""
  id=12 logit=14.9123 piece=""-""
  id=51730 logit=14.8613 piece="" Ri""
  id=6216 logit=14.8165 piece="" ir""
  id=472 logit=14.5534 piece="" H""
Autoregressive generation:
Generated text: ,
Decode-only throughput: 13.2659 tokens/s (1 tokens in 0.0753813 s of llama_decode)
End-to-end throughput: 13.2114 tokens/s (1 tokens in 0.0756921 s)
[decode-stage-profile] model_load=384.711 ms context_create=59.5357 ms tokenize=0.466388 ms prefill_decode=100.618 ms generation_decode=75.3813 ms generation_total=75.6921 ms program_total=637.496 ms
[svd-local-op-profile] up_ops=56 gate_ops=56 down_ops=56 up_total=46.634 ms gate_total=45.847 ms down_total=32.456 ms up_v=5.196 ms gate_v=4.844 ms down_v=21.031 ms up_u=41.431 ms gate_u=40.995 ms down_u=11.418 ms
[svd-local-stage-profile] attention_total=1.462 ms ffn_total=126.598 ms ffn_svd_total=124.937 ms ffn_svd_v=31.071 ms ffn_svd_u=93.844 ms
[svd-offload-zero-profile] up_finish=0 up_cache=0 up_no_request=27 gate_finish=0 gate_cache=0 gate_no_request=27 down_finish=0 down_cache=0 down_no_request=27 other_finish=0 other_cache=0 other_no_request=0
[svd-local-timeout-profile] up_keep=0 up_drop=0 up_wait=0.000 ms gate_keep=0 gate_drop=0 gate_wait=0.000 ms down_keep=0 down_drop=0 down_wait=0.000 ms other_keep=0 other_drop=0 other_wait=0.000 ms
[svd-offload-client] up_gate_req=0 down_req=0 other_mat_req=0 ffn_req=0 gate_cache_hits=0 gate_cache_checks=0 miss_invalid=0 miss_layer=0 miss_rank=0 miss_hash=0 miss_output=0 miss_data=0 send_up_gate=0.000 ms send_down=0.000 ms send_other=0.000 ms send_ffn=0.000 ms wait_up_gate=0.000 ms wait_down=0.000 ms wait_other=0.000 ms wait_ffn=0.000 ms
[svd-offload-client-stage-profile] rpc_send_total=0.000 ms rpc_wait_total=0.000 ms
[svd-offload-client-debug] finish_fail_up_gate=0 finish_fail_down=0 finish_fail_other=0 finish_fail_ffn=0 cache_take_fail_up=0 cache_take_fail_gate=0 recv_up_sum_abs=0.000000e+00 recv_up_max_abs=0.000000e+00 recv_up_zero=0 recv_gate_sum_abs=0.000000e+00 recv_gate_max_abs=0.000000e+00 recv_gate_zero=0 recv_down_sum_abs=0.000000e+00 recv_down_max_abs=0.000000e+00 recv_down_zero=0 recv_other_sum_abs=0.000000e+00 recv_other_max_abs=0.000000e+00 recv_other_zero=0 recv_ffn_sum_abs=0.000000e+00 recv_ffn_max_abs=0.000000e+00 recv_ffn_zero=0
SUCCEED (one forward pass done)"
2c_balanced_mid,1,"60,61","50,50",all_0.6,ok,14.0427,71.2115,0.7974507808685303,"llama_context: graph splits = 1
attach_threadpool: call
threads: decode=2 batch=2
prompt tokens: 4
running one forward pass (llama_decode) ...
Top-5 next-token candidates:
  id=548 logit=12.187 piece="" pr""
  id=62 logit=11.6986 piece=""_""
  id=512 logit=11.4494 piece="" le""
  id=9985 logit=11.4267 piece=""CM""
  id=1315 logit=11.4123 piece=""ait""
Autoregressive generation:
Generated text:  pr
Decode-only throughput: 14.0427 tokens/s (1 tokens in 0.0712115 s of llama_decode)
End-to-end throughput: 13.982 tokens/s (1 tokens in 0.0715204 s)
[decode-stage-profile] model_load=377.044 ms context_create=60.5453 ms tokenize=0.468026 ms prefill_decode=94.4595 ms generation_decode=71.2115 ms generation_total=71.5204 ms program_total=620.566 ms
[svd-local-op-profile] up_ops=56 gate_ops=56 down_ops=56 up_total=44.774 ms gate_total=43.815 ms down_total=24.183 ms up_v=4.505 ms gate_v=4.150 ms down_v=17.113 ms up_u=40.264 ms gate_u=39.665 ms down_u=7.066 ms
[svd-local-stage-profile] attention_total=1.501 ms ffn_total=114.510 ms ffn_svd_total=112.772 ms ffn_svd_v=25.768 ms ffn_svd_u=86.995 ms
[svd-offload-zero-profile] up_finish=0 up_cache=0 up_no_request=27 gate_finish=0 gate_cache=0 gate_no_request=27 down_finish=0 down_cache=0 down_no_request=27 other_finish=0 other_cache=0 other_no_request=0
[svd-local-timeout-profile] up_keep=0 up_drop=0 up_wait=0.000 ms gate_keep=0 gate_drop=0 gate_wait=0.000 ms down_keep=0 down_drop=0 down_wait=0.000 ms other_keep=0 other_drop=0 other_wait=0.000 ms
[svd-offload-client] up_gate_req=0 down_req=0 other_mat_req=0 ffn_req=0 gate_cache_hits=0 gate_cache_checks=0 miss_invalid=0 miss_layer=0 miss_rank=0 miss_hash=0 miss_output=0 miss_data=0 send_up_gate=0.000 ms send_down=0.000 ms send_other=0.000 ms send_ffn=0.000 ms wait_up_gate=0.000 ms wait_down=0.000 ms wait_other=0.000 ms wait_ffn=0.000 ms
[svd-offload-client-stage-profile] rpc_send_total=0.000 ms rpc_wait_total=0.000 ms
[svd-offload-client-debug] finish_fail_up_gate=0 finish_fail_down=0 finish_fail_other=0 finish_fail_ffn=0 cache_take_fail_up=0 cache_take_fail_gate=0 recv_up_sum_abs=0.000000e+00 recv_up_max_abs=0.000000e+00 recv_up_zero=0 recv_gate_sum_abs=0.000000e+00 recv_gate_max_abs=0.000000e+00 recv_gate_zero=0 recv_down_sum_abs=0.000000e+00 recv_down_max_abs=0.000000e+00 recv_down_zero=0 recv_other_sum_abs=0.000000e+00 recv_other_max_abs=0.000000e+00 recv_other_zero=0 recv_ffn_sum_abs=0.000000e+00 recv_ffn_max_abs=0.000000e+00 recv_ffn_zero=0
SUCCEED (one forward pass done)"
2c_balanced_mid,1,"60,61","50,50",all_0.7,ok,12.8418,77.8704,0.7769725322723389,"llama_context: graph splits = 1
attach_threadpool: call
threads: decode=2 batch=2
prompt tokens: 4
running one forward pass (llama_decode) ...
Top-5 next-token candidates:
  id=3055 logit=13.2411 piece="" once""
  id=107410 logit=12.3029 piece=""此后""
  id=32671 logit=12.0834 piece="" ______""
  id=106977 logit=11.1389 piece=""这一次""
  id=13184 logit=10.774 piece=""once""
Autoregressive generation:
Generated text:  once
Decode-only throughput: 12.8418 tokens/s (1 tokens in 0.0778704 s of llama_decode)
End-to-end throughput: 12.7905 tokens/s (1 tokens in 0.0781832 s)
[decode-stage-profile] model_load=384.69 ms context_create=59.2491 ms tokenize=0.461235 ms prefill_decode=81.6122 ms generation_decode=77.8704 ms generation_total=78.1832 ms program_total=620.797 ms
[svd-local-op-profile] up_ops=56 gate_ops=56 down_ops=56 up_total=46.934 ms gate_total=43.107 ms down_total=20.054 ms up_v=3.346 ms gate_v=3.146 ms down_v=13.209 ms up_u=43.581 ms gate_u=39.958 ms down_u=6.839 ms
[svd-local-stage-profile] attention_total=1.496 ms ffn_total=111.809 ms ffn_svd_total=110.095 ms ffn_svd_v=19.701 ms ffn_svd_u=90.378 ms
[svd-offload-zero-profile] up_finish=0 up_cache=0 up_no_request=27 gate_finish=0 gate_cache=0 gate_no_request=27 down_finish=0 down_cache=0 down_no_request=27 other_finish=0 other_cache=0 other_no_request=0
[svd-local-timeout-profile] up_keep=0 up_drop=0 up_wait=0.000 ms gate_keep=0 gate_drop=0 gate_wait=0.000 ms down_keep=0 down_drop=0 down_wait=0.000 ms other_keep=0 other_drop=0 other_wait=0.000 ms
[svd-offload-client] up_gate_req=0 down_req=0 other_mat_req=0 ffn_req=0 gate_cache_hits=0 gate_cache_checks=0 miss_invalid=0 miss_layer=0 miss_rank=0 miss_hash=0 miss_output=0 miss_data=0 send_up_gate=0.000 ms send_down=0.000 ms send_other=0.000 ms send_ffn=0.000 ms wait_up_gate=0.000 ms wait_down=0.000 ms wait_other=0.000 ms wait_ffn=0.000 ms
[svd-offload-client-stage-profile] rpc_send_total=0.000 ms rpc_wait_total=0.000 ms
[svd-offload-client-debug] finish_fail_up_gate=0 finish_fail_down=0 finish_fail_other=0 finish_fail_ffn=0 cache_take_fail_up=0 cache_take_fail_gate=0 recv_up_sum_abs=0.000000e+00 recv_up_max_abs=0.000000e+00 recv_up_zero=0 recv_gate_sum_abs=0.000000e+00 recv_gate_max_abs=0.000000e+00 recv_gate_zero=0 recv_down_sum_abs=0.000000e+00 recv_down_max_abs=0.000000e+00 recv_down_zero=0 recv_other_sum_abs=0.000000e+00 recv_other_max_abs=0.000000e+00 recv_other_zero=0 recv_ffn_sum_abs=0.000000e+00 recv_ffn_max_abs=0.000000e+00 recv_ffn_zero=0
SUCCEED (one forward pass done)"
2c_balanced_mid,1,"60,61","50,50",all_0.8,ok,14.7171,67.948,0.7427704334259033,"llama_context: graph splits = 1
attach_threadpool: call
threads: decode=2 batch=2
prompt tokens: 4
running one forward pass (llama_decode) ...
Top-5 next-token candidates:
  id=11756 logit=10.845 piece="" fo""
  id=3761 logit=9.91297 piece="" ce""
  id=77 logit=9.83331 piece=""n""
  id=3055 logit=9.68496 piece="" once""
  id=87896 logit=9.28999 piece=""​​""
Autoregressive generation:
Generated text:  fo
Decode-only throughput: 14.7171 tokens/s (1 tokens in 0.067948 s of llama_decode)
End-to-end throughput: 14.6441 tokens/s (1 tokens in 0.0682869 s)
[decode-stage-profile] model_load=376.18 ms context_create=57.2078 ms tokenize=0.450096 ms prefill_decode=74.4669 ms generation_decode=67.948 ms generation_total=68.2869 ms program_total=593.188 ms
[svd-local-op-profile] up_ops=56 gate_ops=56 down_ops=56 up_total=37.621 ms gate_total=36.769 ms down_total=18.457 ms up_v=2.638 ms gate_v=2.360 ms down_v=12.331 ms up_u=34.978 ms gate_u=34.406 ms down_u=6.120 ms
[svd-local-stage-profile] attention_total=1.470 ms ffn_total=94.623 ms ffn_svd_total=92.847 ms ffn_svd_v=17.329 ms ffn_svd_u=75.504 ms
[svd-offload-zero-profile] up_finish=0 up_cache=0 up_no_request=27 gate_finish=0 gate_cache=0 gate_no_request=27 down_finish=0 down_cache=0 down_no_request=27 other_finish=0 other_cache=0 other_no_request=0
[svd-local-timeout-profile] up_keep=0 up_drop=0 up_wait=0.000 ms gate_keep=0 gate_drop=0 gate_wait=0.000 ms down_keep=0 down_drop=0 down_wait=0.000 ms other_keep=0 other_drop=0 other_wait=0.000 ms
[svd-offload-client] up_gate_req=0 down_req=0 other_mat_req=0 ffn_req=0 gate_cache_hits=0 gate_cache_checks=0 miss_invalid=0 miss_layer=0 miss_rank=0 miss_hash=0 miss_output=0 miss_data=0 send_up_gate=0.000 ms send_down=0.000 ms send_other=0.000 ms send_ffn=0.000 ms wait_up_gate=0.000 ms wait_down=0.000 ms wait_other=0.000 ms wait_ffn=0.000 ms
[svd-offload-client-stage-profile] rpc_send_total=0.000 ms rpc_wait_total=0.000 ms
[svd-offload-client-debug] finish_fail_up_gate=0 finish_fail_down=0 finish_fail_other=0 finish_fail_ffn=0 cache_take_fail_up=0 cache_take_fail_gate=0 recv_up_sum_abs=0.000000e+00 recv_up_max_abs=0.000000e+00 recv_up_zero=0 recv_gate_sum_abs=0.000000e+00 recv_gate_max_abs=0.000000e+00 recv_gate_zero=0 recv_down_sum_abs=0.000000e+00 recv_down_max_abs=0.000000e+00 recv_down_zero=0 recv_other_sum_abs=0.000000e+00 recv_other_max_abs=0.000000e+00 recv_other_zero=0 recv_ffn_sum_abs=0.000000e+00 recv_ffn_max_abs=0.000000e+00 recv_ffn_zero=0
SUCCEED (one forward pass done)"
2c_balanced_mid,1,"60,61","50,50",all_0.85,ok,15.5864,64.1587,0.7346467971801758,"prompt tokens: 4
running one forward pass (llama_decode) ...
Top-5 next-token candidates:
  id=3055 logit=12.7512 piece="" once""
  id=1440 logit=11.4885 piece=""ren""
  id=77 logit=11.3741 piece=""n""
  id=51030 logit=11.2286 piece=""...


""
  id=3761 logit=11.088 piece="" ce""
Autoregressive generation:
Generated text:  once
Decode-only throughput: 15.5864 tokens/s (1 tokens in 0.0641587 s of llama_decode)
End-to-end throughput: 15.5119 tokens/s (1 tokens in 0.0644666 s)
[decode-stage-profile] model_load=379.089 ms context_create=55.9994 ms tokenize=0.463348 ms prefill_decode=69.2907 ms generation_decode=64.1587 ms generation_total=64.4666 ms program_total=585.773 ms
[svd-local-op-profile] up_ops=56 gate_ops=56 down_ops=56 up_total=38.182 ms gate_total=33.280 ms down_total=13.018 ms up_v=1.999 ms gate_v=1.789 ms down_v=7.363 ms up_u=36.176 ms gate_u=31.484 ms down_u=5.650 ms
[svd-local-stage-profile] attention_total=1.484 ms ffn_total=85.958 ms ffn_svd_total=84.480 ms ffn_svd_v=11.151 ms ffn_svd_u=73.310 ms
[svd-offload-zero-profile] up_finish=0 up_cache=0 up_no_request=27 gate_finish=0 gate_cache=0 gate_no_request=27 down_finish=0 down_cache=0 down_no_request=27 other_finish=0 other_cache=0 other_no_request=0
[svd-local-timeout-profile] up_keep=0 up_drop=0 up_wait=0.000 ms gate_keep=0 gate_drop=0 gate_wait=0.000 ms down_keep=0 down_drop=0 down_wait=0.000 ms other_keep=0 other_drop=0 other_wait=0.000 ms
[svd-offload-client] up_gate_req=0 down_req=0 other_mat_req=0 ffn_req=0 gate_cache_hits=0 gate_cache_checks=0 miss_invalid=0 miss_layer=0 miss_rank=0 miss_hash=0 miss_output=0 miss_data=0 send_up_gate=0.000 ms send_down=0.000 ms send_other=0.000 ms send_ffn=0.000 ms wait_up_gate=0.000 ms wait_down=0.000 ms wait_other=0.000 ms wait_ffn=0.000 ms
[svd-offload-client-stage-profile] rpc_send_total=0.000 ms rpc_wait_total=0.000 ms
[svd-offload-client-debug] finish_fail_up_gate=0 finish_fail_down=0 finish_fail_other=0 finish_fail_ffn=0 cache_take_fail_up=0 cache_take_fail_gate=0 recv_up_sum_abs=0.000000e+00 recv_up_max_abs=0.000000e+00 recv_up_zero=0 recv_gate_sum_abs=0.000000e+00 recv_gate_max_abs=0.000000e+00 recv_gate_zero=0 recv_down_sum_abs=0.000000e+00 recv_down_max_abs=0.000000e+00 recv_down_zero=0 recv_other_sum_abs=0.000000e+00 recv_other_max_abs=0.000000e+00 recv_other_zero=0 recv_ffn_sum_abs=0.000000e+00 recv_ffn_max_abs=0.000000e+00 recv_ffn_zero=0
SUCCEED (one forward pass done)"
2c_balanced_mid,1,"60,61","50,50",all_0.9,ok,19.4154,51.5054,0.7267990112304688,"llama_context: graph splits = 1
attach_threadpool: call
threads: decode=2 batch=2
prompt tokens: 4
running one forward pass (llama_decode) ...
Top-5 next-token candidates:
  id=3 logit=0 piece=""$""
  id=4 logit=0 piece=""%""
  id=1 logit=0 piece=""""""
  id=0 logit=0 piece=""!""
  id=2 logit=0 piece=""#""
Autoregressive generation:
Generated text: !
Decode-only throughput: 19.4154 tokens/s (1 tokens in 0.0515054 s of llama_decode)
End-to-end throughput: 19.2957 tokens/s (1 tokens in 0.0518249 s)
[decode-stage-profile] model_load=381.528 ms context_create=59.1874 ms tokenize=0.450646 ms prefill_decode=56.1886 ms generation_decode=51.5054 ms generation_total=51.8249 ms program_total=565.789 ms
[svd-local-op-profile] up_ops=56 gate_ops=56 down_ops=56 up_total=23.464 ms gate_total=22.995 ms down_total=8.941 ms up_v=1.236 ms gate_v=1.216 ms down_v=4.873 ms up_u=22.217 ms gate_u=21.775 ms down_u=4.061 ms
[svd-local-stage-profile] attention_total=1.454 ms ffn_total=56.831 ms ffn_svd_total=55.400 ms ffn_svd_v=7.325 ms ffn_svd_u=48.053 ms
[svd-offload-zero-profile] up_finish=0 up_cache=0 up_no_request=27 gate_finish=0 gate_cache=0 gate_no_request=27 down_finish=0 down_cache=0 down_no_request=27 other_finish=0 other_cache=0 other_no_request=0
[svd-local-timeout-profile] up_keep=0 up_drop=0 up_wait=0.000 ms gate_keep=0 gate_drop=0 gate_wait=0.000 ms down_keep=0 down_drop=0 down_wait=0.000 ms other_keep=0 other_drop=0 other_wait=0.000 ms
[svd-offload-client] up_gate_req=0 down_req=0 other_mat_req=0 ffn_req=0 gate_cache_hits=0 gate_cache_checks=0 miss_invalid=0 miss_layer=0 miss_rank=0 miss_hash=0 miss_output=0 miss_data=0 send_up_gate=0.000 ms send_down=0.000 ms send_other=0.000 ms send_ffn=0.000 ms wait_up_gate=0.000 ms wait_down=0.000 ms wait_other=0.000 ms wait_ffn=0.000 ms
[svd-offload-client-stage-profile] rpc_send_total=0.000 ms rpc_wait_total=0.000 ms
[svd-offload-client-debug] finish_fail_up_gate=0 finish_fail_down=0 finish_fail_other=0 finish_fail_ffn=0 cache_take_fail_up=0 cache_take_fail_gate=0 recv_up_sum_abs=0.000000e+00 recv_up_max_abs=0.000000e+00 recv_up_zero=0 recv_gate_sum_abs=0.000000e+00 recv_gate_max_abs=0.000000e+00 recv_gate_zero=0 recv_down_sum_abs=0.000000e+00 recv_down_max_abs=0.000000e+00 recv_down_zero=0 recv_other_sum_abs=0.000000e+00 recv_other_max_abs=0.000000e+00 recv_other_zero=0 recv_ffn_sum_abs=0.000000e+00 recv_ffn_max_abs=0.000000e+00 recv_ffn_zero=0
SUCCEED (one forward pass done)"
2c_balanced_mid,1,"60,61","50,50",odd_0.4,ok,12.6465,79.0731,0.8196418285369873,"llama_context: graph splits = 1
attach_threadpool: call
threads: decode=2 batch=2
prompt tokens: 4
running one forward pass (llama_decode) ...
Top-5 next-token candidates:
  id=3 logit=0 piece=""$""
  id=4 logit=0 piece=""%""
  id=1 logit=0 piece=""""""
  id=0 logit=0 piece=""!""
  id=2 logit=0 piece=""#""
Autoregressive generation:
Generated text: !
Decode-only throughput: 12.6465 tokens/s (1 tokens in 0.0790731 s of llama_decode)
End-to-end throughput: 12.5979 tokens/s (1 tokens in 0.0793783 s)
[decode-stage-profile] model_load=380.62 ms context_create=57.9243 ms tokenize=0.46939 ms prefill_decode=127.154 ms generation_decode=79.0731 ms generation_total=79.3783 ms program_total=662.135 ms
[svd-local-op-profile] up_ops=56 gate_ops=56 down_ops=56 up_total=56.653 ms gate_total=56.123 ms down_total=44.664 ms up_v=7.955 ms gate_v=7.753 ms down_v=35.899 ms up_u=48.691 ms gate_u=48.364 ms down_u=8.760 ms
[svd-local-stage-profile] attention_total=1.431 ms ffn_total=159.256 ms ffn_svd_total=157.440 ms ffn_svd_v=51.607 ms ffn_svd_u=105.815 ms
[svd-offload-zero-profile] up_finish=0 up_cache=0 up_no_request=27 gate_finish=0 gate_cache=0 gate_no_request=27 down_finish=0 down_cache=0 down_no_request=27 other_finish=0 other_cache=0 other_no_request=0
[svd-local-timeout-profile] up_keep=0 up_drop=0 up_wait=0.000 ms gate_keep=0 gate_drop=0 gate_wait=0.000 ms down_keep=0 down_drop=0 down_wait=0.000 ms other_keep=0 other_drop=0 other_wait=0.000 ms
[svd-offload-client] up_gate_req=0 down_req=0 other_mat_req=0 ffn_req=0 gate_cache_hits=0 gate_cache_checks=0 miss_invalid=0 miss_layer=0 miss_rank=0 miss_hash=0 miss_output=0 miss_data=0 send_up_gate=0.000 ms send_down=0.000 ms send_other=0.000 ms send_ffn=0.000 ms wait_up_gate=0.000 ms wait_down=0.000 ms wait_other=0.000 ms wait_ffn=0.000 ms
[svd-offload-client-stage-profile] rpc_send_total=0.000 ms rpc_wait_total=0.000 ms
[svd-offload-client-debug] finish_fail_up_gate=0 finish_fail_down=0 finish_fail_other=0 finish_fail_ffn=0 cache_take_fail_up=0 cache_take_fail_gate=0 recv_up_sum_abs=0.000000e+00 recv_up_max_abs=0.000000e+00 recv_up_zero=0 recv_gate_sum_abs=0.000000e+00 recv_gate_max_abs=0.000000e+00 recv_gate_zero=0 recv_down_sum_abs=0.000000e+00 recv_down_max_abs=0.000000e+00 recv_down_zero=0 recv_other_sum_abs=0.000000e+00 recv_other_max_abs=0.000000e+00 recv_other_zero=0 recv_ffn_sum_abs=0.000000e+00 recv_ffn_max_abs=0.000000e+00 recv_ffn_zero=0
SUCCEED (one forward pass done)"
2c_balanced_mid,1,"60,61","50,50",odd_0.5,ok,12.2033,81.945,0.8046727180480957,"llama_context: graph splits = 1
attach_threadpool: call
threads: decode=2 batch=2
prompt tokens: 4
running one forward pass (llama_decode) ...
Top-5 next-token candidates:
  id=11 logit=16.8554 piece="",""
  id=304 logit=16.48 piece="" in""
  id=311 logit=16.0556 piece="" to""
  id=279 logit=15.9894 piece="" the""
  id=979 logit=15.8892 piece="" when""
Autoregressive generation:
Generated text: ,
Decode-only throughput: 12.2033 tokens/s (1 tokens in 0.081945 s of llama_decode)
End-to-end throughput: 12.158 tokens/s (1 tokens in 0.0822505 s)
[decode-stage-profile] model_load=375.968 ms context_create=58.7567 ms tokenize=0.455681 ms prefill_decode=124.88 ms generation_decode=81.945 ms generation_total=82.2505 ms program_total=658.928 ms
[svd-local-op-profile] up_ops=56 gate_ops=56 down_ops=56 up_total=58.464 ms gate_total=55.029 ms down_total=39.846 ms up_v=7.557 ms gate_v=7.309 ms down_v=31.240 ms up_u=50.900 ms gate_u=47.712 ms down_u=8.601 ms
[svd-local-stage-profile] attention_total=1.724 ms ffn_total=155.034 ms ffn_svd_total=153.339 ms ffn_svd_v=46.106 ms ffn_svd_u=107.213 ms
[svd-offload-zero-profile] up_finish=0 up_cache=0 up_no_request=27 gate_finish=0 gate_cache=0 gate_no_request=27 down_finish=0 down_cache=0 down_no_request=27 other_finish=0 other_cache=0 other_no_request=0
[svd-local-timeout-profile] up_keep=0 up_drop=0 up_wait=0.000 ms gate_keep=0 gate_drop=0 gate_wait=0.000 ms down_keep=0 down_drop=0 down_wait=0.000 ms other_keep=0 other_drop=0 other_wait=0.000 ms
[svd-offload-client] up_gate_req=0 down_req=0 other_mat_req=0 ffn_req=0 gate_cache_hits=0 gate_cache_checks=0 miss_invalid=0 miss_layer=0 miss_rank=0 miss_hash=0 miss_output=0 miss_data=0 send_up_gate=0.000 ms send_down=0.000 ms send_other=0.000 ms send_ffn=0.000 ms wait_up_gate=0.000 ms wait_down=0.000 ms wait_other=0.000 ms wait_ffn=0.000 ms
[svd-offload-client-stage-profile] rpc_send_total=0.000 ms rpc_wait_total=0.000 ms
[svd-offload-client-debug] finish_fail_up_gate=0 finish_fail_down=0 finish_fail_other=0 finish_fail_ffn=0 cache_take_fail_up=0 cache_take_fail_gate=0 recv_up_sum_abs=0.000000e+00 recv_up_max_abs=0.000000e+00 recv_up_zero=0 recv_gate_sum_abs=0.000000e+00 recv_gate_max_abs=0.000000e+00 recv_gate_zero=0 recv_down_sum_abs=0.000000e+00 recv_down_max_abs=0.000000e+00 recv_down_zero=0 recv_other_sum_abs=0.000000e+00 recv_other_max_abs=0.000000e+00 recv_other_zero=0 recv_ffn_sum_abs=0.000000e+00 recv_ffn_max_abs=0.000000e+00 recv_ffn_zero=0
SUCCEED (one forward pass done)"
2c_balanced_mid,1,"60,61","50,50",odd_0.6,ok,12.1173,82.5264,0.8071811199188232,"llama_context: graph splits = 1
attach_threadpool: call
threads: decode=2 batch=2
prompt tokens: 4
running one forward pass (llama_decode) ...
Top-5 next-token candidates:
  id=3 logit=0 piece=""$""
  id=4 logit=0 piece=""%""
  id=1 logit=0 piece=""""""
  id=0 logit=0 piece=""!""
  id=2 logit=0 piece=""#""
Autoregressive generation:
Generated text: !
Decode-only throughput: 12.1173 tokens/s (1 tokens in 0.0825264 s of llama_decode)
End-to-end throughput: 12.072 tokens/s (1 tokens in 0.0828363 s)
[decode-stage-profile] model_load=376.94 ms context_create=56.7126 ms tokenize=0.453275 ms prefill_decode=121.476 ms generation_decode=82.5264 ms generation_total=82.8363 ms program_total=654.971 ms
[svd-local-op-profile] up_ops=56 gate_ops=56 down_ops=56 up_total=55.325 ms gate_total=57.967 ms down_total=41.641 ms up_v=7.089 ms gate_v=6.890 ms down_v=29.039 ms up_u=48.228 ms gate_u=51.073 ms down_u=12.596 ms
[svd-local-stage-profile] attention_total=1.499 ms ffn_total=156.706 ms ffn_svd_total=154.933 ms ffn_svd_v=43.018 ms ffn_svd_u=111.897 ms
[svd-offload-zero-profile] up_finish=0 up_cache=0 up_no_request=27 gate_finish=0 gate_cache=0 gate_no_request=27 down_finish=0 down_cache=0 down_no_request=27 other_finish=0 other_cache=0 other_no_request=0
[svd-local-timeout-profile] up_keep=0 up_drop=0 up_wait=0.000 ms gate_keep=0 gate_drop=0 gate_wait=0.000 ms down_keep=0 down_drop=0 down_wait=0.000 ms other_keep=0 other_drop=0 other_wait=0.000 ms
[svd-offload-client] up_gate_req=0 down_req=0 other_mat_req=0 ffn_req=0 gate_cache_hits=0 gate_cache_checks=0 miss_invalid=0 miss_layer=0 miss_rank=0 miss_hash=0 miss_output=0 miss_data=0 send_up_gate=0.000 ms send_down=0.000 ms send_other=0.000 ms send_ffn=0.000 ms wait_up_gate=0.000 ms wait_down=0.000 ms wait_other=0.000 ms wait_ffn=0.000 ms
[svd-offload-client-stage-profile] rpc_send_total=0.000 ms rpc_wait_total=0.000 ms
[svd-offload-client-debug] finish_fail_up_gate=0 finish_fail_down=0 finish_fail_other=0 finish_fail_ffn=0 cache_take_fail_up=0 cache_take_fail_gate=0 recv_up_sum_abs=0.000000e+00 recv_up_max_abs=0.000000e+00 recv_up_zero=0 recv_gate_sum_abs=0.000000e+00 recv_gate_max_abs=0.000000e+00 recv_gate_zero=0 recv_down_sum_abs=0.000000e+00 recv_down_max_abs=0.000000e+00 recv_down_zero=0 recv_other_sum_abs=0.000000e+00 recv_other_max_abs=0.000000e+00 recv_other_zero=0 recv_ffn_sum_abs=0.000000e+00 recv_ffn_max_abs=0.000000e+00 recv_ffn_zero=0
SUCCEED (one forward pass done)"
2c_balanced_mid,1,"60,61","50,50",odd_0.7,ok,12.2613,81.5577,0.7960159778594971,"llama_context: graph splits = 1
attach_threadpool: call
threads: decode=2 batch=2
prompt tokens: 4
running one forward pass (llama_decode) ...
Top-5 next-token candidates:
  id=3 logit=0 piece=""$""
  id=4 logit=0 piece=""%""
  id=1 logit=0 piece=""""""
  id=0 logit=0 piece=""!""
  id=2 logit=0 piece=""#""
Autoregressive generation:
Generated text: !
Decode-only throughput: 12.2613 tokens/s (1 tokens in 0.0815577 s of llama_decode)
End-to-end throughput: 12.2144 tokens/s (1 tokens in 0.0818703 s)
[decode-stage-profile] model_load=373.76 ms context_create=57.6115 ms tokenize=0.457673 ms prefill_decode=115.619 ms generation_decode=81.5577 ms generation_total=81.8703 ms program_total=645.854 ms
[svd-local-op-profile] up_ops=56 gate_ops=56 down_ops=56 up_total=53.099 ms gate_total=56.879 ms down_total=38.463 ms up_v=6.532 ms gate_v=6.341 ms down_v=27.121 ms up_u=46.561 ms gate_u=50.531 ms down_u=11.340 ms
[svd-local-stage-profile] attention_total=1.480 ms ffn_total=150.074 ms ffn_svd_total=148.441 ms ffn_svd_v=39.994 ms ffn_svd_u=108.432 ms
[svd-offload-zero-profile] up_finish=0 up_cache=0 up_no_request=27 gate_finish=0 gate_cache=0 gate_no_request=27 down_finish=0 down_cache=0 down_no_request=27 other_finish=0 other_cache=0 other_no_request=0
[svd-local-timeout-profile] up_keep=0 up_drop=0 up_wait=0.000 ms gate_keep=0 gate_drop=0 gate_wait=0.000 ms down_keep=0 down_drop=0 down_wait=0.000 ms other_keep=0 other_drop=0 other_wait=0.000 ms
[svd-offload-client] up_gate_req=0 down_req=0 other_mat_req=0 ffn_req=0 gate_cache_hits=0 gate_cache_checks=0 miss_invalid=0 miss_layer=0 miss_rank=0 miss_hash=0 miss_output=0 miss_data=0 send_up_gate=0.000 ms send_down=0.000 ms send_other=0.000 ms send_ffn=0.000 ms wait_up_gate=0.000 ms wait_down=0.000 ms wait_other=0.000 ms wait_ffn=0.000 ms
[svd-offload-client-stage-profile] rpc_send_total=0.000 ms rpc_wait_total=0.000 ms
[svd-offload-client-debug] finish_fail_up_gate=0 finish_fail_down=0 finish_fail_other=0 finish_fail_ffn=0 cache_take_fail_up=0 cache_take_fail_gate=0 recv_up_sum_abs=0.000000e+00 recv_up_max_abs=0.000000e+00 recv_up_zero=0 recv_gate_sum_abs=0.000000e+00 recv_gate_max_abs=0.000000e+00 recv_gate_zero=0 recv_down_sum_abs=0.000000e+00 recv_down_max_abs=0.000000e+00 recv_down_zero=0 recv_other_sum_abs=0.000000e+00 recv_other_max_abs=0.000000e+00 recv_other_zero=0 recv_ffn_sum_abs=0.000000e+00 recv_ffn_max_abs=0.000000e+00 recv_ffn_zero=0
SUCCEED (one forward pass done)"
2c_balanced_mid,1,"60,61","50,50",odd_0.8,ok,11.8687,84.2551,1.1027181148529053,"llama_context: graph splits = 1
attach_threadpool: call
threads: decode=2 batch=2
prompt tokens: 4
running one forward pass (llama_decode) ...
Top-5 next-token candidates:
  id=3 logit=0 piece=""$""
  id=4 logit=0 piece=""%""
  id=1 logit=0 piece=""""""
  id=0 logit=0 piece=""!""
  id=2 logit=0 piece=""#""
Autoregressive generation:
Generated text: !
Decode-only throughput: 11.8687 tokens/s (1 tokens in 0.0842551 s of llama_decode)
End-to-end throughput: 11.8225 tokens/s (1 tokens in 0.0845842 s)
[decode-stage-profile] model_load=377.943 ms context_create=59.8555 ms tokenize=0.462267 ms prefill_decode=413.46 ms generation_decode=84.2551 ms generation_total=84.5842 ms program_total=952.844 ms
[svd-local-op-profile] up_ops=56 gate_ops=56 down_ops=56 up_total=72.845 ms gate_total=50.459 ms down_total=54.235 ms up_v=10.298 ms gate_v=5.984 ms down_v=32.957 ms up_u=62.542 ms gate_u=44.472 ms down_u=21.276 ms
[svd-local-stage-profile] attention_total=43.582 ms ffn_total=196.890 ms ffn_svd_total=177.539 ms ffn_svd_v=49.239 ms ffn_svd_u=128.290 ms
[svd-offload-zero-profile] up_finish=0 up_cache=0 up_no_request=27 gate_finish=0 gate_cache=0 gate_no_request=27 down_finish=0 down_cache=0 down_no_request=27 other_finish=0 other_cache=0 other_no_request=0
[svd-local-timeout-profile] up_keep=0 up_drop=0 up_wait=0.000 ms gate_keep=0 gate_drop=0 gate_wait=0.000 ms down_keep=0 down_drop=0 down_wait=0.000 ms other_keep=0 other_drop=0 other_wait=0.000 ms
[svd-offload-client] up_gate_req=0 down_req=0 other_mat_req=0 ffn_req=0 gate_cache_hits=0 gate_cache_checks=0 miss_invalid=0 miss_layer=0 miss_rank=0 miss_hash=0 miss_output=0 miss_data=0 send_up_gate=0.000 ms send_down=0.000 ms send_other=0.000 ms send_ffn=0.000 ms wait_up_gate=0.000 ms wait_down=0.000 ms wait_other=0.000 ms wait_ffn=0.000 ms
[svd-offload-client-stage-profile] rpc_send_total=0.000 ms rpc_wait_total=0.000 ms
[svd-offload-client-debug] finish_fail_up_gate=0 finish_fail_down=0 finish_fail_other=0 finish_fail_ffn=0 cache_take_fail_up=0 cache_take_fail_gate=0 recv_up_sum_abs=0.000000e+00 recv_up_max_abs=0.000000e+00 recv_up_zero=0 recv_gate_sum_abs=0.000000e+00 recv_gate_max_abs=0.000000e+00 recv_gate_zero=0 recv_down_sum_abs=0.000000e+00 recv_down_max_abs=0.000000e+00 recv_down_zero=0 recv_other_sum_abs=0.000000e+00 recv_other_max_abs=0.000000e+00 recv_other_zero=0 recv_ffn_sum_abs=0.000000e+00 recv_ffn_max_abs=0.000000e+00 recv_ffn_zero=0
SUCCEED (one forward pass done)"
2c_balanced_mid,1,"60,61","50,50",odd_0.85,ok,13.3972,74.6426,0.7921109199523926,"llama_context: graph splits = 1
attach_threadpool: call
threads: decode=2 batch=2
prompt tokens: 4
running one forward pass (llama_decode) ...
Top-5 next-token candidates:
  id=3 logit=0 piece=""$""
  id=4 logit=0 piece=""%""
  id=1 logit=0 piece=""""""
  id=0 logit=0 piece=""!""
  id=2 logit=0 piece=""#""
Autoregressive generation:
Generated text: !
Decode-only throughput: 13.3972 tokens/s (1 tokens in 0.0746426 s of llama_decode)
End-to-end throughput: 13.3427 tokens/s (1 tokens in 0.0749474 s)
[decode-stage-profile] model_load=381.811 ms context_create=56.4171 ms tokenize=0.466181 ms prefill_decode=108.572 ms generation_decode=74.6426 ms generation_total=74.9474 ms program_total=638.857 ms
[svd-local-op-profile] up_ops=56 gate_ops=56 down_ops=56 up_total=49.618 ms gate_total=48.932 ms down_total=35.942 ms up_v=5.983 ms gate_v=5.711 ms down_v=28.076 ms up_u=43.626 ms gate_u=43.212 ms down_u=7.856 ms
[svd-local-stage-profile] attention_total=1.547 ms ffn_total=136.006 ms ffn_svd_total=134.492 ms ffn_svd_v=39.770 ms ffn_svd_u=94.694 ms
[svd-offload-zero-profile] up_finish=0 up_cache=0 up_no_request=27 gate_finish=0 gate_cache=0 gate_no_request=27 down_finish=0 down_cache=0 down_no_request=27 other_finish=0 other_cache=0 other_no_request=0
[svd-local-timeout-profile] up_keep=0 up_drop=0 up_wait=0.000 ms gate_keep=0 gate_drop=0 gate_wait=0.000 ms down_keep=0 down_drop=0 down_wait=0.000 ms other_keep=0 other_drop=0 other_wait=0.000 ms
[svd-offload-client] up_gate_req=0 down_req=0 other_mat_req=0 ffn_req=0 gate_cache_hits=0 gate_cache_checks=0 miss_invalid=0 miss_layer=0 miss_rank=0 miss_hash=0 miss_output=0 miss_data=0 send_up_gate=0.000 ms send_down=0.000 ms send_other=0.000 ms send_ffn=0.000 ms wait_up_gate=0.000 ms wait_down=0.000 ms wait_other=0.000 ms wait_ffn=0.000 ms
[svd-offload-client-stage-profile] rpc_send_total=0.000 ms rpc_wait_total=0.000 ms
[svd-offload-client-debug] finish_fail_up_gate=0 finish_fail_down=0 finish_fail_other=0 finish_fail_ffn=0 cache_take_fail_up=0 cache_take_fail_gate=0 recv_up_sum_abs=0.000000e+00 recv_up_max_abs=0.000000e+00 recv_up_zero=0 recv_gate_sum_abs=0.000000e+00 recv_gate_max_abs=0.000000e+00 recv_gate_zero=0 recv_down_sum_abs=0.000000e+00 recv_down_max_abs=0.000000e+00 recv_down_zero=0 recv_other_sum_abs=0.000000e+00 recv_other_max_abs=0.000000e+00 recv_other_zero=0 recv_ffn_sum_abs=0.000000e+00 recv_ffn_max_abs=0.000000e+00 recv_ffn_zero=0
SUCCEED (one forward pass done)"
2c_balanced_mid,1,"60,61","50,50",odd_0.9,ok,15.1013,66.2194,0.7821567058563232,"llama_context: graph splits = 1
attach_threadpool: call
threads: decode=2 batch=2
prompt tokens: 4
running one forward pass (llama_decode) ...
Top-5 next-token candidates:
  id=3 logit=0 piece=""$""
  id=4 logit=0 piece=""%""
  id=1 logit=0 piece=""""""
  id=0 logit=0 piece=""!""
  id=2 logit=0 piece=""#""
Autoregressive generation:
Generated text: !
Decode-only throughput: 15.1013 tokens/s (1 tokens in 0.0662194 s of llama_decode)
End-to-end throughput: 15.0282 tokens/s (1 tokens in 0.0665414 s)
[decode-stage-profile] model_load=379.366 ms context_create=57.4752 ms tokenize=0.460124 ms prefill_decode=106.024 ms generation_decode=66.2194 ms generation_total=66.5414 ms program_total=626.523 ms
[svd-local-op-profile] up_ops=56 gate_ops=56 down_ops=56 up_total=49.268 ms gate_total=43.753 ms down_total=30.204 ms up_v=5.587 ms gate_v=5.507 ms down_v=23.157 ms up_u=43.677 ms gate_u=38.243 ms down_u=7.044 ms
[svd-local-stage-profile] attention_total=1.501 ms ffn_total=124.780 ms ffn_svd_total=123.225 ms ffn_svd_v=34.251 ms ffn_svd_u=88.964 ms
[svd-offload-zero-profile] up_finish=0 up_cache=0 up_no_request=27 gate_finish=0 gate_cache=0 gate_no_request=27 down_finish=0 down_cache=0 down_no_request=27 other_finish=0 other_cache=0 other_no_request=0
[svd-local-timeout-profile] up_keep=0 up_drop=0 up_wait=0.000 ms gate_keep=0 gate_drop=0 gate_wait=0.000 ms down_keep=0 down_drop=0 down_wait=0.000 ms other_keep=0 other_drop=0 other_wait=0.000 ms
[svd-offload-client] up_gate_req=0 down_req=0 other_mat_req=0 ffn_req=0 gate_cache_hits=0 gate_cache_checks=0 miss_invalid=0 miss_layer=0 miss_rank=0 miss_hash=0 miss_output=0 miss_data=0 send_up_gate=0.000 ms send_down=0.000 ms send_other=0.000 ms send_ffn=0.000 ms wait_up_gate=0.000 ms wait_down=0.000 ms wait_other=0.000 ms wait_ffn=0.000 ms
[svd-offload-client-stage-profile] rpc_send_total=0.000 ms rpc_wait_total=0.000 ms
[svd-offload-client-debug] finish_fail_up_gate=0 finish_fail_down=0 finish_fail_other=0 finish_fail_ffn=0 cache_take_fail_up=0 cache_take_fail_gate=0 recv_up_sum_abs=0.000000e+00 recv_up_max_abs=0.000000e+00 recv_up_zero=0 recv_gate_sum_abs=0.000000e+00 recv_gate_max_abs=0.000000e+00 recv_gate_zero=0 recv_down_sum_abs=0.000000e+00 recv_down_max_abs=0.000000e+00 recv_down_zero=0 recv_other_sum_abs=0.000000e+00 recv_other_max_abs=0.000000e+00 recv_other_zero=0 recv_ffn_sum_abs=0.000000e+00 recv_ffn_max_abs=0.000000e+00 recv_ffn_zero=0
SUCCEED (one forward pass done)"
2c_balanced_mid,1,"60,61","50,50",even_0.4,ok,12.3481,80.9842,0.8110103607177734,"llama_context: graph splits = 1
attach_threadpool: call
threads: decode=2 batch=2
prompt tokens: 4
running one forward pass (llama_decode) ...
Top-5 next-token candidates:
  id=3 logit=0 piece=""$""
  id=4 logit=0 piece=""%""
  id=1 logit=0 piece=""""""
  id=0 logit=0 piece=""!""
  id=2 logit=0 piece=""#""
Autoregressive generation:
Generated text: !
Decode-only throughput: 12.3481 tokens/s (1 tokens in 0.0809842 s of llama_decode)
End-to-end throughput: 12.2999 tokens/s (1 tokens in 0.0813015 s)
[decode-stage-profile] model_load=380.065 ms context_create=58.3416 ms tokenize=0.450302 ms prefill_decode=129.13 ms generation_decode=80.9842 ms generation_total=81.3015 ms program_total=666.13 ms
[svd-local-op-profile] up_ops=56 gate_ops=56 down_ops=56 up_total=56.109 ms gate_total=59.600 ms down_total=44.845 ms up_v=7.912 ms gate_v=7.644 ms down_v=33.181 ms up_u=48.194 ms gate_u=51.951 ms down_u=11.661 ms
[svd-local-stage-profile] attention_total=1.451 ms ffn_total=162.205 ms ffn_svd_total=160.554 ms ffn_svd_v=48.737 ms ffn_svd_u=111.806 ms
[svd-offload-zero-profile] up_finish=0 up_cache=0 up_no_request=27 gate_finish=0 gate_cache=0 gate_no_request=27 down_finish=0 down_cache=0 down_no_request=27 other_finish=0 other_cache=0 other_no_request=0
[svd-local-timeout-profile] up_keep=0 up_drop=0 up_wait=0.000 ms gate_keep=0 gate_drop=0 gate_wait=0.000 ms down_keep=0 down_drop=0 down_wait=0.000 ms other_keep=0 other_drop=0 other_wait=0.000 ms
[svd-offload-client] up_gate_req=0 down_req=0 other_mat_req=0 ffn_req=0 gate_cache_hits=0 gate_cache_checks=0 miss_invalid=0 miss_layer=0 miss_rank=0 miss_hash=0 miss_output=0 miss_data=0 send_up_gate=0.000 ms send_down=0.000 ms send_other=0.000 ms send_ffn=0.000 ms wait_up_gate=0.000 ms wait_down=0.000 ms wait_other=0.000 ms wait_ffn=0.000 ms
[svd-offload-client-stage-profile] rpc_send_total=0.000 ms rpc_wait_total=0.000 ms
[svd-offload-client-debug] finish_fail_up_gate=0 finish_fail_down=0 finish_fail_other=0 finish_fail_ffn=0 cache_take_fail_up=0 cache_take_fail_gate=0 recv_up_sum_abs=0.000000e+00 recv_up_max_abs=0.000000e+00 recv_up_zero=0 recv_gate_sum_abs=0.000000e+00 recv_gate_max_abs=0.000000e+00 recv_gate_zero=0 recv_down_sum_abs=0.000000e+00 recv_down_max_abs=0.000000e+00 recv_down_zero=0 recv_other_sum_abs=0.000000e+00 recv_other_max_abs=0.000000e+00 recv_other_zero=0 recv_ffn_sum_abs=0.000000e+00 recv_ffn_max_abs=0.000000e+00 recv_ffn_zero=0
SUCCEED (one forward pass done)"
2c_balanced_mid,1,"60,61","50,50",even_0.5,ok,12.2303,81.7639,0.8107600212097168,"attach_threadpool: call
threads: decode=2 batch=2
prompt tokens: 4
running one forward pass (llama_decode) ...
Top-5 next-token candidates:
  id=3837 logit=20.3897 piece=""，""
  id=41453 logit=19.3109 piece=""，
""
  id=11 logit=18.7653 piece="",""
  id=304 logit=18.5229 piece="" in""
  id=389 logit=18.2494 piece="" on""
Autoregressive generation:
Generated text: ，
Decode-only throughput: 12.2303 tokens/s (1 tokens in 0.0817639 s of llama_decode)
End-to-end throughput: 12.184 tokens/s (1 tokens in 0.0820748 s)
[decode-stage-profile] model_load=377.121 ms context_create=58.1229 ms tokenize=0.466067 ms prefill_decode=124.463 ms generation_decode=81.7639 ms generation_total=82.0748 ms program_total=658.936 ms
[svd-local-op-profile] up_ops=56 gate_ops=56 down_ops=56 up_total=55.161 ms gate_total=58.467 ms down_total=43.054 ms up_v=7.605 ms gate_v=7.128 ms down_v=31.469 ms up_u=47.552 ms gate_u=51.336 ms down_u=11.581 ms
[svd-local-stage-profile] attention_total=1.507 ms ffn_total=158.493 ms ffn_svd_total=156.682 ms ffn_svd_v=46.202 ms ffn_svd_u=110.469 ms
[svd-offload-zero-profile] up_finish=0 up_cache=0 up_no_request=27 gate_finish=0 gate_cache=0 gate_no_request=27 down_finish=0 down_cache=0 down_no_request=27 other_finish=0 other_cache=0 other_no_request=0
[svd-local-timeout-profile] up_keep=0 up_drop=0 up_wait=0.000 ms gate_keep=0 gate_drop=0 gate_wait=0.000 ms down_keep=0 down_drop=0 down_wait=0.000 ms other_keep=0 other_drop=0 other_wait=0.000 ms
[svd-offload-client] up_gate_req=0 down_req=0 other_mat_req=0 ffn_req=0 gate_cache_hits=0 gate_cache_checks=0 miss_invalid=0 miss_layer=0 miss_rank=0 miss_hash=0 miss_output=0 miss_data=0 send_up_gate=0.000 ms send_down=0.000 ms send_other=0.000 ms send_ffn=0.000 ms wait_up_gate=0.000 ms wait_down=0.000 ms wait_other=0.000 ms wait_ffn=0.000 ms
[svd-offload-client-stage-profile] rpc_send_total=0.000 ms rpc_wait_total=0.000 ms
[svd-offload-client-debug] finish_fail_up_gate=0 finish_fail_down=0 finish_fail_other=0 finish_fail_ffn=0 cache_take_fail_up=0 cache_take_fail_gate=0 recv_up_sum_abs=0.000000e+00 recv_up_max_abs=0.000000e+00 recv_up_zero=0 recv_gate_sum_abs=0.000000e+00 recv_gate_max_abs=0.000000e+00 recv_gate_zero=0 recv_down_sum_abs=0.000000e+00 recv_down_max_abs=0.000000e+00 recv_down_zero=0 recv_other_sum_abs=0.000000e+00 recv_other_max_abs=0.000000e+00 recv_other_zero=0 recv_ffn_sum_abs=0.000000e+00 recv_ffn_max_abs=0.000000e+00 recv_ffn_zero=0
SUCCEED (one forward pass done)"
2c_balanced_mid,1,"60,61","50,50",even_0.6,ok,11.7281,85.265,0.8080849647521973,"llama_context: graph splits = 1
attach_threadpool: call
threads: decode=2 batch=2
prompt tokens: 4
running one forward pass (llama_decode) ...
Top-5 next-token candidates:
  id=3 logit=0 piece=""$""
  id=4 logit=0 piece=""%""
  id=1 logit=0 piece=""""""
  id=0 logit=0 piece=""!""
  id=2 logit=0 piece=""#""
Autoregressive generation:
Generated text: !
Decode-only throughput: 11.7281 tokens/s (1 tokens in 0.085265 s of llama_decode)
End-to-end throughput: 11.6846 tokens/s (1 tokens in 0.0855829 s)
[decode-stage-profile] model_load=379.325 ms context_create=57.3242 ms tokenize=0.47144 ms prefill_decode=117.194 ms generation_decode=85.265 ms generation_total=85.5829 ms program_total=655.962 ms
[svd-local-op-profile] up_ops=56 gate_ops=56 down_ops=56 up_total=53.728 ms gate_total=57.297 ms down_total=40.385 ms up_v=7.040 ms gate_v=6.790 ms down_v=32.098 ms up_u=46.682 ms gate_u=50.501 ms down_u=8.281 ms
[svd-local-stage-profile] attention_total=1.475 ms ffn_total=153.061 ms ffn_svd_total=151.410 ms ffn_svd_v=45.928 ms ffn_svd_u=105.464 ms
[svd-offload-zero-profile] up_finish=0 up_cache=0 up_no_request=27 gate_finish=0 gate_cache=0 gate_no_request=27 down_finish=0 down_cache=0 down_no_request=27 other_finish=0 other_cache=0 other_no_request=0
[svd-local-timeout-profile] up_keep=0 up_drop=0 up_wait=0.000 ms gate_keep=0 gate_drop=0 gate_wait=0.000 ms down_keep=0 down_drop=0 down_wait=0.000 ms other_keep=0 other_drop=0 other_wait=0.000 ms
[svd-offload-client] up_gate_req=0 down_req=0 other_mat_req=0 ffn_req=0 gate_cache_hits=0 gate_cache_checks=0 miss_invalid=0 miss_layer=0 miss_rank=0 miss_hash=0 miss_output=0 miss_data=0 send_up_gate=0.000 ms send_down=0.000 ms send_other=0.000 ms send_ffn=0.000 ms wait_up_gate=0.000 ms wait_down=0.000 ms wait_other=0.000 ms wait_ffn=0.000 ms
[svd-offload-client-stage-profile] rpc_send_total=0.000 ms rpc_wait_total=0.000 ms
[svd-offload-client-debug] finish_fail_up_gate=0 finish_fail_down=0 finish_fail_other=0 finish_fail_ffn=0 cache_take_fail_up=0 cache_take_fail_gate=0 recv_up_sum_abs=0.000000e+00 recv_up_max_abs=0.000000e+00 recv_up_zero=0 recv_gate_sum_abs=0.000000e+00 recv_gate_max_abs=0.000000e+00 recv_gate_zero=0 recv_down_sum_abs=0.000000e+00 recv_down_max_abs=0.000000e+00 recv_down_zero=0 recv_other_sum_abs=0.000000e+00 recv_other_max_abs=0.000000e+00 recv_other_zero=0 recv_ffn_sum_abs=0.000000e+00 recv_ffn_max_abs=0.000000e+00 recv_ffn_zero=0
SUCCEED (one forward pass done)"
2c_balanced_mid,1,"60,61","50,50",even_0.7,ok,11.6048,86.1712,0.7993474006652832,"llama_context: graph splits = 1
attach_threadpool: call
threads: decode=2 batch=2
prompt tokens: 4
running one forward pass (llama_decode) ...
Top-5 next-token candidates:
  id=3 logit=0 piece=""$""
  id=4 logit=0 piece=""%""
  id=1 logit=0 piece=""""""
  id=0 logit=0 piece=""!""
  id=2 logit=0 piece=""#""
Autoregressive generation:
Generated text: !
Decode-only throughput: 11.6048 tokens/s (1 tokens in 0.0861712 s of llama_decode)
End-to-end throughput: 11.5647 tokens/s (1 tokens in 0.0864698 s)
[decode-stage-profile] model_load=382.599 ms context_create=58.1076 ms tokenize=0.447279 ms prefill_decode=111.933 ms generation_decode=86.1712 ms generation_total=86.4698 ms program_total=656.19 ms
[svd-local-op-profile] up_ops=56 gate_ops=56 down_ops=56 up_total=52.832 ms gate_total=57.035 ms down_total=39.386 ms up_v=6.578 ms gate_v=6.326 ms down_v=31.144 ms up_u=46.253 ms gate_u=50.707 ms down_u=8.239 ms
[svd-local-stage-profile] attention_total=1.470 ms ffn_total=150.991 ms ffn_svd_total=149.253 ms ffn_svd_v=44.048 ms ffn_svd_u=105.199 ms
[svd-offload-zero-profile] up_finish=0 up_cache=0 up_no_request=27 gate_finish=0 gate_cache=0 gate_no_request=27 down_finish=0 down_cache=0 down_no_request=27 other_finish=0 other_cache=0 other_no_request=0
[svd-local-timeout-profile] up_keep=0 up_drop=0 up_wait=0.000 ms gate_keep=0 gate_drop=0 gate_wait=0.000 ms down_keep=0 down_drop=0 down_wait=0.000 ms other_keep=0 other_drop=0 other_wait=0.000 ms
[svd-offload-client] up_gate_req=0 down_req=0 other_mat_req=0 ffn_req=0 gate_cache_hits=0 gate_cache_checks=0 miss_invalid=0 miss_layer=0 miss_rank=0 miss_hash=0 miss_output=0 miss_data=0 send_up_gate=0.000 ms send_down=0.000 ms send_other=0.000 ms send_ffn=0.000 ms wait_up_gate=0.000 ms wait_down=0.000 ms wait_other=0.000 ms wait_ffn=0.000 ms
[svd-offload-client-stage-profile] rpc_send_total=0.000 ms rpc_wait_total=0.000 ms
[svd-offload-client-debug] finish_fail_up_gate=0 finish_fail_down=0 finish_fail_other=0 finish_fail_ffn=0 cache_take_fail_up=0 cache_take_fail_gate=0 recv_up_sum_abs=0.000000e+00 recv_up_max_abs=0.000000e+00 recv_up_zero=0 recv_gate_sum_abs=0.000000e+00 recv_gate_max_abs=0.000000e+00 recv_gate_zero=0 recv_down_sum_abs=0.000000e+00 recv_down_max_abs=0.000000e+00 recv_down_zero=0 recv_other_sum_abs=0.000000e+00 recv_other_max_abs=0.000000e+00 recv_other_zero=0 recv_ffn_sum_abs=0.000000e+00 recv_ffn_max_abs=0.000000e+00 recv_ffn_zero=0
SUCCEED (one forward pass done)"
2c_balanced_mid,1,"60,61","50,50",even_0.8,ok,12.468,80.2051,0.7859930992126465,"llama_context: graph splits = 1
attach_threadpool: call
threads: decode=2 batch=2
prompt tokens: 4
running one forward pass (llama_decode) ...
Top-5 next-token candidates:
  id=3 logit=0 piece=""$""
  id=4 logit=0 piece=""%""
  id=1 logit=0 piece=""""""
  id=0 logit=0 piece=""!""
  id=2 logit=0 piece=""#""
Autoregressive generation:
Generated text: !
Decode-only throughput: 12.468 tokens/s (1 tokens in 0.0802051 s of llama_decode)
End-to-end throughput: 12.42 tokens/s (1 tokens in 0.080515 s)
[decode-stage-profile] model_load=385.534 ms context_create=57.1103 ms tokenize=0.438389 ms prefill_decode=106.913 ms generation_decode=80.2051 ms generation_total=80.515 ms program_total=647.064 ms
[svd-local-op-profile] up_ops=56 gate_ops=56 down_ops=56 up_total=53.704 ms gate_total=49.426 ms down_total=32.894 ms up_v=6.024 ms gate_v=5.957 ms down_v=25.077 ms up_u=47.675 ms gate_u=43.461 ms down_u=7.814 ms
[svd-local-stage-profile] attention_total=1.433 ms ffn_total=137.633 ms ffn_svd_total=136.024 ms ffn_svd_v=37.058 ms ffn_svd_u=98.950 ms
[svd-offload-zero-profile] up_finish=0 up_cache=0 up_no_request=27 gate_finish=0 gate_cache=0 gate_no_request=27 down_finish=0 down_cache=0 down_no_request=27 other_finish=0 other_cache=0 other_no_request=0
[svd-local-timeout-profile] up_keep=0 up_drop=0 up_wait=0.000 ms gate_keep=0 gate_drop=0 gate_wait=0.000 ms down_keep=0 down_drop=0 down_wait=0.000 ms other_keep=0 other_drop=0 other_wait=0.000 ms
[svd-offload-client] up_gate_req=0 down_req=0 other_mat_req=0 ffn_req=0 gate_cache_hits=0 gate_cache_checks=0 miss_invalid=0 miss_layer=0 miss_rank=0 miss_hash=0 miss_output=0 miss_data=0 send_up_gate=0.000 ms send_down=0.000 ms send_other=0.000 ms send_ffn=0.000 ms wait_up_gate=0.000 ms wait_down=0.000 ms wait_other=0.000 ms wait_ffn=0.000 ms
[svd-offload-client-stage-profile] rpc_send_total=0.000 ms rpc_wait_total=0.000 ms
[svd-offload-client-debug] finish_fail_up_gate=0 finish_fail_down=0 finish_fail_other=0 finish_fail_ffn=0 cache_take_fail_up=0 cache_take_fail_gate=0 recv_up_sum_abs=0.000000e+00 recv_up_max_abs=0.000000e+00 recv_up_zero=0 recv_gate_sum_abs=0.000000e+00 recv_gate_max_abs=0.000000e+00 recv_gate_zero=0 recv_down_sum_abs=0.000000e+00 recv_down_max_abs=0.000000e+00 recv_down_zero=0 recv_other_sum_abs=0.000000e+00 recv_other_max_abs=0.000000e+00 recv_other_zero=0 recv_ffn_sum_abs=0.000000e+00 recv_ffn_max_abs=0.000000e+00 recv_ffn_zero=0
SUCCEED (one forward pass done)"
2c_balanced_mid,1,"60,61","50,50",even_0.85,ok,13.3804,74.7364,0.7839138507843018,"llama_context: graph splits = 1
attach_threadpool: call
threads: decode=2 batch=2
prompt tokens: 4
running one forward pass (llama_decode) ...
Top-5 next-token candidates:
  id=3 logit=0 piece=""$""
  id=4 logit=0 piece=""%""
  id=1 logit=0 piece=""""""
  id=0 logit=0 piece=""!""
  id=2 logit=0 piece=""#""
Autoregressive generation:
Generated text: !
Decode-only throughput: 13.3804 tokens/s (1 tokens in 0.0747364 s of llama_decode)
End-to-end throughput: 13.326 tokens/s (1 tokens in 0.0750415 s)
[decode-stage-profile] model_load=377.204 ms context_create=58.1474 ms tokenize=0.447155 ms prefill_decode=107.93 ms generation_decode=74.7364 ms generation_total=75.0415 ms program_total=635.661 ms
[svd-local-op-profile] up_ops=56 gate_ops=56 down_ops=56 up_total=51.326 ms gate_total=47.984 ms down_total=32.270 ms up_v=5.774 ms gate_v=5.592 ms down_v=24.442 ms up_u=45.547 ms gate_u=42.386 ms down_u=7.820 ms
[svd-local-stage-profile] attention_total=1.518 ms ffn_total=133.207 ms ffn_svd_total=131.580 ms ffn_svd_v=35.808 ms ffn_svd_u=95.753 ms
[svd-offload-zero-profile] up_finish=0 up_cache=0 up_no_request=27 gate_finish=0 gate_cache=0 gate_no_request=27 down_finish=0 down_cache=0 down_no_request=27 other_finish=0 other_cache=0 other_no_request=0
[svd-local-timeout-profile] up_keep=0 up_drop=0 up_wait=0.000 ms gate_keep=0 gate_drop=0 gate_wait=0.000 ms down_keep=0 down_drop=0 down_wait=0.000 ms other_keep=0 other_drop=0 other_wait=0.000 ms
[svd-offload-client] up_gate_req=0 down_req=0 other_mat_req=0 ffn_req=0 gate_cache_hits=0 gate_cache_checks=0 miss_invalid=0 miss_layer=0 miss_rank=0 miss_hash=0 miss_output=0 miss_data=0 send_up_gate=0.000 ms send_down=0.000 ms send_other=0.000 ms send_ffn=0.000 ms wait_up_gate=0.000 ms wait_down=0.000 ms wait_other=0.000 ms wait_ffn=0.000 ms
[svd-offload-client-stage-profile] rpc_send_total=0.000 ms rpc_wait_total=0.000 ms
[svd-offload-client-debug] finish_fail_up_gate=0 finish_fail_down=0 finish_fail_other=0 finish_fail_ffn=0 cache_take_fail_up=0 cache_take_fail_gate=0 recv_up_sum_abs=0.000000e+00 recv_up_max_abs=0.000000e+00 recv_up_zero=0 recv_gate_sum_abs=0.000000e+00 recv_gate_max_abs=0.000000e+00 recv_gate_zero=0 recv_down_sum_abs=0.000000e+00 recv_down_max_abs=0.000000e+00 recv_down_zero=0 recv_other_sum_abs=0.000000e+00 recv_other_max_abs=0.000000e+00 recv_other_zero=0 recv_ffn_sum_abs=0.000000e+00 recv_ffn_max_abs=0.000000e+00 recv_ffn_zero=0
SUCCEED (one forward pass done)"
2c_balanced_mid,1,"60,61","50,50",even_0.9,ok,14.221,70.3185,1.1185600757598877,"llama_context: graph splits = 1
attach_threadpool: call
threads: decode=2 batch=2
prompt tokens: 4
running one forward pass (llama_decode) ...
Top-5 next-token candidates:
  id=3 logit=0 piece=""$""
  id=4 logit=0 piece=""%""
  id=1 logit=0 piece=""""""
  id=0 logit=0 piece=""!""
  id=2 logit=0 piece=""#""
Autoregressive generation:
Generated text: !
Decode-only throughput: 14.221 tokens/s (1 tokens in 0.0703185 s of llama_decode)
End-to-end throughput: 14.1576 tokens/s (1 tokens in 0.0706333 s)
[decode-stage-profile] model_load=373.446 ms context_create=58.1198 ms tokenize=0.461429 ms prefill_decode=425.497 ms generation_decode=70.3185 ms generation_total=70.6333 ms program_total=947.882 ms
[svd-local-op-profile] up_ops=56 gate_ops=56 down_ops=56 up_total=67.842 ms gate_total=56.776 ms down_total=50.323 ms up_v=12.504 ms gate_v=5.365 ms down_v=29.616 ms up_u=55.336 ms gate_u=51.410 ms down_u=20.703 ms
[svd-local-stage-profile] attention_total=57.293 ms ffn_total=197.367 ms ffn_svd_total=174.941 ms ffn_svd_v=47.485 ms ffn_svd_u=127.449 ms
[svd-offload-zero-profile] up_finish=0 up_cache=0 up_no_request=27 gate_finish=0 gate_cache=0 gate_no_request=27 down_finish=0 down_cache=0 down_no_request=27 other_finish=0 other_cache=0 other_no_request=0
[svd-local-timeout-profile] up_keep=0 up_drop=0 up_wait=0.000 ms gate_keep=0 gate_drop=0 gate_wait=0.000 ms down_keep=0 down_drop=0 down_wait=0.000 ms other_keep=0 other_drop=0 other_wait=0.000 ms
[svd-offload-client] up_gate_req=0 down_req=0 other_mat_req=0 ffn_req=0 gate_cache_hits=0 gate_cache_checks=0 miss_invalid=0 miss_layer=0 miss_rank=0 miss_hash=0 miss_output=0 miss_data=0 send_up_gate=0.000 ms send_down=0.000 ms send_other=0.000 ms send_ffn=0.000 ms wait_up_gate=0.000 ms wait_down=0.000 ms wait_other=0.000 ms wait_ffn=0.000 ms
[svd-offload-client-stage-profile] rpc_send_total=0.000 ms rpc_wait_total=0.000 ms
[svd-offload-client-debug] finish_fail_up_gate=0 finish_fail_down=0 finish_fail_other=0 finish_fail_ffn=0 cache_take_fail_up=0 cache_take_fail_gate=0 recv_up_sum_abs=0.000000e+00 recv_up_max_abs=0.000000e+00 recv_up_zero=0 recv_gate_sum_abs=0.000000e+00 recv_gate_max_abs=0.000000e+00 recv_gate_zero=0 recv_down_sum_abs=0.000000e+00 recv_down_max_abs=0.000000e+00 recv_down_zero=0 recv_other_sum_abs=0.000000e+00 recv_other_max_abs=0.000000e+00 recv_other_zero=0 recv_ffn_sum_abs=0.000000e+00 recv_ffn_max_abs=0.000000e+00 recv_ffn_zero=0
SUCCEED (one forward pass done)"
2c_balanced_mid,1,"60,61","50,50",mod3_0_0.4,ok,12.3573,80.9239,0.8321120738983154,"llama_context: graph splits = 1
attach_threadpool: call
threads: decode=2 batch=2
prompt tokens: 4
running one forward pass (llama_decode) ...
Top-5 next-token candidates:
  id=44028 logit=19.3422 piece=""ató""
  id=93918 logit=17.3997 piece=""arov""
  id=98657 logit=16.898 piece=""ôme""
  id=49561 logit=16.6052 piece=""phinx""
  id=31889 logit=16.1291 piece=""DMI""
Autoregressive generation:
Generated text: ató
Decode-only throughput: 12.3573 tokens/s (1 tokens in 0.0809239 s of llama_decode)
End-to-end throughput: 12.31 tokens/s (1 tokens in 0.0812346 s)
[decode-stage-profile] model_load=380.999 ms context_create=59.1338 ms tokenize=0.45578 ms prefill_decode=138.631 ms generation_decode=80.9239 ms generation_total=81.2346 ms program_total=677.095 ms
[svd-local-op-profile] up_ops=56 gate_ops=56 down_ops=56 up_total=59.060 ms gate_total=65.675 ms down_total=45.320 ms up_v=8.507 ms gate_v=8.378 ms down_v=36.222 ms up_u=50.547 ms gate_u=57.287 ms down_u=9.096 ms
[svd-local-stage-profile] attention_total=1.471 ms ffn_total=171.772 ms ffn_svd_total=170.055 ms ffn_svd_v=53.107 ms ffn_svd_u=116.930 ms
[svd-offload-zero-profile] up_finish=0 up_cache=0 up_no_request=27 gate_finish=0 gate_cache=0 gate_no_request=27 down_finish=0 down_cache=0 down_no_request=27 other_finish=0 other_cache=0 other_no_request=0
[svd-local-timeout-profile] up_keep=0 up_drop=0 up_wait=0.000 ms gate_keep=0 gate_drop=0 gate_wait=0.000 ms down_keep=0 down_drop=0 down_wait=0.000 ms other_keep=0 other_drop=0 other_wait=0.000 ms
[svd-offload-client] up_gate_req=0 down_req=0 other_mat_req=0 ffn_req=0 gate_cache_hits=0 gate_cache_checks=0 miss_invalid=0 miss_layer=0 miss_rank=0 miss_hash=0 miss_output=0 miss_data=0 send_up_gate=0.000 ms send_down=0.000 ms send_other=0.000 ms send_ffn=0.000 ms wait_up_gate=0.000 ms wait_down=0.000 ms wait_other=0.000 ms wait_ffn=0.000 ms
[svd-offload-client-stage-profile] rpc_send_total=0.000 ms rpc_wait_total=0.000 ms
[svd-offload-client-debug] finish_fail_up_gate=0 finish_fail_down=0 finish_fail_other=0 finish_fail_ffn=0 cache_take_fail_up=0 cache_take_fail_gate=0 recv_up_sum_abs=0.000000e+00 recv_up_max_abs=0.000000e+00 recv_up_zero=0 recv_gate_sum_abs=0.000000e+00 recv_gate_max_abs=0.000000e+00 recv_gate_zero=0 recv_down_sum_abs=0.000000e+00 recv_down_max_abs=0.000000e+00 recv_down_zero=0 recv_other_sum_abs=0.000000e+00 recv_other_max_abs=0.000000e+00 recv_other_zero=0 recv_ffn_sum_abs=0.000000e+00 recv_ffn_max_abs=0.000000e+00 recv_ffn_zero=0
SUCCEED (one forward pass done)"
2c_balanced_mid,1,"60,61","50,50",mod3_0_0.5,ok,11.3015,88.4841,1.1458103656768799,"llama_context: graph splits = 1
attach_threadpool: call
threads: decode=2 batch=2
prompt tokens: 4
running one forward pass (llama_decode) ...
Top-5 next-token candidates:
  id=304 logit=17.3063 piece="" in""
  id=11 logit=17.1614 piece="",""
  id=1052 logit=16.6123 piece="" there""
  id=572 logit=16.0526 piece="" was""
  id=358 logit=16.0227 piece="" I""
Autoregressive generation:
Generated text:  in
Decode-only throughput: 11.3015 tokens/s (1 tokens in 0.0884841 s of llama_decode)
End-to-end throughput: 11.2612 tokens/s (1 tokens in 0.0888002 s)
[decode-stage-profile] model_load=384.122 ms context_create=61.3203 ms tokenize=0.451994 ms prefill_decode=444.274 ms generation_decode=88.4841 ms generation_total=88.8002 ms program_total=995.835 ms
[svd-local-op-profile] up_ops=56 gate_ops=56 down_ops=56 up_total=81.826 ms gate_total=78.633 ms down_total=43.499 ms up_v=15.452 ms gate_v=15.019 ms down_v=34.546 ms up_u=66.368 ms gate_u=63.607 ms down_u=8.943 ms
[svd-local-stage-profile] attention_total=44.012 ms ffn_total=224.169 ms ffn_svd_total=203.958 ms ffn_svd_v=65.017 ms ffn_svd_u=138.918 ms
[svd-offload-zero-profile] up_finish=0 up_cache=0 up_no_request=27 gate_finish=0 gate_cache=0 gate_no_request=27 down_finish=0 down_cache=0 down_no_request=27 other_finish=0 other_cache=0 other_no_request=0
[svd-local-timeout-profile] up_keep=0 up_drop=0 up_wait=0.000 ms gate_keep=0 gate_drop=0 gate_wait=0.000 ms down_keep=0 down_drop=0 down_wait=0.000 ms other_keep=0 other_drop=0 other_wait=0.000 ms
[svd-offload-client] up_gate_req=0 down_req=0 other_mat_req=0 ffn_req=0 gate_cache_hits=0 gate_cache_checks=0 miss_invalid=0 miss_layer=0 miss_rank=0 miss_hash=0 miss_output=0 miss_data=0 send_up_gate=0.000 ms send_down=0.000 ms send_other=0.000 ms send_ffn=0.000 ms wait_up_gate=0.000 ms wait_down=0.000 ms wait_other=0.000 ms wait_ffn=0.000 ms
[svd-offload-client-stage-profile] rpc_send_total=0.000 ms rpc_wait_total=0.000 ms
[svd-offload-client-debug] finish_fail_up_gate=0 finish_fail_down=0 finish_fail_other=0 finish_fail_ffn=0 cache_take_fail_up=0 cache_take_fail_gate=0 recv_up_sum_abs=0.000000e+00 recv_up_max_abs=0.000000e+00 recv_up_zero=0 recv_gate_sum_abs=0.000000e+00 recv_gate_max_abs=0.000000e+00 recv_gate_zero=0 recv_down_sum_abs=0.000000e+00 recv_down_max_abs=0.000000e+00 recv_down_zero=0 recv_other_sum_abs=0.000000e+00 recv_other_max_abs=0.000000e+00 recv_other_zero=0 recv_ffn_sum_abs=0.000000e+00 recv_ffn_max_abs=0.000000e+00 recv_ffn_zero=0
SUCCEED (one forward pass done)"
2c_balanced_mid,1,"60,61","50,50",mod3_0_0.6,ok,12.4276,80.4662,0.8152601718902588,"llama_context: graph splits = 1
attach_threadpool: call
threads: decode=2 batch=2
prompt tokens: 4
running one forward pass (llama_decode) ...
Top-5 next-token candidates:
  id=3 logit=0 piece=""$""
  id=4 logit=0 piece=""%""
  id=1 logit=0 piece=""""""
  id=0 logit=0 piece=""!""
  id=2 logit=0 piece=""#""
Autoregressive generation:
Generated text: !
Decode-only throughput: 12.4276 tokens/s (1 tokens in 0.0804662 s of llama_decode)
End-to-end throughput: 12.381 tokens/s (1 tokens in 0.0807689 s)
[decode-stage-profile] model_load=381.785 ms context_create=56.9531 ms tokenize=0.467589 ms prefill_decode=128.631 ms generation_decode=80.4662 ms generation_total=80.7689 ms program_total=665.26 ms
[svd-local-op-profile] up_ops=56 gate_ops=56 down_ops=56 up_total=57.421 ms gate_total=60.559 ms down_total=41.812 ms up_v=7.999 ms gate_v=11.221 ms down_v=32.984 ms up_u=49.421 ms gate_u=49.333 ms down_u=8.825 ms
[svd-local-stage-profile] attention_total=1.489 ms ffn_total=161.520 ms ffn_svd_total=159.792 ms ffn_svd_v=52.204 ms ffn_svd_u=107.579 ms
[svd-offload-zero-profile] up_finish=0 up_cache=0 up_no_request=27 gate_finish=0 gate_cache=0 gate_no_request=27 down_finish=0 down_cache=0 down_no_request=27 other_finish=0 other_cache=0 other_no_request=0
[svd-local-timeout-profile] up_keep=0 up_drop=0 up_wait=0.000 ms gate_keep=0 gate_drop=0 gate_wait=0.000 ms down_keep=0 down_drop=0 down_wait=0.000 ms other_keep=0 other_drop=0 other_wait=0.000 ms
[svd-offload-client] up_gate_req=0 down_req=0 other_mat_req=0 ffn_req=0 gate_cache_hits=0 gate_cache_checks=0 miss_invalid=0 miss_layer=0 miss_rank=0 miss_hash=0 miss_output=0 miss_data=0 send_up_gate=0.000 ms send_down=0.000 ms send_other=0.000 ms send_ffn=0.000 ms wait_up_gate=0.000 ms wait_down=0.000 ms wait_other=0.000 ms wait_ffn=0.000 ms
[svd-offload-client-stage-profile] rpc_send_total=0.000 ms rpc_wait_total=0.000 ms
[svd-offload-client-debug] finish_fail_up_gate=0 finish_fail_down=0 finish_fail_other=0 finish_fail_ffn=0 cache_take_fail_up=0 cache_take_fail_gate=0 recv_up_sum_abs=0.000000e+00 recv_up_max_abs=0.000000e+00 recv_up_zero=0 recv_gate_sum_abs=0.000000e+00 recv_gate_max_abs=0.000000e+00 recv_gate_zero=0 recv_down_sum_abs=0.000000e+00 recv_down_max_abs=0.000000e+00 recv_down_zero=0 recv_other_sum_abs=0.000000e+00 recv_other_max_abs=0.000000e+00 recv_other_zero=0 recv_ffn_sum_abs=0.000000e+00 recv_ffn_max_abs=0.000000e+00 recv_ffn_zero=0
SUCCEED (one forward pass done)"
2c_balanced_mid,1,"60,61","50,50",mod3_0_0.7,ok,11.7329,85.2301,0.8184702396392822,"llama_context: graph splits = 1
attach_threadpool: call
threads: decode=2 batch=2
prompt tokens: 4
running one forward pass (llama_decode) ...
Top-5 next-token candidates:
  id=3 logit=0 piece=""$""
  id=4 logit=0 piece=""%""
  id=1 logit=0 piece=""""""
  id=0 logit=0 piece=""!""
  id=2 logit=0 piece=""#""
Autoregressive generation:
Generated text: !
Decode-only throughput: 11.7329 tokens/s (1 tokens in 0.0852301 s of llama_decode)
End-to-end throughput: 11.6902 tokens/s (1 tokens in 0.0855418 s)
[decode-stage-profile] model_load=382.181 ms context_create=58.9516 ms tokenize=0.458437 ms prefill_decode=121.129 ms generation_decode=85.2301 ms generation_total=85.5418 ms program_total=665.021 ms
[svd-local-op-profile] up_ops=56 gate_ops=56 down_ops=56 up_total=56.658 ms gate_total=56.321 ms down_total=39.911 ms up_v=7.575 ms gate_v=7.236 ms down_v=31.152 ms up_u=49.079 ms gate_u=49.077 ms down_u=8.755 ms
[svd-local-stage-profile] attention_total=1.470 ms ffn_total=154.608 ms ffn_svd_total=152.890 ms ffn_svd_v=45.963 ms ffn_svd_u=106.911 ms
[svd-offload-zero-profile] up_finish=0 up_cache=0 up_no_request=27 gate_finish=0 gate_cache=0 gate_no_request=27 down_finish=0 down_cache=0 down_no_request=27 other_finish=0 other_cache=0 other_no_request=0
[svd-local-timeout-profile] up_keep=0 up_drop=0 up_wait=0.000 ms gate_keep=0 gate_drop=0 gate_wait=0.000 ms down_keep=0 down_drop=0 down_wait=0.000 ms other_keep=0 other_drop=0 other_wait=0.000 ms
[svd-offload-client] up_gate_req=0 down_req=0 other_mat_req=0 ffn_req=0 gate_cache_hits=0 gate_cache_checks=0 miss_invalid=0 miss_layer=0 miss_rank=0 miss_hash=0 miss_output=0 miss_data=0 send_up_gate=0.000 ms send_down=0.000 ms send_other=0.000 ms send_ffn=0.000 ms wait_up_gate=0.000 ms wait_down=0.000 ms wait_other=0.000 ms wait_ffn=0.000 ms
[svd-offload-client-stage-profile] rpc_send_total=0.000 ms rpc_wait_total=0.000 ms
[svd-offload-client-debug] finish_fail_up_gate=0 finish_fail_down=0 finish_fail_other=0 finish_fail_ffn=0 cache_take_fail_up=0 cache_take_fail_gate=0 recv_up_sum_abs=0.000000e+00 recv_up_max_abs=0.000000e+00 recv_up_zero=0 recv_gate_sum_abs=0.000000e+00 recv_gate_max_abs=0.000000e+00 recv_gate_zero=0 recv_down_sum_abs=0.000000e+00 recv_down_max_abs=0.000000e+00 recv_down_zero=0 recv_other_sum_abs=0.000000e+00 recv_other_max_abs=0.000000e+00 recv_other_zero=0 recv_ffn_sum_abs=0.000000e+00 recv_ffn_max_abs=0.000000e+00 recv_ffn_zero=0
SUCCEED (one forward pass done)"
2c_balanced_mid,1,"60,61","50,50",mod3_0_0.8,ok,12.7081,78.6902,0.7989506721496582,"llama_context: graph splits = 1
attach_threadpool: call
threads: decode=2 batch=2
prompt tokens: 4
running one forward pass (llama_decode) ...
Top-5 next-token candidates:
  id=3 logit=0 piece=""$""
  id=4 logit=0 piece=""%""
  id=1 logit=0 piece=""""""
  id=0 logit=0 piece=""!""
  id=2 logit=0 piece=""#""
Autoregressive generation:
Generated text: !
Decode-only throughput: 12.7081 tokens/s (1 tokens in 0.0786902 s of llama_decode)
End-to-end throughput: 12.6574 tokens/s (1 tokens in 0.0790051 s)
[decode-stage-profile] model_load=376.366 ms context_create=56.6269 ms tokenize=0.466539 ms prefill_decode=126.744 ms generation_decode=78.6902 ms generation_total=79.0051 ms program_total=655.911 ms
[svd-local-op-profile] up_ops=56 gate_ops=56 down_ops=56 up_total=58.916 ms gate_total=54.692 ms down_total=42.795 ms up_v=7.222 ms gate_v=7.046 ms down_v=34.271 ms up_u=51.694 ms gate_u=47.642 ms down_u=8.519 ms
[svd-local-stage-profile] attention_total=1.471 ms ffn_total=158.075 ms ffn_svd_total=156.403 ms ffn_svd_v=48.539 ms ffn_svd_u=107.855 ms
[svd-offload-zero-profile] up_finish=0 up_cache=0 up_no_request=27 gate_finish=0 gate_cache=0 gate_no_request=27 down_finish=0 down_cache=0 down_no_request=27 other_finish=0 other_cache=0 other_no_request=0
[svd-local-timeout-profile] up_keep=0 up_drop=0 up_wait=0.000 ms gate_keep=0 gate_drop=0 gate_wait=0.000 ms down_keep=0 down_drop=0 down_wait=0.000 ms other_keep=0 other_drop=0 other_wait=0.000 ms
[svd-offload-client] up_gate_req=0 down_req=0 other_mat_req=0 ffn_req=0 gate_cache_hits=0 gate_cache_checks=0 miss_invalid=0 miss_layer=0 miss_rank=0 miss_hash=0 miss_output=0 miss_data=0 send_up_gate=0.000 ms send_down=0.000 ms send_other=0.000 ms send_ffn=0.000 ms wait_up_gate=0.000 ms wait_down=0.000 ms wait_other=0.000 ms wait_ffn=0.000 ms
[svd-offload-client-stage-profile] rpc_send_total=0.000 ms rpc_wait_total=0.000 ms
[svd-offload-client-debug] finish_fail_up_gate=0 finish_fail_down=0 finish_fail_other=0 finish_fail_ffn=0 cache_take_fail_up=0 cache_take_fail_gate=0 recv_up_sum_abs=0.000000e+00 recv_up_max_abs=0.000000e+00 recv_up_zero=0 recv_gate_sum_abs=0.000000e+00 recv_gate_max_abs=0.000000e+00 recv_gate_zero=0 recv_down_sum_abs=0.000000e+00 recv_down_max_abs=0.000000e+00 recv_down_zero=0 recv_other_sum_abs=0.000000e+00 recv_other_max_abs=0.000000e+00 recv_other_zero=0 recv_ffn_sum_abs=0.000000e+00 recv_ffn_max_abs=0.000000e+00 recv_ffn_zero=0
SUCCEED (one forward pass done)"
2c_balanced_mid,1,"60,61","50,50",mod3_0_0.85,ok,12.8122,78.0505,0.8271262645721436,"llama_context: graph splits = 1
attach_threadpool: call
threads: decode=2 batch=2
prompt tokens: 4
running one forward pass (llama_decode) ...
Top-5 next-token candidates:
  id=2329 logit=8.80436 piece="" law""
  id=5302 logit=8.74699 piece="" states""
  id=1508 logit=8.6286 piece="" ob""
  id=112919 logit=8.47637 piece=""下面是小""
  id=45786 logit=8.30119 piece="" DataFrame""
Autoregressive generation:
Generated text:  law
Decode-only throughput: 12.8122 tokens/s (1 tokens in 0.0780505 s of llama_decode)
End-to-end throughput: 12.7615 tokens/s (1 tokens in 0.0783604 s)
[decode-stage-profile] model_load=381.3 ms context_create=60.7218 ms tokenize=0.483534 ms prefill_decode=119.414 ms generation_decode=78.0505 ms generation_total=78.3604 ms program_total=657.128 ms
[svd-local-op-profile] up_ops=56 gate_ops=56 down_ops=56 up_total=56.834 ms gate_total=53.322 ms down_total=37.853 ms up_v=10.130 ms gate_v=6.917 ms down_v=29.430 ms up_u=46.699 ms gate_u=46.401 ms down_u=8.421 ms
[svd-local-stage-profile] attention_total=1.514 ms ffn_total=149.704 ms ffn_svd_total=148.009 ms ffn_svd_v=46.477 ms ffn_svd_u=101.521 ms
[svd-offload-zero-profile] up_finish=0 up_cache=0 up_no_request=27 gate_finish=0 gate_cache=0 gate_no_request=27 down_finish=0 down_cache=0 down_no_request=27 other_finish=0 other_cache=0 other_no_request=0
[svd-local-timeout-profile] up_keep=0 up_drop=0 up_wait=0.000 ms gate_keep=0 gate_drop=0 gate_wait=0.000 ms down_keep=0 down_drop=0 down_wait=0.000 ms other_keep=0 other_drop=0 other_wait=0.000 ms
[svd-offload-client] up_gate_req=0 down_req=0 other_mat_req=0 ffn_req=0 gate_cache_hits=0 gate_cache_checks=0 miss_invalid=0 miss_layer=0 miss_rank=0 miss_hash=0 miss_output=0 miss_data=0 send_up_gate=0.000 ms send_down=0.000 ms send_other=0.000 ms send_ffn=0.000 ms wait_up_gate=0.000 ms wait_down=0.000 ms wait_other=0.000 ms wait_ffn=0.000 ms
[svd-offload-client-stage-profile] rpc_send_total=0.000 ms rpc_wait_total=0.000 ms
[svd-offload-client-debug] finish_fail_up_gate=0 finish_fail_down=0 finish_fail_other=0 finish_fail_ffn=0 cache_take_fail_up=0 cache_take_fail_gate=0 recv_up_sum_abs=0.000000e+00 recv_up_max_abs=0.000000e+00 recv_up_zero=0 recv_gate_sum_abs=0.000000e+00 recv_gate_max_abs=0.000000e+00 recv_gate_zero=0 recv_down_sum_abs=0.000000e+00 recv_down_max_abs=0.000000e+00 recv_down_zero=0 recv_other_sum_abs=0.000000e+00 recv_other_max_abs=0.000000e+00 recv_other_zero=0 recv_ffn_sum_abs=0.000000e+00 recv_ffn_max_abs=0.000000e+00 recv_ffn_zero=0
SUCCEED (one forward pass done)"
2c_balanced_mid,1,"60,61","50,50",mod3_0_0.9,ok,13.2871,75.2612,0.7970843315124512,"llama_context: graph splits = 1
attach_threadpool: call
threads: decode=2 batch=2
prompt tokens: 4
running one forward pass (llama_decode) ...
Top-5 next-token candidates:
  id=3 logit=0 piece=""$""
  id=4 logit=0 piece=""%""
  id=1 logit=0 piece=""""""
  id=0 logit=0 piece=""!""
  id=2 logit=0 piece=""#""
Autoregressive generation:
Generated text: !
Decode-only throughput: 13.2871 tokens/s (1 tokens in 0.0752612 s of llama_decode)
End-to-end throughput: 13.2344 tokens/s (1 tokens in 0.0755606 s)
[decode-stage-profile] model_load=380.131 ms context_create=57.0999 ms tokenize=0.459451 ms prefill_decode=112.431 ms generation_decode=75.2612 ms generation_total=75.5606 ms program_total=646.415 ms
[svd-local-op-profile] up_ops=56 gate_ops=56 down_ops=56 up_total=49.846 ms gate_total=53.334 ms down_total=36.266 ms up_v=6.785 ms gate_v=6.653 ms down_v=28.462 ms up_u=43.056 ms gate_u=46.670 ms down_u=7.798 ms
[svd-local-stage-profile] attention_total=1.474 ms ffn_total=140.998 ms ffn_svd_total=139.446 ms ffn_svd_v=41.900 ms ffn_svd_u=97.524 ms
[svd-offload-zero-profile] up_finish=0 up_cache=0 up_no_request=27 gate_finish=0 gate_cache=0 gate_no_request=27 down_finish=0 down_cache=0 down_no_request=27 other_finish=0 other_cache=0 other_no_request=0
[svd-local-timeout-profile] up_keep=0 up_drop=0 up_wait=0.000 ms gate_keep=0 gate_drop=0 gate_wait=0.000 ms down_keep=0 down_drop=0 down_wait=0.000 ms other_keep=0 other_drop=0 other_wait=0.000 ms
[svd-offload-client] up_gate_req=0 down_req=0 other_mat_req=0 ffn_req=0 gate_cache_hits=0 gate_cache_checks=0 miss_invalid=0 miss_layer=0 miss_rank=0 miss_hash=0 miss_output=0 miss_data=0 send_up_gate=0.000 ms send_down=0.000 ms send_other=0.000 ms send_ffn=0.000 ms wait_up_gate=0.000 ms wait_down=0.000 ms wait_other=0.000 ms wait_ffn=0.000 ms
[svd-offload-client-stage-profile] rpc_send_total=0.000 ms rpc_wait_total=0.000 ms
[svd-offload-client-debug] finish_fail_up_gate=0 finish_fail_down=0 finish_fail_other=0 finish_fail_ffn=0 cache_take_fail_up=0 cache_take_fail_gate=0 recv_up_sum_abs=0.000000e+00 recv_up_max_abs=0.000000e+00 recv_up_zero=0 recv_gate_sum_abs=0.000000e+00 recv_gate_max_abs=0.000000e+00 recv_gate_zero=0 recv_down_sum_abs=0.000000e+00 recv_down_max_abs=0.000000e+00 recv_down_zero=0 recv_other_sum_abs=0.000000e+00 recv_other_max_abs=0.000000e+00 recv_other_zero=0 recv_ffn_sum_abs=0.000000e+00 recv_ffn_max_abs=0.000000e+00 recv_ffn_zero=0
SUCCEED (one forward pass done)"
2c_balanced_mid,1,"60,61","50,50",mod3_1_0.4,ok,12.2869,81.3875,0.8187806606292725,"llama_context: graph splits = 1
attach_threadpool: call
threads: decode=2 batch=2
prompt tokens: 4
running one forward pass (llama_decode) ...
Top-5 next-token candidates:
  id=3 logit=0 piece=""$""
  id=4 logit=0 piece=""%""
  id=1 logit=0 piece=""""""
  id=0 logit=0 piece=""!""
  id=2 logit=0 piece=""#""
Autoregressive generation:
Generated text: !
Decode-only throughput: 12.2869 tokens/s (1 tokens in 0.0813875 s of llama_decode)
End-to-end throughput: 12.2402 tokens/s (1 tokens in 0.0816981 s)
[decode-stage-profile] model_load=378.706 ms context_create=58.7968 ms tokenize=0.495296 ms prefill_decode=139.147 ms generation_decode=81.3875 ms generation_total=81.6981 ms program_total=675.757 ms
[svd-local-op-profile] up_ops=56 gate_ops=56 down_ops=56 up_total=62.917 ms gate_total=63.024 ms down_total=45.186 ms up_v=8.595 ms gate_v=8.507 ms down_v=36.052 ms up_u=54.316 ms gate_u=54.513 ms down_u=9.131 ms
[svd-local-stage-profile] attention_total=1.468 ms ffn_total=172.950 ms ffn_svd_total=171.127 ms ffn_svd_v=53.154 ms ffn_svd_u=117.960 ms
[svd-offload-zero-profile] up_finish=0 up_cache=0 up_no_request=27 gate_finish=0 gate_cache=0 gate_no_request=27 down_finish=0 down_cache=0 down_no_request=27 other_finish=0 other_cache=0 other_no_request=0
[svd-local-timeout-profile] up_keep=0 up_drop=0 up_wait=0.000 ms gate_keep=0 gate_drop=0 gate_wait=0.000 ms down_keep=0 down_drop=0 down_wait=0.000 ms other_keep=0 other_drop=0 other_wait=0.000 ms
[svd-offload-client] up_gate_req=0 down_req=0 other_mat_req=0 ffn_req=0 gate_cache_hits=0 gate_cache_checks=0 miss_invalid=0 miss_layer=0 miss_rank=0 miss_hash=0 miss_output=0 miss_data=0 send_up_gate=0.000 ms send_down=0.000 ms send_other=0.000 ms send_ffn=0.000 ms wait_up_gate=0.000 ms wait_down=0.000 ms wait_other=0.000 ms wait_ffn=0.000 ms
[svd-offload-client-stage-profile] rpc_send_total=0.000 ms rpc_wait_total=0.000 ms
[svd-offload-client-debug] finish_fail_up_gate=0 finish_fail_down=0 finish_fail_other=0 finish_fail_ffn=0 cache_take_fail_up=0 cache_take_fail_gate=0 recv_up_sum_abs=0.000000e+00 recv_up_max_abs=0.000000e+00 recv_up_zero=0 recv_gate_sum_abs=0.000000e+00 recv_gate_max_abs=0.000000e+00 recv_gate_zero=0 recv_down_sum_abs=0.000000e+00 recv_down_max_abs=0.000000e+00 recv_down_zero=0 recv_other_sum_abs=0.000000e+00 recv_other_max_abs=0.000000e+00 recv_other_zero=0 recv_ffn_sum_abs=0.000000e+00 recv_ffn_max_abs=0.000000e+00 recv_ffn_zero=0
SUCCEED (one forward pass done)"
2c_balanced_mid,1,"60,61","50,50",mod3_1_0.5,ok,12.3437,81.0132,0.8256149291992188,"llama_context: graph splits = 1
attach_threadpool: call
threads: decode=2 batch=2
prompt tokens: 4
running one forward pass (llama_decode) ...
Top-5 next-token candidates:
  id=11 logit=19.194 piece="",""
  id=264 logit=17.0014 piece="" a""
  id=279 logit=16.3415 piece="" the""
  id=1052 logit=16.2687 piece="" there""
  id=304 logit=15.8068 piece="" in""
Autoregressive generation:
Generated text: ,
Decode-only throughput: 12.3437 tokens/s (1 tokens in 0.0810132 s of llama_decode)
End-to-end throughput: 12.297 tokens/s (1 tokens in 0.0813205 s)
[decode-stage-profile] model_load=378.347 ms context_create=61.3438 ms tokenize=0.448761 ms prefill_decode=133.343 ms generation_decode=81.0132 ms generation_total=81.3205 ms program_total=671.674 ms
[svd-local-op-profile] up_ops=56 gate_ops=56 down_ops=56 up_total=58.074 ms gate_total=58.160 ms down_total=48.398 ms up_v=8.303 ms gate_v=8.037 ms down_v=39.315 ms up_u=49.768 ms gate_u=50.118 ms down_u=9.078 ms
[svd-local-stage-profile] attention_total=1.518 ms ffn_total=166.362 ms ffn_svd_total=164.632 ms ffn_svd_v=55.655 ms ffn_svd_u=108.964 ms
[svd-offload-zero-profile] up_finish=0 up_cache=0 up_no_request=27 gate_finish=0 gate_cache=0 gate_no_request=27 down_finish=0 down_cache=0 down_no_request=27 other_finish=0 other_cache=0 other_no_request=0
[svd-local-timeout-profile] up_keep=0 up_drop=0 up_wait=0.000 ms gate_keep=0 gate_drop=0 gate_wait=0.000 ms down_keep=0 down_drop=0 down_wait=0.000 ms other_keep=0 other_drop=0 other_wait=0.000 ms
[svd-offload-client] up_gate_req=0 down_req=0 other_mat_req=0 ffn_req=0 gate_cache_hits=0 gate_cache_checks=0 miss_invalid=0 miss_layer=0 miss_rank=0 miss_hash=0 miss_output=0 miss_data=0 send_up_gate=0.000 ms send_down=0.000 ms send_other=0.000 ms send_ffn=0.000 ms wait_up_gate=0.000 ms wait_down=0.000 ms wait_other=0.000 ms wait_ffn=0.000 ms
[svd-offload-client-stage-profile] rpc_send_total=0.000 ms rpc_wait_total=0.000 ms
[svd-offload-client-debug] finish_fail_up_gate=0 finish_fail_down=0 finish_fail_other=0 finish_fail_ffn=0 cache_take_fail_up=0 cache_take_fail_gate=0 recv_up_sum_abs=0.000000e+00 recv_up_max_abs=0.000000e+00 recv_up_zero=0 recv_gate_sum_abs=0.000000e+00 recv_gate_max_abs=0.000000e+00 recv_gate_zero=0 recv_down_sum_abs=0.000000e+00 recv_down_max_abs=0.000000e+00 recv_down_zero=0 recv_other_sum_abs=0.000000e+00 recv_other_max_abs=0.000000e+00 recv_other_zero=0 recv_ffn_sum_abs=0.000000e+00 recv_ffn_max_abs=0.000000e+00 recv_ffn_zero=0
SUCCEED (one forward pass done)"
2c_balanced_mid,1,"60,61","50,50",mod3_1_0.6,ok,12.296,81.327,0.8243627548217773,"llama_context: graph splits = 1
attach_threadpool: call
threads: decode=2 batch=2
prompt tokens: 4
running one forward pass (llama_decode) ...
Top-5 next-token candidates:
  id=11 logit=16.53 piece="",""
  id=429 logit=16.4693 piece="" that""
  id=5023 logit=15.9575 piece="" currently""
  id=518 logit=15.2997 piece="" at""
  id=315 logit=15.1422 piece="" of""
Autoregressive generation:
Generated text: ,
Decode-only throughput: 12.296 tokens/s (1 tokens in 0.081327 s of llama_decode)
End-to-end throughput: 12.2492 tokens/s (1 tokens in 0.0816379 s)
[decode-stage-profile] model_load=380.086 ms context_create=56.4262 ms tokenize=0.461785 ms prefill_decode=129.908 ms generation_decode=81.327 ms generation_total=81.6379 ms program_total=665.274 ms
[svd-local-op-profile] up_ops=56 gate_ops=56 down_ops=56 up_total=62.186 ms gate_total=57.191 ms down_total=42.742 ms up_v=7.920 ms gate_v=7.713 ms down_v=33.913 ms up_u=54.261 ms gate_u=49.476 ms down_u=8.820 ms
[svd-local-stage-profile] attention_total=1.465 ms ffn_total=163.830 ms ffn_svd_total=162.119 ms ffn_svd_v=49.546 ms ffn_svd_u=112.557 ms
[svd-offload-zero-profile] up_finish=0 up_cache=0 up_no_request=27 gate_finish=0 gate_cache=0 gate_no_request=27 down_finish=0 down_cache=0 down_no_request=27 other_finish=0 other_cache=0 other_no_request=0
[svd-local-timeout-profile] up_keep=0 up_drop=0 up_wait=0.000 ms gate_keep=0 gate_drop=0 gate_wait=0.000 ms down_keep=0 down_drop=0 down_wait=0.000 ms other_keep=0 other_drop=0 other_wait=0.000 ms
[svd-offload-client] up_gate_req=0 down_req=0 other_mat_req=0 ffn_req=0 gate_cache_hits=0 gate_cache_checks=0 miss_invalid=0 miss_layer=0 miss_rank=0 miss_hash=0 miss_output=0 miss_data=0 send_up_gate=0.000 ms send_down=0.000 ms send_other=0.000 ms send_ffn=0.000 ms wait_up_gate=0.000 ms wait_down=0.000 ms wait_other=0.000 ms wait_ffn=0.000 ms
[svd-offload-client-stage-profile] rpc_send_total=0.000 ms rpc_wait_total=0.000 ms
[svd-offload-client-debug] finish_fail_up_gate=0 finish_fail_down=0 finish_fail_other=0 finish_fail_ffn=0 cache_take_fail_up=0 cache_take_fail_gate=0 recv_up_sum_abs=0.000000e+00 recv_up_max_abs=0.000000e+00 recv_up_zero=0 recv_gate_sum_abs=0.000000e+00 recv_gate_max_abs=0.000000e+00 recv_gate_zero=0 recv_down_sum_abs=0.000000e+00 recv_down_max_abs=0.000000e+00 recv_down_zero=0 recv_other_sum_abs=0.000000e+00 recv_other_max_abs=0.000000e+00 recv_other_zero=0 recv_ffn_sum_abs=0.000000e+00 recv_ffn_max_abs=0.000000e+00 recv_ffn_zero=0
SUCCEED (one forward pass done)"
2c_balanced_mid,1,"60,61","50,50",mod3_1_0.7,ok,11.6551,85.7994,0.8257932662963867,"llama_context: graph splits = 1
attach_threadpool: call
threads: decode=2 batch=2
prompt tokens: 4
running one forward pass (llama_decode) ...
Top-5 next-token candidates:
  id=3 logit=0 piece=""$""
  id=4 logit=0 piece=""%""
  id=1 logit=0 piece=""""""
  id=0 logit=0 piece=""!""
  id=2 logit=0 piece=""#""
Autoregressive generation:
Generated text: !
Decode-only throughput: 11.6551 tokens/s (1 tokens in 0.0857994 s of llama_decode)
End-to-end throughput: 11.6123 tokens/s (1 tokens in 0.0861156 s)
[decode-stage-profile] model_load=383.632 ms context_create=59.9558 ms tokenize=0.458957 ms prefill_decode=125.094 ms generation_decode=85.7994 ms generation_total=86.1156 ms program_total=672.141 ms
[svd-local-op-profile] up_ops=56 gate_ops=56 down_ops=56 up_total=59.924 ms gate_total=60.837 ms down_total=40.868 ms up_v=7.669 ms gate_v=7.517 ms down_v=31.999 ms up_u=52.248 ms gate_u=53.317 ms down_u=8.865 ms
[svd-local-stage-profile] attention_total=1.526 ms ffn_total=163.398 ms ffn_svd_total=161.629 ms ffn_svd_v=47.185 ms ffn_svd_u=114.430 ms
[svd-offload-zero-profile] up_finish=0 up_cache=0 up_no_request=27 gate_finish=0 gate_cache=0 gate_no_request=27 down_finish=0 down_cache=0 down_no_request=27 other_finish=0 other_cache=0 other_no_request=0
[svd-local-timeout-profile] up_keep=0 up_drop=0 up_wait=0.000 ms gate_keep=0 gate_drop=0 gate_wait=0.000 ms down_keep=0 down_drop=0 down_wait=0.000 ms other_keep=0 other_drop=0 other_wait=0.000 ms
[svd-offload-client] up_gate_req=0 down_req=0 other_mat_req=0 ffn_req=0 gate_cache_hits=0 gate_cache_checks=0 miss_invalid=0 miss_layer=0 miss_rank=0 miss_hash=0 miss_output=0 miss_data=0 send_up_gate=0.000 ms send_down=0.000 ms send_other=0.000 ms send_ffn=0.000 ms wait_up_gate=0.000 ms wait_down=0.000 ms wait_other=0.000 ms wait_ffn=0.000 ms
[svd-offload-client-stage-profile] rpc_send_total=0.000 ms rpc_wait_total=0.000 ms
[svd-offload-client-debug] finish_fail_up_gate=0 finish_fail_down=0 finish_fail_other=0 finish_fail_ffn=0 cache_take_fail_up=0 cache_take_fail_gate=0 recv_up_sum_abs=0.000000e+00 recv_up_max_abs=0.000000e+00 recv_up_zero=0 recv_gate_sum_abs=0.000000e+00 recv_gate_max_abs=0.000000e+00 recv_gate_zero=0 recv_down_sum_abs=0.000000e+00 recv_down_max_abs=0.000000e+00 recv_down_zero=0 recv_other_sum_abs=0.000000e+00 recv_other_max_abs=0.000000e+00 recv_other_zero=0 recv_ffn_sum_abs=0.000000e+00 recv_ffn_max_abs=0.000000e+00 recv_ffn_zero=0
SUCCEED (one forward pass done)"
2c_balanced_mid,1,"60,61","50,50",mod3_1_0.8,ok,11.5315,86.7188,0.8134903907775879,"llama_context: graph splits = 1
attach_threadpool: call
threads: decode=2 batch=2
prompt tokens: 4
running one forward pass (llama_decode) ...
Top-5 next-token candidates:
  id=3 logit=0 piece=""$""
  id=4 logit=0 piece=""%""
  id=1 logit=0 piece=""""""
  id=0 logit=0 piece=""!""
  id=2 logit=0 piece=""#""
Autoregressive generation:
Generated text: !
Decode-only throughput: 11.5315 tokens/s (1 tokens in 0.0867188 s of llama_decode)
End-to-end throughput: 11.4914 tokens/s (1 tokens in 0.0870217 s)
[decode-stage-profile] model_load=380.498 ms context_create=58.3336 ms tokenize=0.456903 ms prefill_decode=120.672 ms generation_decode=86.7188 ms generation_total=87.0217 ms program_total=665.579 ms
[svd-local-op-profile] up_ops=56 gate_ops=56 down_ops=56 up_total=59.809 ms gate_total=54.782 ms down_total=43.756 ms up_v=7.444 ms gate_v=7.107 ms down_v=31.075 ms up_u=52.362 ms gate_u=47.668 ms down_u=12.674 ms
[svd-local-stage-profile] attention_total=1.485 ms ffn_total=160.128 ms ffn_svd_total=158.347 ms ffn_svd_v=45.626 ms ffn_svd_u=112.704 ms
[svd-offload-zero-profile] up_finish=0 up_cache=0 up_no_request=27 gate_finish=0 gate_cache=0 gate_no_request=27 down_finish=0 down_cache=0 down_no_request=27 other_finish=0 other_cache=0 other_no_request=0
[svd-local-timeout-profile] up_keep=0 up_drop=0 up_wait=0.000 ms gate_keep=0 gate_drop=0 gate_wait=0.000 ms down_keep=0 down_drop=0 down_wait=0.000 ms other_keep=0 other_drop=0 other_wait=0.000 ms
[svd-offload-client] up_gate_req=0 down_req=0 other_mat_req=0 ffn_req=0 gate_cache_hits=0 gate_cache_checks=0 miss_invalid=0 miss_layer=0 miss_rank=0 miss_hash=0 miss_output=0 miss_data=0 send_up_gate=0.000 ms send_down=0.000 ms send_other=0.000 ms send_ffn=0.000 ms wait_up_gate=0.000 ms wait_down=0.000 ms wait_other=0.000 ms wait_ffn=0.000 ms
[svd-offload-client-stage-profile] rpc_send_total=0.000 ms rpc_wait_total=0.000 ms
[svd-offload-client-debug] finish_fail_up_gate=0 finish_fail_down=0 finish_fail_other=0 finish_fail_ffn=0 cache_take_fail_up=0 cache_take_fail_gate=0 recv_up_sum_abs=0.000000e+00 recv_up_max_abs=0.000000e+00 recv_up_zero=0 recv_gate_sum_abs=0.000000e+00 recv_gate_max_abs=0.000000e+00 recv_gate_zero=0 recv_down_sum_abs=0.000000e+00 recv_down_max_abs=0.000000e+00 recv_down_zero=0 recv_other_sum_abs=0.000000e+00 recv_other_max_abs=0.000000e+00 recv_other_zero=0 recv_ffn_sum_abs=0.000000e+00 recv_ffn_max_abs=0.000000e+00 recv_ffn_zero=0
SUCCEED (one forward pass done)"
2c_balanced_mid,1,"60,61","50,50",mod3_1_0.85,ok,12.2587,81.5744,0.8045411109924316,"llama_context: graph splits = 1
attach_threadpool: call
threads: decode=2 batch=2
prompt tokens: 4
running one forward pass (llama_decode) ...
Top-5 next-token candidates:
  id=3 logit=0 piece=""$""
  id=4 logit=0 piece=""%""
  id=1 logit=0 piece=""""""
  id=0 logit=0 piece=""!""
  id=2 logit=0 piece=""#""
Autoregressive generation:
Generated text: !
Decode-only throughput: 12.2587 tokens/s (1 tokens in 0.0815744 s of llama_decode)
End-to-end throughput: 12.2105 tokens/s (1 tokens in 0.0818966 s)
[decode-stage-profile] model_load=379.024 ms context_create=56.7987 ms tokenize=0.469871 ms prefill_decode=122.746 ms generation_decode=81.5744 ms generation_total=81.8966 ms program_total=657.739 ms
[svd-local-op-profile] up_ops=56 gate_ops=56 down_ops=56 up_total=55.592 ms gate_total=56.997 ms down_total=42.704 ms up_v=7.431 ms gate_v=7.031 ms down_v=34.160 ms up_u=48.157 ms gate_u=49.958 ms down_u=8.542 ms
[svd-local-stage-profile] attention_total=1.470 ms ffn_total=156.996 ms ffn_svd_total=155.293 ms ffn_svd_v=48.622 ms ffn_svd_u=106.657 ms
[svd-offload-zero-profile] up_finish=0 up_cache=0 up_no_request=27 gate_finish=0 gate_cache=0 gate_no_request=27 down_finish=0 down_cache=0 down_no_request=27 other_finish=0 other_cache=0 other_no_request=0
[svd-local-timeout-profile] up_keep=0 up_drop=0 up_wait=0.000 ms gate_keep=0 gate_drop=0 gate_wait=0.000 ms down_keep=0 down_drop=0 down_wait=0.000 ms other_keep=0 other_drop=0 other_wait=0.000 ms
[svd-offload-client] up_gate_req=0 down_req=0 other_mat_req=0 ffn_req=0 gate_cache_hits=0 gate_cache_checks=0 miss_invalid=0 miss_layer=0 miss_rank=0 miss_hash=0 miss_output=0 miss_data=0 send_up_gate=0.000 ms send_down=0.000 ms send_other=0.000 ms send_ffn=0.000 ms wait_up_gate=0.000 ms wait_down=0.000 ms wait_other=0.000 ms wait_ffn=0.000 ms
[svd-offload-client-stage-profile] rpc_send_total=0.000 ms rpc_wait_total=0.000 ms
[svd-offload-client-debug] finish_fail_up_gate=0 finish_fail_down=0 finish_fail_other=0 finish_fail_ffn=0 cache_take_fail_up=0 cache_take_fail_gate=0 recv_up_sum_abs=0.000000e+00 recv_up_max_abs=0.000000e+00 recv_up_zero=0 recv_gate_sum_abs=0.000000e+00 recv_gate_max_abs=0.000000e+00 recv_gate_zero=0 recv_down_sum_abs=0.000000e+00 recv_down_max_abs=0.000000e+00 recv_down_zero=0 recv_other_sum_abs=0.000000e+00 recv_other_max_abs=0.000000e+00 recv_other_zero=0 recv_ffn_sum_abs=0.000000e+00 recv_ffn_max_abs=0.000000e+00 recv_ffn_zero=0
SUCCEED (one forward pass done)"
2c_balanced_mid,1,"60,61","50,50",mod3_1_0.9,ok,13.1991,75.7628,0.7967760562896729,"llama_context: graph splits = 1
attach_threadpool: call
threads: decode=2 batch=2
prompt tokens: 4
running one forward pass (llama_decode) ...
Top-5 next-token candidates:
  id=3 logit=0 piece=""$""
  id=4 logit=0 piece=""%""
  id=1 logit=0 piece=""""""
  id=0 logit=0 piece=""!""
  id=2 logit=0 piece=""#""
Autoregressive generation:
Generated text: !
Decode-only throughput: 13.1991 tokens/s (1 tokens in 0.0757628 s of llama_decode)
End-to-end throughput: 13.1441 tokens/s (1 tokens in 0.0760795 s)
[decode-stage-profile] model_load=378.052 ms context_create=58.1782 ms tokenize=0.455288 ms prefill_decode=119.549 ms generation_decode=75.7628 ms generation_total=76.0795 ms program_total=649.064 ms
[svd-local-op-profile] up_ops=56 gate_ops=56 down_ops=56 up_total=50.619 ms gate_total=52.992 ms down_total=42.679 ms up_v=7.009 ms gate_v=6.809 ms down_v=34.647 ms up_u=43.603 ms gate_u=46.181 ms down_u=8.029 ms
[svd-local-stage-profile] attention_total=1.480 ms ffn_total=147.878 ms ffn_svd_total=146.290 ms ffn_svd_v=48.465 ms ffn_svd_u=97.813 ms
[svd-offload-zero-profile] up_finish=0 up_cache=0 up_no_request=27 gate_finish=0 gate_cache=0 gate_no_request=27 down_finish=0 down_cache=0 down_no_request=27 other_finish=0 other_cache=0 other_no_request=0
[svd-local-timeout-profile] up_keep=0 up_drop=0 up_wait=0.000 ms gate_keep=0 gate_drop=0 gate_wait=0.000 ms down_keep=0 down_drop=0 down_wait=0.000 ms other_keep=0 other_drop=0 other_wait=0.000 ms
[svd-offload-client] up_gate_req=0 down_req=0 other_mat_req=0 ffn_req=0 gate_cache_hits=0 gate_cache_checks=0 miss_invalid=0 miss_layer=0 miss_rank=0 miss_hash=0 miss_output=0 miss_data=0 send_up_gate=0.000 ms send_down=0.000 ms send_other=0.000 ms send_ffn=0.000 ms wait_up_gate=0.000 ms wait_down=0.000 ms wait_other=0.000 ms wait_ffn=0.000 ms
[svd-offload-client-stage-profile] rpc_send_total=0.000 ms rpc_wait_total=0.000 ms
[svd-offload-client-debug] finish_fail_up_gate=0 finish_fail_down=0 finish_fail_other=0 finish_fail_ffn=0 cache_take_fail_up=0 cache_take_fail_gate=0 recv_up_sum_abs=0.000000e+00 recv_up_max_abs=0.000000e+00 recv_up_zero=0 recv_gate_sum_abs=0.000000e+00 recv_gate_max_abs=0.000000e+00 recv_gate_zero=0 recv_down_sum_abs=0.000000e+00 recv_down_max_abs=0.000000e+00 recv_down_zero=0 recv_other_sum_abs=0.000000e+00 recv_other_max_abs=0.000000e+00 recv_other_zero=0 recv_ffn_sum_abs=0.000000e+00 recv_ffn_max_abs=0.000000e+00 recv_ffn_zero=0
SUCCEED (one forward pass done)"
2c_balanced_mid,1,"60,61","50,50",mod3_2_0.4,ok,11.7053,85.4313,0.8251104354858398,"llama_context: graph splits = 1
attach_threadpool: call
threads: decode=2 batch=2
prompt tokens: 4
running one forward pass (llama_decode) ...
Top-5 next-token candidates:
  id=3 logit=0 piece=""$""
  id=4 logit=0 piece=""%""
  id=1 logit=0 piece=""""""
  id=0 logit=0 piece=""!""
  id=2 logit=0 piece=""#""
Autoregressive generation:
Generated text: !
Decode-only throughput: 11.7053 tokens/s (1 tokens in 0.0854313 s of llama_decode)
End-to-end throughput: 11.663 tokens/s (1 tokens in 0.0857415 s)
[decode-stage-profile] model_load=376.569 ms context_create=56.9382 ms tokenize=0.466502 ms prefill_decode=134.542 ms generation_decode=85.4313 ms generation_total=85.7415 ms program_total=671.069 ms
[svd-local-op-profile] up_ops=56 gate_ops=56 down_ops=56 up_total=64.979 ms gate_total=58.910 ms down_total=45.132 ms up_v=12.699 ms gate_v=8.571 ms down_v=36.119 ms up_u=52.278 ms gate_u=50.335 ms down_u=9.007 ms
[svd-local-stage-profile] attention_total=1.494 ms ffn_total=170.821 ms ffn_svd_total=169.021 ms ffn_svd_v=57.389 ms ffn_svd_u=111.620 ms
[svd-offload-zero-profile] up_finish=0 up_cache=0 up_no_request=27 gate_finish=0 gate_cache=0 gate_no_request=27 down_finish=0 down_cache=0 down_no_request=27 other_finish=0 other_cache=0 other_no_request=0
[svd-local-timeout-profile] up_keep=0 up_drop=0 up_wait=0.000 ms gate_keep=0 gate_drop=0 gate_wait=0.000 ms down_keep=0 down_drop=0 down_wait=0.000 ms other_keep=0 other_drop=0 other_wait=0.000 ms
[svd-offload-client] up_gate_req=0 down_req=0 other_mat_req=0 ffn_req=0 gate_cache_hits=0 gate_cache_checks=0 miss_invalid=0 miss_layer=0 miss_rank=0 miss_hash=0 miss_output=0 miss_data=0 send_up_gate=0.000 ms send_down=0.000 ms send_other=0.000 ms send_ffn=0.000 ms wait_up_gate=0.000 ms wait_down=0.000 ms wait_other=0.000 ms wait_ffn=0.000 ms
[svd-offload-client-stage-profile] rpc_send_total=0.000 ms rpc_wait_total=0.000 ms
[svd-offload-client-debug] finish_fail_up_gate=0 finish_fail_down=0 finish_fail_other=0 finish_fail_ffn=0 cache_take_fail_up=0 cache_take_fail_gate=0 recv_up_sum_abs=0.000000e+00 recv_up_max_abs=0.000000e+00 recv_up_zero=0 recv_gate_sum_abs=0.000000e+00 recv_gate_max_abs=0.000000e+00 recv_gate_zero=0 recv_down_sum_abs=0.000000e+00 recv_down_max_abs=0.000000e+00 recv_down_zero=0 recv_other_sum_abs=0.000000e+00 recv_other_max_abs=0.000000e+00 recv_other_zero=0 recv_ffn_sum_abs=0.000000e+00 recv_ffn_max_abs=0.000000e+00 recv_ffn_zero=0
SUCCEED (one forward pass done)"
2c_balanced_mid,1,"60,61","50,50",mod3_2_0.5,ok,12.3538,80.9465,0.8207826614379883,"llama_context: graph splits = 1
attach_threadpool: call
threads: decode=2 batch=2
prompt tokens: 4
running one forward pass (llama_decode) ...
Top-5 next-token candidates:
  id=11 logit=18.8488 piece="",""
  id=1112 logit=17.7091 piece=""...""
  id=3837 logit=16.9005 piece=""，""
  id=1940 logit=16.5211 piece=""…""
  id=13 logit=16.324 piece="".""
Autoregressive generation:
Generated text: ,
Decode-only throughput: 12.3538 tokens/s (1 tokens in 0.0809465 s of llama_decode)
End-to-end throughput: 12.3059 tokens/s (1 tokens in 0.0812618 s)
[decode-stage-profile] model_load=381.093 ms context_create=55.8696 ms tokenize=0.473234 ms prefill_decode=136.917 ms generation_decode=80.9465 ms generation_total=81.2618 ms program_total=672.338 ms
[svd-local-op-profile] up_ops=56 gate_ops=56 down_ops=56 up_total=58.123 ms gate_total=61.843 ms down_total=45.276 ms up_v=8.328 ms gate_v=8.061 ms down_v=36.236 ms up_u=49.794 ms gate_u=53.777 ms down_u=9.033 ms
[svd-local-stage-profile] attention_total=1.520 ms ffn_total=166.943 ms ffn_svd_total=165.242 ms ffn_svd_v=52.625 ms ffn_svd_u=112.604 ms
[svd-offload-zero-profile] up_finish=0 up_cache=0 up_no_request=27 gate_finish=0 gate_cache=0 gate_no_request=27 down_finish=0 down_cache=0 down_no_request=27 other_finish=0 other_cache=0 other_no_request=0
[svd-local-timeout-profile] up_keep=0 up_drop=0 up_wait=0.000 ms gate_keep=0 gate_drop=0 gate_wait=0.000 ms down_keep=0 down_drop=0 down_wait=0.000 ms other_keep=0 other_drop=0 other_wait=0.000 ms
[svd-offload-client] up_gate_req=0 down_req=0 other_mat_req=0 ffn_req=0 gate_cache_hits=0 gate_cache_checks=0 miss_invalid=0 miss_layer=0 miss_rank=0 miss_hash=0 miss_output=0 miss_data=0 send_up_gate=0.000 ms send_down=0.000 ms send_other=0.000 ms send_ffn=0.000 ms wait_up_gate=0.000 ms wait_down=0.000 ms wait_other=0.000 ms wait_ffn=0.000 ms
[svd-offload-client-stage-profile] rpc_send_total=0.000 ms rpc_wait_total=0.000 ms
[svd-offload-client-debug] finish_fail_up_gate=0 finish_fail_down=0 finish_fail_other=0 finish_fail_ffn=0 cache_take_fail_up=0 cache_take_fail_gate=0 recv_up_sum_abs=0.000000e+00 recv_up_max_abs=0.000000e+00 recv_up_zero=0 recv_gate_sum_abs=0.000000e+00 recv_gate_max_abs=0.000000e+00 recv_gate_zero=0 recv_down_sum_abs=0.000000e+00 recv_down_max_abs=0.000000e+00 recv_down_zero=0 recv_other_sum_abs=0.000000e+00 recv_other_max_abs=0.000000e+00 recv_other_zero=0 recv_ffn_sum_abs=0.000000e+00 recv_ffn_max_abs=0.000000e+00 recv_ffn_zero=0
SUCCEED (one forward pass done)"
2c_balanced_mid,1,"60,61","50,50",mod3_2_0.6,ok,12.3233,81.1472,0.8128771781921387,"llama_context: graph splits = 1
attach_threadpool: call
threads: decode=2 batch=2
prompt tokens: 4
running one forward pass (llama_decode) ...
Top-5 next-token candidates:
  id=11 logit=17.4801 piece="",""
  id=3837 logit=15.5663 piece=""，""
  id=13 logit=15.5177 piece="".""
  id=9089 logit=14.5366 piece="" sich""
  id=0 logit=13.9489 piece=""!""
Autoregressive generation:
Generated text: ,
Decode-only throughput: 12.3233 tokens/s (1 tokens in 0.0811472 s of llama_decode)
End-to-end throughput: 12.2757 tokens/s (1 tokens in 0.0814615 s)
[decode-stage-profile] model_load=381.89 ms context_create=59.7411 ms tokenize=0.4615 ms prefill_decode=131.221 ms generation_decode=81.1472 ms generation_total=81.4615 ms program_total=671.606 ms
[svd-local-op-profile] up_ops=56 gate_ops=56 down_ops=56 up_total=63.504 ms gate_total=56.899 ms down_total=42.596 ms up_v=8.001 ms gate_v=7.772 ms down_v=33.741 ms up_u=55.495 ms gate_u=49.120 ms down_u=8.848 ms
[svd-local-stage-profile] attention_total=1.491 ms ffn_total=164.787 ms ffn_svd_total=162.999 ms ffn_svd_v=49.514 ms ffn_svd_u=113.463 ms
[svd-offload-zero-profile] up_finish=0 up_cache=0 up_no_request=27 gate_finish=0 gate_cache=0 gate_no_request=27 down_finish=0 down_cache=0 down_no_request=27 other_finish=0 other_cache=0 other_no_request=0
[svd-local-timeout-profile] up_keep=0 up_drop=0 up_wait=0.000 ms gate_keep=0 gate_drop=0 gate_wait=0.000 ms down_keep=0 down_drop=0 down_wait=0.000 ms other_keep=0 other_drop=0 other_wait=0.000 ms
[svd-offload-client] up_gate_req=0 down_req=0 other_mat_req=0 ffn_req=0 gate_cache_hits=0 gate_cache_checks=0 miss_invalid=0 miss_layer=0 miss_rank=0 miss_hash=0 miss_output=0 miss_data=0 send_up_gate=0.000 ms send_down=0.000 ms send_other=0.000 ms send_ffn=0.000 ms wait_up_gate=0.000 ms wait_down=0.000 ms wait_other=0.000 ms wait_ffn=0.000 ms
[svd-offload-client-stage-profile] rpc_send_total=0.000 ms rpc_wait_total=0.000 ms
[svd-offload-client-debug] finish_fail_up_gate=0 finish_fail_down=0 finish_fail_other=0 finish_fail_ffn=0 cache_take_fail_up=0 cache_take_fail_gate=0 recv_up_sum_abs=0.000000e+00 recv_up_max_abs=0.000000e+00 recv_up_zero=0 recv_gate_sum_abs=0.000000e+00 recv_gate_max_abs=0.000000e+00 recv_gate_zero=0 recv_down_sum_abs=0.000000e+00 recv_down_max_abs=0.000000e+00 recv_down_zero=0 recv_other_sum_abs=0.000000e+00 recv_other_max_abs=0.000000e+00 recv_other_zero=0 recv_ffn_sum_abs=0.000000e+00 recv_ffn_max_abs=0.000000e+00 recv_ffn_zero=0
SUCCEED (one forward pass done)"
2c_balanced_mid,1,"60,61","50,50",mod3_2_0.7,ok,11.6374,85.93,0.8147153854370117,"llama_context: graph splits = 1
attach_threadpool: call
threads: decode=2 batch=2
prompt tokens: 4
running one forward pass (llama_decode) ...
Top-5 next-token candidates:
  id=3 logit=0 piece=""$""
  id=4 logit=0 piece=""%""
  id=1 logit=0 piece=""""""
  id=0 logit=0 piece=""!""
  id=2 logit=0 piece=""#""
Autoregressive generation:
Generated text: !
Decode-only throughput: 11.6374 tokens/s (1 tokens in 0.08593 s of llama_decode)
End-to-end throughput: 11.5933 tokens/s (1 tokens in 0.0862565 s)
[decode-stage-profile] model_load=379.611 ms context_create=58.5184 ms tokenize=0.457303 ms prefill_decode=126.619 ms generation_decode=85.93 ms generation_total=86.2565 ms program_total=668.36 ms
[svd-local-op-profile] up_ops=56 gate_ops=56 down_ops=56 up_total=60.868 ms gate_total=60.570 ms down_total=41.312 ms up_v=7.839 ms gate_v=7.619 ms down_v=32.490 ms up_u=53.025 ms gate_u=52.947 ms down_u=8.816 ms
[svd-local-stage-profile] attention_total=1.472 ms ffn_total=164.391 ms ffn_svd_total=162.750 ms ffn_svd_v=47.948 ms ffn_svd_u=114.788 ms
[svd-offload-zero-profile] up_finish=0 up_cache=0 up_no_request=27 gate_finish=0 gate_cache=0 gate_no_request=27 down_finish=0 down_cache=0 down_no_request=27 other_finish=0 other_cache=0 other_no_request=0
[svd-local-timeout-profile] up_keep=0 up_drop=0 up_wait=0.000 ms gate_keep=0 gate_drop=0 gate_wait=0.000 ms down_keep=0 down_drop=0 down_wait=0.000 ms other_keep=0 other_drop=0 other_wait=0.000 ms
[svd-offload-client] up_gate_req=0 down_req=0 other_mat_req=0 ffn_req=0 gate_cache_hits=0 gate_cache_checks=0 miss_invalid=0 miss_layer=0 miss_rank=0 miss_hash=0 miss_output=0 miss_data=0 send_up_gate=0.000 ms send_down=0.000 ms send_other=0.000 ms send_ffn=0.000 ms wait_up_gate=0.000 ms wait_down=0.000 ms wait_other=0.000 ms wait_ffn=0.000 ms
[svd-offload-client-stage-profile] rpc_send_total=0.000 ms rpc_wait_total=0.000 ms
[svd-offload-client-debug] finish_fail_up_gate=0 finish_fail_down=0 finish_fail_other=0 finish_fail_ffn=0 cache_take_fail_up=0 cache_take_fail_gate=0 recv_up_sum_abs=0.000000e+00 recv_up_max_abs=0.000000e+00 recv_up_zero=0 recv_gate_sum_abs=0.000000e+00 recv_gate_max_abs=0.000000e+00 recv_gate_zero=0 recv_down_sum_abs=0.000000e+00 recv_down_max_abs=0.000000e+00 recv_down_zero=0 recv_other_sum_abs=0.000000e+00 recv_other_max_abs=0.000000e+00 recv_other_zero=0 recv_ffn_sum_abs=0.000000e+00 recv_ffn_max_abs=0.000000e+00 recv_ffn_zero=0
SUCCEED (one forward pass done)"
2c_balanced_mid,1,"60,61","50,50",mod3_2_0.8,ok,12.647,79.0702,0.8069140911102295,"llama_context: graph splits = 1
attach_threadpool: call
threads: decode=2 batch=2
prompt tokens: 4
running one forward pass (llama_decode) ...
Top-5 next-token candidates:
  id=3 logit=0 piece=""$""
  id=4 logit=0 piece=""%""
  id=1 logit=0 piece=""""""
  id=0 logit=0 piece=""!""
  id=2 logit=0 piece=""#""
Autoregressive generation:
Generated text: !
Decode-only throughput: 12.647 tokens/s (1 tokens in 0.0790702 s of llama_decode)
End-to-end throughput: 12.5973 tokens/s (1 tokens in 0.0793824 s)
[decode-stage-profile] model_load=379.435 ms context_create=57.5594 ms tokenize=0.461713 ms prefill_decode=125.982 ms generation_decode=79.0702 ms generation_total=79.3824 ms program_total=659.494 ms
[svd-local-op-profile] up_ops=56 gate_ops=56 down_ops=56 up_total=62.494 ms gate_total=54.379 ms down_total=39.238 ms up_v=11.379 ms gate_v=7.288 ms down_v=30.735 ms up_u=51.110 ms gate_u=47.083 ms down_u=8.499 ms
[svd-local-stage-profile] attention_total=1.482 ms ffn_total=157.904 ms ffn_svd_total=156.111 ms ffn_svd_v=49.402 ms ffn_svd_u=106.692 ms
[svd-offload-zero-profile] up_finish=0 up_cache=0 up_no_request=27 gate_finish=0 gate_cache=0 gate_no_request=27 down_finish=0 down_cache=0 down_no_request=27 other_finish=0 other_cache=0 other_no_request=0
[svd-local-timeout-profile] up_keep=0 up_drop=0 up_wait=0.000 ms gate_keep=0 gate_drop=0 gate_wait=0.000 ms down_keep=0 down_drop=0 down_wait=0.000 ms other_keep=0 other_drop=0 other_wait=0.000 ms
[svd-offload-client] up_gate_req=0 down_req=0 other_mat_req=0 ffn_req=0 gate_cache_hits=0 gate_cache_checks=0 miss_invalid=0 miss_layer=0 miss_rank=0 miss_hash=0 miss_output=0 miss_data=0 send_up_gate=0.000 ms send_down=0.000 ms send_other=0.000 ms send_ffn=0.000 ms wait_up_gate=0.000 ms wait_down=0.000 ms wait_other=0.000 ms wait_ffn=0.000 ms
[svd-offload-client-stage-profile] rpc_send_total=0.000 ms rpc_wait_total=0.000 ms
[svd-offload-client-debug] finish_fail_up_gate=0 finish_fail_down=0 finish_fail_other=0 finish_fail_ffn=0 cache_take_fail_up=0 cache_take_fail_gate=0 recv_up_sum_abs=0.000000e+00 recv_up_max_abs=0.000000e+00 recv_up_zero=0 recv_gate_sum_abs=0.000000e+00 recv_gate_max_abs=0.000000e+00 recv_gate_zero=0 recv_down_sum_abs=0.000000e+00 recv_down_max_abs=0.000000e+00 recv_down_zero=0 recv_other_sum_abs=0.000000e+00 recv_other_max_abs=0.000000e+00 recv_other_zero=0 recv_ffn_sum_abs=0.000000e+00 recv_ffn_max_abs=0.000000e+00 recv_ffn_zero=0
SUCCEED (one forward pass done)"
2c_balanced_mid,1,"60,61","50,50",mod3_2_0.85,ok,12.7417,78.4823,0.8068790435791016,"llama_context: graph splits = 1
attach_threadpool: call
threads: decode=2 batch=2
prompt tokens: 4
running one forward pass (llama_decode) ...
Top-5 next-token candidates:
  id=3 logit=0 piece=""$""
  id=4 logit=0 piece=""%""
  id=1 logit=0 piece=""""""
  id=0 logit=0 piece=""!""
  id=2 logit=0 piece=""#""
Autoregressive generation:
Generated text: !
Decode-only throughput: 12.7417 tokens/s (1 tokens in 0.0784823 s of llama_decode)
End-to-end throughput: 12.6928 tokens/s (1 tokens in 0.0787846 s)
[decode-stage-profile] model_load=376.137 ms context_create=57.7446 ms tokenize=0.448365 ms prefill_decode=123.377 ms generation_decode=78.4823 ms generation_total=78.7846 ms program_total=656.179 ms
[svd-local-op-profile] up_ops=56 gate_ops=56 down_ops=56 up_total=58.254 ms gate_total=54.447 ms down_total=38.799 ms up_v=7.483 ms gate_v=7.592 ms down_v=30.331 ms up_u=50.766 ms gate_u=46.852 ms down_u=8.456 ms
[svd-local-stage-profile] attention_total=1.516 ms ffn_total=153.173 ms ffn_svd_total=151.500 ms ffn_svd_v=45.406 ms ffn_svd_u=106.074 ms
[svd-offload-zero-profile] up_finish=0 up_cache=0 up_no_request=27 gate_finish=0 gate_cache=0 gate_no_request=27 down_finish=0 down_cache=0 down_no_request=27 other_finish=0 other_cache=0 other_no_request=0
[svd-local-timeout-profile] up_keep=0 up_drop=0 up_wait=0.000 ms gate_keep=0 gate_drop=0 gate_wait=0.000 ms down_keep=0 down_drop=0 down_wait=0.000 ms other_keep=0 other_drop=0 other_wait=0.000 ms
[svd-offload-client] up_gate_req=0 down_req=0 other_mat_req=0 ffn_req=0 gate_cache_hits=0 gate_cache_checks=0 miss_invalid=0 miss_layer=0 miss_rank=0 miss_hash=0 miss_output=0 miss_data=0 send_up_gate=0.000 ms send_down=0.000 ms send_other=0.000 ms send_ffn=0.000 ms wait_up_gate=0.000 ms wait_down=0.000 ms wait_other=0.000 ms wait_ffn=0.000 ms
[svd-offload-client-stage-profile] rpc_send_total=0.000 ms rpc_wait_total=0.000 ms
[svd-offload-client-debug] finish_fail_up_gate=0 finish_fail_down=0 finish_fail_other=0 finish_fail_ffn=0 cache_take_fail_up=0 cache_take_fail_gate=0 recv_up_sum_abs=0.000000e+00 recv_up_max_abs=0.000000e+00 recv_up_zero=0 recv_gate_sum_abs=0.000000e+00 recv_gate_max_abs=0.000000e+00 recv_gate_zero=0 recv_down_sum_abs=0.000000e+00 recv_down_max_abs=0.000000e+00 recv_down_zero=0 recv_other_sum_abs=0.000000e+00 recv_other_max_abs=0.000000e+00 recv_other_zero=0 recv_ffn_sum_abs=0.000000e+00 recv_ffn_max_abs=0.000000e+00 recv_ffn_zero=0
SUCCEED (one forward pass done)"
2c_balanced_mid,1,"60,61","50,50",mod3_2_0.9,ok,13.7544,72.7039,0.8006026744842529,"llama_context: graph splits = 1
attach_threadpool: call
threads: decode=2 batch=2
prompt tokens: 4
running one forward pass (llama_decode) ...
Top-5 next-token candidates:
  id=3 logit=0 piece=""$""
  id=4 logit=0 piece=""%""
  id=1 logit=0 piece=""""""
  id=0 logit=0 piece=""!""
  id=2 logit=0 piece=""#""
Autoregressive generation:
Generated text: !
Decode-only throughput: 13.7544 tokens/s (1 tokens in 0.0727039 s of llama_decode)
End-to-end throughput: 13.697 tokens/s (1 tokens in 0.0730085 s)
[decode-stage-profile] model_load=378.322 ms context_create=60.9298 ms tokenize=0.578869 ms prefill_decode=117.84 ms generation_decode=72.7039 ms generation_total=73.0085 ms program_total=647.388 ms
[svd-local-op-profile] up_ops=56 gate_ops=56 down_ops=56 up_total=54.452 ms gate_total=50.267 ms down_total=37.158 ms up_v=6.988 ms gate_v=6.867 ms down_v=29.322 ms up_u=47.458 ms gate_u=43.394 ms down_u=7.833 ms
[svd-local-stage-profile] attention_total=1.440 ms ffn_total=143.431 ms ffn_svd_total=141.877 ms ffn_svd_v=43.177 ms ffn_svd_u=98.685 ms
[svd-offload-zero-profile] up_finish=0 up_cache=0 up_no_request=27 gate_finish=0 gate_cache=0 gate_no_request=27 down_finish=0 down_cache=0 down_no_request=27 other_finish=0 other_cache=0 other_no_request=0
[svd-local-timeout-profile] up_keep=0 up_drop=0 up_wait=0.000 ms gate_keep=0 gate_drop=0 gate_wait=0.000 ms down_keep=0 down_drop=0 down_wait=0.000 ms other_keep=0 other_drop=0 other_wait=0.000 ms
[svd-offload-client] up_gate_req=0 down_req=0 other_mat_req=0 ffn_req=0 gate_cache_hits=0 gate_cache_checks=0 miss_invalid=0 miss_layer=0 miss_rank=0 miss_hash=0 miss_output=0 miss_data=0 send_up_gate=0.000 ms send_down=0.000 ms send_other=0.000 ms send_ffn=0.000 ms wait_up_gate=0.000 ms wait_down=0.000 ms wait_other=0.000 ms wait_ffn=0.000 ms
[svd-offload-client-stage-profile] rpc_send_total=0.000 ms rpc_wait_total=0.000 ms
[svd-offload-client-debug] finish_fail_up_gate=0 finish_fail_down=0 finish_fail_other=0 finish_fail_ffn=0 cache_take_fail_up=0 cache_take_fail_gate=0 recv_up_sum_abs=0.000000e+00 recv_up_max_abs=0.000000e+00 recv_up_zero=0 recv_gate_sum_abs=0.000000e+00 recv_gate_max_abs=0.000000e+00 recv_gate_zero=0 recv_down_sum_abs=0.000000e+00 recv_down_max_abs=0.000000e+00 recv_down_zero=0 recv_other_sum_abs=0.000000e+00 recv_other_max_abs=0.000000e+00 recv_other_zero=0 recv_ffn_sum_abs=0.000000e+00 recv_ffn_max_abs=0.000000e+00 recv_ffn_zero=0
SUCCEED (one forward pass done)"
2c_balanced_mid,2,"60,61","50,50",baseline_no_svd,ok,11.6844,85.5842,0.8559508323669434,"llama_context: graph splits = 1
attach_threadpool: call
threads: decode=2 batch=2
prompt tokens: 4
running one forward pass (llama_decode) ...
Top-5 next-token candidates:
  id=11 logit=20.2053 piece="",""
  id=304 logit=18.9277 piece="" in""
  id=3837 logit=18.7558 piece=""，""
  id=1052 logit=18.5616 piece="" there""
  id=358 logit=17.8374 piece="" I""
Autoregressive generation:
Generated text: ,
Decode-only throughput: 11.6844 tokens/s (1 tokens in 0.0855842 s of llama_decode)
End-to-end throughput: 11.641 tokens/s (1 tokens in 0.0859033 s)
[decode-stage-profile] model_load=387.177 ms context_create=63.4236 ms tokenize=0.465178 ms prefill_decode=144.719 ms generation_decode=85.5842 ms generation_total=85.9033 ms program_total=698.803 ms
[svd-local-op-profile] up_ops=56 gate_ops=56 down_ops=56 up_total=63.626 ms gate_total=63.126 ms down_total=54.121 ms up_v=9.828 ms gate_v=9.539 ms down_v=44.463 ms up_u=53.793 ms gate_u=53.584 ms down_u=9.644 ms
[svd-local-stage-profile] attention_total=1.462 ms ffn_total=182.670 ms ffn_svd_total=180.873 ms ffn_svd_v=63.830 ms ffn_svd_u=117.021 ms
[svd-offload-zero-profile] up_finish=0 up_cache=0 up_no_request=27 gate_finish=0 gate_cache=0 gate_no_request=27 down_finish=0 down_cache=0 down_no_request=27 other_finish=0 other_cache=0 other_no_request=0
[svd-local-timeout-profile] up_keep=0 up_drop=0 up_wait=0.000 ms gate_keep=0 gate_drop=0 gate_wait=0.000 ms down_keep=0 down_drop=0 down_wait=0.000 ms other_keep=0 other_drop=0 other_wait=0.000 ms
[svd-offload-client] up_gate_req=0 down_req=0 other_mat_req=0 ffn_req=0 gate_cache_hits=0 gate_cache_checks=0 miss_invalid=0 miss_layer=0 miss_rank=0 miss_hash=0 miss_output=0 miss_data=0 send_up_gate=0.000 ms send_down=0.000 ms send_other=0.000 ms send_ffn=0.000 ms wait_up_gate=0.000 ms wait_down=0.000 ms wait_other=0.000 ms wait_ffn=0.000 ms
[svd-offload-client-stage-profile] rpc_send_total=0.000 ms rpc_wait_total=0.000 ms
[svd-offload-client-debug] finish_fail_up_gate=0 finish_fail_down=0 finish_fail_other=0 finish_fail_ffn=0 cache_take_fail_up=0 cache_take_fail_gate=0 recv_up_sum_abs=0.000000e+00 recv_up_max_abs=0.000000e+00 recv_up_zero=0 recv_gate_sum_abs=0.000000e+00 recv_gate_max_abs=0.000000e+00 recv_gate_zero=0 recv_down_sum_abs=0.000000e+00 recv_down_max_abs=0.000000e+00 recv_down_zero=0 recv_other_sum_abs=0.000000e+00 recv_other_max_abs=0.000000e+00 recv_other_zero=0 recv_ffn_sum_abs=0.000000e+00 recv_ffn_max_abs=0.000000e+00 recv_ffn_zero=0
SUCCEED (one forward pass done)"
2c_balanced_mid,2,"60,61","50,50",all_0.4,ok,13.0643,76.5447,0.7993535995483398,"llama_context: graph splits = 1
attach_threadpool: call
threads: decode=2 batch=2
prompt tokens: 4
running one forward pass (llama_decode) ...
Top-5 next-token candidates:
  id=3 logit=0 piece=""$""
  id=4 logit=0 piece=""%""
  id=1 logit=0 piece=""""""
  id=0 logit=0 piece=""!""
  id=2 logit=0 piece=""#""
Autoregressive generation:
Generated text: !
Decode-only throughput: 13.0643 tokens/s (1 tokens in 0.0765447 s of llama_decode)
End-to-end throughput: 13.0112 tokens/s (1 tokens in 0.0768568 s)
[decode-stage-profile] model_load=384.202 ms context_create=59.1089 ms tokenize=0.452549 ms prefill_decode=112.707 ms generation_decode=76.5447 ms generation_total=76.8568 ms program_total=650.073 ms
[svd-local-op-profile] up_ops=56 gate_ops=56 down_ops=56 up_total=53.647 ms gate_total=49.443 ms down_total=33.125 ms up_v=6.221 ms gate_v=6.035 ms down_v=25.314 ms up_u=47.424 ms gate_u=43.403 ms down_u=7.805 ms
[svd-local-stage-profile] attention_total=1.454 ms ffn_total=137.903 ms ffn_svd_total=136.215 ms ffn_svd_v=37.570 ms ffn_svd_u=98.632 ms
[svd-offload-zero-profile] up_finish=0 up_cache=0 up_no_request=27 gate_finish=0 gate_cache=0 gate_no_request=27 down_finish=0 down_cache=0 down_no_request=27 other_finish=0 other_cache=0 other_no_request=0
[svd-local-timeout-profile] up_keep=0 up_drop=0 up_wait=0.000 ms gate_keep=0 gate_drop=0 gate_wait=0.000 ms down_keep=0 down_drop=0 down_wait=0.000 ms other_keep=0 other_drop=0 other_wait=0.000 ms
[svd-offload-client] up_gate_req=0 down_req=0 other_mat_req=0 ffn_req=0 gate_cache_hits=0 gate_cache_checks=0 miss_invalid=0 miss_layer=0 miss_rank=0 miss_hash=0 miss_output=0 miss_data=0 send_up_gate=0.000 ms send_down=0.000 ms send_other=0.000 ms send_ffn=0.000 ms wait_up_gate=0.000 ms wait_down=0.000 ms wait_other=0.000 ms wait_ffn=0.000 ms
[svd-offload-client-stage-profile] rpc_send_total=0.000 ms rpc_wait_total=0.000 ms
[svd-offload-client-debug] finish_fail_up_gate=0 finish_fail_down=0 finish_fail_other=0 finish_fail_ffn=0 cache_take_fail_up=0 cache_take_fail_gate=0 recv_up_sum_abs=0.000000e+00 recv_up_max_abs=0.000000e+00 recv_up_zero=0 recv_gate_sum_abs=0.000000e+00 recv_gate_max_abs=0.000000e+00 recv_gate_zero=0 recv_down_sum_abs=0.000000e+00 recv_down_max_abs=0.000000e+00 recv_down_zero=0 recv_other_sum_abs=0.000000e+00 recv_other_max_abs=0.000000e+00 recv_other_zero=0 recv_ffn_sum_abs=0.000000e+00 recv_ffn_max_abs=0.000000e+00 recv_ffn_zero=0
SUCCEED (one forward pass done)"
2c_balanced_mid,2,"60,61","50,50",all_0.5,ok,12.6954,78.7687,0.7903351783752441,"llama_context: graph splits = 1
attach_threadpool: call
threads: decode=2 batch=2
prompt tokens: 4
running one forward pass (llama_decode) ...
Top-5 next-token candidates:
  id=11 logit=15.272 piece="",""
  id=12 logit=14.9123 piece=""-""
  id=51730 logit=14.8613 piece="" Ri""
  id=6216 logit=14.8165 piece="" ir""
  id=472 logit=14.5534 piece="" H""
Autoregressive generation:
Generated text: ,
Decode-only throughput: 12.6954 tokens/s (1 tokens in 0.0787687 s of llama_decode)
End-to-end throughput: 12.644 tokens/s (1 tokens in 0.0790891 s)
[decode-stage-profile] model_load=376.963 ms context_create=57.4765 ms tokenize=0.465671 ms prefill_decode=100.98 ms generation_decode=78.7687 ms generation_total=79.0891 ms program_total=631.661 ms
[svd-local-op-profile] up_ops=56 gate_ops=56 down_ops=56 up_total=47.457 ms gate_total=51.033 ms down_total=28.804 ms up_v=5.291 ms gate_v=5.116 ms down_v=21.375 ms up_u=42.156 ms gate_u=45.914 ms down_u=7.426 ms
[svd-local-stage-profile] attention_total=1.606 ms ffn_total=129.103 ms ffn_svd_total=127.294 ms ffn_svd_v=31.782 ms ffn_svd_u=95.496 ms
[svd-offload-zero-profile] up_finish=0 up_cache=0 up_no_request=27 gate_finish=0 gate_cache=0 gate_no_request=27 down_finish=0 down_cache=0 down_no_request=27 other_finish=0 other_cache=0 other_no_request=0
[svd-local-timeout-profile] up_keep=0 up_drop=0 up_wait=0.000 ms gate_keep=0 gate_drop=0 gate_wait=0.000 ms down_keep=0 down_drop=0 down_wait=0.000 ms other_keep=0 other_drop=0 other_wait=0.000 ms
[svd-offload-client] up_gate_req=0 down_req=0 other_mat_req=0 ffn_req=0 gate_cache_hits=0 gate_cache_checks=0 miss_invalid=0 miss_layer=0 miss_rank=0 miss_hash=0 miss_output=0 miss_data=0 send_up_gate=0.000 ms send_down=0.000 ms send_other=0.000 ms send_ffn=0.000 ms wait_up_gate=0.000 ms wait_down=0.000 ms wait_other=0.000 ms wait_ffn=0.000 ms
[svd-offload-client-stage-profile] rpc_send_total=0.000 ms rpc_wait_total=0.000 ms
[svd-offload-client-debug] finish_fail_up_gate=0 finish_fail_down=0 finish_fail_other=0 finish_fail_ffn=0 cache_take_fail_up=0 cache_take_fail_gate=0 recv_up_sum_abs=0.000000e+00 recv_up_max_abs=0.000000e+00 recv_up_zero=0 recv_gate_sum_abs=0.000000e+00 recv_gate_max_abs=0.000000e+00 recv_gate_zero=0 recv_down_sum_abs=0.000000e+00 recv_down_max_abs=0.000000e+00 recv_down_zero=0 recv_other_sum_abs=0.000000e+00 recv_other_max_abs=0.000000e+00 recv_other_zero=0 recv_ffn_sum_abs=0.000000e+00 recv_ffn_max_abs=0.000000e+00 recv_ffn_zero=0
SUCCEED (one forward pass done)"
2c_balanced_mid,2,"60,61","50,50",all_0.6,ok,13.8998,71.9434,0.7751948833465576,"llama_context: graph splits = 1
attach_threadpool: call
threads: decode=2 batch=2
prompt tokens: 4
running one forward pass (llama_decode) ...
Top-5 next-token candidates:
  id=548 logit=12.187 piece="" pr""
  id=62 logit=11.6986 piece=""_""
  id=512 logit=11.4494 piece="" le""
  id=9985 logit=11.4267 piece=""CM""
  id=1315 logit=11.4123 piece=""ait""
Autoregressive generation:
Generated text:  pr
Decode-only throughput: 13.8998 tokens/s (1 tokens in 0.0719434 s of llama_decode)
End-to-end throughput: 13.8404 tokens/s (1 tokens in 0.0722523 s)
[decode-stage-profile] model_load=381.835 ms context_create=56.5192 ms tokenize=0.445604 ms prefill_decode=98.0242 ms generation_decode=71.9434 ms generation_total=72.2523 ms program_total=625.604 ms
[svd-local-op-profile] up_ops=56 gate_ops=56 down_ops=56 up_total=47.941 ms gate_total=48.176 ms down_total=24.470 ms up_v=7.542 ms gate_v=4.211 ms down_v=17.319 ms up_u=40.393 ms gate_u=43.962 ms down_u=7.145 ms
[svd-local-stage-profile] attention_total=1.468 ms ffn_total=122.355 ms ffn_svd_total=120.587 ms ffn_svd_v=29.072 ms ffn_svd_u=91.500 ms
[svd-offload-zero-profile] up_finish=0 up_cache=0 up_no_request=27 gate_finish=0 gate_cache=0 gate_no_request=27 down_finish=0 down_cache=0 down_no_request=27 other_finish=0 other_cache=0 other_no_request=0
[svd-local-timeout-profile] up_keep=0 up_drop=0 up_wait=0.000 ms gate_keep=0 gate_drop=0 gate_wait=0.000 ms down_keep=0 down_drop=0 down_wait=0.000 ms other_keep=0 other_drop=0 other_wait=0.000 ms
[svd-offload-client] up_gate_req=0 down_req=0 other_mat_req=0 ffn_req=0 gate_cache_hits=0 gate_cache_checks=0 miss_invalid=0 miss_layer=0 miss_rank=0 miss_hash=0 miss_output=0 miss_data=0 send_up_gate=0.000 ms send_down=0.000 ms send_other=0.000 ms send_ffn=0.000 ms wait_up_gate=0.000 ms wait_down=0.000 ms wait_other=0.000 ms wait_ffn=0.000 ms
[svd-offload-client-stage-profile] rpc_send_total=0.000 ms rpc_wait_total=0.000 ms
[svd-offload-client-debug] finish_fail_up_gate=0 finish_fail_down=0 finish_fail_other=0 finish_fail_ffn=0 cache_take_fail_up=0 cache_take_fail_gate=0 recv_up_sum_abs=0.000000e+00 recv_up_max_abs=0.000000e+00 recv_up_zero=0 recv_gate_sum_abs=0.000000e+00 recv_gate_max_abs=0.000000e+00 recv_gate_zero=0 recv_down_sum_abs=0.000000e+00 recv_down_max_abs=0.000000e+00 recv_down_zero=0 recv_other_sum_abs=0.000000e+00 recv_other_max_abs=0.000000e+00 recv_other_zero=0 recv_ffn_sum_abs=0.000000e+00 recv_ffn_max_abs=0.000000e+00 recv_ffn_zero=0
SUCCEED (one forward pass done)"
2c_balanced_mid,2,"60,61","50,50",all_0.7,ok,13.3248,75.0482,1.0669922828674316,"llama_context: graph splits = 1
attach_threadpool: call
threads: decode=2 batch=2
prompt tokens: 4
running one forward pass (llama_decode) ...
Top-5 next-token candidates:
  id=3055 logit=13.2411 piece="" once""
  id=107410 logit=12.3029 piece=""此后""
  id=32671 logit=12.0834 piece="" ______""
  id=106977 logit=11.1389 piece=""这一次""
  id=13184 logit=10.774 piece=""once""
Autoregressive generation:
Generated text:  once
Decode-only throughput: 13.3248 tokens/s (1 tokens in 0.0750482 s of llama_decode)
End-to-end throughput: 13.2714 tokens/s (1 tokens in 0.07535 s)
[decode-stage-profile] model_load=377.368 ms context_create=56.2991 ms tokenize=0.448573 ms prefill_decode=386.12 ms generation_decode=75.0482 ms generation_total=75.35 ms program_total=912.124 ms
[svd-local-op-profile] up_ops=56 gate_ops=56 down_ops=56 up_total=63.818 ms gate_total=59.233 ms down_total=40.895 ms up_v=10.381 ms gate_v=3.061 ms down_v=20.189 ms up_u=53.436 ms gate_u=56.168 ms down_u=20.703 ms
[svd-local-stage-profile] attention_total=57.853 ms ffn_total=186.401 ms ffn_svd_total=163.946 ms ffn_svd_v=33.631 ms ffn_svd_u=130.307 ms
[svd-offload-zero-profile] up_finish=0 up_cache=0 up_no_request=27 gate_finish=0 gate_cache=0 gate_no_request=27 down_finish=0 down_cache=0 down_no_request=27 other_finish=0 other_cache=0 other_no_request=0
[svd-local-timeout-profile] up_keep=0 up_drop=0 up_wait=0.000 ms gate_keep=0 gate_drop=0 gate_wait=0.000 ms down_keep=0 down_drop=0 down_wait=0.000 ms other_keep=0 other_drop=0 other_wait=0.000 ms
[svd-offload-client] up_gate_req=0 down_req=0 other_mat_req=0 ffn_req=0 gate_cache_hits=0 gate_cache_checks=0 miss_invalid=0 miss_layer=0 miss_rank=0 miss_hash=0 miss_output=0 miss_data=0 send_up_gate=0.000 ms send_down=0.000 ms send_other=0.000 ms send_ffn=0.000 ms wait_up_gate=0.000 ms wait_down=0.000 ms wait_other=0.000 ms wait_ffn=0.000 ms
[svd-offload-client-stage-profile] rpc_send_total=0.000 ms rpc_wait_total=0.000 ms
[svd-offload-client-debug] finish_fail_up_gate=0 finish_fail_down=0 finish_fail_other=0 finish_fail_ffn=0 cache_take_fail_up=0 cache_take_fail_gate=0 recv_up_sum_abs=0.000000e+00 recv_up_max_abs=0.000000e+00 recv_up_zero=0 recv_gate_sum_abs=0.000000e+00 recv_gate_max_abs=0.000000e+00 recv_gate_zero=0 recv_down_sum_abs=0.000000e+00 recv_down_max_abs=0.000000e+00 recv_down_zero=0 recv_other_sum_abs=0.000000e+00 recv_other_max_abs=0.000000e+00 recv_other_zero=0 recv_ffn_sum_abs=0.000000e+00 recv_ffn_max_abs=0.000000e+00 recv_ffn_zero=0
SUCCEED (one forward pass done)"
2c_balanced_mid,2,"60,61","50,50",all_0.8,ok,14.78,67.6589,0.7774674892425537,"llama_context: graph splits = 1
attach_threadpool: call
threads: decode=2 batch=2
prompt tokens: 4
running one forward pass (llama_decode) ...
Top-5 next-token candidates:
  id=11756 logit=10.845 piece="" fo""
  id=3761 logit=9.91297 piece="" ce""
  id=77 logit=9.83331 piece=""n""
  id=3055 logit=9.68496 piece="" once""
  id=87896 logit=9.28999 piece=""​​""
Autoregressive generation:
Generated text:  fo
Decode-only throughput: 14.78 tokens/s (1 tokens in 0.0676589 s of llama_decode)
End-to-end throughput: 14.7156 tokens/s (1 tokens in 0.0679552 s)
[decode-stage-profile] model_load=396.132 ms context_create=59.6781 ms tokenize=0.45926 ms prefill_decode=73.6283 ms generation_decode=67.6589 ms generation_total=67.9552 ms program_total=614.373 ms
[svd-local-op-profile] up_ops=56 gate_ops=56 down_ops=56 up_total=40.495 ms gate_total=36.538 ms down_total=15.378 ms up_v=2.603 ms gate_v=2.257 ms down_v=9.317 ms up_u=37.873 ms gate_u=34.276 ms down_u=6.057 ms
[svd-local-stage-profile] attention_total=1.475 ms ffn_total=94.120 ms ffn_svd_total=92.411 ms ffn_svd_v=14.177 ms ffn_svd_u=78.206 ms
[svd-offload-zero-profile] up_finish=0 up_cache=0 up_no_request=27 gate_finish=0 gate_cache=0 gate_no_request=27 down_finish=0 down_cache=0 down_no_request=27 other_finish=0 other_cache=0 other_no_request=0
[svd-local-timeout-profile] up_keep=0 up_drop=0 up_wait=0.000 ms gate_keep=0 gate_drop=0 gate_wait=0.000 ms down_keep=0 down_drop=0 down_wait=0.000 ms other_keep=0 other_drop=0 other_wait=0.000 ms
[svd-offload-client] up_gate_req=0 down_req=0 other_mat_req=0 ffn_req=0 gate_cache_hits=0 gate_cache_checks=0 miss_invalid=0 miss_layer=0 miss_rank=0 miss_hash=0 miss_output=0 miss_data=0 send_up_gate=0.000 ms send_down=0.000 ms send_other=0.000 ms send_ffn=0.000 ms wait_up_gate=0.000 ms wait_down=0.000 ms wait_other=0.000 ms wait_ffn=0.000 ms
[svd-offload-client-stage-profile] rpc_send_total=0.000 ms rpc_wait_total=0.000 ms
[svd-offload-client-debug] finish_fail_up_gate=0 finish_fail_down=0 finish_fail_other=0 finish_fail_ffn=0 cache_take_fail_up=0 cache_take_fail_gate=0 recv_up_sum_abs=0.000000e+00 recv_up_max_abs=0.000000e+00 recv_up_zero=0 recv_gate_sum_abs=0.000000e+00 recv_gate_max_abs=0.000000e+00 recv_gate_zero=0 recv_down_sum_abs=0.000000e+00 recv_down_max_abs=0.000000e+00 recv_down_zero=0 recv_other_sum_abs=0.000000e+00 recv_other_max_abs=0.000000e+00 recv_other_zero=0 recv_ffn_sum_abs=0.000000e+00 recv_ffn_max_abs=0.000000e+00 recv_ffn_zero=0
SUCCEED (one forward pass done)"
2c_balanced_mid,2,"60,61","50,50",all_0.85,ok,15.527,64.4041,0.7492773532867432,"prompt tokens: 4
running one forward pass (llama_decode) ...
Top-5 next-token candidates:
  id=3055 logit=12.7512 piece="" once""
  id=1440 logit=11.4885 piece=""ren""
  id=77 logit=11.3741 piece=""n""
  id=51030 logit=11.2286 piece=""...


""
  id=3761 logit=11.088 piece="" ce""
Autoregressive generation:
Generated text:  once
Decode-only throughput: 15.527 tokens/s (1 tokens in 0.0644041 s of llama_decode)
End-to-end throughput: 15.4538 tokens/s (1 tokens in 0.0647088 s)
[decode-stage-profile] model_load=393.602 ms context_create=56.0747 ms tokenize=0.471195 ms prefill_decode=67.0384 ms generation_decode=64.4041 ms generation_total=64.7088 ms program_total=602.468 ms
[svd-local-op-profile] up_ops=56 gate_ops=56 down_ops=56 up_total=34.161 ms gate_total=33.348 ms down_total=15.061 ms up_v=1.960 ms gate_v=1.828 ms down_v=9.360 ms up_u=32.194 ms gate_u=31.512 ms down_u=5.697 ms
[svd-local-stage-profile] attention_total=1.466 ms ffn_total=84.064 ms ffn_svd_total=82.570 ms ffn_svd_v=13.148 ms ffn_svd_u=69.403 ms
[svd-offload-zero-profile] up_finish=0 up_cache=0 up_no_request=27 gate_finish=0 gate_cache=0 gate_no_request=27 down_finish=0 down_cache=0 down_no_request=27 other_finish=0 other_cache=0 other_no_request=0
[svd-local-timeout-profile] up_keep=0 up_drop=0 up_wait=0.000 ms gate_keep=0 gate_drop=0 gate_wait=0.000 ms down_keep=0 down_drop=0 down_wait=0.000 ms other_keep=0 other_drop=0 other_wait=0.000 ms
[svd-offload-client] up_gate_req=0 down_req=0 other_mat_req=0 ffn_req=0 gate_cache_hits=0 gate_cache_checks=0 miss_invalid=0 miss_layer=0 miss_rank=0 miss_hash=0 miss_output=0 miss_data=0 send_up_gate=0.000 ms send_down=0.000 ms send_other=0.000 ms send_ffn=0.000 ms wait_up_gate=0.000 ms wait_down=0.000 ms wait_other=0.000 ms wait_ffn=0.000 ms
[svd-offload-client-stage-profile] rpc_send_total=0.000 ms rpc_wait_total=0.000 ms
[svd-offload-client-debug] finish_fail_up_gate=0 finish_fail_down=0 finish_fail_other=0 finish_fail_ffn=0 cache_take_fail_up=0 cache_take_fail_gate=0 recv_up_sum_abs=0.000000e+00 recv_up_max_abs=0.000000e+00 recv_up_zero=0 recv_gate_sum_abs=0.000000e+00 recv_gate_max_abs=0.000000e+00 recv_gate_zero=0 recv_down_sum_abs=0.000000e+00 recv_down_max_abs=0.000000e+00 recv_down_zero=0 recv_other_sum_abs=0.000000e+00 recv_other_max_abs=0.000000e+00 recv_other_zero=0 recv_ffn_sum_abs=0.000000e+00 recv_ffn_max_abs=0.000000e+00 recv_ffn_zero=0
SUCCEED (one forward pass done)"
2c_balanced_mid,2,"60,61","50,50",all_0.9,ok,21.1319,47.3217,0.7151370048522949,"llama_context: graph splits = 1
attach_threadpool: call
threads: decode=2 batch=2
prompt tokens: 4
running one forward pass (llama_decode) ...
Top-5 next-token candidates:
  id=3 logit=0 piece=""$""
  id=4 logit=0 piece=""%""
  id=1 logit=0 piece=""""""
  id=0 logit=0 piece=""!""
  id=2 logit=0 piece=""#""
Autoregressive generation:
Generated text: !
Decode-only throughput: 21.1319 tokens/s (1 tokens in 0.0473217 s of llama_decode)
End-to-end throughput: 20.9928 tokens/s (1 tokens in 0.0476354 s)
[decode-stage-profile] model_load=385.077 ms context_create=58.3919 ms tokenize=0.483223 ms prefill_decode=58.1899 ms generation_decode=47.3217 ms generation_total=47.6354 ms program_total=566.354 ms
[svd-local-op-profile] up_ops=56 gate_ops=56 down_ops=56 up_total=23.601 ms gate_total=25.063 ms down_total=9.056 ms up_v=1.287 ms gate_v=1.221 ms down_v=4.917 ms up_u=22.313 ms gate_u=23.835 ms down_u=4.132 ms
[svd-local-stage-profile] attention_total=1.397 ms ffn_total=59.104 ms ffn_svd_total=57.720 ms ffn_svd_v=7.425 ms ffn_svd_u=50.280 ms
[svd-offload-zero-profile] up_finish=0 up_cache=0 up_no_request=27 gate_finish=0 gate_cache=0 gate_no_request=27 down_finish=0 down_cache=0 down_no_request=27 other_finish=0 other_cache=0 other_no_request=0
[svd-local-timeout-profile] up_keep=0 up_drop=0 up_wait=0.000 ms gate_keep=0 gate_drop=0 gate_wait=0.000 ms down_keep=0 down_drop=0 down_wait=0.000 ms other_keep=0 other_drop=0 other_wait=0.000 ms
[svd-offload-client] up_gate_req=0 down_req=0 other_mat_req=0 ffn_req=0 gate_cache_hits=0 gate_cache_checks=0 miss_invalid=0 miss_layer=0 miss_rank=0 miss_hash=0 miss_output=0 miss_data=0 send_up_gate=0.000 ms send_down=0.000 ms send_other=0.000 ms send_ffn=0.000 ms wait_up_gate=0.000 ms wait_down=0.000 ms wait_other=0.000 ms wait_ffn=0.000 ms
[svd-offload-client-stage-profile] rpc_send_total=0.000 ms rpc_wait_total=0.000 ms
[svd-offload-client-debug] finish_fail_up_gate=0 finish_fail_down=0 finish_fail_other=0 finish_fail_ffn=0 cache_take_fail_up=0 cache_take_fail_gate=0 recv_up_sum_abs=0.000000e+00 recv_up_max_abs=0.000000e+00 recv_up_zero=0 recv_gate_sum_abs=0.000000e+00 recv_gate_max_abs=0.000000e+00 recv_gate_zero=0 recv_down_sum_abs=0.000000e+00 recv_down_max_abs=0.000000e+00 recv_down_zero=0 recv_other_sum_abs=0.000000e+00 recv_other_max_abs=0.000000e+00 recv_other_zero=0 recv_ffn_sum_abs=0.000000e+00 recv_ffn_max_abs=0.000000e+00 recv_ffn_zero=0
SUCCEED (one forward pass done)"
2c_balanced_mid,2,"60,61","50,50",odd_0.4,ok,12.4645,80.2276,0.8254451751708984,"llama_context: graph splits = 1
attach_threadpool: call
threads: decode=2 batch=2
prompt tokens: 4
running one forward pass (llama_decode) ...
Top-5 next-token candidates:
  id=3 logit=0 piece=""$""
  id=4 logit=0 piece=""%""
  id=1 logit=0 piece=""""""
  id=0 logit=0 piece=""!""
  id=2 logit=0 piece=""#""
Autoregressive generation:
Generated text: !
Decode-only throughput: 12.4645 tokens/s (1 tokens in 0.0802276 s of llama_decode)
End-to-end throughput: 12.4155 tokens/s (1 tokens in 0.0805445 s)
[decode-stage-profile] model_load=376.97 ms context_create=60.7915 ms tokenize=0.450908 ms prefill_decode=130.475 ms generation_decode=80.2276 ms generation_total=80.5445 ms program_total=665.983 ms
[svd-local-op-profile] up_ops=56 gate_ops=56 down_ops=56 up_total=58.173 ms gate_total=56.730 ms down_total=46.050 ms up_v=8.122 ms gate_v=7.817 ms down_v=37.268 ms up_u=50.047 ms gate_u=48.909 ms down_u=8.778 ms
[svd-local-stage-profile] attention_total=1.493 ms ffn_total=162.804 ms ffn_svd_total=160.953 ms ffn_svd_v=53.207 ms ffn_svd_u=107.734 ms
[svd-offload-zero-profile] up_finish=0 up_cache=0 up_no_request=27 gate_finish=0 gate_cache=0 gate_no_request=27 down_finish=0 down_cache=0 down_no_request=27 other_finish=0 other_cache=0 other_no_request=0
[svd-local-timeout-profile] up_keep=0 up_drop=0 up_wait=0.000 ms gate_keep=0 gate_drop=0 gate_wait=0.000 ms down_keep=0 down_drop=0 down_wait=0.000 ms other_keep=0 other_drop=0 other_wait=0.000 ms
[svd-offload-client] up_gate_req=0 down_req=0 other_mat_req=0 ffn_req=0 gate_cache_hits=0 gate_cache_checks=0 miss_invalid=0 miss_layer=0 miss_rank=0 miss_hash=0 miss_output=0 miss_data=0 send_up_gate=0.000 ms send_down=0.000 ms send_other=0.000 ms send_ffn=0.000 ms wait_up_gate=0.000 ms wait_down=0.000 ms wait_other=0.000 ms wait_ffn=0.000 ms
[svd-offload-client-stage-profile] rpc_send_total=0.000 ms rpc_wait_total=0.000 ms
[svd-offload-client-debug] finish_fail_up_gate=0 finish_fail_down=0 finish_fail_other=0 finish_fail_ffn=0 cache_take_fail_up=0 cache_take_fail_gate=0 recv_up_sum_abs=0.000000e+00 recv_up_max_abs=0.000000e+00 recv_up_zero=0 recv_gate_sum_abs=0.000000e+00 recv_gate_max_abs=0.000000e+00 recv_gate_zero=0 recv_down_sum_abs=0.000000e+00 recv_down_max_abs=0.000000e+00 recv_down_zero=0 recv_other_sum_abs=0.000000e+00 recv_other_max_abs=0.000000e+00 recv_other_zero=0 recv_ffn_sum_abs=0.000000e+00 recv_ffn_max_abs=0.000000e+00 recv_ffn_zero=0
SUCCEED (one forward pass done)"
2c_balanced_mid,2,"60,61","50,50",odd_0.5,ok,12.1964,81.9914,0.8187131881713867,"llama_context: graph splits = 1
attach_threadpool: call
threads: decode=2 batch=2
prompt tokens: 4
running one forward pass (llama_decode) ...
Top-5 next-token candidates:
  id=11 logit=16.8554 piece="",""
  id=304 logit=16.48 piece="" in""
  id=311 logit=16.0556 piece="" to""
  id=279 logit=15.9894 piece="" the""
  id=979 logit=15.8892 piece="" when""
Autoregressive generation:
Generated text: ,
Decode-only throughput: 12.1964 tokens/s (1 tokens in 0.0819914 s of llama_decode)
End-to-end throughput: 12.1508 tokens/s (1 tokens in 0.082299 s)
[decode-stage-profile] model_load=381.419 ms context_create=57.6591 ms tokenize=0.453882 ms prefill_decode=125.538 ms generation_decode=81.9914 ms generation_total=82.299 ms program_total=664.011 ms
[svd-local-op-profile] up_ops=56 gate_ops=56 down_ops=56 up_total=55.313 ms gate_total=54.880 ms down_total=43.861 ms up_v=7.479 ms gate_v=7.296 ms down_v=35.241 ms up_u=47.828 ms gate_u=47.582 ms down_u=8.619 ms
[svd-local-stage-profile] attention_total=1.446 ms ffn_total=155.770 ms ffn_svd_total=154.054 ms ffn_svd_v=50.016 ms ffn_svd_u=104.029 ms
[svd-offload-zero-profile] up_finish=0 up_cache=0 up_no_request=27 gate_finish=0 gate_cache=0 gate_no_request=27 down_finish=0 down_cache=0 down_no_request=27 other_finish=0 other_cache=0 other_no_request=0
[svd-local-timeout-profile] up_keep=0 up_drop=0 up_wait=0.000 ms gate_keep=0 gate_drop=0 gate_wait=0.000 ms down_keep=0 down_drop=0 down_wait=0.000 ms other_keep=0 other_drop=0 other_wait=0.000 ms
[svd-offload-client] up_gate_req=0 down_req=0 other_mat_req=0 ffn_req=0 gate_cache_hits=0 gate_cache_checks=0 miss_invalid=0 miss_layer=0 miss_rank=0 miss_hash=0 miss_output=0 miss_data=0 send_up_gate=0.000 ms send_down=0.000 ms send_other=0.000 ms send_ffn=0.000 ms wait_up_gate=0.000 ms wait_down=0.000 ms wait_other=0.000 ms wait_ffn=0.000 ms
[svd-offload-client-stage-profile] rpc_send_total=0.000 ms rpc_wait_total=0.000 ms
[svd-offload-client-debug] finish_fail_up_gate=0 finish_fail_down=0 finish_fail_other=0 finish_fail_ffn=0 cache_take_fail_up=0 cache_take_fail_gate=0 recv_up_sum_abs=0.000000e+00 recv_up_max_abs=0.000000e+00 recv_up_zero=0 recv_gate_sum_abs=0.000000e+00 recv_gate_max_abs=0.000000e+00 recv_gate_zero=0 recv_down_sum_abs=0.000000e+00 recv_down_max_abs=0.000000e+00 recv_down_zero=0 recv_other_sum_abs=0.000000e+00 recv_other_max_abs=0.000000e+00 recv_other_zero=0 recv_ffn_sum_abs=0.000000e+00 recv_ffn_max_abs=0.000000e+00 recv_ffn_zero=0
SUCCEED (one forward pass done)"
2c_balanced_mid,2,"60,61","50,50",odd_0.6,ok,12.1907,82.0298,0.7990663051605225,"llama_context: graph splits = 1
attach_threadpool: call
threads: decode=2 batch=2
prompt tokens: 4
running one forward pass (llama_decode) ...
Top-5 next-token candidates:
  id=3 logit=0 piece=""$""
  id=4 logit=0 piece=""%""
  id=1 logit=0 piece=""""""
  id=0 logit=0 piece=""!""
  id=2 logit=0 piece=""#""
Autoregressive generation:
Generated text: !
Decode-only throughput: 12.1907 tokens/s (1 tokens in 0.0820298 s of llama_decode)
End-to-end throughput: 12.1438 tokens/s (1 tokens in 0.0823467 s)
[decode-stage-profile] model_load=376.237 ms context_create=56.3144 ms tokenize=0.449568 ms prefill_decode=119.775 ms generation_decode=82.0298 ms generation_total=82.3467 ms program_total=651.798 ms
[svd-local-op-profile] up_ops=56 gate_ops=56 down_ops=56 up_total=61.501 ms gate_total=53.944 ms down_total=37.309 ms up_v=7.067 ms gate_v=6.835 ms down_v=28.840 ms up_u=54.426 ms gate_u=47.103 ms down_u=8.468 ms
[svd-local-stage-profile] attention_total=1.526 ms ffn_total=154.468 ms ffn_svd_total=152.754 ms ffn_svd_v=42.742 ms ffn_svd_u=109.997 ms
[svd-offload-zero-profile] up_finish=0 up_cache=0 up_no_request=27 gate_finish=0 gate_cache=0 gate_no_request=27 down_finish=0 down_cache=0 down_no_request=27 other_finish=0 other_cache=0 other_no_request=0
[svd-local-timeout-profile] up_keep=0 up_drop=0 up_wait=0.000 ms gate_keep=0 gate_drop=0 gate_wait=0.000 ms down_keep=0 down_drop=0 down_wait=0.000 ms other_keep=0 other_drop=0 other_wait=0.000 ms
[svd-offload-client] up_gate_req=0 down_req=0 other_mat_req=0 ffn_req=0 gate_cache_hits=0 gate_cache_checks=0 miss_invalid=0 miss_layer=0 miss_rank=0 miss_hash=0 miss_output=0 miss_data=0 send_up_gate=0.000 ms send_down=0.000 ms send_other=0.000 ms send_ffn=0.000 ms wait_up_gate=0.000 ms wait_down=0.000 ms wait_other=0.000 ms wait_ffn=0.000 ms
[svd-offload-client-stage-profile] rpc_send_total=0.000 ms rpc_wait_total=0.000 ms
[svd-offload-client-debug] finish_fail_up_gate=0 finish_fail_down=0 finish_fail_other=0 finish_fail_ffn=0 cache_take_fail_up=0 cache_take_fail_gate=0 recv_up_sum_abs=0.000000e+00 recv_up_max_abs=0.000000e+00 recv_up_zero=0 recv_gate_sum_abs=0.000000e+00 recv_gate_max_abs=0.000000e+00 recv_gate_zero=0 recv_down_sum_abs=0.000000e+00 recv_down_max_abs=0.000000e+00 recv_down_zero=0 recv_other_sum_abs=0.000000e+00 recv_other_max_abs=0.000000e+00 recv_other_zero=0 recv_ffn_sum_abs=0.000000e+00 recv_ffn_max_abs=0.000000e+00 recv_ffn_zero=0
SUCCEED (one forward pass done)"
2c_balanced_mid,2,"60,61","50,50",odd_0.7,ok,12.7623,78.3559,0.7901182174682617,"llama_context: graph splits = 1
attach_threadpool: call
threads: decode=2 batch=2
prompt tokens: 4
running one forward pass (llama_decode) ...
Top-5 next-token candidates:
  id=3 logit=0 piece=""$""
  id=4 logit=0 piece=""%""
  id=1 logit=0 piece=""""""
  id=0 logit=0 piece=""!""
  id=2 logit=0 piece=""#""
Autoregressive generation:
Generated text: !
Decode-only throughput: 12.7623 tokens/s (1 tokens in 0.0783559 s of llama_decode)
End-to-end throughput: 12.7106 tokens/s (1 tokens in 0.0786745 s)
[decode-stage-profile] model_load=381.02 ms context_create=55.7314 ms tokenize=0.456748 ms prefill_decode=119.965 ms generation_decode=78.3559 ms generation_total=78.6745 ms program_total=652.361 ms
[svd-local-op-profile] up_ops=56 gate_ops=56 down_ops=56 up_total=61.378 ms gate_total=52.679 ms down_total=35.189 ms up_v=6.599 ms gate_v=6.390 ms down_v=26.862 ms up_u=54.773 ms gate_u=46.283 ms down_u=8.322 ms
[svd-local-stage-profile] attention_total=1.468 ms ffn_total=150.840 ms ffn_svd_total=149.246 ms ffn_svd_v=39.851 ms ffn_svd_u=109.378 ms
[svd-offload-zero-profile] up_finish=0 up_cache=0 up_no_request=27 gate_finish=0 gate_cache=0 gate_no_request=27 down_finish=0 down_cache=0 down_no_request=27 other_finish=0 other_cache=0 other_no_request=0
[svd-local-timeout-profile] up_keep=0 up_drop=0 up_wait=0.000 ms gate_keep=0 gate_drop=0 gate_wait=0.000 ms down_keep=0 down_drop=0 down_wait=0.000 ms other_keep=0 other_drop=0 other_wait=0.000 ms
[svd-offload-client] up_gate_req=0 down_req=0 other_mat_req=0 ffn_req=0 gate_cache_hits=0 gate_cache_checks=0 miss_invalid=0 miss_layer=0 miss_rank=0 miss_hash=0 miss_output=0 miss_data=0 send_up_gate=0.000 ms send_down=0.000 ms send_other=0.000 ms send_ffn=0.000 ms wait_up_gate=0.000 ms wait_down=0.000 ms wait_other=0.000 ms wait_ffn=0.000 ms
[svd-offload-client-stage-profile] rpc_send_total=0.000 ms rpc_wait_total=0.000 ms
[svd-offload-client-debug] finish_fail_up_gate=0 finish_fail_down=0 finish_fail_other=0 finish_fail_ffn=0 cache_take_fail_up=0 cache_take_fail_gate=0 recv_up_sum_abs=0.000000e+00 recv_up_max_abs=0.000000e+00 recv_up_zero=0 recv_gate_sum_abs=0.000000e+00 recv_gate_max_abs=0.000000e+00 recv_gate_zero=0 recv_down_sum_abs=0.000000e+00 recv_down_max_abs=0.000000e+00 recv_down_zero=0 recv_other_sum_abs=0.000000e+00 recv_other_max_abs=0.000000e+00 recv_other_zero=0 recv_ffn_sum_abs=0.000000e+00 recv_ffn_max_abs=0.000000e+00 recv_ffn_zero=0
SUCCEED (one forward pass done)"
2c_balanced_mid,2,"60,61","50,50",odd_0.8,ok,12.6773,78.881,0.810988187789917,"llama_context: graph splits = 1
attach_threadpool: call
threads: decode=2 batch=2
prompt tokens: 4
running one forward pass (llama_decode) ...
Top-5 next-token candidates:
  id=3 logit=0 piece=""$""
  id=4 logit=0 piece=""%""
  id=1 logit=0 piece=""""""
  id=0 logit=0 piece=""!""
  id=2 logit=0 piece=""#""
Autoregressive generation:
Generated text: !
Decode-only throughput: 12.6773 tokens/s (1 tokens in 0.078881 s of llama_decode)
End-to-end throughput: 12.6272 tokens/s (1 tokens in 0.0791941 s)
[decode-stage-profile] model_load=378.987 ms context_create=60.3317 ms tokenize=0.456373 ms prefill_decode=113.939 ms generation_decode=78.881 ms generation_total=79.1941 ms program_total=649.558 ms
[svd-local-op-profile] up_ops=56 gate_ops=56 down_ops=56 up_total=50.915 ms gate_total=50.367 ms down_total=38.251 ms up_v=6.160 ms gate_v=5.958 ms down_v=27.280 ms up_u=44.746 ms gate_u=44.404 ms down_u=10.964 ms
[svd-local-stage-profile] attention_total=5.502 ms ffn_total=141.168 ms ffn_svd_total=139.533 ms ffn_svd_v=39.398 ms ffn_svd_u=100.114 ms
[svd-offload-zero-profile] up_finish=0 up_cache=0 up_no_request=27 gate_finish=0 gate_cache=0 gate_no_request=27 down_finish=0 down_cache=0 down_no_request=27 other_finish=0 other_cache=0 other_no_request=0
[svd-local-timeout-profile] up_keep=0 up_drop=0 up_wait=0.000 ms gate_keep=0 gate_drop=0 gate_wait=0.000 ms down_keep=0 down_drop=0 down_wait=0.000 ms other_keep=0 other_drop=0 other_wait=0.000 ms
[svd-offload-client] up_gate_req=0 down_req=0 other_mat_req=0 ffn_req=0 gate_cache_hits=0 gate_cache_checks=0 miss_invalid=0 miss_layer=0 miss_rank=0 miss_hash=0 miss_output=0 miss_data=0 send_up_gate=0.000 ms send_down=0.000 ms send_other=0.000 ms send_ffn=0.000 ms wait_up_gate=0.000 ms wait_down=0.000 ms wait_other=0.000 ms wait_ffn=0.000 ms
[svd-offload-client-stage-profile] rpc_send_total=0.000 ms rpc_wait_total=0.000 ms
[svd-offload-client-debug] finish_fail_up_gate=0 finish_fail_down=0 finish_fail_other=0 finish_fail_ffn=0 cache_take_fail_up=0 cache_take_fail_gate=0 recv_up_sum_abs=0.000000e+00 recv_up_max_abs=0.000000e+00 recv_up_zero=0 recv_gate_sum_abs=0.000000e+00 recv_gate_max_abs=0.000000e+00 recv_gate_zero=0 recv_down_sum_abs=0.000000e+00 recv_down_max_abs=0.000000e+00 recv_down_zero=0 recv_other_sum_abs=0.000000e+00 recv_other_max_abs=0.000000e+00 recv_other_zero=0 recv_ffn_sum_abs=0.000000e+00 recv_ffn_max_abs=0.000000e+00 recv_ffn_zero=0
SUCCEED (one forward pass done)"
2c_balanced_mid,2,"60,61","50,50",odd_0.85,ok,13.2448,75.5014,0.7946476936340332,"llama_context: graph splits = 1
attach_threadpool: call
threads: decode=2 batch=2
prompt tokens: 4
running one forward pass (llama_decode) ...
Top-5 next-token candidates:
  id=3 logit=0 piece=""$""
  id=4 logit=0 piece=""%""
  id=1 logit=0 piece=""""""
  id=0 logit=0 piece=""!""
  id=2 logit=0 piece=""#""
Autoregressive generation:
Generated text: !
Decode-only throughput: 13.2448 tokens/s (1 tokens in 0.0755014 s of llama_decode)
End-to-end throughput: 13.1887 tokens/s (1 tokens in 0.0758224 s)
[decode-stage-profile] model_load=378.502 ms context_create=58.4187 ms tokenize=0.462239 ms prefill_decode=109.379 ms generation_decode=75.5014 ms generation_total=75.8224 ms program_total=639.16 ms
[svd-local-op-profile] up_ops=56 gate_ops=56 down_ops=56 up_total=50.389 ms gate_total=49.313 ms down_total=36.117 ms up_v=5.842 ms gate_v=5.783 ms down_v=28.279 ms up_u=44.542 ms gate_u=43.525 ms down_u=7.833 ms
[svd-local-stage-profile] attention_total=1.429 ms ffn_total=137.436 ms ffn_svd_total=135.819 ms ffn_svd_v=39.904 ms ffn_svd_u=95.900 ms
[svd-offload-zero-profile] up_finish=0 up_cache=0 up_no_request=27 gate_finish=0 gate_cache=0 gate_no_request=27 down_finish=0 down_cache=0 down_no_request=27 other_finish=0 other_cache=0 other_no_request=0
[svd-local-timeout-profile] up_keep=0 up_drop=0 up_wait=0.000 ms gate_keep=0 gate_drop=0 gate_wait=0.000 ms down_keep=0 down_drop=0 down_wait=0.000 ms other_keep=0 other_drop=0 other_wait=0.000 ms
[svd-offload-client] up_gate_req=0 down_req=0 other_mat_req=0 ffn_req=0 gate_cache_hits=0 gate_cache_checks=0 miss_invalid=0 miss_layer=0 miss_rank=0 miss_hash=0 miss_output=0 miss_data=0 send_up_gate=0.000 ms send_down=0.000 ms send_other=0.000 ms send_ffn=0.000 ms wait_up_gate=0.000 ms wait_down=0.000 ms wait_other=0.000 ms wait_ffn=0.000 ms
[svd-offload-client-stage-profile] rpc_send_total=0.000 ms rpc_wait_total=0.000 ms
[svd-offload-client-debug] finish_fail_up_gate=0 finish_fail_down=0 finish_fail_other=0 finish_fail_ffn=0 cache_take_fail_up=0 cache_take_fail_gate=0 recv_up_sum_abs=0.000000e+00 recv_up_max_abs=0.000000e+00 recv_up_zero=0 recv_gate_sum_abs=0.000000e+00 recv_gate_max_abs=0.000000e+00 recv_gate_zero=0 recv_down_sum_abs=0.000000e+00 recv_down_max_abs=0.000000e+00 recv_down_zero=0 recv_other_sum_abs=0.000000e+00 recv_other_max_abs=0.000000e+00 recv_other_zero=0 recv_ffn_sum_abs=0.000000e+00 recv_ffn_max_abs=0.000000e+00 recv_ffn_zero=0
SUCCEED (one forward pass done)"
2c_balanced_mid,2,"60,61","50,50",odd_0.9,ok,15.3719,65.0539,0.7801997661590576,"llama_context: graph splits = 1
attach_threadpool: call
threads: decode=2 batch=2
prompt tokens: 4
running one forward pass (llama_decode) ...
Top-5 next-token candidates:
  id=3 logit=0 piece=""$""
  id=4 logit=0 piece=""%""
  id=1 logit=0 piece=""""""
  id=0 logit=0 piece=""!""
  id=2 logit=0 piece=""#""
Autoregressive generation:
Generated text: !
Decode-only throughput: 15.3719 tokens/s (1 tokens in 0.0650539 s of llama_decode)
End-to-end throughput: 15.2986 tokens/s (1 tokens in 0.0653654 s)
[decode-stage-profile] model_load=380.641 ms context_create=56.3002 ms tokenize=0.458267 ms prefill_decode=102.255 ms generation_decode=65.0539 ms generation_total=65.3654 ms program_total=621.527 ms
[svd-local-op-profile] up_ops=56 gate_ops=56 down_ops=56 up_total=44.711 ms gate_total=43.391 ms down_total=29.580 ms up_v=5.470 ms gate_v=5.423 ms down_v=22.792 ms up_u=39.237 ms gate_u=37.966 ms down_u=6.787 ms
[svd-local-stage-profile] attention_total=1.426 ms ffn_total=119.154 ms ffn_svd_total=117.682 ms ffn_svd_v=33.685 ms ffn_svd_u=83.990 ms
[svd-offload-zero-profile] up_finish=0 up_cache=0 up_no_request=27 gate_finish=0 gate_cache=0 gate_no_request=27 down_finish=0 down_cache=0 down_no_request=27 other_finish=0 other_cache=0 other_no_request=0
[svd-local-timeout-profile] up_keep=0 up_drop=0 up_wait=0.000 ms gate_keep=0 gate_drop=0 gate_wait=0.000 ms down_keep=0 down_drop=0 down_wait=0.000 ms other_keep=0 other_drop=0 other_wait=0.000 ms
[svd-offload-client] up_gate_req=0 down_req=0 other_mat_req=0 ffn_req=0 gate_cache_hits=0 gate_cache_checks=0 miss_invalid=0 miss_layer=0 miss_rank=0 miss_hash=0 miss_output=0 miss_data=0 send_up_gate=0.000 ms send_down=0.000 ms send_other=0.000 ms send_ffn=0.000 ms wait_up_gate=0.000 ms wait_down=0.000 ms wait_other=0.000 ms wait_ffn=0.000 ms
[svd-offload-client-stage-profile] rpc_send_total=0.000 ms rpc_wait_total=0.000 ms
[svd-offload-client-debug] finish_fail_up_gate=0 finish_fail_down=0 finish_fail_other=0 finish_fail_ffn=0 cache_take_fail_up=0 cache_take_fail_gate=0 recv_up_sum_abs=0.000000e+00 recv_up_max_abs=0.000000e+00 recv_up_zero=0 recv_gate_sum_abs=0.000000e+00 recv_gate_max_abs=0.000000e+00 recv_gate_zero=0 recv_down_sum_abs=0.000000e+00 recv_down_max_abs=0.000000e+00 recv_down_zero=0 recv_other_sum_abs=0.000000e+00 recv_other_max_abs=0.000000e+00 recv_other_zero=0 recv_ffn_sum_abs=0.000000e+00 recv_ffn_max_abs=0.000000e+00 recv_ffn_zero=0
SUCCEED (one forward pass done)"
2c_balanced_mid,2,"60,61","50,50",even_0.4,ok,12.0963,82.6698,0.8088181018829346,"llama_context: graph splits = 1
attach_threadpool: call
threads: decode=2 batch=2
prompt tokens: 4
running one forward pass (llama_decode) ...
Top-5 next-token candidates:
  id=3 logit=0 piece=""$""
  id=4 logit=0 piece=""%""
  id=1 logit=0 piece=""""""
  id=0 logit=0 piece=""!""
  id=2 logit=0 piece=""#""
Autoregressive generation:
Generated text: !
Decode-only throughput: 12.0963 tokens/s (1 tokens in 0.0826698 s of llama_decode)
End-to-end throughput: 12.0514 tokens/s (1 tokens in 0.0829778 s)
[decode-stage-profile] model_load=382.269 ms context_create=56.688 ms tokenize=0.460695 ms prefill_decode=124.955 ms generation_decode=82.6698 ms generation_total=82.9778 ms program_total=663.919 ms
[svd-local-op-profile] up_ops=56 gate_ops=56 down_ops=56 up_total=59.807 ms gate_total=55.718 ms down_total=43.331 ms up_v=7.862 ms gate_v=7.687 ms down_v=33.069 ms up_u=51.939 ms gate_u=48.026 ms down_u=10.256 ms
[svd-local-stage-profile] attention_total=1.447 ms ffn_total=160.598 ms ffn_svd_total=158.856 ms ffn_svd_v=48.618 ms ffn_svd_u=110.221 ms
[svd-offload-zero-profile] up_finish=0 up_cache=0 up_no_request=27 gate_finish=0 gate_cache=0 gate_no_request=27 down_finish=0 down_cache=0 down_no_request=27 other_finish=0 other_cache=0 other_no_request=0
[svd-local-timeout-profile] up_keep=0 up_drop=0 up_wait=0.000 ms gate_keep=0 gate_drop=0 gate_wait=0.000 ms down_keep=0 down_drop=0 down_wait=0.000 ms other_keep=0 other_drop=0 other_wait=0.000 ms
[svd-offload-client] up_gate_req=0 down_req=0 other_mat_req=0 ffn_req=0 gate_cache_hits=0 gate_cache_checks=0 miss_invalid=0 miss_layer=0 miss_rank=0 miss_hash=0 miss_output=0 miss_data=0 send_up_gate=0.000 ms send_down=0.000 ms send_other=0.000 ms send_ffn=0.000 ms wait_up_gate=0.000 ms wait_down=0.000 ms wait_other=0.000 ms wait_ffn=0.000 ms
[svd-offload-client-stage-profile] rpc_send_total=0.000 ms rpc_wait_total=0.000 ms
[svd-offload-client-debug] finish_fail_up_gate=0 finish_fail_down=0 finish_fail_other=0 finish_fail_ffn=0 cache_take_fail_up=0 cache_take_fail_gate=0 recv_up_sum_abs=0.000000e+00 recv_up_max_abs=0.000000e+00 recv_up_zero=0 recv_gate_sum_abs=0.000000e+00 recv_gate_max_abs=0.000000e+00 recv_gate_zero=0 recv_down_sum_abs=0.000000e+00 recv_down_max_abs=0.000000e+00 recv_down_zero=0 recv_other_sum_abs=0.000000e+00 recv_other_max_abs=0.000000e+00 recv_other_zero=0 recv_ffn_sum_abs=0.000000e+00 recv_ffn_max_abs=0.000000e+00 recv_ffn_zero=0
SUCCEED (one forward pass done)"
2c_balanced_mid,2,"60,61","50,50",even_0.5,ok,12.8359,77.9063,0.8078534603118896,"attach_threadpool: call
threads: decode=2 batch=2
prompt tokens: 4
running one forward pass (llama_decode) ...
Top-5 next-token candidates:
  id=3837 logit=20.3897 piece=""，""
  id=41453 logit=19.3109 piece=""，
""
  id=11 logit=18.7653 piece="",""
  id=304 logit=18.5229 piece="" in""
  id=389 logit=18.2494 piece="" on""
Autoregressive generation:
Generated text: ，
Decode-only throughput: 12.8359 tokens/s (1 tokens in 0.0779063 s of llama_decode)
End-to-end throughput: 12.7851 tokens/s (1 tokens in 0.0782159 s)
[decode-stage-profile] model_load=376.043 ms context_create=56.9855 ms tokenize=0.460195 ms prefill_decode=122.178 ms generation_decode=77.9063 ms generation_total=78.2159 ms program_total=650.398 ms
[svd-local-op-profile] up_ops=56 gate_ops=56 down_ops=56 up_total=54.370 ms gate_total=54.089 ms down_total=39.594 ms up_v=7.315 ms gate_v=7.206 ms down_v=31.096 ms up_u=47.051 ms gate_u=46.874 ms down_u=8.492 ms
[svd-local-stage-profile] attention_total=1.416 ms ffn_total=149.716 ms ffn_svd_total=148.053 ms ffn_svd_v=45.617 ms ffn_svd_u=102.417 ms
[svd-offload-zero-profile] up_finish=0 up_cache=0 up_no_request=27 gate_finish=0 gate_cache=0 gate_no_request=27 down_finish=0 down_cache=0 down_no_request=27 other_finish=0 other_cache=0 other_no_request=0
[svd-local-timeout-profile] up_keep=0 up_drop=0 up_wait=0.000 ms gate_keep=0 gate_drop=0 gate_wait=0.000 ms down_keep=0 down_drop=0 down_wait=0.000 ms other_keep=0 other_drop=0 other_wait=0.000 ms
[svd-offload-client] up_gate_req=0 down_req=0 other_mat_req=0 ffn_req=0 gate_cache_hits=0 gate_cache_checks=0 miss_invalid=0 miss_layer=0 miss_rank=0 miss_hash=0 miss_output=0 miss_data=0 send_up_gate=0.000 ms send_down=0.000 ms send_other=0.000 ms send_ffn=0.000 ms wait_up_gate=0.000 ms wait_down=0.000 ms wait_other=0.000 ms wait_ffn=0.000 ms
[svd-offload-client-stage-profile] rpc_send_total=0.000 ms rpc_wait_total=0.000 ms
[svd-offload-client-debug] finish_fail_up_gate=0 finish_fail_down=0 finish_fail_other=0 finish_fail_ffn=0 cache_take_fail_up=0 cache_take_fail_gate=0 recv_up_sum_abs=0.000000e+00 recv_up_max_abs=0.000000e+00 recv_up_zero=0 recv_gate_sum_abs=0.000000e+00 recv_gate_max_abs=0.000000e+00 recv_gate_zero=0 recv_down_sum_abs=0.000000e+00 recv_down_max_abs=0.000000e+00 recv_down_zero=0 recv_other_sum_abs=0.000000e+00 recv_other_max_abs=0.000000e+00 recv_other_zero=0 recv_ffn_sum_abs=0.000000e+00 recv_ffn_max_abs=0.000000e+00 recv_ffn_zero=0
SUCCEED (one forward pass done)"
2c_balanced_mid,2,"60,61","50,50",even_0.6,ok,12.7669,78.3273,0.7965302467346191,"llama_context: graph splits = 1
attach_threadpool: call
threads: decode=2 batch=2
prompt tokens: 4
running one forward pass (llama_decode) ...
Top-5 next-token candidates:
  id=3 logit=0 piece=""$""
  id=4 logit=0 piece=""%""
  id=1 logit=0 piece=""""""
  id=0 logit=0 piece=""!""
  id=2 logit=0 piece=""#""
Autoregressive generation:
Generated text: !
Decode-only throughput: 12.7669 tokens/s (1 tokens in 0.0783273 s of llama_decode)
End-to-end throughput: 12.7169 tokens/s (1 tokens in 0.0786355 s)
[decode-stage-profile] model_load=373.811 ms context_create=56.6378 ms tokenize=0.46856 ms prefill_decode=118.229 ms generation_decode=78.3273 ms generation_total=78.6355 ms program_total=644.628 ms
[svd-local-op-profile] up_ops=56 gate_ops=56 down_ops=56 up_total=53.708 ms gate_total=56.256 ms down_total=37.621 ms up_v=7.039 ms gate_v=9.837 ms down_v=29.302 ms up_u=46.660 ms gate_u=46.415 ms down_u=8.316 ms
[svd-local-stage-profile] attention_total=1.425 ms ffn_total=149.395 ms ffn_svd_total=147.585 ms ffn_svd_v=46.178 ms ffn_svd_u=101.391 ms
[svd-offload-zero-profile] up_finish=0 up_cache=0 up_no_request=27 gate_finish=0 gate_cache=0 gate_no_request=27 down_finish=0 down_cache=0 down_no_request=27 other_finish=0 other_cache=0 other_no_request=0
[svd-local-timeout-profile] up_keep=0 up_drop=0 up_wait=0.000 ms gate_keep=0 gate_drop=0 gate_wait=0.000 ms down_keep=0 down_drop=0 down_wait=0.000 ms other_keep=0 other_drop=0 other_wait=0.000 ms
[svd-offload-client] up_gate_req=0 down_req=0 other_mat_req=0 ffn_req=0 gate_cache_hits=0 gate_cache_checks=0 miss_invalid=0 miss_layer=0 miss_rank=0 miss_hash=0 miss_output=0 miss_data=0 send_up_gate=0.000 ms send_down=0.000 ms send_other=0.000 ms send_ffn=0.000 ms wait_up_gate=0.000 ms wait_down=0.000 ms wait_other=0.000 ms wait_ffn=0.000 ms
[svd-offload-client-stage-profile] rpc_send_total=0.000 ms rpc_wait_total=0.000 ms
[svd-offload-client-debug] finish_fail_up_gate=0 finish_fail_down=0 finish_fail_other=0 finish_fail_ffn=0 cache_take_fail_up=0 cache_take_fail_gate=0 recv_up_sum_abs=0.000000e+00 recv_up_max_abs=0.000000e+00 recv_up_zero=0 recv_gate_sum_abs=0.000000e+00 recv_gate_max_abs=0.000000e+00 recv_gate_zero=0 recv_down_sum_abs=0.000000e+00 recv_down_max_abs=0.000000e+00 recv_down_zero=0 recv_other_sum_abs=0.000000e+00 recv_other_max_abs=0.000000e+00 recv_other_zero=0 recv_ffn_sum_abs=0.000000e+00 recv_ffn_max_abs=0.000000e+00 recv_ffn_zero=0
SUCCEED (one forward pass done)"
2c_balanced_mid,2,"60,61","50,50",even_0.7,ok,12.2479,81.6469,0.7909183502197266,"llama_context: graph splits = 1
attach_threadpool: call
threads: decode=2 batch=2
prompt tokens: 4
running one forward pass (llama_decode) ...
Top-5 next-token candidates:
  id=3 logit=0 piece=""$""
  id=4 logit=0 piece=""%""
  id=1 logit=0 piece=""""""
  id=0 logit=0 piece=""!""
  id=2 logit=0 piece=""#""
Autoregressive generation:
Generated text: !
Decode-only throughput: 12.2479 tokens/s (1 tokens in 0.0816469 s of llama_decode)
End-to-end throughput: 12.202 tokens/s (1 tokens in 0.0819539 s)
[decode-stage-profile] model_load=378.701 ms context_create=55.4275 ms tokenize=0.454706 ms prefill_decode=112.416 ms generation_decode=81.6469 ms generation_total=81.9539 ms program_total=645.513 ms
[svd-local-op-profile] up_ops=56 gate_ops=56 down_ops=56 up_total=51.693 ms gate_total=54.349 ms down_total=38.698 ms up_v=6.378 ms gate_v=6.130 ms down_v=30.603 ms up_u=45.314 ms gate_u=48.213 ms down_u=8.091 ms
[svd-local-stage-profile] attention_total=1.468 ms ffn_total=146.305 ms ffn_svd_total=144.740 ms ffn_svd_v=43.111 ms ffn_svd_u=101.618 ms
[svd-offload-zero-profile] up_finish=0 up_cache=0 up_no_request=27 gate_finish=0 gate_cache=0 gate_no_request=27 down_finish=0 down_cache=0 down_no_request=27 other_finish=0 other_cache=0 other_no_request=0
[svd-local-timeout-profile] up_keep=0 up_drop=0 up_wait=0.000 ms gate_keep=0 gate_drop=0 gate_wait=0.000 ms down_keep=0 down_drop=0 down_wait=0.000 ms other_keep=0 other_drop=0 other_wait=0.000 ms
[svd-offload-client] up_gate_req=0 down_req=0 other_mat_req=0 ffn_req=0 gate_cache_hits=0 gate_cache_checks=0 miss_invalid=0 miss_layer=0 miss_rank=0 miss_hash=0 miss_output=0 miss_data=0 send_up_gate=0.000 ms send_down=0.000 ms send_other=0.000 ms send_ffn=0.000 ms wait_up_gate=0.000 ms wait_down=0.000 ms wait_other=0.000 ms wait_ffn=0.000 ms
[svd-offload-client-stage-profile] rpc_send_total=0.000 ms rpc_wait_total=0.000 ms
[svd-offload-client-debug] finish_fail_up_gate=0 finish_fail_down=0 finish_fail_other=0 finish_fail_ffn=0 cache_take_fail_up=0 cache_take_fail_gate=0 recv_up_sum_abs=0.000000e+00 recv_up_max_abs=0.000000e+00 recv_up_zero=0 recv_gate_sum_abs=0.000000e+00 recv_gate_max_abs=0.000000e+00 recv_gate_zero=0 recv_down_sum_abs=0.000000e+00 recv_down_max_abs=0.000000e+00 recv_down_zero=0 recv_other_sum_abs=0.000000e+00 recv_other_max_abs=0.000000e+00 recv_other_zero=0 recv_ffn_sum_abs=0.000000e+00 recv_ffn_max_abs=0.000000e+00 recv_ffn_zero=0
SUCCEED (one forward pass done)"
2c_balanced_mid,2,"60,61","50,50",even_0.8,ok,12.6166,79.2605,0.7969036102294922,"llama_context: graph splits = 1
attach_threadpool: call
threads: decode=2 batch=2
prompt tokens: 4
running one forward pass (llama_decode) ...
Top-5 next-token candidates:
  id=3 logit=0 piece=""$""
  id=4 logit=0 piece=""%""
  id=1 logit=0 piece=""""""
  id=0 logit=0 piece=""!""
  id=2 logit=0 piece=""#""
Autoregressive generation:
Generated text: !
Decode-only throughput: 12.6166 tokens/s (1 tokens in 0.0792605 s of llama_decode)
End-to-end throughput: 12.5659 tokens/s (1 tokens in 0.0795807 s)
[decode-stage-profile] model_load=380.012 ms context_create=57.0145 ms tokenize=0.452842 ms prefill_decode=108.369 ms generation_decode=79.2605 ms generation_total=79.5807 ms program_total=642.002 ms
[svd-local-op-profile] up_ops=56 gate_ops=56 down_ops=56 up_total=52.558 ms gate_total=53.203 ms down_total=32.908 ms up_v=5.975 ms gate_v=5.833 ms down_v=25.136 ms up_u=46.575 ms gate_u=47.366 ms down_u=7.769 ms
[svd-local-stage-profile] attention_total=1.472 ms ffn_total=140.422 ms ffn_svd_total=138.669 ms ffn_svd_v=36.944 ms ffn_svd_u=101.710 ms
[svd-offload-zero-profile] up_finish=0 up_cache=0 up_no_request=27 gate_finish=0 gate_cache=0 gate_no_request=27 down_finish=0 down_cache=0 down_no_request=27 other_finish=0 other_cache=0 other_no_request=0
[svd-local-timeout-profile] up_keep=0 up_drop=0 up_wait=0.000 ms gate_keep=0 gate_drop=0 gate_wait=0.000 ms down_keep=0 down_drop=0 down_wait=0.000 ms other_keep=0 other_drop=0 other_wait=0.000 ms
[svd-offload-client] up_gate_req=0 down_req=0 other_mat_req=0 ffn_req=0 gate_cache_hits=0 gate_cache_checks=0 miss_invalid=0 miss_layer=0 miss_rank=0 miss_hash=0 miss_output=0 miss_data=0 send_up_gate=0.000 ms send_down=0.000 ms send_other=0.000 ms send_ffn=0.000 ms wait_up_gate=0.000 ms wait_down=0.000 ms wait_other=0.000 ms wait_ffn=0.000 ms
[svd-offload-client-stage-profile] rpc_send_total=0.000 ms rpc_wait_total=0.000 ms
[svd-offload-client-debug] finish_fail_up_gate=0 finish_fail_down=0 finish_fail_other=0 finish_fail_ffn=0 cache_take_fail_up=0 cache_take_fail_gate=0 recv_up_sum_abs=0.000000e+00 recv_up_max_abs=0.000000e+00 recv_up_zero=0 recv_gate_sum_abs=0.000000e+00 recv_gate_max_abs=0.000000e+00 recv_gate_zero=0 recv_down_sum_abs=0.000000e+00 recv_down_max_abs=0.000000e+00 recv_down_zero=0 recv_other_sum_abs=0.000000e+00 recv_other_max_abs=0.000000e+00 recv_other_zero=0 recv_ffn_sum_abs=0.000000e+00 recv_ffn_max_abs=0.000000e+00 recv_ffn_zero=0
SUCCEED (one forward pass done)"
2c_balanced_mid,2,"60,61","50,50",even_0.85,ok,13.366,74.8166,0.7989072799682617,"llama_context: graph splits = 1
attach_threadpool: call
threads: decode=2 batch=2
prompt tokens: 4
running one forward pass (llama_decode) ...
Top-5 next-token candidates:
  id=3 logit=0 piece=""$""
  id=4 logit=0 piece=""%""
  id=1 logit=0 piece=""""""
  id=0 logit=0 piece=""!""
  id=2 logit=0 piece=""#""
Autoregressive generation:
Generated text: !
Decode-only throughput: 13.366 tokens/s (1 tokens in 0.0748166 s of llama_decode)
End-to-end throughput: 13.3108 tokens/s (1 tokens in 0.0751272 s)
[decode-stage-profile] model_load=383.896 ms context_create=59.8141 ms tokenize=0.455148 ms prefill_decode=110.396 ms generation_decode=74.8166 ms generation_total=75.1272 ms program_total=646.347 ms
[svd-local-op-profile] up_ops=56 gate_ops=56 down_ops=56 up_total=48.381 ms gate_total=51.674 ms down_total=31.734 ms up_v=5.816 ms gate_v=5.609 ms down_v=24.136 ms up_u=42.559 ms gate_u=46.054 ms down_u=7.594 ms
[svd-local-stage-profile] attention_total=1.487 ms ffn_total=133.437 ms ffn_svd_total=131.789 ms ffn_svd_v=35.561 ms ffn_svd_u=96.207 ms
[svd-offload-zero-profile] up_finish=0 up_cache=0 up_no_request=27 gate_finish=0 gate_cache=0 gate_no_request=27 down_finish=0 down_cache=0 down_no_request=27 other_finish=0 other_cache=0 other_no_request=0
[svd-local-timeout-profile] up_keep=0 up_drop=0 up_wait=0.000 ms gate_keep=0 gate_drop=0 gate_wait=0.000 ms down_keep=0 down_drop=0 down_wait=0.000 ms other_keep=0 other_drop=0 other_wait=0.000 ms
[svd-offload-client] up_gate_req=0 down_req=0 other_mat_req=0 ffn_req=0 gate_cache_hits=0 gate_cache_checks=0 miss_invalid=0 miss_layer=0 miss_rank=0 miss_hash=0 miss_output=0 miss_data=0 send_up_gate=0.000 ms send_down=0.000 ms send_other=0.000 ms send_ffn=0.000 ms wait_up_gate=0.000 ms wait_down=0.000 ms wait_other=0.000 ms wait_ffn=0.000 ms
[svd-offload-client-stage-profile] rpc_send_total=0.000 ms rpc_wait_total=0.000 ms
[svd-offload-client-debug] finish_fail_up_gate=0 finish_fail_down=0 finish_fail_other=0 finish_fail_ffn=0 cache_take_fail_up=0 cache_take_fail_gate=0 recv_up_sum_abs=0.000000e+00 recv_up_max_abs=0.000000e+00 recv_up_zero=0 recv_gate_sum_abs=0.000000e+00 recv_gate_max_abs=0.000000e+00 recv_gate_zero=0 recv_down_sum_abs=0.000000e+00 recv_down_max_abs=0.000000e+00 recv_down_zero=0 recv_other_sum_abs=0.000000e+00 recv_other_max_abs=0.000000e+00 recv_other_zero=0 recv_ffn_sum_abs=0.000000e+00 recv_ffn_max_abs=0.000000e+00 recv_ffn_zero=0
SUCCEED (one forward pass done)"
2c_balanced_mid,2,"60,61","50,50",even_0.9,ok,15.1693,65.9228,0.7787942886352539,"llama_context: graph splits = 1
attach_threadpool: call
threads: decode=2 batch=2
prompt tokens: 4
running one forward pass (llama_decode) ...
Top-5 next-token candidates:
  id=3 logit=0 piece=""$""
  id=4 logit=0 piece=""%""
  id=1 logit=0 piece=""""""
  id=0 logit=0 piece=""!""
  id=2 logit=0 piece=""#""
Autoregressive generation:
Generated text: !
Decode-only throughput: 15.1693 tokens/s (1 tokens in 0.0659228 s of llama_decode)
End-to-end throughput: 15.1003 tokens/s (1 tokens in 0.0662239 s)
[decode-stage-profile] model_load=385.761 ms context_create=57.4299 ms tokenize=0.453586 ms prefill_decode=99.6768 ms generation_decode=65.9228 ms generation_total=66.2239 ms program_total=625.946 ms
[svd-local-op-profile] up_ops=56 gate_ops=56 down_ops=56 up_total=42.942 ms gate_total=44.501 ms down_total=29.710 ms up_v=5.487 ms gate_v=5.304 ms down_v=22.907 ms up_u=37.454 ms gate_u=39.193 ms down_u=6.800 ms
[svd-local-stage-profile] attention_total=1.431 ms ffn_total=118.611 ms ffn_svd_total=117.153 ms ffn_svd_v=33.698 ms ffn_svd_u=83.447 ms
[svd-offload-zero-profile] up_finish=0 up_cache=0 up_no_request=27 gate_finish=0 gate_cache=0 gate_no_request=27 down_finish=0 down_cache=0 down_no_request=27 other_finish=0 other_cache=0 other_no_request=0
[svd-local-timeout-profile] up_keep=0 up_drop=0 up_wait=0.000 ms gate_keep=0 gate_drop=0 gate_wait=0.000 ms down_keep=0 down_drop=0 down_wait=0.000 ms other_keep=0 other_drop=0 other_wait=0.000 ms
[svd-offload-client] up_gate_req=0 down_req=0 other_mat_req=0 ffn_req=0 gate_cache_hits=0 gate_cache_checks=0 miss_invalid=0 miss_layer=0 miss_rank=0 miss_hash=0 miss_output=0 miss_data=0 send_up_gate=0.000 ms send_down=0.000 ms send_other=0.000 ms send_ffn=0.000 ms wait_up_gate=0.000 ms wait_down=0.000 ms wait_other=0.000 ms wait_ffn=0.000 ms
[svd-offload-client-stage-profile] rpc_send_total=0.000 ms rpc_wait_total=0.000 ms
[svd-offload-client-debug] finish_fail_up_gate=0 finish_fail_down=0 finish_fail_other=0 finish_fail_ffn=0 cache_take_fail_up=0 cache_take_fail_gate=0 recv_up_sum_abs=0.000000e+00 recv_up_max_abs=0.000000e+00 recv_up_zero=0 recv_gate_sum_abs=0.000000e+00 recv_gate_max_abs=0.000000e+00 recv_gate_zero=0 recv_down_sum_abs=0.000000e+00 recv_down_max_abs=0.000000e+00 recv_down_zero=0 recv_other_sum_abs=0.000000e+00 recv_other_max_abs=0.000000e+00 recv_other_zero=0 recv_ffn_sum_abs=0.000000e+00 recv_ffn_max_abs=0.000000e+00 recv_ffn_zero=0
SUCCEED (one forward pass done)"
2c_balanced_mid,2,"60,61","50,50",mod3_0_0.4,ok,12.4066,80.6023,0.8152139186859131,"llama_context: graph splits = 1
attach_threadpool: call
threads: decode=2 batch=2
prompt tokens: 4
running one forward pass (llama_decode) ...
Top-5 next-token candidates:
  id=44028 logit=19.3422 piece=""ató""
  id=93918 logit=17.3997 piece=""arov""
  id=98657 logit=16.898 piece=""ôme""
  id=49561 logit=16.6052 piece=""phinx""
  id=31889 logit=16.1291 piece=""DMI""
Autoregressive generation:
Generated text: ató
Decode-only throughput: 12.4066 tokens/s (1 tokens in 0.0806023 s of llama_decode)
End-to-end throughput: 12.3603 tokens/s (1 tokens in 0.0809039 s)
[decode-stage-profile] model_load=377.375 ms context_create=57.1454 ms tokenize=0.462873 ms prefill_decode=136.737 ms generation_decode=80.6023 ms generation_total=80.9039 ms program_total=669.303 ms
[svd-local-op-profile] up_ops=56 gate_ops=56 down_ops=56 up_total=58.936 ms gate_total=58.885 ms down_total=44.993 ms up_v=8.614 ms gate_v=8.180 ms down_v=35.960 ms up_u=50.317 ms gate_u=50.702 ms down_u=9.029 ms
[svd-local-stage-profile] attention_total=1.514 ms ffn_total=164.611 ms ffn_svd_total=162.814 ms ffn_svd_v=52.754 ms ffn_svd_u=110.048 ms
[svd-offload-zero-profile] up_finish=0 up_cache=0 up_no_request=27 gate_finish=0 gate_cache=0 gate_no_request=27 down_finish=0 down_cache=0 down_no_request=27 other_finish=0 other_cache=0 other_no_request=0
[svd-local-timeout-profile] up_keep=0 up_drop=0 up_wait=0.000 ms gate_keep=0 gate_drop=0 gate_wait=0.000 ms down_keep=0 down_drop=0 down_wait=0.000 ms other_keep=0 other_drop=0 other_wait=0.000 ms
[svd-offload-client] up_gate_req=0 down_req=0 other_mat_req=0 ffn_req=0 gate_cache_hits=0 gate_cache_checks=0 miss_invalid=0 miss_layer=0 miss_rank=0 miss_hash=0 miss_output=0 miss_data=0 send_up_gate=0.000 ms send_down=0.000 ms send_other=0.000 ms send_ffn=0.000 ms wait_up_gate=0.000 ms wait_down=0.000 ms wait_other=0.000 ms wait_ffn=0.000 ms
[svd-offload-client-stage-profile] rpc_send_total=0.000 ms rpc_wait_total=0.000 ms
[svd-offload-client-debug] finish_fail_up_gate=0 finish_fail_down=0 finish_fail_other=0 finish_fail_ffn=0 cache_take_fail_up=0 cache_take_fail_gate=0 recv_up_sum_abs=0.000000e+00 recv_up_max_abs=0.000000e+00 recv_up_zero=0 recv_gate_sum_abs=0.000000e+00 recv_gate_max_abs=0.000000e+00 recv_gate_zero=0 recv_down_sum_abs=0.000000e+00 recv_down_max_abs=0.000000e+00 recv_down_zero=0 recv_other_sum_abs=0.000000e+00 recv_other_max_abs=0.000000e+00 recv_other_zero=0 recv_ffn_sum_abs=0.000000e+00 recv_ffn_max_abs=0.000000e+00 recv_ffn_zero=0
SUCCEED (one forward pass done)"
2c_balanced_mid,2,"60,61","50,50",mod3_0_0.5,ok,11.8176,84.6198,0.8153772354125977,"llama_context: graph splits = 1
attach_threadpool: call
threads: decode=2 batch=2
prompt tokens: 4
running one forward pass (llama_decode) ...
Top-5 next-token candidates:
  id=304 logit=17.3063 piece="" in""
  id=11 logit=17.1614 piece="",""
  id=1052 logit=16.6123 piece="" there""
  id=572 logit=16.0526 piece="" was""
  id=358 logit=16.0227 piece="" I""
Autoregressive generation:
Generated text:  in
Decode-only throughput: 11.8176 tokens/s (1 tokens in 0.0846198 s of llama_decode)
End-to-end throughput: 11.7749 tokens/s (1 tokens in 0.0849262 s)
[decode-stage-profile] model_load=380.111 ms context_create=56.5331 ms tokenize=0.461946 ms prefill_decode=129.631 ms generation_decode=84.6198 ms generation_total=84.9262 ms program_total=668.126 ms
[svd-local-op-profile] up_ops=56 gate_ops=56 down_ops=56 up_total=60.296 ms gate_total=61.195 ms down_total=43.245 ms up_v=7.995 ms gate_v=7.869 ms down_v=34.382 ms up_u=52.296 ms gate_u=53.323 ms down_u=8.859 ms
[svd-local-stage-profile] attention_total=1.462 ms ffn_total=166.467 ms ffn_svd_total=164.736 ms ffn_svd_v=50.246 ms ffn_svd_u=114.478 ms
[svd-offload-zero-profile] up_finish=0 up_cache=0 up_no_request=27 gate_finish=0 gate_cache=0 gate_no_request=27 down_finish=0 down_cache=0 down_no_request=27 other_finish=0 other_cache=0 other_no_request=0
[svd-local-timeout-profile] up_keep=0 up_drop=0 up_wait=0.000 ms gate_keep=0 gate_drop=0 gate_wait=0.000 ms down_keep=0 down_drop=0 down_wait=0.000 ms other_keep=0 other_drop=0 other_wait=0.000 ms
[svd-offload-client] up_gate_req=0 down_req=0 other_mat_req=0 ffn_req=0 gate_cache_hits=0 gate_cache_checks=0 miss_invalid=0 miss_layer=0 miss_rank=0 miss_hash=0 miss_output=0 miss_data=0 send_up_gate=0.000 ms send_down=0.000 ms send_other=0.000 ms send_ffn=0.000 ms wait_up_gate=0.000 ms wait_down=0.000 ms wait_other=0.000 ms wait_ffn=0.000 ms
[svd-offload-client-stage-profile] rpc_send_total=0.000 ms rpc_wait_total=0.000 ms
[svd-offload-client-debug] finish_fail_up_gate=0 finish_fail_down=0 finish_fail_other=0 finish_fail_ffn=0 cache_take_fail_up=0 cache_take_fail_gate=0 recv_up_sum_abs=0.000000e+00 recv_up_max_abs=0.000000e+00 recv_up_zero=0 recv_gate_sum_abs=0.000000e+00 recv_gate_max_abs=0.000000e+00 recv_gate_zero=0 recv_down_sum_abs=0.000000e+00 recv_down_max_abs=0.000000e+00 recv_down_zero=0 recv_other_sum_abs=0.000000e+00 recv_other_max_abs=0.000000e+00 recv_other_zero=0 recv_ffn_sum_abs=0.000000e+00 recv_ffn_max_abs=0.000000e+00 recv_ffn_zero=0
SUCCEED (one forward pass done)"
2c_balanced_mid,2,"60,61","50,50",mod3_0_0.6,ok,12.4315,80.4409,0.8171787261962891,"llama_context: graph splits = 1
attach_threadpool: call
threads: decode=2 batch=2
prompt tokens: 4
running one forward pass (llama_decode) ...
Top-5 next-token candidates:
  id=3 logit=0 piece=""$""
  id=4 logit=0 piece=""%""
  id=1 logit=0 piece=""""""
  id=0 logit=0 piece=""!""
  id=2 logit=0 piece=""#""
Autoregressive generation:
Generated text: !
Decode-only throughput: 12.4315 tokens/s (1 tokens in 0.0804409 s of llama_decode)
End-to-end throughput: 12.3847 tokens/s (1 tokens in 0.0807446 s)
[decode-stage-profile] model_load=376.793 ms context_create=60.6448 ms tokenize=0.448448 ms prefill_decode=133.09 ms generation_decode=80.4409 ms generation_total=80.7446 ms program_total=668.41 ms
[svd-local-op-profile] up_ops=56 gate_ops=56 down_ops=56 up_total=57.002 ms gate_total=57.090 ms down_total=49.995 ms up_v=7.769 ms gate_v=7.658 ms down_v=41.074 ms up_u=49.229 ms gate_u=49.424 ms down_u=8.916 ms
[svd-local-stage-profile] attention_total=1.460 ms ffn_total=165.908 ms ffn_svd_total=164.087 ms ffn_svd_v=56.501 ms ffn_svd_u=107.569 ms
[svd-offload-zero-profile] up_finish=0 up_cache=0 up_no_request=27 gate_finish=0 gate_cache=0 gate_no_request=27 down_finish=0 down_cache=0 down_no_request=27 other_finish=0 other_cache=0 other_no_request=0
[svd-local-timeout-profile] up_keep=0 up_drop=0 up_wait=0.000 ms gate_keep=0 gate_drop=0 gate_wait=0.000 ms down_keep=0 down_drop=0 down_wait=0.000 ms other_keep=0 other_drop=0 other_wait=0.000 ms
[svd-offload-client] up_gate_req=0 down_req=0 other_mat_req=0 ffn_req=0 gate_cache_hits=0 gate_cache_checks=0 miss_invalid=0 miss_layer=0 miss_rank=0 miss_hash=0 miss_output=0 miss_data=0 send_up_gate=0.000 ms send_down=0.000 ms send_other=0.000 ms send_ffn=0.000 ms wait_up_gate=0.000 ms wait_down=0.000 ms wait_other=0.000 ms wait_ffn=0.000 ms
[svd-offload-client-stage-profile] rpc_send_total=0.000 ms rpc_wait_total=0.000 ms
[svd-offload-client-debug] finish_fail_up_gate=0 finish_fail_down=0 finish_fail_other=0 finish_fail_ffn=0 cache_take_fail_up=0 cache_take_fail_gate=0 recv_up_sum_abs=0.000000e+00 recv_up_max_abs=0.000000e+00 recv_up_zero=0 recv_gate_sum_abs=0.000000e+00 recv_gate_max_abs=0.000000e+00 recv_gate_zero=0 recv_down_sum_abs=0.000000e+00 recv_down_max_abs=0.000000e+00 recv_down_zero=0 recv_other_sum_abs=0.000000e+00 recv_other_max_abs=0.000000e+00 recv_other_zero=0 recv_ffn_sum_abs=0.000000e+00 recv_ffn_max_abs=0.000000e+00 recv_ffn_zero=0
SUCCEED (one forward pass done)"
2c_balanced_mid,2,"60,61","50,50",mod3_0_0.7,ok,12.3958,80.6725,0.8250107765197754,"llama_context: graph splits = 1
attach_threadpool: call
threads: decode=2 batch=2
prompt tokens: 4
running one forward pass (llama_decode) ...
Top-5 next-token candidates:
  id=3 logit=0 piece=""$""
  id=4 logit=0 piece=""%""
  id=1 logit=0 piece=""""""
  id=0 logit=0 piece=""!""
  id=2 logit=0 piece=""#""
Autoregressive generation:
Generated text: !
Decode-only throughput: 12.3958 tokens/s (1 tokens in 0.0806725 s of llama_decode)
End-to-end throughput: 12.3477 tokens/s (1 tokens in 0.0809865 s)
[decode-stage-profile] model_load=384.225 ms context_create=59.8673 ms tokenize=0.455574 ms prefill_decode=124.355 ms generation_decode=80.6725 ms generation_total=80.9865 ms program_total=666.356 ms
[svd-local-op-profile] up_ops=56 gate_ops=56 down_ops=56 up_total=56.372 ms gate_total=59.959 ms down_total=39.894 ms up_v=7.608 ms gate_v=7.264 ms down_v=31.138 ms up_u=48.759 ms gate_u=52.691 ms down_u=8.751 ms
[svd-local-stage-profile] attention_total=1.406 ms ffn_total=157.968 ms ffn_svd_total=156.225 ms ffn_svd_v=46.010 ms ffn_svd_u=110.201 ms
[svd-offload-zero-profile] up_finish=0 up_cache=0 up_no_request=27 gate_finish=0 gate_cache=0 gate_no_request=27 down_finish=0 down_cache=0 down_no_request=27 other_finish=0 other_cache=0 other_no_request=0
[svd-local-timeout-profile] up_keep=0 up_drop=0 up_wait=0.000 ms gate_keep=0 gate_drop=0 gate_wait=0.000 ms down_keep=0 down_drop=0 down_wait=0.000 ms other_keep=0 other_drop=0 other_wait=0.000 ms
[svd-offload-client] up_gate_req=0 down_req=0 other_mat_req=0 ffn_req=0 gate_cache_hits=0 gate_cache_checks=0 miss_invalid=0 miss_layer=0 miss_rank=0 miss_hash=0 miss_output=0 miss_data=0 send_up_gate=0.000 ms send_down=0.000 ms send_other=0.000 ms send_ffn=0.000 ms wait_up_gate=0.000 ms wait_down=0.000 ms wait_other=0.000 ms wait_ffn=0.000 ms
[svd-offload-client-stage-profile] rpc_send_total=0.000 ms rpc_wait_total=0.000 ms
[svd-offload-client-debug] finish_fail_up_gate=0 finish_fail_down=0 finish_fail_other=0 finish_fail_ffn=0 cache_take_fail_up=0 cache_take_fail_gate=0 recv_up_sum_abs=0.000000e+00 recv_up_max_abs=0.000000e+00 recv_up_zero=0 recv_gate_sum_abs=0.000000e+00 recv_gate_max_abs=0.000000e+00 recv_gate_zero=0 recv_down_sum_abs=0.000000e+00 recv_down_max_abs=0.000000e+00 recv_down_zero=0 recv_other_sum_abs=0.000000e+00 recv_other_max_abs=0.000000e+00 recv_other_zero=0 recv_ffn_sum_abs=0.000000e+00 recv_ffn_max_abs=0.000000e+00 recv_ffn_zero=0
SUCCEED (one forward pass done)"
2c_balanced_mid,2,"60,61","50,50",mod3_0_0.8,ok,11.5915,86.2699,0.8163795471191406,"llama_context: graph splits = 1
attach_threadpool: call
threads: decode=2 batch=2
prompt tokens: 4
running one forward pass (llama_decode) ...
Top-5 next-token candidates:
  id=3 logit=0 piece=""$""
  id=4 logit=0 piece=""%""
  id=1 logit=0 piece=""""""
  id=0 logit=0 piece=""!""
  id=2 logit=0 piece=""#""
Autoregressive generation:
Generated text: !
Decode-only throughput: 11.5915 tokens/s (1 tokens in 0.0862699 s of llama_decode)
End-to-end throughput: 11.5491 tokens/s (1 tokens in 0.0865867 s)
[decode-stage-profile] model_load=380.872 ms context_create=56.2626 ms tokenize=0.455967 ms prefill_decode=117.113 ms generation_decode=86.2699 ms generation_total=86.5867 ms program_total=657.81 ms
[svd-local-op-profile] up_ops=56 gate_ops=56 down_ops=56 up_total=58.349 ms gate_total=58.067 ms down_total=38.280 ms up_v=7.221 ms gate_v=6.942 ms down_v=29.839 ms up_u=51.122 ms gate_u=51.123 ms down_u=8.438 ms
[svd-local-stage-profile] attention_total=1.440 ms ffn_total=156.465 ms ffn_svd_total=154.696 ms ffn_svd_v=44.002 ms ffn_svd_u=110.683 ms
[svd-offload-zero-profile] up_finish=0 up_cache=0 up_no_request=27 gate_finish=0 gate_cache=0 gate_no_request=27 down_finish=0 down_cache=0 down_no_request=27 other_finish=0 other_cache=0 other_no_request=0
[svd-local-timeout-profile] up_keep=0 up_drop=0 up_wait=0.000 ms gate_keep=0 gate_drop=0 gate_wait=0.000 ms down_keep=0 down_drop=0 down_wait=0.000 ms other_keep=0 other_drop=0 other_wait=0.000 ms
[svd-offload-client] up_gate_req=0 down_req=0 other_mat_req=0 ffn_req=0 gate_cache_hits=0 gate_cache_checks=0 miss_invalid=0 miss_layer=0 miss_rank=0 miss_hash=0 miss_output=0 miss_data=0 send_up_gate=0.000 ms send_down=0.000 ms send_other=0.000 ms send_ffn=0.000 ms wait_up_gate=0.000 ms wait_down=0.000 ms wait_other=0.000 ms wait_ffn=0.000 ms
[svd-offload-client-stage-profile] rpc_send_total=0.000 ms rpc_wait_total=0.000 ms
[svd-offload-client-debug] finish_fail_up_gate=0 finish_fail_down=0 finish_fail_other=0 finish_fail_ffn=0 cache_take_fail_up=0 cache_take_fail_gate=0 recv_up_sum_abs=0.000000e+00 recv_up_max_abs=0.000000e+00 recv_up_zero=0 recv_gate_sum_abs=0.000000e+00 recv_gate_max_abs=0.000000e+00 recv_gate_zero=0 recv_down_sum_abs=0.000000e+00 recv_down_max_abs=0.000000e+00 recv_down_zero=0 recv_other_sum_abs=0.000000e+00 recv_other_max_abs=0.000000e+00 recv_other_zero=0 recv_ffn_sum_abs=0.000000e+00 recv_ffn_max_abs=0.000000e+00 recv_ffn_zero=0
SUCCEED (one forward pass done)"
2c_balanced_mid,2,"60,61","50,50",mod3_0_0.85,ok,12.2485,81.6429,1.1386189460754395,"llama_context: graph splits = 1
attach_threadpool: call
threads: decode=2 batch=2
prompt tokens: 4
running one forward pass (llama_decode) ...
Top-5 next-token candidates:
  id=2329 logit=8.80436 piece="" law""
  id=5302 logit=8.74699 piece="" states""
  id=1508 logit=8.6286 piece="" ob""
  id=112919 logit=8.47637 piece=""下面是小""
  id=45786 logit=8.30119 piece="" DataFrame""
Autoregressive generation:
Generated text:  law
Decode-only throughput: 12.2485 tokens/s (1 tokens in 0.0816429 s of llama_decode)
End-to-end throughput: 12.2027 tokens/s (1 tokens in 0.0819494 s)
[decode-stage-profile] model_load=375.155 ms context_create=57.2509 ms tokenize=0.464681 ms prefill_decode=452.083 ms generation_decode=81.6429 ms generation_total=81.9494 ms program_total=983.796 ms
[svd-local-op-profile] up_ops=56 gate_ops=56 down_ops=56 up_total=68.122 ms gate_total=53.216 ms down_total=58.573 ms up_v=6.905 ms gate_v=6.846 ms down_v=36.371 ms up_u=61.211 ms gate_u=46.363 ms down_u=22.194 ms
[svd-local-stage-profile] attention_total=60.444 ms ffn_total=195.634 ms ffn_svd_total=179.911 ms ffn_svd_v=50.122 ms ffn_svd_u=129.768 ms
[svd-offload-zero-profile] up_finish=0 up_cache=0 up_no_request=27 gate_finish=0 gate_cache=0 gate_no_request=27 down_finish=0 down_cache=0 down_no_request=27 other_finish=0 other_cache=0 other_no_request=0
[svd-local-timeout-profile] up_keep=0 up_drop=0 up_wait=0.000 ms gate_keep=0 gate_drop=0 gate_wait=0.000 ms down_keep=0 down_drop=0 down_wait=0.000 ms other_keep=0 other_drop=0 other_wait=0.000 ms
[svd-offload-client] up_gate_req=0 down_req=0 other_mat_req=0 ffn_req=0 gate_cache_hits=0 gate_cache_checks=0 miss_invalid=0 miss_layer=0 miss_rank=0 miss_hash=0 miss_output=0 miss_data=0 send_up_gate=0.000 ms send_down=0.000 ms send_other=0.000 ms send_ffn=0.000 ms wait_up_gate=0.000 ms wait_down=0.000 ms wait_other=0.000 ms wait_ffn=0.000 ms
[svd-offload-client-stage-profile] rpc_send_total=0.000 ms rpc_wait_total=0.000 ms
[svd-offload-client-debug] finish_fail_up_gate=0 finish_fail_down=0 finish_fail_other=0 finish_fail_ffn=0 cache_take_fail_up=0 cache_take_fail_gate=0 recv_up_sum_abs=0.000000e+00 recv_up_max_abs=0.000000e+00 recv_up_zero=0 recv_gate_sum_abs=0.000000e+00 recv_gate_max_abs=0.000000e+00 recv_gate_zero=0 recv_down_sum_abs=0.000000e+00 recv_down_max_abs=0.000000e+00 recv_down_zero=0 recv_other_sum_abs=0.000000e+00 recv_other_max_abs=0.000000e+00 recv_other_zero=0 recv_ffn_sum_abs=0.000000e+00 recv_ffn_max_abs=0.000000e+00 recv_ffn_zero=0
SUCCEED (one forward pass done)"
2c_balanced_mid,2,"60,61","50,50",mod3_0_0.9,ok,13.2533,75.4527,0.7972815036773682,"llama_context: graph splits = 1
attach_threadpool: call
threads: decode=2 batch=2
prompt tokens: 4
running one forward pass (llama_decode) ...
Top-5 next-token candidates:
  id=3 logit=0 piece=""$""
  id=4 logit=0 piece=""%""
  id=1 logit=0 piece=""""""
  id=0 logit=0 piece=""!""
  id=2 logit=0 piece=""#""
Autoregressive generation:
Generated text: !
Decode-only throughput: 13.2533 tokens/s (1 tokens in 0.0754527 s of llama_decode)
End-to-end throughput: 13.1993 tokens/s (1 tokens in 0.0757618 s)
[decode-stage-profile] model_load=380.545 ms context_create=57.3329 ms tokenize=0.456995 ms prefill_decode=113.47 ms generation_decode=75.4527 ms generation_total=75.7618 ms program_total=644.069 ms
[svd-local-op-profile] up_ops=56 gate_ops=56 down_ops=56 up_total=49.272 ms gate_total=48.956 ms down_total=36.096 ms up_v=6.664 ms gate_v=6.569 ms down_v=28.389 ms up_u=42.599 ms gate_u=42.382 ms down_u=7.702 ms
[svd-local-stage-profile] attention_total=1.398 ms ffn_total=135.820 ms ffn_svd_total=134.324 ms ffn_svd_v=41.622 ms ffn_svd_u=92.683 ms
[svd-offload-zero-profile] up_finish=0 up_cache=0 up_no_request=27 gate_finish=0 gate_cache=0 gate_no_request=27 down_finish=0 down_cache=0 down_no_request=27 other_finish=0 other_cache=0 other_no_request=0
[svd-local-timeout-profile] up_keep=0 up_drop=0 up_wait=0.000 ms gate_keep=0 gate_drop=0 gate_wait=0.000 ms down_keep=0 down_drop=0 down_wait=0.000 ms other_keep=0 other_drop=0 other_wait=0.000 ms
[svd-offload-client] up_gate_req=0 down_req=0 other_mat_req=0 ffn_req=0 gate_cache_hits=0 gate_cache_checks=0 miss_invalid=0 miss_layer=0 miss_rank=0 miss_hash=0 miss_output=0 miss_data=0 send_up_gate=0.000 ms send_down=0.000 ms send_other=0.000 ms send_ffn=0.000 ms wait_up_gate=0.000 ms wait_down=0.000 ms wait_other=0.000 ms wait_ffn=0.000 ms
[svd-offload-client-stage-profile] rpc_send_total=0.000 ms rpc_wait_total=0.000 ms
[svd-offload-client-debug] finish_fail_up_gate=0 finish_fail_down=0 finish_fail_other=0 finish_fail_ffn=0 cache_take_fail_up=0 cache_take_fail_gate=0 recv_up_sum_abs=0.000000e+00 recv_up_max_abs=0.000000e+00 recv_up_zero=0 recv_gate_sum_abs=0.000000e+00 recv_gate_max_abs=0.000000e+00 recv_gate_zero=0 recv_down_sum_abs=0.000000e+00 recv_down_max_abs=0.000000e+00 recv_down_zero=0 recv_other_sum_abs=0.000000e+00 recv_other_max_abs=0.000000e+00 recv_other_zero=0 recv_ffn_sum_abs=0.000000e+00 recv_ffn_max_abs=0.000000e+00 recv_ffn_zero=0
SUCCEED (one forward pass done)"
2c_balanced_mid,2,"60,61","50,50",mod3_1_0.4,ok,12.4281,80.4631,0.8130576610565186,"llama_context: graph splits = 1
attach_threadpool: call
threads: decode=2 batch=2
prompt tokens: 4
running one forward pass (llama_decode) ...
Top-5 next-token candidates:
  id=3 logit=0 piece=""$""
  id=4 logit=0 piece=""%""
  id=1 logit=0 piece=""""""
  id=0 logit=0 piece=""!""
  id=2 logit=0 piece=""#""
Autoregressive generation:
Generated text: !
Decode-only throughput: 12.4281 tokens/s (1 tokens in 0.0804631 s of llama_decode)
End-to-end throughput: 12.3793 tokens/s (1 tokens in 0.0807803 s)
[decode-stage-profile] model_load=373.727 ms context_create=56.0447 ms tokenize=0.447588 ms prefill_decode=139.707 ms generation_decode=80.4631 ms generation_total=80.7803 ms program_total=667.162 ms
[svd-local-op-profile] up_ops=56 gate_ops=56 down_ops=56 up_total=66.935 ms gate_total=58.669 ms down_total=45.388 ms up_v=8.519 ms gate_v=8.418 ms down_v=36.265 ms up_u=58.414 ms gate_u=50.243 ms down_u=9.114 ms
[svd-local-stage-profile] attention_total=1.483 ms ffn_total=172.768 ms ffn_svd_total=170.992 ms ffn_svd_v=53.202 ms ffn_svd_u=117.771 ms
[svd-offload-zero-profile] up_finish=0 up_cache=0 up_no_request=27 gate_finish=0 gate_cache=0 gate_no_request=27 down_finish=0 down_cache=0 down_no_request=27 other_finish=0 other_cache=0 other_no_request=0
[svd-local-timeout-profile] up_keep=0 up_drop=0 up_wait=0.000 ms gate_keep=0 gate_drop=0 gate_wait=0.000 ms down_keep=0 down_drop=0 down_wait=0.000 ms other_keep=0 other_drop=0 other_wait=0.000 ms
[svd-offload-client] up_gate_req=0 down_req=0 other_mat_req=0 ffn_req=0 gate_cache_hits=0 gate_cache_checks=0 miss_invalid=0 miss_layer=0 miss_rank=0 miss_hash=0 miss_output=0 miss_data=0 send_up_gate=0.000 ms send_down=0.000 ms send_other=0.000 ms send_ffn=0.000 ms wait_up_gate=0.000 ms wait_down=0.000 ms wait_other=0.000 ms wait_ffn=0.000 ms
[svd-offload-client-stage-profile] rpc_send_total=0.000 ms rpc_wait_total=0.000 ms
[svd-offload-client-debug] finish_fail_up_gate=0 finish_fail_down=0 finish_fail_other=0 finish_fail_ffn=0 cache_take_fail_up=0 cache_take_fail_gate=0 recv_up_sum_abs=0.000000e+00 recv_up_max_abs=0.000000e+00 recv_up_zero=0 recv_gate_sum_abs=0.000000e+00 recv_gate_max_abs=0.000000e+00 recv_gate_zero=0 recv_down_sum_abs=0.000000e+00 recv_down_max_abs=0.000000e+00 recv_down_zero=0 recv_other_sum_abs=0.000000e+00 recv_other_max_abs=0.000000e+00 recv_other_zero=0 recv_ffn_sum_abs=0.000000e+00 recv_ffn_max_abs=0.000000e+00 recv_ffn_zero=0
SUCCEED (one forward pass done)"
2c_balanced_mid,2,"60,61","50,50",mod3_1_0.5,ok,12.5434,79.7235,0.8203065395355225,"llama_context: graph splits = 1
attach_threadpool: call
threads: decode=2 batch=2
prompt tokens: 4
running one forward pass (llama_decode) ...
Top-5 next-token candidates:
  id=11 logit=19.194 piece="",""
  id=264 logit=17.0014 piece="" a""
  id=279 logit=16.3415 piece="" the""
  id=1052 logit=16.2687 piece="" there""
  id=304 logit=15.8068 piece="" in""
Autoregressive generation:
Generated text: ,
Decode-only throughput: 12.5434 tokens/s (1 tokens in 0.0797235 s of llama_decode)
End-to-end throughput: 12.4965 tokens/s (1 tokens in 0.0800225 s)
[decode-stage-profile] model_load=379.285 ms context_create=55.9217 ms tokenize=0.452816 ms prefill_decode=128.497 ms generation_decode=79.7235 ms generation_total=80.0225 ms program_total=660.615 ms
[svd-local-op-profile] up_ops=56 gate_ops=56 down_ops=56 up_total=57.039 ms gate_total=56.593 ms down_total=46.063 ms up_v=8.080 ms gate_v=7.823 ms down_v=37.199 ms up_u=48.955 ms gate_u=48.763 ms down_u=8.859 ms
[svd-local-stage-profile] attention_total=1.416 ms ffn_total=161.314 ms ffn_svd_total=159.695 ms ffn_svd_v=53.102 ms ffn_svd_u=106.577 ms
[svd-offload-zero-profile] up_finish=0 up_cache=0 up_no_request=27 gate_finish=0 gate_cache=0 gate_no_request=27 down_finish=0 down_cache=0 down_no_request=27 other_finish=0 other_cache=0 other_no_request=0
[svd-local-timeout-profile] up_keep=0 up_drop=0 up_wait=0.000 ms gate_keep=0 gate_drop=0 gate_wait=0.000 ms down_keep=0 down_drop=0 down_wait=0.000 ms other_keep=0 other_drop=0 other_wait=0.000 ms
[svd-offload-client] up_gate_req=0 down_req=0 other_mat_req=0 ffn_req=0 gate_cache_hits=0 gate_cache_checks=0 miss_invalid=0 miss_layer=0 miss_rank=0 miss_hash=0 miss_output=0 miss_data=0 send_up_gate=0.000 ms send_down=0.000 ms send_other=0.000 ms send_ffn=0.000 ms wait_up_gate=0.000 ms wait_down=0.000 ms wait_other=0.000 ms wait_ffn=0.000 ms
[svd-offload-client-stage-profile] rpc_send_total=0.000 ms rpc_wait_total=0.000 ms
[svd-offload-client-debug] finish_fail_up_gate=0 finish_fail_down=0 finish_fail_other=0 finish_fail_ffn=0 cache_take_fail_up=0 cache_take_fail_gate=0 recv_up_sum_abs=0.000000e+00 recv_up_max_abs=0.000000e+00 recv_up_zero=0 recv_gate_sum_abs=0.000000e+00 recv_gate_max_abs=0.000000e+00 recv_gate_zero=0 recv_down_sum_abs=0.000000e+00 recv_down_max_abs=0.000000e+00 recv_down_zero=0 recv_other_sum_abs=0.000000e+00 recv_other_max_abs=0.000000e+00 recv_other_zero=0 recv_ffn_sum_abs=0.000000e+00 recv_ffn_max_abs=0.000000e+00 recv_ffn_zero=0
SUCCEED (one forward pass done)"
2c_balanced_mid,2,"60,61","50,50",mod3_1_0.6,ok,11.8617,84.3051,0.8205549716949463,"llama_context: graph splits = 1
attach_threadpool: call
threads: decode=2 batch=2
prompt tokens: 4
running one forward pass (llama_decode) ...
Top-5 next-token candidates:
  id=11 logit=16.53 piece="",""
  id=429 logit=16.4693 piece="" that""
  id=5023 logit=15.9575 piece="" currently""
  id=518 logit=15.2997 piece="" at""
  id=315 logit=15.1422 piece="" of""
Autoregressive generation:
Generated text: ,
Decode-only throughput: 11.8617 tokens/s (1 tokens in 0.0843051 s of llama_decode)
End-to-end throughput: 11.8194 tokens/s (1 tokens in 0.0846064 s)
[decode-stage-profile] model_load=391.709 ms context_create=57.0366 ms tokenize=0.464057 ms prefill_decode=130.231 ms generation_decode=84.3051 ms generation_total=84.6064 ms program_total=680.594 ms
[svd-local-op-profile] up_ops=56 gate_ops=56 down_ops=56 up_total=57.260 ms gate_total=57.282 ms down_total=50.788 ms up_v=7.984 ms gate_v=7.767 ms down_v=41.895 ms up_u=49.271 ms gate_u=49.509 ms down_u=8.887 ms
[svd-local-stage-profile] attention_total=1.459 ms ffn_total=167.129 ms ffn_svd_total=165.330 ms ffn_svd_v=57.646 ms ffn_svd_u=107.667 ms
[svd-offload-zero-profile] up_finish=0 up_cache=0 up_no_request=27 gate_finish=0 gate_cache=0 gate_no_request=27 down_finish=0 down_cache=0 down_no_request=27 other_finish=0 other_cache=0 other_no_request=0
[svd-local-timeout-profile] up_keep=0 up_drop=0 up_wait=0.000 ms gate_keep=0 gate_drop=0 gate_wait=0.000 ms down_keep=0 down_drop=0 down_wait=0.000 ms other_keep=0 other_drop=0 other_wait=0.000 ms
[svd-offload-client] up_gate_req=0 down_req=0 other_mat_req=0 ffn_req=0 gate_cache_hits=0 gate_cache_checks=0 miss_invalid=0 miss_layer=0 miss_rank=0 miss_hash=0 miss_output=0 miss_data=0 send_up_gate=0.000 ms send_down=0.000 ms send_other=0.000 ms send_ffn=0.000 ms wait_up_gate=0.000 ms wait_down=0.000 ms wait_other=0.000 ms wait_ffn=0.000 ms
[svd-offload-client-stage-profile] rpc_send_total=0.000 ms rpc_wait_total=0.000 ms
[svd-offload-client-debug] finish_fail_up_gate=0 finish_fail_down=0 finish_fail_other=0 finish_fail_ffn=0 cache_take_fail_up=0 cache_take_fail_gate=0 recv_up_sum_abs=0.000000e+00 recv_up_max_abs=0.000000e+00 recv_up_zero=0 recv_gate_sum_abs=0.000000e+00 recv_gate_max_abs=0.000000e+00 recv_gate_zero=0 recv_down_sum_abs=0.000000e+00 recv_down_max_abs=0.000000e+00 recv_down_zero=0 recv_other_sum_abs=0.000000e+00 recv_other_max_abs=0.000000e+00 recv_other_zero=0 recv_ffn_sum_abs=0.000000e+00 recv_ffn_max_abs=0.000000e+00 recv_ffn_zero=0
SUCCEED (one forward pass done)"
2c_balanced_mid,2,"60,61","50,50",mod3_1_0.7,ok,12.4454,80.3509,0.8154962062835693,"llama_context: graph splits = 1
attach_threadpool: call
threads: decode=2 batch=2
prompt tokens: 4
running one forward pass (llama_decode) ...
Top-5 next-token candidates:
  id=3 logit=0 piece=""$""
  id=4 logit=0 piece=""%""
  id=1 logit=0 piece=""""""
  id=0 logit=0 piece=""!""
  id=2 logit=0 piece=""#""
Autoregressive generation:
Generated text: !
Decode-only throughput: 12.4454 tokens/s (1 tokens in 0.0803509 s of llama_decode)
End-to-end throughput: 12.3992 tokens/s (1 tokens in 0.0806506 s)
[decode-stage-profile] model_load=384.111 ms context_create=56.0092 ms tokenize=0.455314 ms prefill_decode=128.131 ms generation_decode=80.3509 ms generation_total=80.6506 ms program_total=665.975 ms
[svd-local-op-profile] up_ops=56 gate_ops=56 down_ops=56 up_total=60.094 ms gate_total=58.973 ms down_total=40.764 ms up_v=7.643 ms gate_v=7.349 ms down_v=32.011 ms up_u=52.446 ms gate_u=51.619 ms down_u=8.747 ms
[svd-local-stage-profile] attention_total=1.497 ms ffn_total=161.484 ms ffn_svd_total=159.831 ms ffn_svd_v=47.003 ms ffn_svd_u=112.812 ms
[svd-offload-zero-profile] up_finish=0 up_cache=0 up_no_request=27 gate_finish=0 gate_cache=0 gate_no_request=27 down_finish=0 down_cache=0 down_no_request=27 other_finish=0 other_cache=0 other_no_request=0
[svd-local-timeout-profile] up_keep=0 up_drop=0 up_wait=0.000 ms gate_keep=0 gate_drop=0 gate_wait=0.000 ms down_keep=0 down_drop=0 down_wait=0.000 ms other_keep=0 other_drop=0 other_wait=0.000 ms
[svd-offload-client] up_gate_req=0 down_req=0 other_mat_req=0 ffn_req=0 gate_cache_hits=0 gate_cache_checks=0 miss_invalid=0 miss_layer=0 miss_rank=0 miss_hash=0 miss_output=0 miss_data=0 send_up_gate=0.000 ms send_down=0.000 ms send_other=0.000 ms send_ffn=0.000 ms wait_up_gate=0.000 ms wait_down=0.000 ms wait_other=0.000 ms wait_ffn=0.000 ms
[svd-offload-client-stage-profile] rpc_send_total=0.000 ms rpc_wait_total=0.000 ms
[svd-offload-client-debug] finish_fail_up_gate=0 finish_fail_down=0 finish_fail_other=0 finish_fail_ffn=0 cache_take_fail_up=0 cache_take_fail_gate=0 recv_up_sum_abs=0.000000e+00 recv_up_max_abs=0.000000e+00 recv_up_zero=0 recv_gate_sum_abs=0.000000e+00 recv_gate_max_abs=0.000000e+00 recv_gate_zero=0 recv_down_sum_abs=0.000000e+00 recv_down_max_abs=0.000000e+00 recv_down_zero=0 recv_other_sum_abs=0.000000e+00 recv_other_max_abs=0.000000e+00 recv_other_zero=0 recv_ffn_sum_abs=0.000000e+00 recv_ffn_max_abs=0.000000e+00 recv_ffn_zero=0
SUCCEED (one forward pass done)"
2c_balanced_mid,2,"60,61","50,50",mod3_1_0.8,ok,12.2142,81.872,0.8123247623443604,"llama_context: graph splits = 1
attach_threadpool: call
threads: decode=2 batch=2
prompt tokens: 4
running one forward pass (llama_decode) ...
Top-5 next-token candidates:
  id=3 logit=0 piece=""$""
  id=4 logit=0 piece=""%""
  id=1 logit=0 piece=""""""
  id=0 logit=0 piece=""!""
  id=2 logit=0 piece=""#""
Autoregressive generation:
Generated text: !
Decode-only throughput: 12.2142 tokens/s (1 tokens in 0.081872 s of llama_decode)
End-to-end throughput: 12.1683 tokens/s (1 tokens in 0.0821807 s)
[decode-stage-profile] model_load=374.254 ms context_create=56.2104 ms tokenize=0.449112 ms prefill_decode=123.426 ms generation_decode=81.872 ms generation_total=82.1807 ms program_total=652.941 ms
[svd-local-op-profile] up_ops=56 gate_ops=56 down_ops=56 up_total=61.186 ms gate_total=54.027 ms down_total=41.217 ms up_v=7.281 ms gate_v=7.039 ms down_v=32.748 ms up_u=53.899 ms gate_u=46.985 ms down_u=8.467 ms
[svd-local-stage-profile] attention_total=1.443 ms ffn_total=158.139 ms ffn_svd_total=156.430 ms ffn_svd_v=47.068 ms ffn_svd_u=109.351 ms
[svd-offload-zero-profile] up_finish=0 up_cache=0 up_no_request=27 gate_finish=0 gate_cache=0 gate_no_request=27 down_finish=0 down_cache=0 down_no_request=27 other_finish=0 other_cache=0 other_no_request=0
[svd-local-timeout-profile] up_keep=0 up_drop=0 up_wait=0.000 ms gate_keep=0 gate_drop=0 gate_wait=0.000 ms down_keep=0 down_drop=0 down_wait=0.000 ms other_keep=0 other_drop=0 other_wait=0.000 ms
[svd-offload-client] up_gate_req=0 down_req=0 other_mat_req=0 ffn_req=0 gate_cache_hits=0 gate_cache_checks=0 miss_invalid=0 miss_layer=0 miss_rank=0 miss_hash=0 miss_output=0 miss_data=0 send_up_gate=0.000 ms send_down=0.000 ms send_other=0.000 ms send_ffn=0.000 ms wait_up_gate=0.000 ms wait_down=0.000 ms wait_other=0.000 ms wait_ffn=0.000 ms
[svd-offload-client-stage-profile] rpc_send_total=0.000 ms rpc_wait_total=0.000 ms
[svd-offload-client-debug] finish_fail_up_gate=0 finish_fail_down=0 finish_fail_other=0 finish_fail_ffn=0 cache_take_fail_up=0 cache_take_fail_gate=0 recv_up_sum_abs=0.000000e+00 recv_up_max_abs=0.000000e+00 recv_up_zero=0 recv_gate_sum_abs=0.000000e+00 recv_gate_max_abs=0.000000e+00 recv_gate_zero=0 recv_down_sum_abs=0.000000e+00 recv_down_max_abs=0.000000e+00 recv_down_zero=0 recv_other_sum_abs=0.000000e+00 recv_other_max_abs=0.000000e+00 recv_other_zero=0 recv_ffn_sum_abs=0.000000e+00 recv_ffn_max_abs=0.000000e+00 recv_ffn_zero=0
SUCCEED (one forward pass done)"
2c_balanced_mid,2,"60,61","50,50",mod3_1_0.85,ok,12.7497,78.4333,0.7996821403503418,"llama_context: graph splits = 1
attach_threadpool: call
threads: decode=2 batch=2
prompt tokens: 4
running one forward pass (llama_decode) ...
Top-5 next-token candidates:
  id=3 logit=0 piece=""$""
  id=4 logit=0 piece=""%""
  id=1 logit=0 piece=""""""
  id=0 logit=0 piece=""!""
  id=2 logit=0 piece=""#""
Autoregressive generation:
Generated text: !
Decode-only throughput: 12.7497 tokens/s (1 tokens in 0.0784333 s of llama_decode)
End-to-end throughput: 12.7003 tokens/s (1 tokens in 0.0787383 s)
[decode-stage-profile] model_load=378.433 ms context_create=57.3139 ms tokenize=0.528874 ms prefill_decode=119.489 ms generation_decode=78.4333 ms generation_total=78.7383 ms program_total=651.558 ms
[svd-local-op-profile] up_ops=56 gate_ops=56 down_ops=56 up_total=53.456 ms gate_total=53.280 ms down_total=41.589 ms up_v=7.221 ms gate_v=7.010 ms down_v=33.057 ms up_u=46.231 ms gate_u=46.267 ms down_u=8.525 ms
[svd-local-stage-profile] attention_total=1.484 ms ffn_total=150.014 ms ffn_svd_total=148.325 ms ffn_svd_v=47.288 ms ffn_svd_u=101.023 ms
[svd-offload-zero-profile] up_finish=0 up_cache=0 up_no_request=27 gate_finish=0 gate_cache=0 gate_no_request=27 down_finish=0 down_cache=0 down_no_request=27 other_finish=0 other_cache=0 other_no_request=0
[svd-local-timeout-profile] up_keep=0 up_drop=0 up_wait=0.000 ms gate_keep=0 gate_drop=0 gate_wait=0.000 ms down_keep=0 down_drop=0 down_wait=0.000 ms other_keep=0 other_drop=0 other_wait=0.000 ms
[svd-offload-client] up_gate_req=0 down_req=0 other_mat_req=0 ffn_req=0 gate_cache_hits=0 gate_cache_checks=0 miss_invalid=0 miss_layer=0 miss_rank=0 miss_hash=0 miss_output=0 miss_data=0 send_up_gate=0.000 ms send_down=0.000 ms send_other=0.000 ms send_ffn=0.000 ms wait_up_gate=0.000 ms wait_down=0.000 ms wait_other=0.000 ms wait_ffn=0.000 ms
[svd-offload-client-stage-profile] rpc_send_total=0.000 ms rpc_wait_total=0.000 ms
[svd-offload-client-debug] finish_fail_up_gate=0 finish_fail_down=0 finish_fail_other=0 finish_fail_ffn=0 cache_take_fail_up=0 cache_take_fail_gate=0 recv_up_sum_abs=0.000000e+00 recv_up_max_abs=0.000000e+00 recv_up_zero=0 recv_gate_sum_abs=0.000000e+00 recv_gate_max_abs=0.000000e+00 recv_gate_zero=0 recv_down_sum_abs=0.000000e+00 recv_down_max_abs=0.000000e+00 recv_down_zero=0 recv_other_sum_abs=0.000000e+00 recv_other_max_abs=0.000000e+00 recv_other_zero=0 recv_ffn_sum_abs=0.000000e+00 recv_ffn_max_abs=0.000000e+00 recv_ffn_zero=0
SUCCEED (one forward pass done)"
2c_balanced_mid,2,"60,61","50,50",mod3_1_0.9,ok,13.647,73.276,0.792137861251831,"llama_context: graph splits = 1
attach_threadpool: call
threads: decode=2 batch=2
prompt tokens: 4
running one forward pass (llama_decode) ...
Top-5 next-token candidates:
  id=3 logit=0 piece=""$""
  id=4 logit=0 piece=""%""
  id=1 logit=0 piece=""""""
  id=0 logit=0 piece=""!""
  id=2 logit=0 piece=""#""
Autoregressive generation:
Generated text: !
Decode-only throughput: 13.647 tokens/s (1 tokens in 0.073276 s of llama_decode)
End-to-end throughput: 13.5903 tokens/s (1 tokens in 0.0735816 s)
[decode-stage-profile] model_load=376.349 ms context_create=55.8294 ms tokenize=0.464717 ms prefill_decode=114.472 ms generation_decode=73.276 ms generation_total=73.5816 ms program_total=637.116 ms
[svd-local-op-profile] up_ops=56 gate_ops=56 down_ops=56 up_total=51.603 ms gate_total=49.022 ms down_total=36.886 ms up_v=6.863 ms gate_v=6.734 ms down_v=29.127 ms up_u=44.736 ms gate_u=42.286 ms down_u=7.756 ms
[svd-local-stage-profile] attention_total=1.408 ms ffn_total=139.099 ms ffn_svd_total=137.511 ms ffn_svd_v=42.724 ms ffn_svd_u=94.778 ms
[svd-offload-zero-profile] up_finish=0 up_cache=0 up_no_request=27 gate_finish=0 gate_cache=0 gate_no_request=27 down_finish=0 down_cache=0 down_no_request=27 other_finish=0 other_cache=0 other_no_request=0
[svd-local-timeout-profile] up_keep=0 up_drop=0 up_wait=0.000 ms gate_keep=0 gate_drop=0 gate_wait=0.000 ms down_keep=0 down_drop=0 down_wait=0.000 ms other_keep=0 other_drop=0 other_wait=0.000 ms
[svd-offload-client] up_gate_req=0 down_req=0 other_mat_req=0 ffn_req=0 gate_cache_hits=0 gate_cache_checks=0 miss_invalid=0 miss_layer=0 miss_rank=0 miss_hash=0 miss_output=0 miss_data=0 send_up_gate=0.000 ms send_down=0.000 ms send_other=0.000 ms send_ffn=0.000 ms wait_up_gate=0.000 ms wait_down=0.000 ms wait_other=0.000 ms wait_ffn=0.000 ms
[svd-offload-client-stage-profile] rpc_send_total=0.000 ms rpc_wait_total=0.000 ms
[svd-offload-client-debug] finish_fail_up_gate=0 finish_fail_down=0 finish_fail_other=0 finish_fail_ffn=0 cache_take_fail_up=0 cache_take_fail_gate=0 recv_up_sum_abs=0.000000e+00 recv_up_max_abs=0.000000e+00 recv_up_zero=0 recv_gate_sum_abs=0.000000e+00 recv_gate_max_abs=0.000000e+00 recv_gate_zero=0 recv_down_sum_abs=0.000000e+00 recv_down_max_abs=0.000000e+00 recv_down_zero=0 recv_other_sum_abs=0.000000e+00 recv_other_max_abs=0.000000e+00 recv_other_zero=0 recv_ffn_sum_abs=0.000000e+00 recv_ffn_max_abs=0.000000e+00 recv_ffn_zero=0
SUCCEED (one forward pass done)"
2c_balanced_mid,2,"60,61","50,50",mod3_2_0.4,ok,12.1341,82.4124,0.8086116313934326,"llama_context: graph splits = 1
attach_threadpool: call
threads: decode=2 batch=2
prompt tokens: 4
running one forward pass (llama_decode) ...
Top-5 next-token candidates:
  id=3 logit=0 piece=""$""
  id=4 logit=0 piece=""%""
  id=1 logit=0 piece=""""""
  id=0 logit=0 piece=""!""
  id=2 logit=0 piece=""#""
Autoregressive generation:
Generated text: !
Decode-only throughput: 12.1341 tokens/s (1 tokens in 0.0824124 s of llama_decode)
End-to-end throughput: 12.0895 tokens/s (1 tokens in 0.0827161 s)
[decode-stage-profile] model_load=376.847 ms context_create=55.962 ms tokenize=0.4632 ms prefill_decode=135.32 ms generation_decode=82.4124 ms generation_total=82.7161 ms program_total=667.82 ms
[svd-local-op-profile] up_ops=56 gate_ops=56 down_ops=56 up_total=62.458 ms gate_total=60.837 ms down_total=45.680 ms up_v=8.668 ms gate_v=8.237 ms down_v=36.691 ms up_u=53.787 ms gate_u=52.591 ms down_u=8.986 ms
[svd-local-stage-profile] attention_total=1.452 ms ffn_total=170.756 ms ffn_svd_total=168.975 ms ffn_svd_v=53.596 ms ffn_svd_u=115.364 ms
[svd-offload-zero-profile] up_finish=0 up_cache=0 up_no_request=27 gate_finish=0 gate_cache=0 gate_no_request=27 down_finish=0 down_cache=0 down_no_request=27 other_finish=0 other_cache=0 other_no_request=0
[svd-local-timeout-profile] up_keep=0 up_drop=0 up_wait=0.000 ms gate_keep=0 gate_drop=0 gate_wait=0.000 ms down_keep=0 down_drop=0 down_wait=0.000 ms other_keep=0 other_drop=0 other_wait=0.000 ms
[svd-offload-client] up_gate_req=0 down_req=0 other_mat_req=0 ffn_req=0 gate_cache_hits=0 gate_cache_checks=0 miss_invalid=0 miss_layer=0 miss_rank=0 miss_hash=0 miss_output=0 miss_data=0 send_up_gate=0.000 ms send_down=0.000 ms send_other=0.000 ms send_ffn=0.000 ms wait_up_gate=0.000 ms wait_down=0.000 ms wait_other=0.000 ms wait_ffn=0.000 ms
[svd-offload-client-stage-profile] rpc_send_total=0.000 ms rpc_wait_total=0.000 ms
[svd-offload-client-debug] finish_fail_up_gate=0 finish_fail_down=0 finish_fail_other=0 finish_fail_ffn=0 cache_take_fail_up=0 cache_take_fail_gate=0 recv_up_sum_abs=0.000000e+00 recv_up_max_abs=0.000000e+00 recv_up_zero=0 recv_gate_sum_abs=0.000000e+00 recv_gate_max_abs=0.000000e+00 recv_gate_zero=0 recv_down_sum_abs=0.000000e+00 recv_down_max_abs=0.000000e+00 recv_down_zero=0 recv_other_sum_abs=0.000000e+00 recv_other_max_abs=0.000000e+00 recv_other_zero=0 recv_ffn_sum_abs=0.000000e+00 recv_ffn_max_abs=0.000000e+00 recv_ffn_zero=0
SUCCEED (one forward pass done)"
2c_balanced_mid,2,"60,61","50,50",mod3_2_0.5,ok,11.4413,87.4024,0.825331449508667,"llama_context: graph splits = 1
attach_threadpool: call
threads: decode=2 batch=2
prompt tokens: 4
running one forward pass (llama_decode) ...
Top-5 next-token candidates:
  id=11 logit=18.8488 piece="",""
  id=1112 logit=17.7091 piece=""...""
  id=3837 logit=16.9005 piece=""，""
  id=1940 logit=16.5211 piece=""…""
  id=13 logit=16.324 piece="".""
Autoregressive generation:
Generated text: ,
Decode-only throughput: 11.4413 tokens/s (1 tokens in 0.0874024 s of llama_decode)
End-to-end throughput: 11.4012 tokens/s (1 tokens in 0.0877104 s)
[decode-stage-profile] model_load=386.846 ms context_create=57.5708 ms tokenize=0.472698 ms prefill_decode=130.242 ms generation_decode=87.4024 ms generation_total=87.7104 ms program_total=679.355 ms
[svd-local-op-profile] up_ops=56 gate_ops=56 down_ops=56 up_total=58.002 ms gate_total=57.606 ms down_total=45.761 ms up_v=8.256 ms gate_v=8.078 ms down_v=36.829 ms up_u=49.742 ms gate_u=49.523 ms down_u=8.927 ms
[svd-local-stage-profile] attention_total=4.510 ms ffn_total=163.045 ms ffn_svd_total=161.369 ms ffn_svd_v=53.163 ms ffn_svd_u=108.192 ms
[svd-offload-zero-profile] up_finish=0 up_cache=0 up_no_request=27 gate_finish=0 gate_cache=0 gate_no_request=27 down_finish=0 down_cache=0 down_no_request=27 other_finish=0 other_cache=0 other_no_request=0
[svd-local-timeout-profile] up_keep=0 up_drop=0 up_wait=0.000 ms gate_keep=0 gate_drop=0 gate_wait=0.000 ms down_keep=0 down_drop=0 down_wait=0.000 ms other_keep=0 other_drop=0 other_wait=0.000 ms
[svd-offload-client] up_gate_req=0 down_req=0 other_mat_req=0 ffn_req=0 gate_cache_hits=0 gate_cache_checks=0 miss_invalid=0 miss_layer=0 miss_rank=0 miss_hash=0 miss_output=0 miss_data=0 send_up_gate=0.000 ms send_down=0.000 ms send_other=0.000 ms send_ffn=0.000 ms wait_up_gate=0.000 ms wait_down=0.000 ms wait_other=0.000 ms wait_ffn=0.000 ms
[svd-offload-client-stage-profile] rpc_send_total=0.000 ms rpc_wait_total=0.000 ms
[svd-offload-client-debug] finish_fail_up_gate=0 finish_fail_down=0 finish_fail_other=0 finish_fail_ffn=0 cache_take_fail_up=0 cache_take_fail_gate=0 recv_up_sum_abs=0.000000e+00 recv_up_max_abs=0.000000e+00 recv_up_zero=0 recv_gate_sum_abs=0.000000e+00 recv_gate_max_abs=0.000000e+00 recv_gate_zero=0 recv_down_sum_abs=0.000000e+00 recv_down_max_abs=0.000000e+00 recv_down_zero=0 recv_other_sum_abs=0.000000e+00 recv_other_max_abs=0.000000e+00 recv_other_zero=0 recv_ffn_sum_abs=0.000000e+00 recv_ffn_max_abs=0.000000e+00 recv_ffn_zero=0
SUCCEED (one forward pass done)"
2c_balanced_mid,2,"60,61","50,50",mod3_2_0.6,ok,11.8531,84.3664,0.8125317096710205,"llama_context: graph splits = 1
attach_threadpool: call
threads: decode=2 batch=2
prompt tokens: 4
running one forward pass (llama_decode) ...
Top-5 next-token candidates:
  id=11 logit=17.4801 piece="",""
  id=3837 logit=15.5663 piece=""，""
  id=13 logit=15.5177 piece="".""
  id=9089 logit=14.5366 piece="" sich""
  id=0 logit=13.9489 piece=""!""
Autoregressive generation:
Generated text: ,
Decode-only throughput: 11.8531 tokens/s (1 tokens in 0.0843664 s of llama_decode)
End-to-end throughput: 11.8105 tokens/s (1 tokens in 0.0846707 s)
[decode-stage-profile] model_load=376.085 ms context_create=56.5248 ms tokenize=0.450665 ms prefill_decode=127.874 ms generation_decode=84.3664 ms generation_total=84.6707 ms program_total=662.272 ms
[svd-local-op-profile] up_ops=56 gate_ops=56 down_ops=56 up_total=60.037 ms gate_total=56.714 ms down_total=42.333 ms up_v=7.893 ms gate_v=7.743 ms down_v=33.426 ms up_u=52.141 ms gate_u=48.963 ms down_u=8.902 ms
[svd-local-stage-profile] attention_total=1.498 ms ffn_total=160.926 ms ffn_svd_total=159.084 ms ffn_svd_v=49.062 ms ffn_svd_u=110.006 ms
[svd-offload-zero-profile] up_finish=0 up_cache=0 up_no_request=27 gate_finish=0 gate_cache=0 gate_no_request=27 down_finish=0 down_cache=0 down_no_request=27 other_finish=0 other_cache=0 other_no_request=0
[svd-local-timeout-profile] up_keep=0 up_drop=0 up_wait=0.000 ms gate_keep=0 gate_drop=0 gate_wait=0.000 ms down_keep=0 down_drop=0 down_wait=0.000 ms other_keep=0 other_drop=0 other_wait=0.000 ms
[svd-offload-client] up_gate_req=0 down_req=0 other_mat_req=0 ffn_req=0 gate_cache_hits=0 gate_cache_checks=0 miss_invalid=0 miss_layer=0 miss_rank=0 miss_hash=0 miss_output=0 miss_data=0 send_up_gate=0.000 ms send_down=0.000 ms send_other=0.000 ms send_ffn=0.000 ms wait_up_gate=0.000 ms wait_down=0.000 ms wait_other=0.000 ms wait_ffn=0.000 ms
[svd-offload-client-stage-profile] rpc_send_total=0.000 ms rpc_wait_total=0.000 ms
[svd-offload-client-debug] finish_fail_up_gate=0 finish_fail_down=0 finish_fail_other=0 finish_fail_ffn=0 cache_take_fail_up=0 cache_take_fail_gate=0 recv_up_sum_abs=0.000000e+00 recv_up_max_abs=0.000000e+00 recv_up_zero=0 recv_gate_sum_abs=0.000000e+00 recv_gate_max_abs=0.000000e+00 recv_gate_zero=0 recv_down_sum_abs=0.000000e+00 recv_down_max_abs=0.000000e+00 recv_down_zero=0 recv_other_sum_abs=0.000000e+00 recv_other_max_abs=0.000000e+00 recv_other_zero=0 recv_ffn_sum_abs=0.000000e+00 recv_ffn_max_abs=0.000000e+00 recv_ffn_zero=0
SUCCEED (one forward pass done)"
2c_balanced_mid,2,"60,61","50,50",mod3_2_0.7,ok,11.8443,84.4291,0.8061957359313965,"llama_context: graph splits = 1
attach_threadpool: call
threads: decode=2 batch=2
prompt tokens: 4
running one forward pass (llama_decode) ...
Top-5 next-token candidates:
  id=3 logit=0 piece=""$""
  id=4 logit=0 piece=""%""
  id=1 logit=0 piece=""""""
  id=0 logit=0 piece=""!""
  id=2 logit=0 piece=""#""
Autoregressive generation:
Generated text: !
Decode-only throughput: 11.8443 tokens/s (1 tokens in 0.0844291 s of llama_decode)
End-to-end throughput: 11.8008 tokens/s (1 tokens in 0.0847398 s)
[decode-stage-profile] model_load=381.848 ms context_create=56.6781 ms tokenize=0.459518 ms prefill_decode=123.14 ms generation_decode=84.4291 ms generation_total=84.7398 ms program_total=663.594 ms
[svd-local-op-profile] up_ops=56 gate_ops=56 down_ops=56 up_total=55.931 ms gate_total=55.898 ms down_total=44.799 ms up_v=7.697 ms gate_v=7.430 ms down_v=36.164 ms up_u=48.227 ms gate_u=48.462 ms down_u=8.631 ms
[svd-local-stage-profile] attention_total=1.486 ms ffn_total=158.282 ms ffn_svd_total=156.628 ms ffn_svd_v=51.291 ms ffn_svd_u=105.320 ms
[svd-offload-zero-profile] up_finish=0 up_cache=0 up_no_request=27 gate_finish=0 gate_cache=0 gate_no_request=27 down_finish=0 down_cache=0 down_no_request=27 other_finish=0 other_cache=0 other_no_request=0
[svd-local-timeout-profile] up_keep=0 up_drop=0 up_wait=0.000 ms gate_keep=0 gate_drop=0 gate_wait=0.000 ms down_keep=0 down_drop=0 down_wait=0.000 ms other_keep=0 other_drop=0 other_wait=0.000 ms
[svd-offload-client] up_gate_req=0 down_req=0 other_mat_req=0 ffn_req=0 gate_cache_hits=0 gate_cache_checks=0 miss_invalid=0 miss_layer=0 miss_rank=0 miss_hash=0 miss_output=0 miss_data=0 send_up_gate=0.000 ms send_down=0.000 ms send_other=0.000 ms send_ffn=0.000 ms wait_up_gate=0.000 ms wait_down=0.000 ms wait_other=0.000 ms wait_ffn=0.000 ms
[svd-offload-client-stage-profile] rpc_send_total=0.000 ms rpc_wait_total=0.000 ms
[svd-offload-client-debug] finish_fail_up_gate=0 finish_fail_down=0 finish_fail_other=0 finish_fail_ffn=0 cache_take_fail_up=0 cache_take_fail_gate=0 recv_up_sum_abs=0.000000e+00 recv_up_max_abs=0.000000e+00 recv_up_zero=0 recv_gate_sum_abs=0.000000e+00 recv_gate_max_abs=0.000000e+00 recv_gate_zero=0 recv_down_sum_abs=0.000000e+00 recv_down_max_abs=0.000000e+00 recv_down_zero=0 recv_other_sum_abs=0.000000e+00 recv_other_max_abs=0.000000e+00 recv_other_zero=0 recv_ffn_sum_abs=0.000000e+00 recv_ffn_max_abs=0.000000e+00 recv_ffn_zero=0
SUCCEED (one forward pass done)"
2c_balanced_mid,2,"60,61","50,50",mod3_2_0.8,ok,12.1362,82.398,0.8162238597869873,"llama_context: graph splits = 1
attach_threadpool: call
threads: decode=2 batch=2
prompt tokens: 4
running one forward pass (llama_decode) ...
Top-5 next-token candidates:
  id=3 logit=0 piece=""$""
  id=4 logit=0 piece=""%""
  id=1 logit=0 piece=""""""
  id=0 logit=0 piece=""!""
  id=2 logit=0 piece=""#""
Autoregressive generation:
Generated text: !
Decode-only throughput: 12.1362 tokens/s (1 tokens in 0.082398 s of llama_decode)
End-to-end throughput: 12.0901 tokens/s (1 tokens in 0.0827123 s)
[decode-stage-profile] model_load=373.417 ms context_create=56.371 ms tokenize=0.470317 ms prefill_decode=123.058 ms generation_decode=82.398 ms generation_total=82.7123 ms program_total=652.582 ms
[svd-local-op-profile] up_ops=56 gate_ops=56 down_ops=56 up_total=54.452 ms gate_total=58.199 ms down_total=43.970 ms up_v=7.423 ms gate_v=7.268 ms down_v=35.528 ms up_u=47.025 ms gate_u=50.926 ms down_u=8.438 ms
[svd-local-stage-profile] attention_total=1.491 ms ffn_total=158.363 ms ffn_svd_total=156.621 ms ffn_svd_v=50.219 ms ffn_svd_u=106.389 ms
[svd-offload-zero-profile] up_finish=0 up_cache=0 up_no_request=27 gate_finish=0 gate_cache=0 gate_no_request=27 down_finish=0 down_cache=0 down_no_request=27 other_finish=0 other_cache=0 other_no_request=0
[svd-local-timeout-profile] up_keep=0 up_drop=0 up_wait=0.000 ms gate_keep=0 gate_drop=0 gate_wait=0.000 ms down_keep=0 down_drop=0 down_wait=0.000 ms other_keep=0 other_drop=0 other_wait=0.000 ms
[svd-offload-client] up_gate_req=0 down_req=0 other_mat_req=0 ffn_req=0 gate_cache_hits=0 gate_cache_checks=0 miss_invalid=0 miss_layer=0 miss_rank=0 miss_hash=0 miss_output=0 miss_data=0 send_up_gate=0.000 ms send_down=0.000 ms send_other=0.000 ms send_ffn=0.000 ms wait_up_gate=0.000 ms wait_down=0.000 ms wait_other=0.000 ms wait_ffn=0.000 ms
[svd-offload-client-stage-profile] rpc_send_total=0.000 ms rpc_wait_total=0.000 ms
[svd-offload-client-debug] finish_fail_up_gate=0 finish_fail_down=0 finish_fail_other=0 finish_fail_ffn=0 cache_take_fail_up=0 cache_take_fail_gate=0 recv_up_sum_abs=0.000000e+00 recv_up_max_abs=0.000000e+00 recv_up_zero=0 recv_gate_sum_abs=0.000000e+00 recv_gate_max_abs=0.000000e+00 recv_gate_zero=0 recv_down_sum_abs=0.000000e+00 recv_down_max_abs=0.000000e+00 recv_down_zero=0 recv_other_sum_abs=0.000000e+00 recv_other_max_abs=0.000000e+00 recv_other_zero=0 recv_ffn_sum_abs=0.000000e+00 recv_ffn_max_abs=0.000000e+00 recv_ffn_zero=0
SUCCEED (one forward pass done)"
2c_balanced_mid,2,"60,61","50,50",mod3_2_0.85,ok,12.7345,78.5268,0.7945282459259033,"llama_context: graph splits = 1
attach_threadpool: call
threads: decode=2 batch=2
prompt tokens: 4
running one forward pass (llama_decode) ...
Top-5 next-token candidates:
  id=3 logit=0 piece=""$""
  id=4 logit=0 piece=""%""
  id=1 logit=0 piece=""""""
  id=0 logit=0 piece=""!""
  id=2 logit=0 piece=""#""
Autoregressive generation:
Generated text: !
Decode-only throughput: 12.7345 tokens/s (1 tokens in 0.0785268 s of llama_decode)
End-to-end throughput: 12.6849 tokens/s (1 tokens in 0.0788338 s)
[decode-stage-profile] model_load=378.119 ms context_create=57.076 ms tokenize=0.461066 ms prefill_decode=121.512 ms generation_decode=78.5268 ms generation_total=78.8338 ms program_total=652.423 ms
[svd-local-op-profile] up_ops=56 gate_ops=56 down_ops=56 up_total=54.229 ms gate_total=53.232 ms down_total=38.304 ms up_v=7.097 ms gate_v=7.028 ms down_v=29.925 ms up_u=47.128 ms gate_u=46.201 ms down_u=8.377 ms
[svd-local-stage-profile] attention_total=1.467 ms ffn_total=147.333 ms ffn_svd_total=145.765 ms ffn_svd_v=44.050 ms ffn_svd_u=101.706 ms
[svd-offload-zero-profile] up_finish=0 up_cache=0 up_no_request=27 gate_finish=0 gate_cache=0 gate_no_request=27 down_finish=0 down_cache=0 down_no_request=27 other_finish=0 other_cache=0 other_no_request=0
[svd-local-timeout-profile] up_keep=0 up_drop=0 up_wait=0.000 ms gate_keep=0 gate_drop=0 gate_wait=0.000 ms down_keep=0 down_drop=0 down_wait=0.000 ms other_keep=0 other_drop=0 other_wait=0.000 ms
[svd-offload-client] up_gate_req=0 down_req=0 other_mat_req=0 ffn_req=0 gate_cache_hits=0 gate_cache_checks=0 miss_invalid=0 miss_layer=0 miss_rank=0 miss_hash=0 miss_output=0 miss_data=0 send_up_gate=0.000 ms send_down=0.000 ms send_other=0.000 ms send_ffn=0.000 ms wait_up_gate=0.000 ms wait_down=0.000 ms wait_other=0.000 ms wait_ffn=0.000 ms
[svd-offload-client-stage-profile] rpc_send_total=0.000 ms rpc_wait_total=0.000 ms
[svd-offload-client-debug] finish_fail_up_gate=0 finish_fail_down=0 finish_fail_other=0 finish_fail_ffn=0 cache_take_fail_up=0 cache_take_fail_gate=0 recv_up_sum_abs=0.000000e+00 recv_up_max_abs=0.000000e+00 recv_up_zero=0 recv_gate_sum_abs=0.000000e+00 recv_gate_max_abs=0.000000e+00 recv_gate_zero=0 recv_down_sum_abs=0.000000e+00 recv_down_max_abs=0.000000e+00 recv_down_zero=0 recv_other_sum_abs=0.000000e+00 recv_other_max_abs=0.000000e+00 recv_other_zero=0 recv_ffn_sum_abs=0.000000e+00 recv_ffn_max_abs=0.000000e+00 recv_ffn_zero=0
SUCCEED (one forward pass done)"
2c_balanced_mid,2,"60,61","50,50",mod3_2_0.9,ok,13.2114,75.6924,0.8085348606109619,"llama_context: graph splits = 1
attach_threadpool: call
threads: decode=2 batch=2
prompt tokens: 4
running one forward pass (llama_decode) ...
Top-5 next-token candidates:
  id=3 logit=0 piece=""$""
  id=4 logit=0 piece=""%""
  id=1 logit=0 piece=""""""
  id=0 logit=0 piece=""!""
  id=2 logit=0 piece=""#""
Autoregressive generation:
Generated text: !
Decode-only throughput: 13.2114 tokens/s (1 tokens in 0.0756924 s of llama_decode)
End-to-end throughput: 13.1571 tokens/s (1 tokens in 0.0760045 s)
[decode-stage-profile] model_load=383.009 ms context_create=57.1167 ms tokenize=0.464877 ms prefill_decode=118.93 ms generation_decode=75.6924 ms generation_total=76.0045 ms program_total=652.083 ms
[svd-local-op-profile] up_ops=56 gate_ops=56 down_ops=56 up_total=50.467 ms gate_total=57.136 ms down_total=38.276 ms up_v=7.005 ms gate_v=6.880 ms down_v=30.348 ms up_u=43.447 ms gate_u=50.253 ms down_u=7.914 ms
[svd-local-stage-profile] attention_total=1.473 ms ffn_total=147.529 ms ffn_svd_total=145.879 ms ffn_svd_v=44.233 ms ffn_svd_u=101.614 ms
[svd-offload-zero-profile] up_finish=0 up_cache=0 up_no_request=27 gate_finish=0 gate_cache=0 gate_no_request=27 down_finish=0 down_cache=0 down_no_request=27 other_finish=0 other_cache=0 other_no_request=0
[svd-local-timeout-profile] up_keep=0 up_drop=0 up_wait=0.000 ms gate_keep=0 gate_drop=0 gate_wait=0.000 ms down_keep=0 down_drop=0 down_wait=0.000 ms other_keep=0 other_drop=0 other_wait=0.000 ms
[svd-offload-client] up_gate_req=0 down_req=0 other_mat_req=0 ffn_req=0 gate_cache_hits=0 gate_cache_checks=0 miss_invalid=0 miss_layer=0 miss_rank=0 miss_hash=0 miss_output=0 miss_data=0 send_up_gate=0.000 ms send_down=0.000 ms send_other=0.000 ms send_ffn=0.000 ms wait_up_gate=0.000 ms wait_down=0.000 ms wait_other=0.000 ms wait_ffn=0.000 ms
[svd-offload-client-stage-profile] rpc_send_total=0.000 ms rpc_wait_total=0.000 ms
[svd-offload-client-debug] finish_fail_up_gate=0 finish_fail_down=0 finish_fail_other=0 finish_fail_ffn=0 cache_take_fail_up=0 cache_take_fail_gate=0 recv_up_sum_abs=0.000000e+00 recv_up_max_abs=0.000000e+00 recv_up_zero=0 recv_gate_sum_abs=0.000000e+00 recv_gate_max_abs=0.000000e+00 recv_gate_zero=0 recv_down_sum_abs=0.000000e+00 recv_down_max_abs=0.000000e+00 recv_down_zero=0 recv_other_sum_abs=0.000000e+00 recv_other_max_abs=0.000000e+00 recv_other_zero=0 recv_ffn_sum_abs=0.000000e+00 recv_ffn_max_abs=0.000000e+00 recv_ffn_zero=0
SUCCEED (one forward pass done)"
